$LOG,0.000,,0,START FILE=D:\\C Drive\\Downloads\\bt_driver\\capture_quad.dat FS=2.400 FMT=0 IQ=2,2
$TIME,0.000,2024,7,15,6,38,30.724000,UTC
$LOG,0.009,L1CA,30,SIGNAL FOUND (39.9,1468.9,0.0112500)
$LOG,0.009,L1CA,7,SIGNAL FOUND (43.0,-103.7,0.3762500)
$LOG,0.009,L1CA,19,SIGNAL FOUND (39.6,2372.3,0.6129167)
$LOG,0.009,L1CA,13,SIGNAL FOUND (40.0,2112.4,0.5795833)
$TIME,1.000,2024,7,15,6,38,30.794000,UTC
$CH,1.000,L1CA,30,991,39.9,0.010417347,1456.322,1437.418,0,0
$CH,1.000,L1CA,13,991,40.0,0.578247468,2146.336,2124.084,0,0
$CH,1.000,L1CA,7,991,43.0,0.376342443,-122.178,-124.411,0,0
$CH,1.000,L1CA,19,991,39.6,0.611532663,2361.183,2336.562,0,0
$LOG,1.590,L1CA,30,SYMBOL SYNC (12.974)
$LOG,1.594,L1CA,7,SYMBOL SYNC (19.394)
$LOG,1.590,L1CA,19,SYMBOL SYNC (11.430)
$LOG,1.595,L1CA,13,SYMBOL SYNC (11.109)
$TIME,2.000,2024,7,15,6,38,30.864000,UTC
$CH,2.000,L1CA,19,1991,39.8,0.610023804,2361.478,4698.285,0,0
$CH,2.000,L1CA,30,1991,40.3,0.009490378,1452.503,2891.501,0,0
$CH,2.000,L1CA,7,1991,43.4,0.376455568,-122.779,-246.257,0,0
$CH,2.000,L1CA,13,1991,39.7,0.576852384,2146.806,4273.266,0,0
$TIME,3.000,2024,7,15,6,38,31.034000,UTC
$CH,3.000,L1CA,30,2991,40.5,0.008505883,1452.494,4343.847,0,0
$CH,3.000,L1CA,19,2991,40.1,0.608469332,2358.164,7058.332,0,0
$CH,3.000,L1CA,7,2991,43.6,0.376457565,-124.842,-369.760,0,0
$CH,3.000,L1CA,13,2991,39.3,0.575449913,2144.541,6420.482,0,0
$TIME,4.000,2024,7,15,6,38,31.214000,UTC
$CH,4.000,L1CA,30,3991,40.2,0.007553929,1446.357,5792.717,0,0
$CH,4.000,L1CA,7,3991,43.4,0.376459408,-128.264,-496.660,0,0
$CH,4.000,L1CA,13,3991,38.6,0.574089837,2135.481,8564.225,0,0
$CH,4.000,L1CA,19,3991,40.1,0.606937619,2353.209,9415.050,0,0
$TIME,5.000,2024,7,15,6,38,31.394000,UTC
$CH,5.000,L1CA,30,4991,40.4,0.006576111,1445.550,7237.851,0,0
$CH,5.000,L1CA,13,4991,36.4,0.572676988,2137.394,10704.250,0,0
$CH,5.000,L1CA,19,4991,40.1,0.605400426,2352.570,11768.195,0,0
$CH,5.000,L1CA,7,4991,43.1,0.376460844,-131.747,-627.185,0,0
$TIME,6.000,2024,7,15,6,38,31.574000,UTC
$CH,6.000,L1CA,30,5991,40.3,0.005596704,1440.637,8679.328,0,0
$CH,6.000,L1CA,7,5991,42.9,0.376460816,-134.814,-761.257,0,0
$CH,6.000,L1CA,19,5991,40.0,0.603856834,2348.251,14117.822,0,0
$CH,6.000,L1CA,13,5991,36.4,0.571245140,2132.882,12840.682,0,0
$TIME,7.000,2024,7,15,6,38,31.774000,UTC
$CH,7.000,L1CA,7,6991,42.7,0.376457971,-138.968,-898.442,0,0
$CH,7.000,L1CA,30,6991,40.2,0.004635293,1435.495,10117.611,0,0
$CH,7.000,L1CA,13,6991,36.5,0.569800663,2130.127,14973.910,0,0
$CH,7.000,L1CA,19,6991,40.3,0.602305924,2344.629,16464.361,0,0
$TIME,8.000,2024,7,15,6,38,31.974000,UTC
$CH,8.000,L1CA,7,7991,42.4,0.376459256,-140.333,-1038.531,0,0
$CH,8.000,L1CA,13,7991,38.2,0.568383743,2128.508,17104.284,0,0
$CH,8.000,L1CA,30,7991,40.5,0.003656614,1432.404,11552.884,0,0
$CH,8.000,L1CA,19,7991,40.6,0.600774055,2342.288,18808.079,0,0
$TIME,9.000,2024,7,15,6,38,32.164000,UTC
$CH,9.000,L1CA,7,8991,42.2,0.376458334,-143.596,-1181.345,0,0
$CH,9.000,L1CA,13,8991,38.9,0.566993084,2125.570,19231.968,0,0
$CH,9.000,L1CA,30,8991,40.8,0.002679558,1430.699,12985.340,0,0
$CH,9.000,L1CA,19,8991,40.7,0.599245678,2339.853,21149.106,0,0
$TIME,10.000,2024,7,15,6,38,32.364000,UTC
$CH,10.000,L1CA,30,9991,40.9,0.001734426,1428.695,14414.928,0,0
$CH,10.000,L1CA,13,9991,39.3,0.565570156,2123.236,21356.786,0,0
$CH,10.000,L1CA,7,9991,42.2,0.376460788,-144.805,-1326.932,0,0
$CH,10.000,L1CA,19,9991,40.9,0.597693819,2336.137,23487.421,0,0
$TIME,11.000,2024,7,15,6,38,32.575000,UTC
$CH,11.000,L1CA,30,10991,40.8,0.000766521,1425.395,15841.931,0,0
$CH,11.000,L1CA,19,10991,40.6,0.596168335,2333.594,25823.271,0,0
$CH,11.000,L1CA,7,10991,42.2,0.376458903,-149.002,-1475.008,0,0
$CH,11.000,L1CA,13,10991,39.4,0.564191515,2121.300,23479.095,0,0
$TIME,12.000,2024,7,15,6,38,32.775000,UTC
$CH,12.000,L1CA,30,11992,41.1,0.999802010,1423.155,17266.068,0,0
$CH,12.000,L1CA,7,11991,42.0,0.376479596,-150.288,-1625.829,0,0
$CH,12.000,L1CA,19,11991,40.2,0.594629097,2332.467,28156.443,0,0
$CH,12.000,L1CA,13,11991,38.2,0.562780960,2117.394,25598.576,0,0
$TIME,13.000,2024,7,15,6,38,32.975000,UTC
$CH,13.000,L1CA,19,12991,39.9,0.593099795,2328.164,30487.092,0,0
$CH,13.000,L1CA,30,12992,41.4,0.998884809,1419.989,18687.521,0,0
$CH,13.000,L1CA,13,12991,38.7,0.561389932,2116.241,27715.418,0,0
$CH,13.000,L1CA,7,12991,41.9,0.376556846,-154.083,-1779.212,0,0
$LOG,13.230,L1CA,30,FRAME SYNC (N)
$LNAV,13.070,L1CA,30,8B03C081B2B646187E901EBDFD5100A10DE6E19F70DE40BE7C8C1541FFBF
$LOG,13.236,L1CA,13,FRAME SYNC (N)
$LOG,13.231,L1CA,19,FRAME SYNC (N)
$LNAV,13.076,L1CA,13,8B03C081B2B646187E901EBDFD5100A10DE6E19F70DE40BE7C8C1541FFBF
$LNAV,13.071,L1CA,19,8B03C081B2B646187E901EBDFD5100A10DE6E19F70DE40BE7C8C1541FFBF
$LOG,13.235,L1CA,7,FRAME SYNC (N)
$LNAV,13.075,L1CA,7,8B03C081B2B646187E901EBDFD5100A10DE6E19F70DE40BE7C8C1541FFBF
$TIME,14.000,2024,7,15,6,38,33.185000,UTC
$CH,14.000,L1CA,30,13992,41.5,0.997918038,1416.703,20106.440,1,0
$CH,14.000,L1CA,7,13991,41.9,0.376724104,-156.907,-1935.053,1,0
$CH,14.000,L1CA,13,13991,39.1,0.559994071,2112.274,29829.706,1,0
$CH,14.000,L1CA,19,13991,39.7,0.591563760,2327.383,32815.318,1,0
$TIME,15.000,2024,7,15,6,38,33.385000,UTC
$CH,15.000,L1CA,30,14992,41.5,0.996955857,1414.071,21522.801,1,0
$CH,15.000,L1CA,7,14991,42.2,0.376872896,-159.842,-2093.322,1,0
$CH,15.000,L1CA,13,14991,40.0,0.558621542,2112.042,31941.511,1,0
$CH,15.000,L1CA,19,14991,39.6,0.590030378,2326.402,35141.159,1,0
$TIME,16.000,2024,7,15,6,38,33.585000,UTC
$CH,16.000,L1CA,30,15992,40.8,0.996002967,1413.032,22936.772,1,0
$CH,16.000,L1CA,7,15991,42.0,0.376875158,-162.255,-2253.883,1,0
$CH,16.000,L1CA,13,15991,39.9,0.557239059,2107.959,34051.006,1,0
$CH,16.000,L1CA,19,15991,39.7,0.588514292,2321.978,37464.767,1,0
$TIME,17.000,2024,7,15,6,38,33.785000,UTC
$CH,17.000,L1CA,13,16991,39.5,0.555843840,2105.685,36158.287,1,0
$CH,17.000,L1CA,30,16992,40.5,0.995081615,1409.408,24348.486,1,0
$CH,17.000,L1CA,19,16991,39.6,0.586977120,2318.461,39786.227,1,0
$CH,17.000,L1CA,7,16991,41.6,0.376872735,-162.719,-2416.649,1,0
$TIME,18.000,2024,7,15,6,38,33.995000,UTC
$CH,18.000,L1CA,13,17991,39.5,0.554451666,2102.671,38263.225,1,0
$CH,18.000,L1CA,19,17991,39.6,0.585445917,2319.046,42105.530,1,0
$CH,18.000,L1CA,7,17991,41.4,0.376879228,-167.255,-2581.586,1,0
$CH,18.000,L1CA,30,17992,40.7,0.994147182,1407.805,25757.873,1,0
$TIME,19.000,2024,7,15,6,38,34.195000,UTC
$CH,19.000,L1CA,19,18991,39.9,0.583908576,2315.719,44422.701,1,0
$CH,19.000,L1CA,30,18992,40.8,0.993194999,1406.427,27164.975,1,0
$CH,19.000,L1CA,13,18991,39.3,0.553040015,2102.645,40365.947,1,0
$CH,19.000,L1CA,7,18991,41.5,0.376875822,-167.654,-2748.740,1,0
$LOG,19.230,L1CA,30,FRAME SYNC (N)
$LNAV,19.070,L1CA,30,8B03C081B3263C100046854AD477AF0801D8CB9A08536270000023C2B5D9
$LOG,19.236,L1CA,13,FRAME SYNC (N)
$LNAV,19.076,L1CA,13,8B03C081B3263C100046854AD477AF0801D8CB9AE71462700000244E1C07
$LOG,19.231,L1CA,19,FRAME SYNC (N)
$LNAV,19.071,L1CA,19,8B03C081B3263C100046854AD477AF0801D8CB9ADF00626F00002E346555
$LOG,19.235,L1CA,7,FRAME SYNC (N)
$LNAV,19.075,L1CA,7,8B03C081B3263C100046854AD477AF0801D8CB9AE813627000FFA9018EFA
$LOG,19.980,PNTPOS ERROR,no observation data
$TIME,20.000,2024,7,15,6,38,34.405000,UTC
$CH,20.000,L1CA,19,19991,39.9,0.582383985,2315.939,46737.970,2,0
$CH,20.000,L1CA,7,19991,41.3,0.376879142,-170.308,-2917.824,2,0
$CH,20.000,L1CA,30,19992,40.9,0.992237215,1404.290,28569.983,2,0
$CH,20.000,L1CA,13,19991,39.1,0.551668858,2099.731,42466.691,2,0
$TIME,21.000,2024,7,15,6,38,34.595000,UTC
$OBS,20.980,2288,398438.000,G30,1C,40.7,26978715.003,-29946.209,1401.382,0
$OBS,20.980,2288,398438.000,G07,1C,41.7,28293495.184,3085.773,-172.079,0
$OBS,20.980,2288,398438.000,G19,1C,39.9,27155477.106,-49007.244,2311.621,0
$OBS,20.980,2288,398438.000,G13,1C,38.8,28645264.229,-44525.326,2097.361,0
$LOG,20.980,PNTPOS ERROR,lack of valid sats ns=1
$CH,21.000,L1CA,30,20992,40.7,0.991292687,1403.289,29972.837,2,0
$CH,21.000,L1CA,13,20991,38.8,0.550286490,2100.430,44565.180,2,0
$CH,21.000,L1CA,7,20991,41.7,0.376940982,-172.328,-3089.046,2,0
$CH,21.000,L1CA,19,20991,39.9,0.580892166,2312.187,49051.180,2,0
$TIME,22.000,2024,7,15,6,38,34.775000,UTC
$OBS,21.980,2288,398439.000,G30,1C,40.5,26978432.135,-31346.873,1400.023,0
$OBS,21.980,2288,398439.000,G19,1C,39.6,27155013.174,-51318.472,2310.473,0
$OBS,21.980,2288,398439.000,G13,1C,38.3,28644846.541,-46621.821,2096.573,0
$OBS,21.980,2288,398439.000,G07,1C,42.0,28293544.010,3258.979,-174.843,0
$LOG,21.980,PNTPOS ERROR,lack of valid sats ns=1
$CH,22.000,L1CA,13,21991,38.3,0.548900341,2095.336,46661.637,2,0
$CH,22.000,L1CA,7,21991,42.0,0.377109454,-175.387,-3262.297,2,0
$CH,22.000,L1CA,30,21992,40.5,0.990343831,1401.077,31373.462,2,0
$CH,22.000,L1CA,19,21991,39.6,0.579348884,2310.024,51362.367,2,0
$TIME,23.000,2024,7,15,6,38,34.955000,UTC
$OBS,22.980,2288,398440.000,G13,1C,38.7,28644436.461,-48716.346,2094.429,0
$OBS,22.980,2288,398440.000,G30,1C,40.2,26978147.173,-32745.444,1397.343,0
$OBS,22.980,2288,398440.000,G19,1C,40.0,27154563.552,-53627.767,2308.963,0
$OBS,22.980,2288,398440.000,G07,1C,42.3,28293600.304,3434.192,-176.066,0
$LOG,22.980,PNTPOS ERROR,lack of valid sats ns=1
$CH,23.000,L1CA,30,22992,40.2,0.989389695,1397.083,32772.003,2,0
$CH,23.000,L1CA,19,22991,40.0,0.577843846,2308.892,53671.630,2,0
$CH,23.000,L1CA,7,22991,42.3,0.377293524,-177.141,-3437.539,2,0
$CH,23.000,L1CA,13,22991,38.7,0.547530671,2092.778,48756.123,2,0
$TIME,24.000,2024,7,15,6,38,35.145000,UTC
$OBS,23.980,2288,398441.000,G30,1C,40.3,26977872.157,-34142.091,1395.150,0
$OBS,23.980,2288,398441.000,G19,1C,40.5,27154105.047,-55935.245,2307.996,0
$OBS,23.980,2288,398441.000,G13,1C,40.2,28644016.975,-50809.001,2089.990,0
$OBS,23.980,2288,398441.000,G07,1C,42.5,28293600.217,3611.250,-178.168,0
$LOG,23.980,PNTPOS ERROR,lack of valid sats ns=1
$CH,24.000,L1CA,30,23992,40.3,0.988480392,1394.766,34168.601,2,0
$CH,24.000,L1CA,13,23991,40.2,0.546127089,2093.213,50848.740,2,0
$CH,24.000,L1CA,19,23991,40.5,0.576319421,2306.845,55979.068,2,0
$CH,24.000,L1CA,7,23991,42.5,0.377294272,-177.769,-3614.636,2,0
$TIME,25.000,2024,7,15,6,38,35.345000,UTC
$OBS,24.980,2288,398442.000,G13,1C,39.9,28643600.892,-52899.559,2090.694,0
$OBS,24.980,2288,398442.000,G19,1C,40.7,27153647.293,-58240.750,2306.166,0
$OBS,24.980,2288,398442.000,G30,1C,40.8,26977592.605,-35536.606,1394.253,0
$OBS,24.980,2288,398442.000,G07,1C,42.3,28293600.147,3790.332,-181.178,0
$LOG,24.980,PNTPOS ERROR,lack of valid sats ns=1
$CH,25.000,L1CA,7,24991,42.3,0.377291195,-178.510,-3793.746,2,0
$CH,25.000,L1CA,30,24992,40.8,0.987543503,1393.149,35563.086,2,0
$CH,25.000,L1CA,19,24991,40.7,0.574785552,2304.572,58284.543,2,0
$CH,25.000,L1CA,13,24991,39.9,0.544742558,2089.783,52939.265,2,0
$LOG,25.236,L1CA,13,FRAME SYNC (N)
$LNAV,25.076,L1CA,13,8B03C081B3AB14FEF43187682D61BFFF0C03EF570B10E1A10D3FC0627068
$LOG,25.235,L1CA,7,FRAME SYNC (N)
$LNAV,25.075,L1CA,7,8B03C081B3AB13FF013A29025D1CAFFF5D090739B90D0EA10D8A7562707E
$LOG,25.230,L1CA,30,FRAME SYNC (N)
$LNAV,25.070,L1CA,30,8B03C081B3AB53FEA93CACFEC49A99FEBC035F3A3F0C8BA10DD06F62707E
$LOG,25.231,L1CA,19,FRAME SYNC (N)
$LNAV,25.071,L1CA,19,8B03C081B3AB000D9A2DE5CB9062210C2704C9D814070BA10D5065626F1D
$TIME,26.000,2024,7,15,6,38,35.535000,UTC
$OBS,25.980,2288,398443.000,G30,1C,41.4,26977309.876,-36929.230,1392.135,0
$OBS,25.980,2288,398443.000,G13,1C,39.1,28643189.050,-54988.287,2087.136,0
$OBS,25.980,2288,398443.000,G07,1C,42.2,28293600.374,3971.200,-181.942,0
$OBS,25.980,2288,398443.000,G19,1C,40.6,27153199.712,-60544.549,2301.874,0
$LOG,25.980,PNTPOS ERROR,lack of valid sats ns=1
$CH,26.000,L1CA,7,25991,42.2,0.377291839,-181.589,-3974.659,3,0
$CH,26.000,L1CA,13,25991,39.1,0.543367537,2087.741,55027.945,3,0
$CH,26.000,L1CA,30,25992,41.4,0.986598647,1390.878,36955.671,3,0
$CH,26.000,L1CA,19,25991,40.6,0.573294053,2302.946,60588.298,3,0
$TIME,27.000,2024,7,15,6,38,35.725000,UTC
$OBS,26.980,2288,398444.000,G07,1C,42.2,28293602.747,4153.990,-184.671,0
$OBS,26.980,2288,398444.000,G30,1C,41.8,26977021.895,-38319.860,1389.113,0
$OBS,26.980,2288,398444.000,G13,1C,38.5,28642778.586,-57074.952,2087.243,0
$OBS,26.980,2288,398444.000,G19,1C,40.6,27152744.070,-62846.429,2300.374,0
$LOG,26.980,PNTPOS ERROR,lack of valid sats ns=1
$CH,27.000,L1CA,30,26992,41.8,0.985636250,1389.339,38346.261,3,0
$CH,27.000,L1CA,13,26991,38.5,0.541998722,2086.915,57114.583,3,0
$CH,27.000,L1CA,7,26991,42.2,0.377300530,-184.029,-4157.486,3,0
$CH,27.000,L1CA,19,26991,40.6,0.571778726,2301.014,62890.148,3,0
$TIME,28.000,2024,7,15,6,38,35.915000,UTC
$OBS,27.980,2288,398445.000,G30,1C,41.6,26976745.536,-39708.647,1388.310,0
$OBS,27.980,2288,398445.000,G19,1C,40.4,27152287.834,-65146.623,2300.352,0
$OBS,27.980,2288,398445.000,G07,1C,42.6,28293631.226,4338.515,-185.565,0
$OBS,27.980,2288,398445.000,G13,1C,38.2,28642363.410,-59159.820,2085.318,0
$LOG,27.980,PNTPOS ERROR,lack of valid sats ns=1
$CH,28.000,L1CA,7,27991,42.6,0.377399344,-185.311,-4342.040,3,0
$CH,28.000,L1CA,19,27991,40.4,0.570248296,2300.187,65190.311,3,0
$CH,28.000,L1CA,13,27991,38.2,0.540614320,2085.599,59199.413,3,0
$CH,28.000,L1CA,30,27992,41.6,0.984728226,1388.163,39735.016,3,0
$TIME,29.000,2024,7,15,6,38,36.106000,UTC
$OBS,28.980,2288,398446.000,G30,1C,41.5,26976473.505,-41095.580,1385.867,0
$OBS,28.980,2288,398446.000,G19,1C,40.4,27151842.452,-67445.096,2298.502,0
$OBS,28.980,2288,398446.000,G13,1C,38.1,28641953.836,-61242.906,2082.566,0
$OBS,28.980,2288,398446.000,G07,1C,42.8,28293696.682,4524.827,-188.355,0
$LOG,28.980,PNTPOS ERROR,lack of valid sats ns=1
$CH,29.000,L1CA,30,28992,41.5,0.983814806,1383.307,41121.913,3,0
$CH,29.000,L1CA,19,28991,40.4,0.568768803,2296.828,67488.750,3,0
$CH,29.000,L1CA,7,28991,42.8,0.377617231,-188.521,-4528.384,3,0
$CH,29.000,L1CA,13,28991,38.1,0.539250522,2083.943,61282.468,3,0
$TIME,30.000,2024,7,15,6,38,36.286000,UTC
$OBS,29.980,2288,398447.000,G19,1C,40.5,27151386.146,-69741.908,2296.876,0
$OBS,29.980,2288,398447.000,G07,1C,42.7,28293724.777,4712.813,-187.888,0
$OBS,29.980,2288,398447.000,G13,1C,39.5,28641543.808,-63324.249,2080.582,0
$OBS,29.980,2288,398447.000,G30,1C,41.2,26976193.516,-42480.708,1384.240,0
$LOG,29.980,PNTPOS ERROR,lack of valid sats ns=1
$CH,30.000,L1CA,7,29991,42.7,0.377708971,-188.207,-4716.396,3,0
$CH,30.000,L1CA,30,29992,41.2,0.982873432,1386.088,42507.006,3,0
$CH,30.000,L1CA,13,29991,39.5,0.537881265,2080.971,63363.777,3,0
$CH,30.000,L1CA,19,29991,40.5,0.567250703,2296.884,69785.530,3,0
$TIME,31.000,2024,7,15,6,38,36.486000,UTC
$OBS,30.980,2288,398448.000,G30,1C,40.8,26975909.165,-43864.000,1383.371,0
$OBS,30.980,2288,398448.000,G13,1C,40.4,28641136.869,-65403.814,2080.151,0
$OBS,30.980,2288,398448.000,G07,1C,42.3,28293724.672,4902.546,-190.698,0
$OBS,30.980,2288,398448.000,G19,1C,40.5,27150934.116,-72037.045,2293.735,0
$LOG,30.980,PNTPOS ERROR,lack of valid sats ns=1
$CH,31.000,L1CA,30,30992,40.8,0.981926086,1382.137,43890.263,3,0
$CH,31.000,L1CA,19,30991,40.5,0.565736189,2293.300,72080.627,3,0
$CH,31.000,L1CA,13,30991,40.4,0.536522917,2079.567,65443.317,3,0
$CH,31.000,L1CA,7,30991,42.3,0.377709864,-191.034,-4906.165,3,0
$LOG,31.230,L1CA,30,FRAME SYNC (N)
$LNAV,31.070,L1CA,30,8B03C081B42CFFE36167F0520015261BA4231F0997EAD199FFA32953EFE9
$LOG,31.236,L1CA,13,FRAME SYNC (N)
$LNAV,31.076,L1CA,13,8B03C081B42CFFEA3C3624B6FFD02785F8C41CAE26E0CE24FFAC3314199A
$LOG,31.235,L1CA,7,FRAME SYNC (N)
$LNAV,31.075,L1CA,7,8B03C081B42CFFCD61434D2C004E26B6B0C41FD2A7B86F37FFA23C13F068
$LOG,31.231,L1CA,19,FRAME SYNC (N)
$LNAV,31.071,L1CA,19,8B03C081B42CFFBABAD7BD79FFF8278D173C286163B10279FFA738000B1B
$TIME,32.000,2024,7,15,6,38,36.676000,UTC
$OBS,31.980,2288,398449.000,G07,1C,41.9,28293725.667,5093.965,-192.014,0
$OBS,31.980,2288,398449.000,G13,1C,39.5,28640729.930,-67481.623,2076.326,0
$OBS,31.980,2288,398449.000,G19,1C,40.5,27150482.801,-74330.528,2292.798,0
$OBS,31.980,2288,398449.000,G30,1C,40.7,26975627.832,-45245.465,1381.840,0
$LOG,31.980,PNTPOS ERROR,gdop error nv=4 gdop=84.1
$CH,32.000,L1CA,19,31991,40.5,0.564236851,2291.483,74374.085,4,0
$CH,32.000,L1CA,30,31992,40.7,0.980996531,1380.464,45271.697,4,0
$CH,32.000,L1CA,13,31991,39.5,0.535166132,2076.174,67521.088,4,0
$CH,32.000,L1CA,7,31991,41.9,0.377708865,-192.482,-5097.621,4,0
$TIME,33.000,2024,7,15,6,38,36.866000,UTC
$OBS,32.980,2288,398450.000,G30,1C,40.6,26975351.386,-46625.000,1376.383,0
$OBS,32.980,2288,398450.000,G19,1C,40.5,27150026.478,-76622.212,2291.354,0
$OBS,32.980,2288,398450.000,G07,1C,42.0,28293725.789,5287.224,-195.207,0
$OBS,32.980,2288,398450.000,G13,1C,37.8,28640315.749,-69557.578,2074.943,0
$LOG,32.980,PNTPOS ERROR,gdop error nv=4 gdop=83.1
$CH,33.000,L1CA,30,32992,40.6,0.980072596,1378.307,46651.192,4,0
$CH,33.000,L1CA,19,32991,40.5,0.562708250,2292.080,76665.731,4,0
$CH,33.000,L1CA,7,32991,42.0,0.377708621,-195.605,-5290.914,4,0
$CH,33.000,L1CA,13,32991,37.8,0.533780664,2074.545,69596.997,4,0
$TIME,34.000,2024,7,15,6,38,37.056000,UTC
$OBS,33.980,2288,398451.000,G30,1C,40.7,26975079.023,-48002.711,1375.656,0
$OBS,33.980,2288,398451.000,G19,1C,40.5,27149576.367,-78912.227,2289.067,0
$OBS,33.980,2288,398451.000,G13,1C,39.6,28639900.765,-71631.772,2072.985,0
$OBS,33.980,2288,398451.000,G07,1C,42.0,28293748.090,5482.195,-195.346,0
$LOG,33.980,PNTPOS ERROR,gdop error nv=4 gdop=82.2
$CH,34.000,L1CA,7,33991,42.0,0.377787443,-196.095,-5485.907,4,0
$CH,34.000,L1CA,19,33991,40.5,0.561209917,2290.139,78955.720,4,0
$CH,34.000,L1CA,13,33991,39.6,0.532395498,2073.513,71671.169,4,0
$CH,34.000,L1CA,30,33992,40.7,0.979163076,1377.208,48028.870,4,0
$TIME,35.000,2024,7,15,6,38,37.236000,UTC
$OBS,34.980,2288,398452.000,G07,1C,42.1,28293803.076,5678.812,-198.868,0
$OBS,34.980,2288,398452.000,G30,1C,40.9,26974802.175,-49378.654,1374.266,0
$OBS,34.980,2288,398452.000,G13,1C,40.3,28639484.019,-73704.334,2072.492,0
$OBS,34.980,2288,398452.000,G19,1C,40.5,27149122.172,-81200.660,2288.968,0
$LOG,34.980,PNTPOS ERROR,gdop error nv=4 gdop=81.3
$CH,35.000,L1CA,19,34991,40.5,0.559696842,2286.952,81244.138,4,0
$CH,35.000,L1CA,30,34992,40.9,0.978235630,1376.176,49404.773,4,0
$CH,35.000,L1CA,13,34991,40.3,0.531009574,2067.018,73743.699,4,0
$CH,35.000,L1CA,7,34991,42.1,0.377969975,-196.451,-5682.563,4,0
$TIME,36.000,2024,7,15,6,38,37.426000,UTC
$OBS,35.980,2288,398453.000,G19,1C,40.5,27148670.020,-83487.506,2286.335,0
$OBS,35.980,2288,398453.000,G07,1C,41.9,28293849.214,5877.065,-198.429,0
$OBS,35.980,2288,398453.000,G30,1C,40.7,26974518.138,-50752.828,1373.780,0
$OBS,35.980,2288,398453.000,G13,1C,39.9,28639079.960,-75775.278,2070.654,0
$LOG,35.980,PNTPOS ERROR,gdop error nv=4 gdop=80.4
$CH,36.000,L1CA,30,35992,40.7,0.977286135,1372.579,50778.920,4,0
$CH,36.000,L1CA,7,35991,41.9,0.378125275,-197.964,-5880.847,4,0
$CH,36.000,L1CA,19,35991,40.5,0.558188737,2286.699,83530.941,4,0
$CH,36.000,L1CA,13,35991,39.9,0.529663338,2070.664,75814.612,4,0
$TIME,37.000,2024,7,15,6,38,37.616000,UTC
$OBS,36.980,2288,398454.000,G07,1C,41.6,28293850.802,6076.988,-199.134,0
$OBS,36.980,2288,398454.000,G30,1C,40.5,26974241.831,-52125.270,1371.308,0
$OBS,36.980,2288,398454.000,G13,1C,39.3,28638671.851,-77844.385,2068.512,0
$OBS,36.980,2288,398454.000,G19,1C,40.6,27148224.149,-85772.719,2284.219,0
$LOG,36.980,PNTPOS ERROR,gdop error nv=4 gdop=79.6
$CH,37.000,L1CA,19,36991,40.6,0.556701960,2285.408,85816.125,4,0
$CH,37.000,L1CA,30,36992,40.5,0.976372437,1370.532,52151.329,4,0
$CH,37.000,L1CA,13,36991,39.3,0.528300201,2065.370,77883.681,4,0
$CH,37.000,L1CA,7,36991,41.6,0.378125370,-200.852,-6080.794,4,0
$LOG,37.230,L1CA,30,FRAME SYNC (N)
$LNAV,37.070,L1CA,30,8B03C081B4B15D148F901481FD5A00A10D23B9903568D449C82CCDB00000
$LOG,37.231,L1CA,19,FRAME SYNC (N)
$LNAV,37.071,L1CA,19,8B03C081B4B15D148F901481FD5A00A10D23B9903568D449C82CCDB00000
$LOG,37.236,L1CA,13,FRAME SYNC (N)
$LNAV,37.076,L1CA,13,8B03C081B4B15D148F901481FD5A00A10D23B9903568D449C82CCDB00000
$LOG,37.235,L1CA,7,FRAME SYNC (N)
$LNAV,37.075,L1CA,7,8B03C081B4B15D148F901481FD5A00A10D23B9903568D449C82CCDB00000
$TIME,38.000,2024,7,15,6,38,37.816000,UTC
$OBS,37.980,2288,398455.000,G30,1C,41.0,26973971.562,-53495.936,1369.723,0
$OBS,37.980,2288,398455.000,G07,1C,41.3,28293850.645,6278.551,-202.760,0
$OBS,37.980,2288,398455.000,G19,1C,40.5,27147769.885,-88056.354,2282.297,0
$OBS,37.980,2288,398455.000,G13,1C,39.7,28638260.811,-79911.826,2068.304,0
$LOG,37.980,PNTPOS ERROR,gdop error nv=4 gdop=78.8
$CH,38.000,L1CA,7,37991,41.3,0.378127890,-202.605,-6282.402,5,0
$CH,38.000,L1CA,19,37991,40.5,0.555188916,2283.261,88099.724,5,0
$CH,38.000,L1CA,30,37992,41.0,0.975468341,1369.078,53521.962,5,0
$CH,38.000,L1CA,13,37991,39.7,0.526925311,2063.499,79951.081,5,0
$TIME,39.000,2024,7,15,6,38,38.016000,UTC
$OBS,38.980,2288,398456.000,G30,1C,42.1,26973691.905,-54864.884,1367.779,0
$OBS,38.980,2288,398456.000,G19,1C,40.1,27147325.655,-90338.378,2281.987,0
$OBS,38.980,2288,398456.000,G07,1C,41.1,28293852.739,6481.751,-204.564,0
$OBS,38.980,2288,398456.000,G13,1C,38.3,28637851.656,-81977.543,2065.114,0
$LOG,38.980,PNTPOS ERROR,gdop error nv=4 gdop=77.9
$CH,39.000,L1CA,7,38991,41.1,0.378133438,-204.767,-6485.624,5,0
$CH,39.000,L1CA,30,38992,42.1,0.974532702,1368.003,54890.870,5,0
$CH,39.000,L1CA,13,38991,38.3,0.525567168,2067.866,82016.767,5,0
$CH,39.000,L1CA,19,38991,40.1,0.553700235,2282.210,90381.718,5,0
$TIME,40.000,2024,7,15,6,38,38.206000,UTC
$OBS,39.980,2288,398457.000,G30,1C,42.5,26973416.244,-56232.129,1365.905,0
$OBS,39.980,2288,398457.000,G19,1C,40.2,27146873.084,-92618.826,2279.728,0
$OBS,39.980,2288,398457.000,G07,1C,41.1,28293886.261,6686.550,-206.163,0
$OBS,39.980,2288,398457.000,G13,1C,37.7,28637447.335,-84041.537,2062.549,0
$LOG,39.980,PNTPOS ERROR,gdop error nv=4 gdop=77.1
$CH,40.000,L1CA,30,39992,42.5,0.973610004,1365.501,56258.083,5,0
$CH,40.000,L1CA,19,39991,40.2,0.552197317,2281.064,92662.139,5,0
$CH,40.000,L1CA,7,39991,41.1,0.378248384,-205.260,-6690.466,5,0
$CH,40.000,L1CA,13,39991,37.7,0.524218786,2063.641,84080.741,5,0
$TIME,41.000,2024,7,15,6,38,38.407000,UTC
$OBS,40.980,2288,398458.000,G07,1C,41.4,28293955.312,6893.024,-207.984,0
$OBS,40.980,2288,398458.000,G30,1C,42.2,26973139.728,-57597.633,1364.071,0
$OBS,40.980,2288,398458.000,G13,1C,38.0,28637035.754,-86103.881,2062.144,0
$OBS,40.980,2288,398458.000,G19,1C,40.2,27146422.345,-94897.669,2275.795,0
$LOG,40.980,PNTPOS ERROR,gdop error nv=4 gdop=76.4
$CH,41.000,L1CA,30,40992,42.2,0.972697798,1364.600,57623.557,5,0
$CH,41.000,L1CA,7,40991,41.4,0.378482266,-207.094,-6896.965,5,0
$CH,41.000,L1CA,13,40991,38.0,0.522841181,2061.665,86143.050,5,0
$CH,41.000,L1CA,19,40991,40.2,0.550685340,2279.128,94940.944,5,0
$TIME,42.000,2024,7,15,6,38,38.597000,UTC
$OBS,41.980,2288,398459.000,G30,1C,41.4,26972865.725,-58961.534,1363.446,0
$OBS,41.980,2288,398459.000,G07,1C,41.6,28293974.647,7100.945,-209.239,0
$OBS,41.980,2288,398459.000,G13,1C,38.7,28636620.857,-88164.708,2059.239,0
$OBS,41.980,2288,398459.000,G19,1C,40.4,27145973.647,-97175.090,2276.750,0
$LOG,41.980,PNTPOS ERROR,gdop error nv=4 gdop=75.6
$CH,42.000,L1CA,19,41991,40.4,0.549193737,2275.935,97218.351,5,0
$CH,42.000,L1CA,13,41991,38.7,0.521454380,2060.040,88203.855,5,0
$CH,42.000,L1CA,30,41992,41.4,0.971780329,1363.213,58987.430,5,0
$CH,42.000,L1CA,7,41991,41.6,0.378545522,-208.482,-7104.910,5,0
$TIME,43.000,2024,7,15,6,38,38.797000,UTC
$OBS,42.980,2288,398460.000,G30,1C,40.8,26972596.241,-60323.853,1362.413,0
$OBS,42.980,2288,398460.000,G13,1C,39.8,28636220.480,-90224.100,2056.219,0
$OBS,42.980,2288,398460.000,G07,1C,41.1,28293975.763,7310.333,-209.959,0
$OBS,42.980,2288,398460.000,G19,1C,40.4,27145519.750,-99451.110,2275.872,0
$LOG,42.980,PNTPOS ERROR,gdop error nv=4 gdop=74.8
$CH,43.000,L1CA,19,42991,40.4,0.547680106,2275.505,99494.335,5,0
$CH,43.000,L1CA,30,42992,40.8,0.970878412,1361.513,60349.720,5,0
$CH,43.000,L1CA,13,42991,39.8,0.520127499,2058.335,90263.213,5,0
$CH,43.000,L1CA,7,42991,41.1,0.378543577,-208.442,-7314.335,5,0
$LOG,43.230,L1CA,30,FRAME SYNC (N)
$LOG,43.235,L1CA,7,FRAME SYNC (N)
$LNAV,43.070,L1CA,30,8B03C081B534479089900508FD4C00A10D1F613373A7BB2B576A0801FFAF
$LNAV,43.075,L1CA,7,8B03C081B534479089900508FD4C00A10D1F613373A7BB2B576A0801FFAF
$LOG,43.236,L1CA,13,FRAME SYNC (N)
$LNAV,43.076,L1CA,13,8B03C081B534479089900508FD4C00A10D1F613373A7BB2B576A0801FFAF
$LOG,43.231,L1CA,19,FRAME SYNC (N)
$LNAV,43.071,L1CA,19,8B03C081B534479089900508FD4C00A10D1F613373A7BB2B576A0801FFAF
$TIME,44.000,2024,7,15,6,38,38.997000,UTC
$OBS,43.980,2288,398461.000,G13,1C,39.5,28635820.364,-92281.952,2058.725,0
$OBS,43.980,2288,398461.000,G07,1C,40.8,28293976.531,7521.203,-211.498,0
$OBS,43.980,2288,398461.000,G19,1C,40.5,27145077.282,-101725.707,2274.041,0
$OBS,43.980,2288,398461.000,G30,1C,40.9,26972319.585,-61684.606,1360.734,0
$LOG,43.980,PNTPOS ERROR,gdop error nv=4 gdop=74.1
$CH,44.000,L1CA,30,43992,40.9,0.969954280,1358.973,61710.446,6,0
$CH,44.000,L1CA,19,43991,40.5,0.546203079,2275.871,101768.912,6,0
$CH,44.000,L1CA,7,43991,40.8,0.378545430,-211.152,-7525.226,6,0
$CH,44.000,L1CA,13,43991,39.5,0.518792997,2056.687,92321.033,6,0
$TIME,45.000,2024,7,15,6,38,39.187000,UTC
$OBS,44.980,2288,398462.000,G19,1C,40.6,27144624.867,-103998.926,2273.642,0
$OBS,44.980,2288,398462.000,G30,1C,41.6,26972039.457,-63043.832,1358.145,0
$OBS,44.980,2288,398462.000,G07,1C,41.0,28293999.670,7733.475,-213.949,0
$OBS,44.980,2288,398462.000,G13,1C,38.6,28635413.774,-94338.311,2055.180,0
$LOG,44.980,PNTPOS ERROR,gdop error nv=4 gdop=73.4
$CH,45.000,L1CA,30,44992,41.6,0.969019590,1358.271,63069.642,6,0
$CH,45.000,L1CA,19,44991,40.6,0.544698109,2272.707,104042.101,6,0
$CH,45.000,L1CA,13,44991,38.6,0.517431643,2054.951,94377.366,6,0
$CH,45.000,L1CA,7,44991,41.0,0.378626681,-213.914,-7737.527,6,0
$TIME,46.000,2024,7,15,6,38,39.387000,UTC
$OBS,45.980,2288,398463.000,G19,1C,40.8,27144179.468,-106270.601,2270.496,0
$OBS,45.980,2288,398463.000,G30,1C,41.9,26971760.131,-64401.385,1356.487,0
$OBS,45.980,2288,398463.000,G07,1C,41.3,28294061.618,7947.340,-216.213,0
$OBS,45.980,2288,398463.000,G13,1C,38.8,28635005.526,-96392.988,2054.289,0
$LOG,45.980,PNTPOS ERROR,gdop error nv=4 gdop=72.7
$CH,46.000,L1CA,7,45991,41.3,0.378835114,-215.830,-7951.421,6,0
$CH,46.000,L1CA,13,45991,38.8,0.516069170,2052.864,96432.006,6,0
$CH,46.000,L1CA,19,45991,40.8,0.543205138,2270.963,106313.742,6,0
$CH,46.000,L1CA,30,45992,41.9,0.968094451,1356.349,64427.154,6,0
$TIME,47.000,2024,7,15,6,38,39.577000,UTC
$OBS,46.980,2288,398464.000,G30,1C,41.5,26971491.468,-65757.312,1355.880,0
$OBS,46.980,2288,398464.000,G19,1C,41.0,27143729.078,-108540.839,2269.150,0
$OBS,46.980,2288,398464.000,G13,1C,39.1,28634596.493,-98446.204,2053.170,0
$OBS,46.980,2288,398464.000,G07,1C,41.3,28294100.009,8162.672,-216.420,0
$LOG,46.980,PNTPOS ERROR,gdop error nv=4 gdop=72.0
$CH,47.000,L1CA,7,46991,41.3,0.378960594,-216.020,-8166.777,6,0
$CH,47.000,L1CA,30,46992,41.5,0.967197980,1354.851,65783.061,6,0
$CH,47.000,L1CA,13,46991,39.1,0.514705388,2052.085,98485.203,6,0
$CH,47.000,L1CA,19,46991,41.0,0.541708999,2268.947,108583.957,6,0
$TIME,48.000,2024,7,15,6,38,39.767000,UTC
$OBS,47.980,2288,398465.000,G30,1C,41.3,26971218.354,-67111.601,1352.854,0
$OBS,47.980,2288,398465.000,G07,1C,41.2,28294100.096,8379.541,-217.366,0
$OBS,47.980,2288,398465.000,G13,1C,39.2,28634186.988,-100497.828,2049.625,0
$OBS,47.980,2288,398465.000,G19,1C,40.9,27143275.983,-110809.591,2268.857,0
$LOG,47.980,PNTPOS ERROR,gdop error nv=4 gdop=71.3
$CH,48.000,L1CA,7,47991,41.2,0.378957164,-217.420,-8383.675,6,0
$CH,48.000,L1CA,30,47992,41.3,0.966281659,1354.356,67137.318,6,0
$CH,48.000,L1CA,19,47991,40.9,0.540195639,2266.461,110852.683,6,0
$CH,48.000,L1CA,13,47991,39.2,0.513339306,2051.401,100536.794,6,0
$TIME,49.000,2024,7,15,6,38,39.957000,UTC
$OBS,48.980,2288,398466.000,G19,1C,41.0,27142837.285,-113076.959,2267.430,0
$OBS,48.980,2288,398466.000,G13,1C,38.9,28633778.339,-102547.885,2048.233,0
$OBS,48.980,2288,398466.000,G07,1C,41.1,28294104.668,8597.837,-217.770,0
$OBS,48.980,2288,398466.000,G30,1C,40.7,26970943.845,-68464.351,1352.189,0
$LOG,48.980,PNTPOS ERROR,gdop error nv=4 gdop=70.6
$CH,49.000,L1CA,13,48991,38.9,0.511975357,2049.306,102586.817,6,0
$CH,49.000,L1CA,19,48991,41.0,0.538730055,2266.812,113120.028,6,0
$CH,49.000,L1CA,30,48992,40.7,0.965364017,1351.845,68490.035,6,0
$CH,49.000,L1CA,7,48991,41.1,0.378974824,-219.025,-8601.998,6,0
$LOG,49.231,L1CA,19,FRAME SYNC (N)
$LOG,49.236,L1CA,13,FRAME SYNC (N)
$LNAV,49.076,L1CA,13,8B03C081B5A73C100046854AD477AF0801D8CB9AE71462700000244E1C07
$LNAV,49.071,L1CA,19,8B03C081B5A73C100046854AD477AF0801D8CB9ADF00626F00002E346555
$LOG,49.230,L1CA,30,FRAME SYNC (N)
$LNAV,49.070,L1CA,30,8B03C081B5A73C100046854AD477AF0801D8CB9A08536270000023C2B5D9
$LOG,49.235,L1CA,7,FRAME SYNC (N)
$LNAV,49.075,L1CA,7,8B03C081B5A73C100046854AD477AF0801D8CB9AE813627000FFA9018EFA
$TIME,50.000,2024,7,15,6,38,40.137000,UTC
$OBS,49.980,2288,398467.000,G19,1C,41.0,27142385.656,-115342.989,2266.184,0
$OBS,49.980,2288,398467.000,G13,1C,38.6,28633370.894,-104596.564,2047.731,0
$OBS,49.980,2288,398467.000,G07,1C,41.6,28294135.764,8817.521,-219.887,0
$OBS,49.980,2288,398467.000,G30,1C,40.9,26970669.964,-69815.652,1352.316,0
$LOG,49.980,PNTPOS ERROR,gdop error nv=4 gdop=70.0
$CH,50.000,L1CA,19,49991,41.0,0.537230083,2264.625,115386.036,7,0
$CH,50.000,L1CA,13,49991,38.7,0.510616901,2048.351,104635.468,7,0
$CH,50.000,L1CA,30,49992,40.9,0.964450013,1351.139,69841.307,7,0
$CH,50.000,L1CA,7,49991,41.6,0.379081761,-220.114,-8821.711,7,0
$TIME,51.000,2024,7,15,6,38,40.327000,UTC
$OBS,50.980,2288,398468.000,G07,1C,41.7,28294208.724,9038.664,-222.102,0
$OBS,50.980,2288,398468.000,G30,1C,41.2,26970394.128,-71165.366,1350.827,0
$OBS,50.980,2288,398468.000,G19,1C,41.0,27141939.314,-117607.612,2263.957,0
$OBS,50.980,2288,398468.000,G13,1C,38.6,28632971.650,-106643.733,2046.172,0
$LOG,50.980,PNTPOS ERROR,gdop error nv=4 gdop=69.3
$CH,51.000,L1CA,30,50992,41.2,0.963534349,1349.312,71190.999,7,0
$CH,51.000,L1CA,7,50991,41.7,0.379324113,-220.052,-9042.878,7,0
$CH,51.000,L1CA,19,50991,41.0,0.535733111,2263.650,117650.626,7,0
$CH,51.000,L1CA,13,50991,38.6,0.509288197,2044.358,106682.617,7,0
$TIME,52.000,2024,7,15,6,38,40.507000,UTC
$OBS,51.980,2288,398469.000,G07,1C,41.8,28294224.778,9261.336,-223.481,0
$OBS,51.980,2288,398469.000,G30,1C,41.4,26970122.690,-72513.476,1346.410,0
$OBS,51.980,2288,398469.000,G19,1C,40.9,27141496.305,-119870.757,2260.580,0
$OBS,51.980,2288,398469.000,G13,1C,39.6,28632567.346,-108689.360,2044.940,0
$LOG,51.980,PNTPOS ERROR,gdop error nv=4 gdop=68.7
$CH,52.000,L1CA,30,51992,41.4,0.962630965,1345.935,72539.073,7,0
$CH,52.000,L1CA,7,51991,41.8,0.379373245,-223.691,-9265.580,7,0
$CH,52.000,L1CA,13,51991,39.6,0.507939789,2044.861,108728.204,7,0
$CH,52.000,L1CA,19,51991,40.9,0.534262115,2262.631,119913.739,7,0
$TIME,53.000,2024,7,15,6,38,40.688000,UTC
$CH,53.000,L1CA,13,52991,40.3,0.506575849,2044.699,110772.442,7,0
$CH,53.000,L1CA,19,52991,40.9,0.532750062,2261.052,122175.509,7,0
$CH,53.000,L1CA,30,52992,41.3,0.961746274,1345.249,73885.631,7,0
$CH,53.000,L1CA,7,52991,41.4,0.379375808,-224.154,-9489.665,7,0
$OBS,52.980,2288,398470.000,G07,1C,41.4,28294224.865,9485.398,-223.087,0
$OBS,52.980,2288,398470.000,G30,1C,41.3,26969857.551,-73860.059,1347.404,0
$OBS,52.980,2288,398470.000,G13,1C,40.3,28632159.343,-110733.603,2039.809,0
$OBS,52.980,2288,398470.000,G19,1C,40.9,27141044.694,-122132.544,2261.892,0
$LOG,52.980,PNTPOS ERROR,gdop error nv=4 gdop=68.1
$TIME,54.000,2024,7,15,6,38,40.867000,UTC
$OBS,53.980,2288,398471.000,G30,1C,41.1,26969581.698,-75205.272,1344.057,0
$OBS,53.980,2288,398471.000,G07,1C,41.3,28294238.581,9710.768,-226.605,0
$OBS,53.980,2288,398471.000,G19,1C,41.0,27140607.548,-124393.049,2259.379,0
$OBS,53.980,2288,398471.000,G13,1C,39.6,28631755.649,-112776.528,2041.599,0
$LOG,53.980,PNTPOS ERROR,gdop error nv=4 gdop=67.5
$CH,54.000,L1CA,30,53992,41.1,0.960824356,1343.990,75230.811,7,0
$CH,54.000,L1CA,7,53991,41.3,0.379421680,-225.108,-9715.067,7,0
$CH,54.000,L1CA,19,53991,41.0,0.531296824,2260.402,124435.978,7,0
$CH,54.000,L1CA,13,53991,39.6,0.505228067,2041.100,112815.311,7,0
$TIME,55.000,2024,7,15,6,38,41.047000,UTC
$OBS,54.980,2288,398472.000,G30,1C,41.8,26969312.197,-76548.934,1342.133,0
$OBS,54.980,2288,398472.000,G07,1C,41.2,28294291.560,9937.554,-228.214,0
$OBS,54.980,2288,398472.000,G19,1C,40.8,27140159.112,-126652.205,2259.639,0
$OBS,54.980,2288,398472.000,G13,1C,39.0,28631350.141,-114817.915,2038.782,0
$LOG,54.980,PNTPOS ERROR,gdop error nv=4 gdop=66.9
$CH,55.000,L1CA,30,54992,41.8,0.959922365,1344.674,76574.443,7,0
$CH,55.000,L1CA,7,54991,41.2,0.379605507,-228.960,-9941.879,7,0
$CH,55.000,L1CA,13,54991,39.0,0.503883193,2041.562,114856.678,7,0
$CH,55.000,L1CA,19,54991,40.8,0.529793516,2257.370,126695.112,7,0
$LOG,55.230,L1CA,30,FRAME SYNC (N)
$LNAV,55.070,L1CA,30,8B03C081B62853FEA93CACFEC49A99FEBC035F3A3F0C8BA10DD06F62707E
$LOG,55.235,L1CA,7,FRAME SYNC (N)
$LNAV,55.075,L1CA,7,8B03C081B62813FF013A29025D1CAFFF5D090739B90D0EA10D8A7562707E
$LOG,55.236,L1CA,13,FRAME SYNC (N)
$LNAV,55.076,L1CA,13,8B03C081B62814FEF43187682D61BFFF0C03EF570B10E1A10D3FC0627068
$LOG,55.231,L1CA,19,FRAME SYNC (N)
$LNAV,55.071,L1CA,19,8B03C081B628000D9A2DE5CB9062210C2704C9D814070BA10D5065626F1D
$TIME,56.000,2024,7,15,6,38,41.237000,UTC
$OBS,55.980,2288,398473.000,G13,1C,38.3,28630949.502,-116857.897,2038.722,0
$OBS,55.980,2288,398473.000,G19,1C,40.8,27139716.069,-128910.006,2258.075,0
$OBS,55.980,2288,398473.000,G30,1C,41.9,26969036.013,-77891.100,1340.879,0
$OBS,55.980,2288,398473.000,G07,1C,41.1,28294350.716,10165.735,-229.005,0
$LOG,55.980,PNTPOS ERROR,gdop error nv=4 gdop=66.3
$CH,56.000,L1CA,13,55991,38.3,0.502541873,2038.895,116896.646,8,0
$CH,56.000,L1CA,19,55991,40.8,0.528316673,2256.782,128952.899,8,0
$CH,56.000,L1CA,7,55991,41.1,0.379790776,-228.283,-10170.091,8,0
$CH,56.000,L1CA,30,55992,41.9,0.959000185,1342.975,77916.586,8,0
$TIME,57.000,2024,7,15,6,38,41.428000,UTC
$OBS,56.980,2288,398474.000,G30,1C,41.5,26968762.847,-79231.782,1339.669,0
$OBS,56.980,2288,398474.000,G07,1C,40.5,28294349.233,10395.253,-230.245,0
$OBS,56.980,2288,398474.000,G13,1C,36.6,28630549.962,-118896.438,2037.732,0
$OBS,56.980,2288,398474.000,G19,1C,40.7,27139266.324,-131166.508,2254.770,0
$LOG,56.980,PNTPOS ERROR,gdop error nv=4 gdop=65.7
$CH,57.000,L1CA,7,56991,40.5,0.379792977,-231.368,-10399.628,8,0
$CH,57.000,L1CA,30,56992,41.5,0.958100875,1340.143,79257.243,8,0
$CH,57.000,L1CA,19,56991,40.7,0.526825606,2257.151,131209.366,8,0
$CH,57.000,L1CA,13,56991,36.6,0.501206265,2039.831,118935.155,8,0
$TIME,58.000,2024,7,15,6,38,41.618000,UTC
$OBS,57.980,2288,398475.000,G13,1C,37.2,28630142.673,-120933.529,2035.727,0
$OBS,57.980,2288,398475.000,G19,1C,40.8,27138829.109,-133421.659,2255.664,0
$OBS,57.980,2288,398475.000,G30,1C,41.4,26968495.998,-80571.058,1339.032,0
$OBS,57.980,2288,398475.000,G07,1C,40.3,28294356.283,10626.174,-230.918,0
$LOG,57.980,PNTPOS ERROR,gdop error nv=4 gdop=65.2
$CH,58.000,L1CA,19,57991,40.8,0.525358506,2254.513,133464.488,8,0
$CH,58.000,L1CA,13,57991,37.2,0.499848115,2037.481,120972.222,8,0
$CH,58.000,L1CA,30,57992,41.4,0.957205926,1338.405,80596.493,8,0
$CH,58.000,L1CA,7,57991,40.3,0.379816998,-231.722,-10630.581,8,0
$TIME,59.000,2024,7,15,6,38,41.797000,UTC
$OBS,58.980,2288,398476.000,G13,1C,37.3,28629743.343,-122969.171,2033.672,0
$OBS,58.980,2288,398476.000,G19,1C,40.9,27138383.483,-135675.422,2251.870,0
$OBS,58.980,2288,398476.000,G07,1C,40.6,28294389.142,10858.548,-231.920,0
$OBS,58.980,2288,398476.000,G30,1C,41.7,26968231.261,-81908.743,1337.849,0
$LOG,58.980,PNTPOS ERROR,gdop error nv=4 gdop=64.6
$CH,59.000,L1CA,19,58991,40.9,0.523877069,2253.202,135718.223,8,0
$CH,59.000,L1CA,13,58991,37.3,0.498520343,2029.088,123007.834,8,0
$CH,59.000,L1CA,30,58992,41.7,0.956321129,1337.263,81934.141,8,0
$CH,59.000,L1CA,7,58991,40.6,0.379925984,-233.225,-10862.980,8,0
$TIME,60.000,2024,7,15,6,38,41.988000,UTC
$OBS,59.980,2288,398477.000,G07,1C,40.4,28294460.600,11092.341,-233.014,0
$OBS,59.980,2288,398477.000,G30,1C,41.8,26967962.144,-83244.886,1334.531,0
$OBS,59.980,2288,398477.000,G13,1C,36.5,28629344.937,-125003.281,2031.869,0
$OBS,59.980,2288,398477.000,G19,1C,41.0,27137940.753,-137927.812,2251.766,0
$LOG,59.980,PNTPOS ERROR,gdop error nv=4 gdop=64.1
$CH,60.000,L1CA,30,59992,41.8,0.955422029,1334.162,83270.255,8,0
$CH,60.000,L1CA,7,59991,40.4,0.380168583,-237.525,-11096.798,8,0
$CH,60.000,L1CA,19,59991,41.0,0.522396105,2251.551,137970.595,8,0
$CH,60.000,L1CA,13,59991,36.5,0.497188399,2027.773,125041.919,8,0
$TIME,61.000,2024,7,15,6,38,42.178000,UTC
$OBS,60.980,2288,398478.000,G19,1C,41.2,27137497.780,-140178.868,2249.222,0
$OBS,60.980,2288,398478.000,G13,1C,35.4,28628946.095,-127035.985,2031.936,0
$OBS,60.980,2288,398478.000,G07,1C,39.9,28294474.997,11327.530,-236.723,0
$OBS,60.980,2288,398478.000,G30,1C,41.8,26967690.304,-84579.536,1334.170,0
$LOG,60.980,PNTPOS ERROR,gdop error nv=4 gdop=63.5
$CH,61.000,L1CA,13,60991,35.4,0.495858810,2029.694,127074.584,8,0
$CH,61.000,L1CA,19,60991,41.2,0.520922762,2250.355,140221.628,8,0
$CH,61.000,L1CA,30,60992,41.8,0.954509973,1333.372,84604.878,8,0
$CH,61.000,L1CA,7,60991,39.9,0.380210470,-237.463,-11332.009,8,0
$LOG,61.230,L1CA,30,FRAME SYNC (N)
$LNAV,61.070,L1CA,30,8B03C081B6AEFFE36167F0520015261BA4231F0997EAD199FFA32953EFE9
$LOG,61.235,L1CA,7,FRAME SYNC (N)
$LNAV,61.075,L1CA,7,8B03C081B6AEFFCD61434D2C004E26B6B0C41FD2A7B86F37FFA23C13F068
$LOG,61.236,L1CA,13,FRAME SYNC (N)
$LNAV,61.076,L1CA,13,8B03C081B6AEFFEA3C3624B6FFD02785F8C41CAE26E0CE24FFAC3314199A
$LOG,61.231,L1CA,19,FRAME SYNC (N)
$LNAV,61.071,L1CA,19,8B03C081B6AEFFBABAD7BD79FFF8278D173C286163B10279FFA738000B1B
$TIME,62.000,2024,7,15,6,38,42.358000,UTC
$OBS,61.980,2288,398479.000,G19,1C,41.0,27137048.192,-142428.471,2250.993,0
$OBS,61.980,2288,398479.000,G13,1C,34.8,28628540.377,-129067.106,2030.901,0
$OBS,61.980,2288,398479.000,G30,1C,41.7,26967416.632,-85912.556,1333.855,0
$OBS,61.980,2288,398479.000,G07,1C,39.3,28294478.277,11564.211,-237.109,0
$LOG,61.980,PNTPOS ERROR,gdop error nv=4 gdop=63.0
$CH,62.000,L1CA,13,61991,34.8,0.494505657,2030.689,129105.692,9,0
$CH,62.000,L1CA,19,61991,41.0,0.519415931,2248.695,142471.206,9,0
$CH,62.000,L1CA,30,61992,41.7,0.953597671,1332.982,85937.869,9,0
$CH,62.000,L1CA,7,61991,39.3,0.380220832,-237.365,-11568.714,9,0
$TIME,63.000,2024,7,15,6,38,42.548000,UTC
$OBS,62.980,2288,398480.000,G30,1C,42.0,26967139.104,-87244.199,1331.180,0
$OBS,62.980,2288,398480.000,G07,1C,38.9,28294506.721,11802.140,-238.159,0
$OBS,62.980,2288,398480.000,G19,1C,40.8,27136612.251,-144676.864,2248.844,0
$OBS,62.980,2288,398480.000,G13,1C,35.1,28628132.740,-131096.890,2029.559,0
$LOG,62.980,PNTPOS ERROR,gdop error nv=4 gdop=62.5
$CH,63.000,L1CA,30,62992,42.0,0.952680369,1332.309,87269.481,9,0
$CH,63.000,L1CA,7,62991,38.9,0.380315789,-239.329,-11806.675,9,0
$CH,63.000,L1CA,19,62991,40.8,0.517968135,2249.663,144719.565,9,0
$CH,63.000,L1CA,13,62991,35.1,0.493145752,2030.920,131135.447,9,0
$TIME,64.000,2024,7,15,6,38,42.728000,UTC
$OBS,63.980,2288,398481.000,G30,1C,42.3,26966876.112,-88574.489,1330.648,0
$OBS,63.980,2288,398481.000,G07,1C,39.0,28294560.834,12041.375,-238.881,0
$OBS,63.980,2288,398481.000,G19,1C,40.8,27136163.833,-146923.980,2246.257,0
$OBS,63.980,2288,398481.000,G13,1C,35.3,28627727.860,-133125.381,2027.428,0
$LOG,63.980,PNTPOS ERROR,gdop error nv=4 gdop=62.0
$CH,64.000,L1CA,7,63991,39.0,0.380500864,-239.389,-12045.932,9,0
$CH,64.000,L1CA,30,63992,42.3,0.951802414,1329.702,88599.758,9,0
$CH,64.000,L1CA,19,63991,40.8,0.516468161,2246.276,146966.668,9,0
$CH,64.000,L1CA,13,63991,35.3,0.491798782,2030.482,133163.911,9,0
$TIME,65.000,2024,7,15,6,38,42.928000,UTC
$OBS,64.980,2288,398482.000,G07,1C,38.9,28294599.923,12281.958,-241.375,0
$OBS,64.980,2288,398482.000,G30,1C,42.5,26966613.032,-89903.360,1327.799,0
$OBS,64.980,2288,398482.000,G13,1C,35.7,28627330.379,-135152.492,2026.378,0
$OBS,64.980,2288,398482.000,G19,1C,41.0,27135722.656,-149169.838,2245.981,0
$LOG,64.980,PNTPOS ERROR,gdop error nv=4 gdop=61.5
$CH,65.000,L1CA,30,64992,42.5,0.950922830,1328.428,89928.588,9,0
$CH,65.000,L1CA,7,64991,38.9,0.380626393,-240.022,-12286.540,9,0
$CH,65.000,L1CA,13,64991,35.7,0.490468610,2026.406,135190.985,9,0
$CH,65.000,L1CA,19,64991,41.0,0.514998364,2244.651,149212.491,9,0
$TIME,66.000,2024,7,15,6,38,43.108000,UTC
$OBS,65.980,2288,398483.000,G30,1C,42.6,26966348.505,-91230.671,1326.721,0
$OBS,65.980,2288,398483.000,G07,1C,38.6,28294601.406,12523.940,-241.834,0
$OBS,65.980,2288,398483.000,G19,1C,40.8,27135274.988,-151414.303,2244.439,0
$OBS,65.980,2288,398483.000,G13,1C,35.9,28626932.566,-137178.129,2021.964,0
$LOG,65.980,PNTPOS ERROR,gdop error nv=4 gdop=61.0
$CH,66.000,L1CA,7,65991,38.6,0.380630044,-242.688,-12528.547,9,0
$CH,66.000,L1CA,30,65992,42.6,0.950040578,1326.798,91255.880,9,0
$CH,66.000,L1CA,13,65991,35.9,0.489143943,2024.256,137216.589,9,0
$CH,66.000,L1CA,19,65991,40.8,0.513510976,2244.978,151456.944,9,0
$TIME,67.000,2024,7,15,6,38,43.298000,UTC
$OBS,66.980,2288,398484.000,G13,1C,35.4,28626529.693,-139202.206,2022.621,0
$OBS,66.980,2288,398484.000,G19,1C,40.7,27134837.250,-153657.353,2241.151,0
$OBS,66.980,2288,398484.000,G30,1C,42.7,26966081.255,-92556.409,1323.158,0
$OBS,66.980,2288,398484.000,G07,1C,38.6,28294620.654,12767.390,-243.432,0
$LOG,66.980,PNTPOS ERROR,gdop error nv=4 gdop=60.5
$CH,67.000,L1CA,19,66991,40.7,0.512042156,2242.190,153699.948,9,0
$CH,67.000,L1CA,13,66991,35.4,0.487800443,2021.322,139240.652,9,0
$CH,67.000,L1CA,7,66991,38.6,0.380697183,-243.399,-12772.034,9,0
$CH,67.000,L1CA,30,66992,42.7,0.949148381,1325.075,92581.580,9,0
$LOG,67.236,L1CA,13,FRAME SYNC (N)
$LNAV,67.076,L1CA,13,8B03C081B7305E360590FB57FD3D00A10D5A6157BB97ED2253CD23C20038
$LOG,67.231,L1CA,19,FRAME SYNC (N)
$LNAV,67.071,L1CA,19,8B03C081B7305E360590FB57FD3D00A10D5A6157BB97ED2253CD23C20038
$LOG,67.230,L1CA,30,FRAME SYNC (N)
$LNAV,67.070,L1CA,30,8B03C081B7305E360590FB57FD3D00A10D5A6157BB97ED2253CD23C20038
$LOG,67.235,L1CA,7,FRAME SYNC (N)
$LNAV,67.075,L1CA,7,8B03C081B7305E360590FB57FD3D00A10D5A6157BB97ED2253CD23C20038
$TIME,68.000,2024,7,15,6,38,43.488000,UTC
$OBS,67.980,2288,398485.000,G30,1C,42.1,26965808.822,-93880.722,1324.524,0
$OBS,67.980,2288,398485.000,G07,1C,38.6,28294668.415,13012.207,-244.550,0
$OBS,67.980,2288,398485.000,G19,1C,40.8,27134391.781,-155899.077,2241.050,0
$OBS,67.980,2288,398485.000,G13,1C,35.8,28626134.934,-141224.967,2017.587,0
$LOG,67.980,PNTPOS ERROR,gdop error nv=4 gdop=60.0
$CH,68.000,L1CA,7,67991,38.6,0.380859409,-247.926,-13016.876,10,0
$CH,68.000,L1CA,30,67992,42.1,0.948235824,1321.851,93905.869,10,0
$CH,68.000,L1CA,13,67991,35.8,0.486479678,2023.696,141263.369,10,0
$CH,68.000,L1CA,19,67991,40.8,0.510563960,2241.354,155941.663,10,0
$TIME,69.000,2024,7,15,6,38,43.668000,UTC
$OBS,68.980,2288,398486.000,G30,1C,41.9,26965540.385,-95203.521,1322.910,0
$OBS,68.980,2288,398486.000,G07,1C,38.7,28294724.762,13258.367,-245.787,0
$OBS,68.980,2288,398486.000,G19,1C,40.6,27133953.117,-158139.503,2240.548,0
$OBS,68.980,2288,398486.000,G13,1C,36.1,28625730.281,-143246.245,2020.174,0
$LOG,68.980,PNTPOS ERROR,gdop error nv=4 gdop=59.5
$CH,69.000,L1CA,7,68991,38.7,0.381044863,-247.087,-13263.059,10,0
$CH,69.000,L1CA,30,68992,41.9,0.947337076,1323.094,95228.641,10,0
$CH,69.000,L1CA,19,68991,40.6,0.509095116,2239.888,158182.052,10,0
$CH,69.000,L1CA,13,68991,36.1,0.485131938,2022.229,143284.645,10,0
$TIME,70.000,2024,7,15,6,38,43.858000,UTC
$CH,70.000,L1CA,30,69992,42.0,0.946439148,1320.282,96550.029,10,0
$OBS,69.980,2288,398487.000,G13,1C,36.3,28625331.910,-145266.293,2022.842,0
$OBS,69.980,2288,398487.000,G19,1C,40.5,27133509.515,-160378.690,2239.481,0
$OBS,69.980,2288,398487.000,G30,1C,42.0,26965267.690,-96524.943,1319.689,0
$OBS,69.980,2288,398487.000,G07,1C,38.8,28294725.791,13505.798,-249.071,0
$LOG,69.980,PNTPOS ERROR,gdop error nv=4 gdop=59.1
$CH,70.000,L1CA,7,69991,38.8,0.381046715,-246.872,-13510.509,10,0
$CH,70.000,L1CA,19,69991,40.5,0.507619712,2238.314,160421.219,10,0
$CH,70.000,L1CA,13,69991,36.3,0.483805008,2020.013,145304.672,10,0
$TIME,71.000,2024,7,15,6,38,44.038000,UTC
$OBS,70.980,2288,398488.000,G19,1C,40.2,27133066.786,-162616.607,2236.697,0
$OBS,70.980,2288,398488.000,G13,1C,36.1,28624936.698,-147284.933,2018.608,0
$OBS,70.980,2288,398488.000,G07,1C,39.1,28294742.299,13754.541,-249.496,0
$OBS,70.980,2288,398488.000,G30,1C,41.8,26965006.164,-97844.907,1319.042,0
$LOG,70.980,PNTPOS ERROR,gdop error nv=4 gdop=58.6
$CH,71.000,L1CA,13,70991,36.1,0.482484935,2015.014,147323.287,10,0
$CH,71.000,L1CA,19,70991,40.2,0.506135916,2237.905,162659.111,10,0
$CH,71.000,L1CA,30,70992,41.8,0.945566015,1319.998,97869.969,10,0
$CH,71.000,L1CA,7,70991,39.1,0.381100058,-249.297,-13759.280,10,0
$TIME,72.000,2024,7,15,6,38,44.229000,UTC
$OBS,71.980,2288,398489.000,G07,1C,39.3,28294798.087,14004.703,-250.787,0
$OBS,71.980,2288,398489.000,G30,1C,41.6,26964742.177,-99163.386,1318.673,0
$OBS,71.980,2288,398489.000,G19,1C,40.2,27132625.574,-164853.165,2236.864,0
$OBS,71.980,2288,398489.000,G13,1C,35.6,28624536.826,-149302.101,2013.157,0
$LOG,71.980,PNTPOS ERROR,gdop error nv=4 gdop=58.2
$CH,72.000,L1CA,30,71992,41.6,0.944683723,1318.143,99188.428,10,0
$CH,72.000,L1CA,7,71991,39.3,0.381292816,-250.286,-14009.464,10,0
$CH,72.000,L1CA,13,71991,35.6,0.481151822,2014.956,149340.429,10,0
$CH,72.000,L1CA,19,71991,40.2,0.504672274,2234.913,164895.655,10,0
$TIME,73.000,2024,7,15,6,38,44.419000,UTC
$OBS,72.980,2288,398490.000,G13,1C,35.6,28624130.986,-151317.885,2012.876,0
$OBS,72.980,2288,398490.000,G19,1C,40.1,27132186.928,-167088.481,2234.190,0
$OBS,72.980,2288,398490.000,G30,1C,42.6,26964479.255,-100480.413,1317.376,0
$OBS,72.980,2288,398490.000,G07,1C,39.5,28294849.810,14256.171,-250.866,0
$LOG,72.980,PNTPOS ERROR,gdop error nv=4 gdop=57.7
$CH,73.000,L1CA,13,72991,35.6,0.479792471,2014.514,151356.177,10,0
$CH,73.000,L1CA,19,72991,40.1,0.503203132,2235.332,167130.931,10,0
$CH,73.000,L1CA,7,72991,39.5,0.381458765,-252.657,-14260.961,10,0
$CH,73.000,L1CA,30,72992,42.6,0.943803096,1316.566,100505.420,10,0
$LOG,73.231,L1CA,19,FRAME SYNC (N)
$LNAV,73.071,L1CA,19,8B03C081B7B648491B9008CAFD4D00A10DDEB53B360B4411CA74B5ECFFE0
$LOG,73.236,L1CA,13,FRAME SYNC (N)
$LNAV,73.076,L1CA,13,8B03C081B7B648491B9008CAFD4D00A10DDEB53B360B4411CA74B5ECFFE0
$LOG,73.230,L1CA,30,FRAME SYNC (N)
$LOG,73.235,L1CA,7,FRAME SYNC (N)
$LNAV,73.075,L1CA,7,8B03C081B7B648491B9008CAFD4D00A10DDEB53B360B4411CA74B5ECFFE0
$LNAV,73.070,L1CA,30,8B03C081B7B648491B9008CAFD4D00A10DDEB53B360B4411CA74B5EC0003
$TIME,74.000,2024,7,15,6,38,44.609000,UTC
$CH,74.000,L1CA,13,73991,37.1,0.478434510,2012.488,153370.583,11,0
$CH,74.000,L1CA,19,73991,39.8,0.501746184,2233.653,169364.935,11,0
$CH,74.000,L1CA,7,73991,39.6,0.381463427,-252.779,-14513.757,11,0
$CH,74.000,L1CA,30,73992,43.4,0.942914937,1315.240,101821.068,11,0
$OBS,73.980,2288,398491.000,G30,1C,43.4,26964213.785,-101796.081,1314.726,0
$OBS,73.980,2288,398491.000,G07,1C,39.6,28294850.892,14508.943,-254.462,0
$OBS,73.980,2288,398491.000,G13,1C,37.1,28623721.377,-153332.314,2013.991,0
$OBS,73.980,2288,398491.000,G19,1C,39.8,27131749.032,-169322.506,2231.984,0
$LOG,73.980,PNTPOS ERROR,gdop error nv=4 gdop=57.3
$TIME,75.000,2024,7,15,6,38,44.789000,UTC
$OBS,74.980,2288,398492.000,G30,1C,43.0,26963945.278,-103110.458,1313.512,0
$OBS,74.980,2288,398492.000,G07,1C,40.2,28294870.157,14762.936,-255.268,0
$OBS,74.980,2288,398492.000,G13,1C,38.6,28623324.420,-155345.564,2012.953,0
$OBS,74.980,2288,398492.000,G19,1C,38.9,27131305.483,-171555.369,2231.096,0
$LOG,74.980,PNTPOS ERROR,gdop error nv=4 gdop=56.9
$CH,75.000,L1CA,30,74992,43.0,0.942019441,1312.492,103135.411,11,0
$CH,75.000,L1CA,7,74991,40.2,0.381530785,-254.189,-14767.778,11,0
$CH,75.000,L1CA,13,74991,38.6,0.477108112,2011.065,155383.801,11,0
$CH,75.000,L1CA,19,74991,38.9,0.500262646,2231.686,171597.777,11,0
$TIME,76.000,2024,7,15,6,38,44.979000,UTC
$OBS,75.980,2288,398493.000,G19,1C,38.9,27130864.428,-173786.990,2231.937,0
$OBS,75.980,2288,398493.000,G13,1C,38.9,28622933.605,-157357.348,2010.944,0
$OBS,75.980,2288,398493.000,G07,1C,40.6,28294938.876,15018.237,-255.779,0
$OBS,75.980,2288,398493.000,G30,1C,42.6,26963673.107,-104423.412,1311.832,0
$LOG,75.980,PNTPOS ERROR,gdop error nv=4 gdop=56.5
$CH,76.000,L1CA,19,75991,38.9,0.498798588,2231.146,173829.382,11,0
$CH,76.000,L1CA,13,75991,38.9,0.475806090,2009.961,157395.560,11,0
$CH,76.000,L1CA,30,75992,42.6,0.941112541,1312.198,104448.345,11,0
$CH,76.000,L1CA,7,75991,40.6,0.381760851,-255.323,-15023.099,11,0
$TIME,77.000,2024,7,15,6,38,45.159000,UTC
$OBS,76.980,2288,398494.000,G13,1C,38.3,28622525.322,-159367.949,2009.314,0
$OBS,76.980,2288,398494.000,G19,1C,39.0,27130425.119,-176017.445,2229.711,0
$OBS,76.980,2288,398494.000,G30,1C,42.0,26963408.352,-105735.047,1310.323,0
$OBS,76.980,2288,398494.000,G07,1C,40.9,28294974.492,15274.717,-258.066,0
$LOG,76.980,PNTPOS ERROR,gdop error nv=4 gdop=56.0
$CH,77.000,L1CA,13,76991,38.3,0.474439988,2009.150,159406.139,11,0
$CH,77.000,L1CA,19,76991,39.0,0.497325400,2229.746,176059.800,11,0
$CH,77.000,L1CA,7,76991,40.9,0.381875531,-256.580,-15279.598,11,0
$CH,77.000,L1CA,30,76992,42.0,0.940226309,1311.581,105759.959,11,0
$TIME,78.000,2024,7,15,6,38,45.349000,UTC
$OBS,77.980,2288,398495.000,G30,1C,41.8,26963141.713,-107045.286,1310.978,0
$OBS,77.980,2288,398495.000,G07,1C,41.0,28294975.207,15532.482,-259.390,0
$OBS,77.980,2288,398495.000,G19,1C,39.2,27129984.135,-178246.662,2227.765,0
$OBS,77.980,2288,398495.000,G13,1C,38.2,28622121.489,-161377.213,2009.923,0
$LOG,77.980,PNTPOS ERROR,gdop error nv=4 gdop=55.6
$CH,78.000,L1CA,30,77992,41.8,0.939347712,1309.685,107070.169,11,0
$CH,78.000,L1CA,7,77991,41.0,0.381877483,-256.999,-15537.390,11,0
$CH,78.000,L1CA,19,77991,39.2,0.495859488,2230.823,178289.002,11,0
$CH,78.000,L1CA,13,77991,38.2,0.473100246,2012.607,161415.364,11,0
$TIME,79.000,2024,7,15,6,38,45.539000,UTC
$OBS,78.980,2288,398496.000,G19,1C,39.3,27129540.236,-180474.805,2225.442,0
$OBS,78.980,2288,398496.000,G13,1C,38.6,28621725.840,-163385.243,2008.186,0
$OBS,78.980,2288,398496.000,G30,1C,41.4,26962881.007,-108354.247,1309.552,0
$OBS,78.980,2288,398496.000,G07,1C,41.2,28295008.153,15791.383,-259.163,0
$LOG,78.980,PNTPOS ERROR,gdop error nv=4 gdop=55.2
$CH,79.000,L1CA,13,78991,38.6,0.471778989,2007.293,163423.385,11,0
$CH,79.000,L1CA,19,78991,39.3,0.494375884,2226.593,180517.123,11,0
$CH,79.000,L1CA,7,78991,41.2,0.381990933,-259.297,-15796.316,11,0
$CH,79.000,L1CA,30,78992,41.4,0.938478760,1307.871,108379.107,11,0
$LOG,79.230,L1CA,30,FRAME SYNC (N)
$LNAV,79.070,L1CA,30,8B03C081B8263C100046854AD477AF0801D8CB9A08536270000023C2B5D9
$LOG,79.235,L1CA,7,FRAME SYNC (N)
$LNAV,79.075,L1CA,7,8B03C081B8263C100046854AD477AF0801D8CB9AE813627000FFA9018EFA
$LOG,79.231,L1CA,19,FRAME SYNC (N)
$LOG,79.236,L1CA,13,FRAME SYNC (N)
$LNAV,79.071,L1CA,19,8B03C081B8263C100046854AD477AF0801D8CB9ADF00626F00002E346555
$LNAV,79.076,L1CA,13,8B03C081B8263C100046854AD477AF0801D8CB9AE71462700000244E1C07
$TIME,80.000,2024,7,15,6,38,45.719000,UTC
$OBS,79.980,2288,398497.000,G19,1C,39.4,27129105.569,-182701.696,2225.007,0
$OBS,79.980,2288,398497.000,G13,1C,38.3,28621336.543,-165391.980,2005.519,0
$OBS,79.980,2288,398497.000,G07,1C,41.6,28295099.645,16051.573,-261.865,0
$OBS,79.980,2288,398497.000,G30,1C,41.5,26962618.172,-109661.865,1306.066,0
$LOG,79.980,PNTPOS ERROR,gdop error nv=4 gdop=54.8
$CH,80.000,L1CA,19,79991,39.4,0.492928586,2226.518,182743.996,12,0
$CH,80.000,L1CA,13,79991,38.3,0.470476197,2006.000,165430.100,12,0
$CH,80.000,L1CA,7,79991,41.6,0.382291615,-261.188,-16056.528,12,0
$CH,80.000,L1CA,30,79992,41.5,0.937599485,1305.670,109686.701,12,0
$TIME,81.000,2024,7,15,6,38,45.919000,UTC
$OBS,80.980,2288,398498.000,G19,1C,39.4,27128666.486,-184927.554,2223.737,0
$OBS,80.980,2288,398498.000,G13,1C,38.5,28620936.200,-167397.655,2003.861,0
$OBS,80.980,2288,398498.000,G07,1C,41.8,28295099.645,16312.836,-262.613,0
$OBS,80.980,2288,398498.000,G30,1C,41.5,26962357.902,-110968.280,1306.177,0
$LOG,80.980,PNTPOS ERROR,gdop error nv=4 gdop=54.5
$CH,81.000,L1CA,13,80991,38.5,0.469140578,2005.806,167435.745,12,0
$CH,81.000,L1CA,19,80991,39.4,0.491458766,2225.973,184969.836,12,0
$CH,81.000,L1CA,30,80992,41.5,0.936726351,1304.918,110993.085,12,0
$CH,81.000,L1CA,7,80991,41.8,0.382292337,-262.859,-16317.817,12,0
$TIME,82.000,2024,7,15,6,38,46.099000,UTC
$OBS,81.980,2288,398499.000,G13,1C,38.8,28620539.086,-169401.875,2002.195,0
$OBS,81.980,2288,398499.000,G19,1C,39.4,27128231.889,-187152.108,2223.060,0
$OBS,81.980,2288,398499.000,G07,1C,41.7,28295107.201,16575.421,-261.613,0
$OBS,81.980,2288,398499.000,G30,1C,41.5,26962091.821,-112273.246,1305.426,0
$LOG,81.980,PNTPOS ERROR,gdop error nv=4 gdop=54.1
$CH,82.000,L1CA,19,81991,39.4,0.490013344,2223.824,187194.358,12,0
$CH,82.000,L1CA,13,81991,38.8,0.467816209,2003.669,169439.943,12,0
$CH,82.000,L1CA,30,81992,41.5,0.935839642,1304.565,112298.026,12,0
$CH,82.000,L1CA,7,81991,41.7,0.382317641,-263.826,-16580.419,12,0
$TIME,83.000,2024,7,15,6,38,46.289000,UTC
$OBS,82.980,2288,398500.000,G07,1C,42.1,28295160.284,16839.304,-265.028,0
$OBS,82.980,2288,398500.000,G30,1C,40.7,26961821.307,-113576.786,1301.872,0
$OBS,82.980,2288,398500.000,G19,1C,39.2,27127789.421,-189375.407,2222.312,0
$OBS,82.980,2288,398500.000,G13,1C,38.9,28620138.900,-171404.787,2002.800,0
$LOG,82.980,PNTPOS ERROR,gdop error nv=4 gdop=53.7
$CH,83.000,L1CA,30,82992,40.7,0.934936509,1302.630,113601.539,12,0
$CH,83.000,L1CA,7,82991,42.1,0.382501390,-265.431,-16844.334,12,0
$CH,83.000,L1CA,19,82991,39.2,0.488534580,2223.000,189417.642,12,0
$CH,83.000,L1CA,13,82991,38.9,0.466481217,2002.210,171442.827,12,0
$TIME,84.000,2024,7,15,6,38,46.489000,UTC
$CH,84.000,L1CA,13,83991,38.1,0.465149875,2001.255,173444.394,12,0
$CH,84.000,L1CA,19,83991,39.3,0.487079824,2225.104,191639.677,12,0
$CH,84.000,L1CA,30,83992,39.6,0.934050182,1302.010,114903.646,12,0
$CH,84.000,L1CA,7,83991,42.3,0.382707560,-265.815,-17109.539,12,0
$OBS,83.980,2288,398501.000,G30,1C,39.6,26961556.396,-114878.910,1301.060,0
$OBS,83.980,2288,398501.000,G07,1C,42.3,28295225.199,17104.494,-264.887,0
$OBS,83.980,2288,398501.000,G13,1C,38.1,28619739.604,-173406.369,2002.692,0
$OBS,83.980,2288,398501.000,G19,1C,39.3,27127351.926,-191597.467,2221.958,0
$LOG,83.980,PNTPOS ERROR,gdop error nv=4 gdop=53.3
$TIME,85.000,2024,7,15,6,38,46.659000,UTC
$OBS,84.980,2288,398502.000,G13,1C,38.2,28619343.659,-175406.809,1999.260,0
$OBS,84.980,2288,398502.000,G19,1C,39.4,27126909.424,-193818.453,2219.977,0
$OBS,84.980,2288,398502.000,G30,1C,40.2,26961293.421,-116179.829,1301.564,0
$OBS,84.980,2288,398502.000,G07,1C,42.3,28295223.995,17370.784,-267.337,0
$LOG,84.980,PNTPOS ERROR,gdop error nv=4 gdop=53.0
$CH,85.000,L1CA,13,84991,38.2,0.463832143,1999.944,175444.805,12,0
$CH,85.000,L1CA,19,84991,39.4,0.485605529,2221.255,193860.643,12,0
$CH,85.000,L1CA,7,84991,42.3,0.382710283,-267.560,-17375.858,12,0
$CH,85.000,L1CA,30,84992,40.2,0.933172110,1301.786,116204.531,12,0
$LOG,85.231,L1CA,19,FRAME SYNC (N)
$LOG,85.236,L1CA,13,FRAME SYNC (N)
$LNAV,85.071,L1CA,19,8B03C081B8AB000D9A2DE5CB9062210C2704C9D814070BA10D5065626F1D
$LNAV,85.076,L1CA,13,8B03C081B8AB14FEF43187682D61BFFF0C03EF570B10E1A10D3FC0627068
$LOG,85.230,L1CA,30,FRAME SYNC (N)
$LOG,85.235,L1CA,7,FRAME SYNC (N)
$LNAV,85.075,L1CA,7,8B03C081B8AB13FF013A29025D1CAFFF5D090739B90D0EA10D8A7562707E
$LNAV,85.070,L1CA,30,8B03C081B8AB53FEA93CACFEC49A99FEBC035F3A3F0C8BA10DD06F62707E
$TIME,86.000,2024,7,15,6,38,46.839000,UTC
$OBS,85.980,2288,398503.000,G13,1C,39.0,28618951.674,-177405.933,1999.417,0
$OBS,85.980,2288,398503.000,G19,1C,39.3,27126476.746,-196038.224,2219.414,0
$OBS,85.980,2288,398503.000,G07,1C,42.1,28295244.412,17638.347,-269.143,0
$OBS,85.980,2288,398503.000,G30,1C,41.3,26961028.998,-117479.375,1299.414,0
$LOG,85.980,PNTPOS ERROR,gdop error nv=4 gdop=52.6
$CH,86.000,L1CA,19,85991,39.3,0.484160249,2219.956,196080.387,13,0
$CH,86.000,L1CA,13,85991,39.0,0.462526124,1999.577,177443.904,13,0
$CH,86.000,L1CA,30,85992,41.3,0.932289465,1299.331,117504.059,13,0
$CH,86.000,L1CA,7,85991,42.1,0.382777629,-267.306,-17643.449,13,0
$TIME,87.000,2024,7,15,6,38,47.019000,UTC
$OBS,86.980,2288,398504.000,G13,1C,38.6,28618560.022,-179403.757,1997.060,0
$OBS,86.980,2288,398504.000,G19,1C,39.3,27126034.941,-198256.769,2216.670,0
$OBS,86.980,2288,398504.000,G30,1C,41.9,26960766.477,-118777.541,1299.225,0
$OBS,86.980,2288,398504.000,G07,1C,42.2,28295322.746,17907.193,-268.803,0
$LOG,86.980,PNTPOS ERROR,gdop error nv=4 gdop=52.2
$CH,87.000,L1CA,13,86991,38.6,0.461214185,1998.119,179441.703,13,0
$CH,87.000,L1CA,19,86991,39.3,0.482687307,2217.516,198298.916,13,0
$CH,87.000,L1CA,30,86992,41.9,0.931422152,1298.336,118802.191,13,0
$CH,87.000,L1CA,7,86991,42.2,0.383046383,-269.279,-17912.311,13,0
$TIME,88.000,2024,7,15,6,38,47.189000,UTC
$OBS,87.980,2288,398505.000,G07,1C,42.3,28295349.095,18177.341,-272.063,0
$OBS,87.980,2288,398505.000,G30,1C,41.4,26960508.178,-120074.303,1295.286,0
$OBS,87.980,2288,398505.000,G13,1C,38.5,28618165.280,-181400.188,1995.069,0
$OBS,87.980,2288,398505.000,G19,1C,39.3,27125599.680,-200474.028,2217.958,0
$LOG,87.980,PNTPOS ERROR,gdop error nv=4 gdop=51.9
$CH,88.000,L1CA,30,87992,41.4,0.930561956,1295.344,120098.924,13,0
$CH,88.000,L1CA,7,87991,42.3,0.383129422,-269.466,-18182.485,13,0
$CH,88.000,L1CA,13,87991,38.5,0.459897008,1993.275,181438.120,13,0
$CH,88.000,L1CA,19,87991,39.3,0.481232741,2215.600,200516.142,13,0
$TIME,89.000,2024,7,15,6,38,47.379000,UTC
$OBS,88.980,2288,398506.000,G30,1C,41.0,26960246.059,-121369.601,1293.212,0
$OBS,88.980,2288,398506.000,G07,1C,42.1,28295350.474,18448.821,-272.177,0
$OBS,88.980,2288,398506.000,G13,1C,38.0,28617773.261,-183395.301,1994.337,0
$OBS,88.980,2288,398506.000,G19,1C,39.3,27125158.434,-202690.025,2215.096,0
$LOG,88.980,PNTPOS ERROR,gdop error nv=4 gdop=51.5
$CH,89.000,L1CA,30,88992,41.0,0.929684943,1295.381,121394.198,13,0
$CH,89.000,L1CA,7,88991,42.1,0.383129320,-272.748,-18453.991,13,0
$CH,89.000,L1CA,19,88991,39.3,0.479765700,2214.689,202732.117,13,0
$CH,89.000,L1CA,13,88991,38.0,0.458590083,1997.678,183433.207,13,0
$TIME,90.000,2024,7,15,6,38,47.549000,UTC
$OBS,89.980,2288,398507.000,G30,1C,41.0,26959984.323,-122663.605,1293.430,0
$OBS,89.980,2288,398507.000,G07,1C,42.3,28295406.210,18721.488,-274.416,0
$OBS,89.980,2288,398507.000,G13,1C,37.5,28617369.638,-185389.121,1991.747,0
$OBS,89.980,2288,398507.000,G19,1C,39.4,27124725.494,-204904.889,2215.953,0
$LOG,89.980,PNTPOS ERROR,gdop error nv=4 gdop=51.2
$CH,90.000,L1CA,30,89992,41.0,0.928813823,1293.946,122688.186,13,0
$CH,90.000,L1CA,7,89991,42.3,0.383320163,-274.183,-18726.680,13,0
$CH,90.000,L1CA,13,89991,37.5,0.457249376,1994.191,185426.995,13,0
$CH,90.000,L1CA,19,89991,39.4,0.478317149,2213.126,204946.960,13,0
$TIME,91.000,2024,7,15,6,38,47.720000,UTC
$OBS,90.980,2288,398508.000,G19,1C,39.6,27124284.859,-207118.608,2213.896,0
$OBS,90.980,2288,398508.000,G13,1C,37.4,28616976.903,-187381.738,1992.220,0
$OBS,90.980,2288,398508.000,G30,1C,41.1,26959725.432,-123956.342,1292.497,0
$OBS,90.980,2288,398508.000,G07,1C,42.1,28295474.475,18995.335,-275.236,0
$LOG,90.980,PNTPOS ERROR,gdop error nv=4 gdop=50.9
$CH,91.000,L1CA,13,90991,37.4,0.455934783,1994.356,187419.586,13,0
$CH,91.000,L1CA,19,90991,39.6,0.476850315,2212.237,207160.657,13,0
$CH,91.000,L1CA,30,90992,41.1,0.927946297,1291.793,123980.896,13,0
$CH,91.000,L1CA,7,90991,42.1,0.383540100,-273.955,-19000.551,13,0
$LOG,91.231,L1CA,19,FRAME SYNC (N)
$LNAV,91.071,L1CA,19,8B03C081B92EFFBABAD7BD79FFF8278D173C286163B10279FFA738000B1B
$LOG,91.236,L1CA,13,FRAME SYNC (N)
$LNAV,91.076,L1CA,13,8B03C081B92EFFEA3C3624B6FFD02785F8C41CAE26E0CE24FFAC3314199A
$LOG,91.230,L1CA,30,FRAME SYNC (N)
$LNAV,91.070,L1CA,30,8B03C081B92EFFE36167F0520015261BA4231F0997EAD199FFA32953EFE9
$LOG,91.235,L1CA,7,FRAME SYNC (N)
$LNAV,91.075,L1CA,7,8B03C081B92EFFCD61434D2C004E26B6B0C41FD2A7B86F37FFA23C13F068
$TIME,92.000,2024,7,15,6,38,47.910000,UTC
$OBS,91.980,2288,398509.000,G13,1C,38.1,28616577.345,-189373.073,1991.591,0
$OBS,91.980,2288,398509.000,G19,1C,39.6,27123850.279,-209331.199,2213.087,0
$OBS,91.980,2288,398509.000,G30,1C,41.5,26959461.357,-125247.796,1291.716,0
$OBS,91.980,2288,398509.000,G07,1C,41.9,28295474.946,19270.368,-275.927,0
$LOG,91.980,PNTPOS ERROR,gdop error nv=4 gdop=50.5
$CH,92.000,L1CA,19,91991,39.6,0.475398881,2213.221,209373.224,14,0
$CH,92.000,L1CA,13,91991,38.1,0.454603602,1990.205,189410.900,14,0
$CH,92.000,L1CA,30,91992,41.5,0.927064653,1290.516,125272.321,14,0
$CH,92.000,L1CA,7,91991,41.9,0.383541938,-276.060,-19275.607,14,0
$TIME,93.000,2024,7,15,6,38,48.090000,UTC
$OBS,92.980,2288,398510.000,G13,1C,38.5,28616183.477,-191363.021,1988.835,0
$OBS,92.980,2288,398510.000,G19,1C,39.7,27123411.458,-211542.500,2209.561,0
$OBS,92.980,2288,398510.000,G07,1C,41.9,28295496.323,19546.711,-277.782,0
$OBS,92.980,2288,398510.000,G30,1C,41.6,26959198.854,-126537.831,1289.286,0
$LOG,92.980,PNTPOS ERROR,gdop error nv=4 gdop=50.2
$CH,93.000,L1CA,19,92991,39.7,0.473938606,2210.229,211584.496,14,0
$CH,93.000,L1CA,13,92991,38.5,0.453290557,1991.134,191400.810,14,0
$CH,93.000,L1CA,30,92992,41.6,0.926189734,1290.210,126562.332,14,0
$CH,93.000,L1CA,7,92991,41.9,0.383618396,-275.718,-19551.976,14,0
$TIME,94.000,2024,7,15,6,38,48.260000,UTC
$OBS,93.980,2288,398511.000,G19,1C,39.8,27122982.078,-213752.659,2208.905,0
$OBS,93.980,2288,398511.000,G13,1C,37.9,28615792.103,-193351.740,1987.689,0
$OBS,93.980,2288,398511.000,G30,1C,42.0,26958935.949,-127826.585,1289.448,0
$OBS,93.980,2288,398511.000,G07,1C,42.2,28295580.311,19824.265,-279.034,0
$LOG,93.980,PNTPOS ERROR,gdop error nv=4 gdop=49.9
$CH,94.000,L1CA,13,93991,37.9,0.451983244,1987.833,193389.505,14,0
$CH,94.000,L1CA,19,93991,39.8,0.472502845,2210.413,213794.645,14,0
$CH,94.000,L1CA,7,93991,42.2,0.383903779,-279.533,-19829.550,14,0
$CH,94.000,L1CA,30,93992,42.0,0.925311142,1287.271,127851.059,14,0
$TIME,95.000,2024,7,15,6,38,48.440000,UTC
$CH,95.000,L1CA,30,94992,41.6,0.924443001,1287.021,129138.427,14,0
$CH,95.000,L1CA,7,94991,42.2,0.383962063,-278.446,-20108.351,14,0
$CH,95.000,L1CA,19,94991,39.5,0.471025114,2209.002,216003.596,14,0
$CH,95.000,L1CA,13,94991,37.5,0.450669891,1986.442,195376.965,14,0
$OBS,94.980,2288,398512.000,G13,1C,37.5,28615398.932,-195339.211,1986.665,0
$OBS,94.980,2288,398512.000,G19,1C,39.5,27122538.703,-215961.635,2209.990,0
$OBS,94.980,2288,398512.000,G07,1C,42.2,28295599.681,20103.047,-279.751,0
$OBS,94.980,2288,398512.000,G30,1C,41.6,26958674.946,-129113.975,1286.743,0
$LOG,94.980,PNTPOS ERROR,gdop error nv=4 gdop=49.5
$TIME,96.000,2024,7,15,6,38,48.610000,UTC
$OBS,95.980,2288,398513.000,G30,1C,40.9,26958409.860,-130399.933,1285.821,0
$OBS,95.980,2288,398513.000,G07,1C,41.9,28295611.843,20383.127,-280.984,0
$OBS,95.980,2288,398513.000,G19,1C,39.4,27122106.618,-218169.343,2205.750,0
$OBS,95.980,2288,398513.000,G13,1C,38.0,28615000.212,-197325.315,1983.967,0
$LOG,95.980,PNTPOS ERROR,gdop error nv=4 gdop=49.2
$CH,96.000,L1CA,30,95992,40.9,0.923555489,1287.163,130424.360,14,0
$CH,96.000,L1CA,7,95991,41.9,0.384004952,-281.415,-20388.457,14,0
$CH,96.000,L1CA,13,95991,38.0,0.449344557,1984.796,197363.027,14,0
$CH,96.000,L1CA,19,95991,39.4,0.469581064,2205.188,218211.272,14,0
$TIME,97.000,2024,7,15,6,38,48.790000,UTC
$OBS,96.980,2288,398514.000,G13,1C,38.2,28614610.549,-199310.250,1983.827,0
$OBS,96.980,2288,398514.000,G19,1C,39.5,27121666.017,-220375.990,2205.230,0
$OBS,96.980,2288,398514.000,G07,1C,41.9,28295669.098,20664.312,-281.994,0
$OBS,96.980,2288,398514.000,G30,1C,40.5,26958145.593,-131684.658,1283.791,0
$LOG,96.980,PNTPOS ERROR,gdop error nv=4 gdop=48.9
$CH,97.000,L1CA,13,96991,38.2,0.448048939,1983.171,199347.946,14,0
$CH,97.000,L1CA,19,96991,39.5,0.468110107,2205.064,220417.910,14,0
$CH,97.000,L1CA,30,96992,40.5,0.922682796,1282.786,131709.054,14,0
$CH,97.000,L1CA,7,96991,41.9,0.384196555,-281.851,-20669.665,14,0
$LOG,97.236,L1CA,13,FRAME SYNC (N)
$LNAV,97.076,L1CA,13,8B03C081B9B35F56F09007ABFD4F00A10CB7620B77197D3E34DCDCE2000E
$LOG,97.231,L1CA,19,FRAME SYNC (N)
$LNAV,97.071,L1CA,19,8B03C081B9B35F56F09007ABFD4F00A10CB7620B77197D3E34DCDCE2000E
$LOG,97.235,L1CA,7,FRAME SYNC (N)
$LNAV,97.075,L1CA,7,8B03C081B9B35F56F09007ABFD4F00A10CB7620B77197D3E34DCDCE2000E
$LOG,97.230,L1CA,30,FRAME SYNC (N)
$LNAV,97.070,L1CA,30,8B03C081B9B35F56F09007ABFD4F00A10CB7620B77197D3E34DCDCE2000E
$TIME,98.000,2024,7,15,6,38,48.970000,UTC
$OBS,97.980,2288,398515.000,G30,1C,40.5,26957890.367,-132968.123,1283.919,0
$OBS,97.980,2288,398515.000,G07,1C,42.2,28295723.211,20946.680,-283.233,0
$OBS,97.980,2288,398515.000,G13,1C,38.9,28614215.877,-201294.030,1983.889,0
$OBS,97.980,2288,398515.000,G19,1C,39.5,27121233.566,-222581.522,2204.824,0
$LOG,97.980,PNTPOS ERROR,gdop error nv=4 gdop=48.6
$CH,98.000,L1CA,7,97991,42.2,0.384376062,-283.057,-20952.061,15,0
$CH,98.000,L1CA,30,97992,40.5,0.921832589,1283.329,132992.491,15,0
$CH,98.000,L1CA,19,97991,39.5,0.466672069,2206.220,222623.414,15,0
$CH,98.000,L1CA,13,97991,38.9,0.446726950,1984.892,201331.707,15,0
$TIME,99.000,2024,7,15,6,38,49.140000,UTC
$OBS,98.980,2288,398516.000,G13,1C,39.0,28613825.760,-203276.470,1981.579,0
$OBS,98.980,2288,398516.000,G19,1C,39.8,27120795.409,-224785.786,2204.604,0
$OBS,98.980,2288,398516.000,G30,1C,40.9,26957636.728,-134250.152,1281.633,0
$OBS,98.980,2288,398516.000,G07,1C,42.1,28295726.404,21230.346,-283.140,0
$LOG,98.980,PNTPOS ERROR,gdop error nv=4 gdop=48.3
$CH,99.000,L1CA,19,98991,39.8,0.465203931,2201.595,224827.661,15,0
$CH,99.000,L1CA,13,98991,39.0,0.445424236,1982.546,203314.123,15,0
$CH,99.000,L1CA,7,98991,42.1,0.384382534,-283.149,-21235.739,15,0
$CH,99.000,L1CA,30,98992,40.9,0.920983400,1282.728,134274.497,15,0
$TIME,100.000,2024,7,15,6,38,49.320000,UTC
$OBS,99.980,2288,398517.000,G13,1C,38.9,28613435.050,-205257.703,1981.348,0
$OBS,99.980,2288,398517.000,G19,1C,39.8,27120361.509,-226988.997,2202.873,0
$OBS,99.980,2288,398517.000,G30,1C,40.7,26957380.000,-135530.999,1279.617,0
$OBS,99.980,2288,398517.000,G07,1C,42.1,28295775.457,21515.117,-285.373,0
$LOG,99.980,PNTPOS ERROR,gdop error nv=4 gdop=48.0
$CH,100.000,L1CA,19,99991,39.8,0.463762190,2201.212,227030.847,15,0
$CH,100.000,L1CA,13,99991,38.9,0.444119115,1982.484,205295.329,15,0
$CH,100.000,L1CA,7,99991,42.1,0.384553837,-285.720,-21520.534,15,0
$CH,100.000,L1CA,30,99992,40.7,0.920126149,1280.113,135555.323,15,0
$TIME,101.000,2024,7,15,6,38,49.500000,UTC
$OBS,100.980,2288,398518.000,G13,1C,38.4,28613037.883,-207237.813,1977.538,0
$OBS,100.980,2288,398518.000,G19,1C,39.8,27119925.393,-229191.153,2202.348,0
$OBS,100.980,2288,398518.000,G30,1C,41.5,26957121.109,-136810.652,1279.761,0
$OBS,100.980,2288,398518.000,G07,1C,42.4,28295849.288,21801.000,-285.574,0
$LOG,100.980,PNTPOS ERROR,gdop error nv=4 gdop=47.7
$CH,101.000,L1CA,19,100991,39.8,0.462302991,2203.075,229232.981,15,0
$CH,101.000,L1CA,13,100991,38.4,0.442793813,1980.167,207275.418,15,0
$CH,101.000,L1CA,7,100991,42.4,0.384792580,-286.910,-21806.440,15,0
$CH,101.000,L1CA,30,100992,41.5,0.919263344,1279.997,136834.956,15,0
$TIME,102.000,2024,7,15,6,38,49.670000,UTC
$OBS,101.980,2288,398519.000,G07,1C,42.3,28295849.236,22088.158,-287.091,0
$OBS,101.980,2288,398519.000,G30,1C,42.0,26956861.327,-138088.972,1278.915,0
$OBS,101.980,2288,398519.000,G19,1C,39.5,27119491.842,-231392.077,2201.139,0
$OBS,101.980,2288,398519.000,G13,1C,38.6,28612633.736,-209216.647,1978.694,0
$LOG,101.980,PNTPOS ERROR,gdop error nv=4 gdop=47.4
$CH,102.000,L1CA,30,101992,42.0,0.918399966,1278.405,138113.249,15,0
$CH,102.000,L1CA,7,101991,42.3,0.384795038,-287.747,-22093.624,15,0
$CH,102.000,L1CA,13,101991,38.6,0.441446827,1978.465,209254.234,15,0
$CH,102.000,L1CA,19,101991,39.5,0.460861221,2200.865,231433.890,15,0
$TIME,103.000,2024,7,15,6,38,49.840000,UTC
$OBS,102.980,2288,398520.000,G19,1C,39.5,27119059.548,-233591.912,2200.427,0
$OBS,102.980,2288,398520.000,G13,1C,39.6,28612246.358,-211194.308,1978.715,0
$OBS,102.980,2288,398520.000,G07,1C,42.1,28295888.639,22376.427,-288.737,0
$OBS,102.980,2288,398520.000,G30,1C,41.8,26956604.059,-139366.045,1277.291,0
$LOG,102.980,PNTPOS ERROR,gdop error nv=4 gdop=47.1
$CH,103.000,L1CA,19,102991,39.5,0.459416612,2200.557,233633.708,15,0
$CH,103.000,L1CA,13,102991,39.6,0.440158328,1973.933,211231.871,15,0
$CH,103.000,L1CA,30,102992,41.8,0.917536920,1276.879,139390.293,15,0
$CH,103.000,L1CA,7,102991,42.1,0.384927967,-288.821,-22381.909,15,0
$LOG,103.231,L1CA,19,FRAME SYNC (N)
$LOG,103.236,L1CA,13,FRAME SYNC (N)
$LNAV,103.076,L1CA,13,8B03C081BA37491858900959FD5900A10DCA35824150F1EFDF8B89000064
$LNAV,103.071,L1CA,19,8B03C081BA37491858900959FD5900A10DCA35824150F1EFDF8B89000064
$LOG,103.230,L1CA,30,FRAME SYNC (N)
$LNAV,103.070,L1CA,30,8B03C081BA37491858900959FD5900A10DCA35824150F1EFDF8B89000064
$LOG,103.235,L1CA,7,FRAME SYNC (N)
$LNAV,103.075,L1CA,7,8B03C081BA37491858900959FD5900A10DCA35824150F1EFDF8B89000064
$TIME,104.000,2024,7,15,6,38,50.020000,UTC
$OBS,103.980,2288,398521.000,G13,1C,39.5,28611857.917,-213170.825,1979.943,0
$OBS,103.980,2288,398521.000,G19,1C,39.5,27118627.306,-235790.689,2199.110,0
$OBS,103.980,2288,398521.000,G30,1C,41.5,26956344.748,-140641.938,1275.823,0
$OBS,103.980,2288,398521.000,G07,1C,42.2,28295974.250,22665.823,-292.243,0
$LOG,103.980,PNTPOS ERROR,gdop error nv=4 gdop=46.8
$CH,104.000,L1CA,19,103991,39.5,0.457976682,2197.984,235832.457,16,0
$CH,104.000,L1CA,13,103991,39.5,0.438861350,1978.897,213208.369,16,0
$CH,104.000,L1CA,30,103992,41.5,0.916670163,1275.957,140666.163,16,0
$CH,104.000,L1CA,7,103991,42.2,0.385208682,-289.251,-22671.336,16,0
$TIME,105.000,2024,7,15,6,38,50.200000,UTC
$CH,105.000,L1CA,7,104991,42.2,0.385213273,-290.204,-22961.929,16,0
$CH,105.000,L1CA,30,104992,41.3,0.915815653,1273.313,141940.723,16,0
$CH,105.000,L1CA,13,104991,38.4,0.437561931,1975.496,215183.608,16,0
$CH,105.000,L1CA,19,104991,39.7,0.456530631,2198.476,238030.055,16,0
$OBS,104.980,2288,398522.000,G19,1C,39.7,27118194.803,-237988.307,2197.583,0
$OBS,104.980,2288,398522.000,G13,1C,38.4,28611469.108,-215146.073,1977.607,0
$OBS,104.980,2288,398522.000,G07,1C,42.2,28295974.424,22956.396,-291.157,0
$OBS,104.980,2288,398522.000,G30,1C,41.3,26956088.422,-141916.520,1274.194,0
$LOG,104.980,PNTPOS ERROR,gdop error nv=4 gdop=46.6
$TIME,106.000,2024,7,15,6,38,50.380000,UTC
$CH,106.000,L1CA,7,105991,42.0,0.385285958,-292.665,-23253.673,16,0
$CH,106.000,L1CA,30,105992,41.0,0.914948702,1272.194,143214.007,16,0
$CH,106.000,L1CA,19,105991,39.7,0.455080653,2195.486,240226.550,16,0
$CH,106.000,L1CA,13,105991,37.6,0.436243825,1973.953,217157.551,16,0
$OBS,105.980,2288,398523.000,G13,1C,37.6,28611073.634,-217120.055,1975.213,0
$OBS,105.980,2288,398523.000,G19,1C,39.7,27117758.373,-240184.823,2197.085,0
$OBS,105.980,2288,398523.000,G07,1C,42.0,28295995.923,23248.123,-292.614,0
$OBS,105.980,2288,398523.000,G30,1C,41.0,26955829.496,-143189.828,1271.490,0
$LOG,105.980,PNTPOS ERROR,gdop error nv=4 gdop=46.3
$TIME,107.000,2024,7,15,6,38,50.550000,UTC
$OBS,106.980,2288,398524.000,G30,1C,40.9,26955565.980,-144461.931,1272.030,0
$OBS,106.980,2288,398524.000,G07,1C,42.2,28296085.809,23540.928,-292.197,0
$OBS,106.980,2288,398524.000,G13,1C,37.6,28610680.655,-219092.915,1972.416,0
$OBS,106.980,2288,398524.000,G19,1C,39.6,27117325.537,-242380.324,2194.295,0
$LOG,106.980,PNTPOS ERROR,gdop error nv=4 gdop=46.0
$CH,107.000,L1CA,30,106992,40.9,0.914069430,1271.066,144486.095,16,0
$CH,107.000,L1CA,7,106991,42.2,0.385589004,-292.940,-23546.502,16,0
$CH,107.000,L1CA,19,106991,39.6,0.453633501,2195.816,242422.026,16,0
$CH,107.000,L1CA,13,106991,37.6,0.434931348,1970.623,219130.381,16,0
$TIME,108.000,2024,7,15,6,38,50.720000,UTC
$OBS,107.980,2288,398525.000,G19,1C,39.6,27116891.655,-244574.747,2193.832,0
$OBS,107.980,2288,398525.000,G13,1C,37.6,28610290.049,-221064.552,1969.728,0
$OBS,107.980,2288,398525.000,G30,1C,40.7,26955307.001,-145732.735,1269.473,0
$OBS,107.980,2288,398525.000,G07,1C,42.0,28296098.390,23834.853,-293.609,0
$LOG,107.980,PNTPOS ERROR,gdop error nv=4 gdop=45.7
$CH,108.000,L1CA,13,107991,37.6,0.433626530,1971.485,221102.005,16,0
$CH,108.000,L1CA,19,107991,39.6,0.452186238,2191.911,244616.435,16,0
$CH,108.000,L1CA,30,107992,40.7,0.913206555,1269.938,145756.871,16,0
$CH,108.000,L1CA,7,107991,42.0,0.385627014,-293.484,-23840.450,16,0
$TIME,109.000,2024,7,15,6,38,50.901000,UTC
$OBS,108.980,2288,398526.000,G13,1C,38.2,28609895.046,-223035.160,1969.178,0
$OBS,108.980,2288,398526.000,G19,1C,39.5,27116459.012,-246768.142,2192.019,0
$OBS,108.980,2288,398526.000,G30,1C,40.2,26955047.255,-147002.392,1268.099,0
$OBS,108.980,2288,398526.000,G07,1C,41.9,28296126.171,24129.856,-295.086,0
$LOG,108.980,PNTPOS ERROR,gdop error nv=4 gdop=45.5
$CH,109.000,L1CA,19,108991,39.5,0.450741249,2192.547,246809.810,16,0
$CH,109.000,L1CA,13,108991,38.2,0.432310750,1969.385,223072.593,16,0
$CH,109.000,L1CA,30,108992,40.2,0.912339501,1270.278,147026.497,16,0
$CH,109.000,L1CA,7,108991,41.9,0.385719331,-295.313,-24135.469,16,0
$LOG,109.236,L1CA,13,FRAME SYNC (N)
$LNAV,109.076,L1CA,13,8B03C081BAA43C100046854AD477AF0801D8CB9AE71462700000244E1C07
$LOG,109.231,L1CA,19,FRAME SYNC (N)
$LNAV,109.071,L1CA,19,8B03C081BAA43C100046854AD477AF0801D8CB9ADF00626F00002E346555
$LOG,109.230,L1CA,30,FRAME SYNC (N)
$LNAV,109.070,L1CA,30,8B03C081BAA43C100046854AD477AF0801D8CB9A08536270000023C2B5D9
$LOG,109.235,L1CA,7,FRAME SYNC (N)
$LNAV,109.075,L1CA,7,8B03C081BAA43C100046854AD477AF0801D8CB9AE813627000FFA9018EFA
$TIME,110.000,2024,7,15,6,38,51.081000,UTC
$CH,110.000,L1CA,7,109991,41.7,0.386010322,-296.879,-24431.726,17,0
$CH,110.000,L1CA,30,109992,40.0,0.911471723,1268.566,148294.713,17,0
$CH,110.000,L1CA,19,109991,39.6,0.449288805,2191.517,249001.979,17,0
$CH,110.000,L1CA,13,109991,39.0,0.431025160,1970.818,225041.956,17,0
$OBS,109.980,2288,398527.000,G13,1C,39.0,28609508.611,-225004.565,1965.155,0
$OBS,109.980,2288,398527.000,G19,1C,39.6,27116022.757,-248960.343,2194.019,0
$OBS,109.980,2288,398527.000,G07,1C,41.7,28296212.044,24426.077,-297.848,0
$OBS,109.980,2288,398527.000,G30,1C,40.0,26954787.334,-148270.636,1267.801,0
$LOG,109.980,PNTPOS ERROR,gdop error nv=4 gdop=45.2
$TIME,111.000,2024,7,15,6,38,51.251000,UTC
$OBS,110.980,2288,398528.000,G30,1C,40.7,26954528.006,-149537.076,1267.121,0
$OBS,110.980,2288,398528.000,G07,1C,42.0,28296223.282,24724.082,-298.582,0
$OBS,110.980,2288,398528.000,G13,1C,37.6,28609126.469,-226972.006,1965.966,0
$OBS,110.980,2288,398528.000,G19,1C,39.7,27115590.166,-251150.824,2189.679,0
$LOG,110.980,PNTPOS ERROR,gdop error nv=4 gdop=44.9
$CH,111.000,L1CA,7,110991,42.0,0.386042940,-297.715,-24729.744,17,0
$CH,111.000,L1CA,30,110992,40.7,0.910613332,1267.080,149561.134,17,0
$CH,111.000,L1CA,13,110991,37.6,0.429748605,1966.718,227009.386,17,0
$CH,111.000,L1CA,19,110991,39.7,0.447847001,2190.511,251192.450,17,0
$TIME,112.000,2024,7,15,6,38,51.431000,UTC
$OBS,111.980,2288,398529.000,G07,1C,41.8,28296238.184,25022.819,-300.213,0
$OBS,111.980,2288,398529.000,G30,1C,42.0,26954276.025,-150802.722,1265.282,0
$OBS,111.980,2288,398529.000,G13,1C,36.7,28608736.456,-228938.742,1966.239,0
$OBS,111.980,2288,398529.000,G19,1C,39.8,27115161.606,-253340.623,2188.040,0
$LOG,111.980,PNTPOS ERROR,gdop error nv=4 gdop=44.7
$CH,112.000,L1CA,30,111992,42.0,0.909777860,1265.266,150826.757,17,0
$CH,112.000,L1CA,7,111991,41.8,0.386093244,-299.146,-25028.505,17,0
$CH,112.000,L1CA,19,111991,39.8,0.446419558,2189.104,253382.219,17,0
$CH,112.000,L1CA,13,111991,36.7,0.428451616,1965.948,228976.092,17,0
$TIME,113.000,2024,7,15,6,38,51.601000,UTC
$OBS,112.980,2288,398530.000,G13,1C,37.3,28608345.641,-230904.528,1964.735,0
$OBS,112.980,2288,398530.000,G19,1C,39.8,27114732.435,-255529.562,2188.820,0
$OBS,112.980,2288,398530.000,G30,1C,42.4,26954024.428,-152067.344,1263.559,0
$OBS,112.980,2288,398530.000,G07,1C,41.8,28296315.366,25322.454,-298.997,0
$LOG,112.980,PNTPOS ERROR,gdop error nv=4 gdop=44.4
$CH,113.000,L1CA,19,112991,39.8,0.444982363,2190.293,255571.141,17,0
$CH,113.000,L1CA,13,112991,37.3,0.427144839,1964.719,230941.865,17,0
$CH,113.000,L1CA,7,112991,41.8,0.386354330,-300.137,-25328.159,17,0
$CH,113.000,L1CA,30,112992,42.4,0.908938750,1261.999,152091.360,17,0
$TIME,114.000,2024,7,15,6,38,51.781000,UTC
$OBS,113.980,2288,398531.000,G13,1C,39.1,28607956.153,-232869.274,1966.302,0
$OBS,113.980,2288,398531.000,G19,1C,39.6,27114292.882,-257717.490,2186.427,0
$OBS,113.980,2288,398531.000,G30,1C,41.7,26953769.201,-153330.772,1261.974,0
$OBS,113.980,2288,398531.000,G07,1C,41.5,28296348.958,25623.178,-300.281,0
$LOG,113.980,PNTPOS ERROR,gdop error nv=4 gdop=44.2
$CH,114.000,L1CA,19,113991,39.6,0.443518406,2185.238,257759.053,17,0
$CH,114.000,L1CA,13,113991,39.1,0.425845759,1964.402,232906.594,17,0
$CH,114.000,L1CA,30,113992,41.7,0.908083959,1262.981,153354.761,17,0
$CH,114.000,L1CA,7,113991,41.5,0.386459013,-301.986,-25628.901,17,0
$TIME,115.000,2024,7,15,6,38,51.961000,UTC
$OBS,114.980,2288,398532.000,G13,1C,39.8,28607569.735,-234832.984,1964.473,0
$OBS,114.980,2288,398532.000,G19,1C,39.7,27113868.928,-259904.404,2186.641,0
$OBS,114.980,2288,398532.000,G07,1C,41.4,28296364.419,25924.938,-303.417,0
$OBS,114.980,2288,398532.000,G30,1C,41.4,26953512.107,-154593.094,1261.644,0
$LOG,114.980,PNTPOS ERROR,gdop error nv=4 gdop=43.9
$CH,115.000,L1CA,19,114991,39.7,0.442104020,2185.207,259945.942,17,0
$CH,115.000,L1CA,13,114991,39.8,0.424557748,1962.886,234870.272,17,0
$CH,115.000,L1CA,7,114991,41.4,0.386515150,-302.634,-25930.678,17,0
$CH,115.000,L1CA,30,114992,41.4,0.907225484,1262.318,154617.066,17,0
$LOG,115.230,L1CA,30,FRAME SYNC (N)
$LOG,115.235,L1CA,7,FRAME SYNC (N)
$LNAV,115.070,L1CA,30,8B03C081BB2A53FEA93CACFEC49A99FEBC035F3A3F0C8BA10DD06F62707E
$LNAV,115.075,L1CA,7,8B03C081BB2A13FF013A29025D1CAFFF5D090739B90D0EA10D8A7562707E
$LOG,115.231,L1CA,19,FRAME SYNC (N)
$LNAV,115.071,L1CA,19,8B03C081BB2A000D9A2DE5CB9062210C2704C9D814070BA10D5065626F1D
$LOG,115.236,L1CA,13,FRAME SYNC (N)
$LNAV,115.076,L1CA,13,8B03C081BB2A14FEF43187682D61BFFF0C03EF570B10E1A10D3FC0627068
$TIME,116.000,2024,7,15,6,38,52.141000,UTC
$CH,116.000,L1CA,30,115992,41.8,0.906373803,1259.936,155878.004,18,0
$CH,116.000,L1CA,7,115991,41.6,0.386776238,-302.287,-26233.685,18,0
$CH,116.000,L1CA,13,115991,37.9,0.423251483,1960.980,236832.520,18,0
$CH,116.000,L1CA,19,115991,39.5,0.440639195,2184.543,262131.680,18,0
$OBS,115.980,2288,398533.000,G13,1C,37.9,28607178.518,-236795.227,1963.645,0
$OBS,115.980,2288,398533.000,G19,1C,39.5,27113430.666,-262090.161,2185.357,0
$OBS,115.980,2288,398533.000,G07,1C,41.6,28296441.270,26227.915,-305.131,0
$OBS,115.980,2288,398533.000,G30,1C,41.8,26953256.845,-155854.056,1259.631,0
$LOG,115.980,PNTPOS ERROR,gdop error nv=4 gdop=43.7
$TIME,117.000,2024,7,15,6,38,52.311000,UTC
$OBS,116.980,2288,398534.000,G30,1C,42.2,26953004.323,-157113.878,1259.659,0
$OBS,116.980,2288,398534.000,G07,1C,41.8,28296473.727,26531.923,-304.265,0
$OBS,116.980,2288,398534.000,G13,1C,36.8,28606786.953,-238756.526,1960.659,0
$OBS,116.980,2288,398534.000,G19,1C,39.3,27113003.258,-264274.907,2183.084,0
$LOG,116.980,PNTPOS ERROR,gdop error nv=4 gdop=43.4
$CH,117.000,L1CA,7,116991,41.8,0.386877299,-304.235,-26537.706,18,0
$CH,117.000,L1CA,30,116992,42.2,0.905533302,1258.157,157137.809,18,0
$CH,117.000,L1CA,19,116991,39.3,0.439213785,2184.578,264316.412,18,0
$CH,117.000,L1CA,13,116991,36.8,0.421940779,1960.623,238793.781,18,0
$TIME,118.000,2024,7,15,6,38,52.491000,UTC
$OBS,117.980,2288,398535.000,G07,1C,41.5,28296492.940,26836.957,-305.368,0
$OBS,117.980,2288,398535.000,G30,1C,41.9,26952753.773,-158372.574,1257.446,0
$OBS,117.980,2288,398535.000,G13,1C,38.2,28606398.284,-240716.669,1958.247,0
$OBS,117.980,2288,398535.000,G19,1C,39.4,27112567.369,-266458.696,2184.488,0
$LOG,117.980,PNTPOS ERROR,gdop error nv=4 gdop=43.2
$CH,118.000,L1CA,30,117992,41.9,0.904696887,1258.775,158396.478,18,0
$CH,118.000,L1CA,7,117991,41.5,0.386945416,-306.875,-26842.766,18,0
$CH,118.000,L1CA,19,117991,39.4,0.437757348,2184.807,266500.182,18,0
$CH,118.000,L1CA,13,117991,38.2,0.420647342,1956.428,240753.893,18,0
$TIME,119.000,2024,7,15,6,38,52.671000,UTC
$OBS,118.980,2288,398536.000,G30,1C,41.4,26952501.966,-159630.131,1254.014,0
$OBS,118.980,2288,398536.000,G07,1C,41.5,28296569.808,27143.031,-305.937,0
$OBS,118.980,2288,398536.000,G13,1C,39.3,28606014.362,-242675.792,1957.738,0
$OBS,118.980,2288,398536.000,G19,1C,39.4,27112135.040,-268641.465,2183.408,0
$LOG,118.980,PNTPOS ERROR,gdop error nv=4 gdop=43.0
$CH,119.000,L1CA,7,118991,41.5,0.387205480,-307.381,-27148.855,18,0
$CH,119.000,L1CA,30,118992,41.4,0.903852772,1258.018,159654.009,18,0
$CH,119.000,L1CA,13,118991,39.3,0.419368340,1962.898,242713.006,18,0
$CH,119.000,L1CA,19,118991,39.4,0.436320718,2182.783,268682.932,18,0
$TIME,120.000,2024,7,15,6,38,52.841000,UTC
$OBS,119.980,2288,398537.000,G13,1C,38.8,28605631.190,-244633.850,1959.297,0
$OBS,119.980,2288,398537.000,G19,1C,39.6,27111704.962,-270823.200,2180.177,0
$OBS,119.980,2288,398537.000,G07,1C,41.5,28296598.130,27450.197,-308.324,0
$OBS,119.980,2288,398537.000,G30,1C,41.2,26952242.063,-160886.470,1257.039,0
$LOG,119.980,PNTPOS ERROR,gdop error nv=4 gdop=42.7
$CH,120.000,L1CA,19,119991,39.6,0.434882665,2180.972,270864.643,18,0
$CH,120.000,L1CA,13,119991,38.8,0.418090652,1958.660,244671.041,18,0
$CH,120.000,L1CA,30,119992,41.2,0.902988099,1256.109,160910.333,18,0
$CH,120.000,L1CA,7,119991,41.5,0.387293870,-308.061,-27456.038,18,0
$TIME,121.000,2024,7,15,6,38,53.021000,UTC
$OBS,120.980,2288,398538.000,G19,1C,39.7,27111272.249,-273003.939,2180.415,0
$OBS,120.980,2288,398538.000,G13,1C,38.1,28605246.989,-246590.708,1955.642,0
$OBS,120.980,2288,398538.000,G30,1C,41.4,26951984.497,-162141.646,1254.129,0
$OBS,120.980,2288,398538.000,G07,1C,41.1,28296621.845,27758.390,-309.983,0
$LOG,120.980,PNTPOS ERROR,gdop error nv=4 gdop=42.5
$CH,121.000,L1CA,13,120991,38.1,0.416811036,1954.862,246627.875,18,0
$CH,121.000,L1CA,19,120991,39.7,0.433444208,2180.008,273045.359,18,0
$CH,121.000,L1CA,7,120991,41.1,0.387374685,-308.986,-27764.259,18,0
$CH,121.000,L1CA,30,120992,41.4,0.902126204,1255.136,162165.480,18,0
$LOG,121.231,L1CA,19,FRAME SYNC (N)
$LNAV,121.071,L1CA,19,8B03C081BBACFFBABAD7BD79FFF8278D173C286163B10279FFA738000B1B
$LOG,121.236,L1CA,13,FRAME SYNC (N)
$LNAV,121.076,L1CA,13,8B03C081BBACFFEA3C3624B6FFD02785F8C41CAE26E0CE24FFAC3314199A
$LOG,121.230,L1CA,30,FRAME SYNC (N)
$LNAV,121.070,L1CA,30,8B03C081BBACFFE36167F0520015261BA4231F0997EAD199FFA32953EFE9
$LOG,121.235,L1CA,7,FRAME SYNC (N)
$LNAV,121.075,L1CA,7,8B03C081BBACFFCD61434D2C004E26B6B0C41FD2A7B86F37FFA23C13F068
$TIME,122.000,2024,7,15,6,38,53.201000,UTC
$OBS,121.980,2288,398539.000,G19,1C,39.6,27110845.312,-275183.709,2177.386,0
$OBS,121.980,2288,398539.000,G13,1C,37.7,28604854.743,-248546.500,1954.091,0
$OBS,121.980,2288,398539.000,G30,1C,41.1,26951733.267,-163395.631,1254.489,0
$OBS,121.980,2288,398539.000,G07,1C,40.9,28296705.239,28067.625,-309.497,0
$LOG,121.980,PNTPOS ERROR,gdop error nv=4 gdop=42.3
$CH,122.000,L1CA,7,121991,40.9,0.387655980,-310.960,-28073.506,19,0
$CH,122.000,L1CA,13,121991,37.7,0.415499447,1957.506,248583.650,19,0
$CH,122.000,L1CA,19,121991,39.6,0.432017845,2178.683,275225.118,19,0
$CH,122.000,L1CA,30,121992,41.1,0.901288545,1252.118,163419.450,19,0
$TIME,123.000,2024,7,15,6,38,53.381000,UTC
$OBS,122.980,2288,398540.000,G13,1C,38.2,28604473.159,-250501.258,1956.325,0
$OBS,122.980,2288,398540.000,G19,1C,39.5,27110408.690,-277362.493,2176.541,0
$OBS,122.980,2288,398540.000,G07,1C,40.8,28296725.516,28377.855,-309.929,0
$OBS,122.980,2288,398540.000,G30,1C,40.3,26951482.001,-164648.585,1253.865,0
$LOG,122.980,PNTPOS ERROR,gdop error nv=4 gdop=42.0
$CH,123.000,L1CA,13,122991,38.2,0.414226294,1953.331,250538.395,19,0
$CH,123.000,L1CA,19,122991,39.5,0.430568072,2178.879,277403.875,19,0
$CH,123.000,L1CA,30,122992,40.3,0.900451388,1252.052,164672.378,19,0
$CH,123.000,L1CA,7,122991,40.8,0.387715922,-311.945,-28383.754,19,0
$TIME,124.000,2024,7,15,6,38,53.551000,UTC
$OBS,123.980,2288,398541.000,G07,1C,40.5,28296755.461,28689.173,-312.241,0
$OBS,123.980,2288,398541.000,G30,1C,40.2,26951225.553,-165900.253,1251.351,0
$OBS,123.980,2288,398541.000,G19,1C,39.6,27109980.496,-279540.246,2176.615,0
$OBS,123.980,2288,398541.000,G13,1C,37.8,28604084.316,-252454.896,1954.658,0
$LOG,123.980,PNTPOS ERROR,gdop error nv=4 gdop=41.8
$CH,124.000,L1CA,30,123992,40.2,0.899595965,1249.741,165924.025,19,0
$CH,124.000,L1CA,7,123991,40.5,0.387823472,-311.277,-28695.095,19,0
$CH,124.000,L1CA,19,123991,39.6,0.429134356,2177.718,279581.623,19,0
$CH,124.000,L1CA,13,123991,37.8,0.412930937,1953.745,252492.009,19,0
$TIME,125.000,2024,7,15,6,38,53.731000,UTC
$CH,125.000,L1CA,13,124991,38.5,0.411630758,1952.460,254444.642,19,0
$CH,125.000,L1CA,19,124991,39.5,0.427675369,2177.793,281758.417,19,0
$CH,125.000,L1CA,30,124992,40.5,0.898748253,1252.501,167174.561,19,0
$CH,125.000,L1CA,7,124991,40.7,0.388120374,-312.692,-29007.406,19,0
$OBS,124.980,2288,398542.000,G07,1C,40.7,28296844.666,29001.465,-314.096,0
$OBS,124.980,2288,398542.000,G30,1C,40.5,26950972.420,-167150.812,1249.686,0
$OBS,124.980,2288,398542.000,G13,1C,38.5,28603695.350,-254407.543,1953.530,0
$OBS,124.980,2288,398542.000,G19,1C,39.5,27109542.252,-281717.067,2178.226,0
$LOG,124.980,PNTPOS ERROR,gdop error nv=4 gdop=41.6
$TIME,126.000,2024,7,15,6,38,53.911000,UTC
$OBS,125.980,2288,398543.000,G07,1C,40.9,28296850.826,29314.848,-315.035,0
$OBS,125.980,2288,398543.000,G30,1C,40.8,26950719.845,-168400.198,1248.938,0
$OBS,125.980,2288,398543.000,G19,1C,39.5,27109122.748,-283892.862,2174.983,0
$OBS,125.980,2288,398543.000,G13,1C,39.3,28603306.350,-256358.997,1949.436,0
$LOG,125.980,PNTPOS ERROR,gdop error nv=4 gdop=41.4
$CH,126.000,L1CA,7,125991,40.9,0.388133859,-312.836,-29320.814,19,0
$CH,126.000,L1CA,30,125992,40.8,0.897907452,1248.909,168423.931,19,0
$CH,126.000,L1CA,13,125991,39.3,0.410332653,1950.330,256396.062,19,0
$CH,126.000,L1CA,19,125991,39.5,0.426272302,2175.260,283934.187,19,0
$TIME,127.000,2024,7,15,6,38,54.081000,UTC
$OBS,126.980,2288,398544.000,G13,1C,39.3,28602920.910,-258309.568,1948.799,0
$OBS,126.980,2288,398544.000,G19,1C,39.6,27108699.633,-286067.659,2173.437,0
$OBS,126.980,2288,398544.000,G07,1C,40.8,28296886.791,29629.242,-315.589,0
$OBS,126.980,2288,398544.000,G30,1C,41.5,26950465.159,-169648.520,1249.062,0
$LOG,126.980,PNTPOS ERROR,gdop error nv=4 gdop=41.2
$CH,127.000,L1CA,19,126991,39.6,0.424858109,2174.006,286108.973,19,0
$CH,127.000,L1CA,13,126991,39.3,0.409045695,1950.447,258346.624,19,0
$CH,127.000,L1CA,30,126992,41.5,0.897057258,1246.121,169672.234,19,0
$CH,127.000,L1CA,7,126991,40.8,0.388257996,-314.172,-29635.225,19,0
$LOG,127.235,L1CA,7,FRAME SYNC (N)
$LNAV,127.075,L1CA,7,8B03C081BC30603A81900BA5FD5B00A10C67361319A56C0AE97491B3FFE0
$LOG,127.230,L1CA,30,FRAME SYNC (N)
$LNAV,127.070,L1CA,30,8B03C081BC30603A81900BA5FD5B00A10C67361319A56C0AE97491B3FFE0
$LOG,127.231,L1CA,19,FRAME SYNC (N)
$LOG,127.236,L1CA,13,FRAME SYNC (N)
$LNAV,127.076,L1CA,13,8B03C081BC30603A81900BA5FD5B00A10C67361319A56C0AE97491B3FFE0
$LNAV,127.071,L1CA,19,8B03C081BC30603A81900BA5FD5B00A10C67361319A56C0AE97491B3FFE0
$TIME,128.000,2024,7,15,6,38,54.261000,UTC
$OBS,127.980,2288,398545.000,G19,1C,39.7,27108266.065,-288241.570,2174.146,0
$OBS,127.980,2288,398545.000,G13,1C,39.4,28602530.269,-260259.121,1949.096,0
$OBS,127.980,2288,398545.000,G30,1C,42.0,26950211.451,-170895.765,1247.445,0
$OBS,127.980,2288,398545.000,G07,1C,40.6,28296973.362,29944.586,-315.176,0
$LOG,127.980,PNTPOS ERROR,gdop error nv=4 gdop=40.9
$CH,128.000,L1CA,7,127991,40.6,0.388541579,-315.809,-29950.592,20,0
$CH,128.000,L1CA,30,127992,41.9,0.896211034,1247.175,170919.454,20,0
$CH,128.000,L1CA,13,127991,39.4,0.407741068,1949.164,260296.152,20,0
$CH,128.000,L1CA,19,127991,39.7,0.423419620,2173.019,288282.872,20,0
$TIME,129.000,2024,7,15,6,38,54.442000,UTC
$CH,129.000,L1CA,7,128991,40.5,0.388562970,-315.865,-30267.058,20,0
$CH,129.000,L1CA,30,128992,41.5,0.895387222,1247.161,172165.469,20,0
$CH,129.000,L1CA,13,128991,39.2,0.406480819,1947.333,262244.575,20,0
$CH,129.000,L1CA,19,128991,40.0,0.421991943,2172.238,290455.696,20,0
$OBS,128.980,2288,398546.000,G13,1C,39.2,28602150.866,-262207.567,1947.060,0
$OBS,128.980,2288,398546.000,G19,1C,40.0,27107840.629,-290414.425,2173.689,0
$OBS,128.980,2288,398546.000,G07,1C,40.5,28296978.579,30261.038,-316.375,0
$OBS,128.980,2288,398546.000,G30,1C,41.5,26949963.239,-172141.808,1248.081,0
$LOG,128.980,PNTPOS ERROR,gdop error nv=4 gdop=40.7
$TIME,130.000,2024,7,15,6,38,54.612000,UTC
$OBS,129.980,2288,398547.000,G30,1C,40.1,26949708.291,-173386.649,1242.485,0
$OBS,129.980,2288,398547.000,G07,1C,40.6,28297030.127,30578.527,-317.869,0
$OBS,129.980,2288,398547.000,G13,1C,38.3,28601772.424,-264154.854,1946.439,0
$OBS,129.980,2288,398547.000,G19,1C,40.2,27107403.658,-292586.256,2173.381,0
$LOG,129.980,PNTPOS ERROR,gdop error nv=4 gdop=40.5
$CH,130.000,L1CA,7,129991,40.6,0.388739547,-319.919,-30584.557,20,0
$CH,130.000,L1CA,30,129992,40.1,0.894532393,1245.310,173410.287,20,0
$CH,130.000,L1CA,19,129991,40.2,0.420543941,2171.180,292627.515,20,0
$CH,130.000,L1CA,13,129991,38.3,0.405218248,1951.923,264191.825,20,0
$TIME,131.000,2024,7,15,6,38,54.802000,UTC
$OBS,130.980,2288,398548.000,G13,1C,36.8,28601378.328,-266100.718,1945.243,0
$OBS,130.980,2288,398548.000,G19,1C,40.0,27106975.499,-294756.996,2169.628,0
$OBS,130.980,2288,398548.000,G07,1C,40.6,28297098.253,30897.168,-320.144,0
$OBS,130.980,2288,398548.000,G30,1C,39.6,26949455.472,-174630.166,1244.678,0
$LOG,130.980,PNTPOS ERROR,gdop error nv=4 gdop=40.3
$CH,131.000,L1CA,19,130991,40.0,0.419107354,2170.827,294798.225,20,0
$CH,131.000,L1CA,13,130991,36.8,0.403902595,1948.090,266137.686,20,0
$CH,131.000,L1CA,30,130992,39.6,0.893687552,1241.360,174653.781,20,0
$CH,131.000,L1CA,7,130991,40.6,0.388959626,-319.938,-30903.238,20,0
$TIME,132.000,2024,7,15,6,38,54.982000,UTC
$OBS,131.980,2288,398549.000,G13,1C,36.2,28600990.863,-268045.462,1942.629,0
$OBS,131.980,2288,398549.000,G19,1C,40.0,27106545.264,-296926.593,2167.433,0
$OBS,131.980,2288,398549.000,G07,1C,40.7,28297113.033,31217.001,-319.984,0
$OBS,131.980,2288,398549.000,G30,1C,39.7,26949194.626,-175872.342,1240.619,0
$LOG,131.980,PNTPOS ERROR,gdop error nv=4 gdop=40.1
$CH,132.000,L1CA,7,131991,40.7,0.389011455,-321.001,-31223.084,20,0
$CH,132.000,L1CA,13,131991,36.2,0.402613783,1945.092,268082.403,20,0
$CH,132.000,L1CA,19,131991,40.0,0.417681489,2169.736,296967.810,20,0
$CH,132.000,L1CA,30,131992,39.7,0.892819011,1242.234,175895.939,20,0
$TIME,133.000,2024,7,15,6,38,55.172000,UTC
$OBS,132.980,2288,398550.000,G07,1C,40.9,28297186.848,31537.737,-321.889,0
$OBS,132.980,2288,398550.000,G30,1C,39.7,26948945.769,-177113.549,1242.470,0
$OBS,132.980,2288,398550.000,G19,1C,40.0,27106119.863,-299095.320,2167.253,0
$OBS,132.980,2288,398550.000,G13,1C,37.4,28600596.506,-269989.099,1943.829,0
$LOG,132.980,PNTPOS ERROR,gdop error nv=4 gdop=39.9
$CH,133.000,L1CA,7,132991,40.9,0.389260527,-321.178,-31543.833,20,0
$CH,133.000,L1CA,30,132992,39.7,0.891989845,1240.189,177137.123,20,0
$CH,133.000,L1CA,13,132991,37.4,0.401297357,1943.872,270026.018,20,0
$CH,133.000,L1CA,19,132991,40.0,0.416251526,2169.397,299136.515,20,0
$LOG,133.236,L1CA,13,FRAME SYNC (N)
$LNAV,133.076,L1CA,13,8B03C081BCB64A4AA1901979FD5600A10D290BC5BF9D21991E734FF7001C
$LOG,133.231,L1CA,19,FRAME SYNC (N)
$LNAV,133.071,L1CA,19,8B03C081BCB64A4AA1901979FD5600A10D290BC5BF9D21991E734FF7001C
$LOG,133.230,L1CA,30,FRAME SYNC (N)
$LNAV,133.070,L1CA,30,8B03C081BCB64A4AA1901979FD5600A10D290BC5BF9D21991E734FF7001C
$LOG,133.235,L1CA,7,FRAME SYNC (N)
$LNAV,133.075,L1CA,7,8B03C081BCB64A4AA1901979FD5600A10D290BC5BF9D21991E734FF7001C
$TIME,134.000,2024,7,15,6,38,55.352000,UTC
$OBS,133.980,2288,398551.000,G30,1C,40.1,26948691.327,-178353.655,1237.694,0
$OBS,133.980,2288,398551.000,G07,1C,41.0,28297223.092,31859.513,-322.378,0
$OBS,133.980,2288,398551.000,G13,1C,38.7,28600207.209,-271931.747,1942.189,0
$OBS,133.980,2288,398551.000,G19,1C,39.8,27105684.218,-301263.072,2166.474,0
$LOG,133.980,PNTPOS ERROR,gdop error nv=4 gdop=39.7
$CH,134.000,L1CA,30,133992,40.1,0.891138321,1240.319,178377.204,21,0
$CH,134.000,L1CA,7,133991,41.0,0.389376761,-322.572,-31865.634,21,0
$CH,134.000,L1CA,19,133991,39.8,0.414800645,2167.259,301304.250,21,0
$CH,134.000,L1CA,13,133991,38.7,0.400000405,1941.496,271968.652,21,0
$TIME,135.000,2024,7,15,6,38,55.532000,UTC
$OBS,134.980,2288,398552.000,G30,1C,40.3,26948442.365,-179592.532,1236.735,0
$OBS,134.980,2288,398552.000,G07,1C,40.8,28297251.536,32182.339,-322.348,0
$OBS,134.980,2288,398552.000,G19,1C,39.8,27105263.458,-303429.801,2167.021,0
$OBS,134.980,2288,398552.000,G13,1C,39.2,28599822.466,-273873.323,1942.417,0
$LOG,134.980,PNTPOS ERROR,gdop error nv=4 gdop=39.5
$CH,135.000,L1CA,7,134991,40.8,0.389470922,-323.048,-32188.483,21,0
$CH,135.000,L1CA,30,134992,40.3,0.890310681,1237.883,179616.050,21,0
$CH,135.000,L1CA,13,134991,39.2,0.398715525,1941.840,273910.203,21,0
$CH,135.000,L1CA,19,134991,39.8,0.413400141,2166.919,303470.955,21,0
$TIME,136.000,2024,7,15,6,38,55.712000,UTC
$OBS,135.980,2288,398553.000,G07,1C,40.7,28297340.724,32506.075,-324.049,0
$OBS,135.980,2288,398553.000,G30,1C,40.3,26948194.031,-180830.355,1237.694,0
$OBS,135.980,2288,398553.000,G19,1C,40.0,27104839.488,-305595.675,2166.806,0
$OBS,135.980,2288,398553.000,G13,1C,39.1,28599432.716,-275813.865,1940.360,0
$LOG,135.980,PNTPOS ERROR,gdop error nv=4 gdop=39.3
$CH,136.000,L1CA,30,135992,40.3,0.889483275,1237.478,180853.850,21,0
$CH,136.000,L1CA,7,135991,40.7,0.389776390,-324.962,-32512.237,21,0
$CH,136.000,L1CA,13,135991,39.1,0.397413358,1938.654,275850.723,21,0
$CH,136.000,L1CA,19,135991,40.0,0.411983864,2167.755,305636.817,21,0
$TIME,137.000,2024,7,15,6,38,55.892000,UTC
$OBS,136.980,2288,398554.000,G30,1C,39.0,26947942.032,-182066.924,1236.650,0
$OBS,136.980,2288,398554.000,G07,1C,40.8,28297348.053,32830.914,-326.142,0
$OBS,136.980,2288,398554.000,G13,1C,39.2,28599050.416,-277753.290,1936.417,0
$OBS,136.980,2288,398554.000,G19,1C,39.8,27104406.688,-307760.468,2165.902,0
$LOG,136.980,PNTPOS ERROR,gdop error nv=4 gdop=39.1
$CH,137.000,L1CA,7,136991,40.8,0.389791826,-325.928,-32837.097,21,0
$CH,137.000,L1CA,30,136992,39.0,0.888644258,1236.675,182090.412,21,0
$CH,137.000,L1CA,19,136991,39.8,0.410542916,2164.600,307801.595,21,0
$CH,137.000,L1CA,13,136991,39.2,0.396139346,1937.873,277790.121,21,0
$TIME,138.000,2024,7,15,6,38,56.072000,UTC
$OBS,137.980,2288,398555.000,G30,1C,38.0,26947690.261,-183302.492,1235.261,0
$OBS,137.980,2288,398555.000,G07,1C,40.6,28297392.882,33156.678,-327.853,0
$OBS,137.980,2288,398555.000,G13,1C,37.8,28598669.199,-279691.733,1936.650,0
$OBS,137.980,2288,398555.000,G19,1C,39.5,27103979.140,-309924.404,2162.382,0
$LOG,137.980,PNTPOS ERROR,gdop error nv=4 gdop=38.9
$CH,138.000,L1CA,7,137991,40.6,0.389946665,-325.458,-33162.880,21,0
$CH,138.000,L1CA,30,137992,38.0,0.887796489,1233.721,183325.961,21,0
$CH,138.000,L1CA,19,137991,39.5,0.409115939,2164.981,309965.521,21,0
$CH,138.000,L1CA,13,137991,37.8,0.394867670,1938.758,279728.551,21,0
$TIME,139.000,2024,7,15,6,38,56.252000,UTC
$OBS,138.980,2288,398556.000,G07,1C,41.0,28297472.647,33483.464,-326.224,0
$OBS,138.980,2288,398556.000,G30,1C,39.0,26947431.788,-184536.966,1233.776,0
$OBS,138.980,2288,398556.000,G13,1C,37.4,28598281.979,-281628.872,1936.533,0
$OBS,138.980,2288,398556.000,G19,1C,39.5,27103545.816,-312087.353,2162.863,0
$LOG,138.980,PNTPOS ERROR,gdop error nv=4 gdop=38.7
$CH,139.000,L1CA,19,138991,39.5,0.407671911,2159.359,312128.448,21,0
$CH,139.000,L1CA,30,138992,39.0,0.886937271,1232.367,184560.407,21,0
$CH,139.000,L1CA,7,138991,41.0,0.390208970,-326.667,-33489.678,21,0
$CH,139.000,L1CA,13,138991,37.4,0.393570249,1938.478,281665.662,21,0
$LOG,139.231,L1CA,19,FRAME SYNC (N)
$LNAV,139.071,L1CA,19,8B03C081BD263C100046854AD477AF0801D8CB9ADF00626F00002E346555
$LOG,139.236,L1CA,13,FRAME SYNC (N)
$LNAV,139.076,L1CA,13,8B03C081BD263C100046854AD477AF0801D8CB9AE71462700000244E1C07
$LOG,139.230,L1CA,30,FRAME SYNC (N)
$LNAV,139.070,L1CA,30,8B03C081BD263C100046854AD477AF0801D8CB9A08536270000023C2B5D9
$LOG,139.235,L1CA,7,FRAME SYNC (N)
$LNAV,139.075,L1CA,7,8B03C081BD263C100046854AD477AF0801D8CB9AE813627000FFA9018EFA
$TIME,140.000,2024,7,15,6,38,56.432000,UTC
$OBS,139.980,2288,398557.000,G30,1C,41.3,26947184.501,-185770.211,1233.197,0
$OBS,139.980,2288,398557.000,G07,1C,41.0,28297478.092,33811.333,-329.006,0
$OBS,139.980,2288,398557.000,G13,1C,37.5,28597890.884,-283565.062,1935.302,0
$OBS,139.980,2288,398557.000,G19,1C,39.5,27103124.446,-314249.252,2162.723,0
$LOG,139.980,PNTPOS ERROR,gdop error nv=4 gdop=38.5
$CH,140.000,L1CA,7,139991,41.0,0.390228706,-328.508,-33817.580,22,0
$CH,140.000,L1CA,30,139992,41.3,0.886115144,1232.621,185793.643,22,0
$CH,140.000,L1CA,19,139991,39.5,0.406265524,2160.858,314290.320,22,0
$CH,140.000,L1CA,13,139991,37.5,0.392273527,1935.873,283601.843,22,0
$TIME,141.000,2024,7,15,6,38,56.612000,UTC
$OBS,140.980,2288,398558.000,G30,1C,42.1,26946940.163,-187002.525,1232.160,0
$OBS,140.980,2288,398558.000,G07,1C,41.1,28297542.710,34140.194,-329.855,0
$OBS,140.980,2288,398558.000,G19,1C,39.3,27102698.259,-316410.215,2160.972,0
$OBS,140.980,2288,398558.000,G13,1C,40.1,28597512.860,-285500.388,1939.824,0
$LOG,140.980,PNTPOS ERROR,gdop error nv=4 gdop=38.4
$CH,141.000,L1CA,7,140991,41.1,0.390447169,-329.504,-34146.445,22,0
$CH,141.000,L1CA,30,140992,42.1,0.885299446,1231.622,187025.917,22,0
$CH,141.000,L1CA,13,140991,40.1,0.391015865,1935.293,285537.150,22,0
$CH,141.000,L1CA,19,140991,39.3,0.404841820,2161.753,316451.276,22,0
$TIME,142.000,2024,7,15,6,38,56.792000,UTC
$CH,142.000,L1CA,13,141991,40.0,0.389750777,1933.726,287471.604,22,0
$CH,142.000,L1CA,19,141991,39.3,0.403409743,2160.076,318611.350,22,0
$CH,142.000,L1CA,30,141992,40.4,0.884461703,1229.258,188257.146,22,0
$CH,142.000,L1CA,7,141991,41.0,0.390625173,-329.723,-34476.256,22,0
$OBS,141.980,2288,398559.000,G30,1C,40.4,26946689.299,-188233.761,1231.458,0
$OBS,141.980,2288,398559.000,G07,1C,41.0,28297597.748,34469.981,-331.927,0
$OBS,141.980,2288,398559.000,G13,1C,40.0,28597135.290,-287434.859,1931.673,0
$OBS,141.980,2288,398559.000,G19,1C,39.3,27102268.983,-318570.319,2160.391,0
$LOG,141.980,PNTPOS ERROR,gdop error nv=4 gdop=38.2
$TIME,143.000,2024,7,15,6,38,56.972000,UTC
$OBS,142.980,2288,398560.000,G30,1C,40.3,26946435.869,-189463.958,1228.301,0
$OBS,142.980,2288,398560.000,G07,1C,40.9,28297616.385,34800.699,-332.440,0
$OBS,142.980,2288,398560.000,G19,1C,39.5,27101843.355,-320729.518,2160.384,0
$OBS,142.980,2288,398560.000,G13,1C,38.0,28596755.277,-289368.163,1933.295,0
$LOG,142.980,PNTPOS ERROR,gdop error nv=4 gdop=38.0
$CH,143.000,L1CA,7,142991,40.9,0.390693381,-330.166,-34806.986,22,0
$CH,143.000,L1CA,30,142992,40.3,0.883617542,1230.851,189487.315,22,0
$CH,143.000,L1CA,13,142991,38.0,0.388485219,1934.029,289404.904,22,0
$CH,143.000,L1CA,19,142991,39.5,0.401988576,2158.416,320770.542,22,0
$TIME,144.000,2024,7,15,6,38,57.152000,UTC
$OBS,143.980,2288,398561.000,G07,1C,41.2,28297707.580,35132.335,-333.967,0
$OBS,143.980,2288,398561.000,G30,1C,40.2,26946184.115,-190693.078,1227.825,0
$OBS,143.980,2288,398561.000,G19,1C,39.5,27101413.888,-322887.844,2159.370,0
$OBS,143.980,2288,398561.000,G13,1C,37.4,28596371.232,-291300.484,1932.560,0
$LOG,143.980,PNTPOS ERROR,gdop error nv=4 gdop=37.8
$CH,144.000,L1CA,7,143991,41.2,0.391001895,-332.841,-35138.651,22,0
$CH,144.000,L1CA,30,143992,40.2,0.882774272,1229.246,190716.417,22,0
$CH,144.000,L1CA,19,143991,39.5,0.400561540,2156.742,322928.844,22,0
$CH,144.000,L1CA,13,143991,37.4,0.387204145,1933.151,291337.190,22,0
$TIME,145.000,2024,7,15,6,38,57.332000,UTC
$OBS,144.980,2288,398562.000,G07,1C,41.4,28297723.041,35465.073,-333.118,0
$OBS,144.980,2288,398562.000,G30,1C,41.0,26945931.366,-191921.065,1227.772,0
$OBS,144.980,2288,398562.000,G13,1C,37.1,28595989.561,-293231.589,1931.729,0
$OBS,144.980,2288,398562.000,G19,1C,39.2,27100989.795,-325045.117,2154.671,0
$LOG,144.980,PNTPOS ERROR,gdop error nv=4 gdop=37.6
$CH,145.000,L1CA,30,144992,41.0,0.881932614,1227.457,191944.388,22,0
$CH,145.000,L1CA,7,144991,41.4,0.391046364,-334.633,-35471.407,22,0
$CH,145.000,L1CA,13,144991,37.1,0.385930972,1930.277,293268.269,22,0
$CH,145.000,L1CA,19,144991,39.2,0.399143814,2157.668,325086.098,22,0
$LOG,145.235,L1CA,7,FRAME SYNC (N)
$LNAV,145.075,L1CA,7,8B03C081BDAB13FF013A29025D1CAFFF5D090739B90D0EA10D8A7562707E
$LOG,145.230,L1CA,30,FRAME SYNC (N)
$LNAV,145.070,L1CA,30,8B03C081BDAB53FEA93CACFEC49A99FEBC035F3A3F0C8BA10DD06F62707E
$LOG,145.231,L1CA,19,FRAME SYNC (N)
$LNAV,145.071,L1CA,19,8B03C081BDAB000D9A2DE5CB9062210C2704C9D814070BA10D5065626F1D
$LOG,145.236,L1CA,13,FRAME SYNC (N)
$LNAV,145.076,L1CA,13,8B03C081BDAB14FEF43187682D61BFFF0C03EF570B10E1A10D3FC0627068
$TIME,146.000,2024,7,15,6,38,57.522000,UTC
$CH,146.000,L1CA,30,145992,41.0,0.881106475,1227.393,193171.216,23,0
$CH,146.000,L1CA,7,145991,41.3,0.391166466,-334.743,-35805.209,23,0
$CH,146.000,L1CA,19,145991,39.4,0.397723512,2153.425,327242.351,23,0
$CH,146.000,L1CA,13,145991,37.5,0.384635209,1928.773,295198.227,23,0
$OBS,145.980,2288,398563.000,G13,1C,37.5,28595600.823,-295161.571,1929.285,0
$OBS,145.980,2288,398563.000,G19,1C,39.4,27100564.935,-327201.397,2156.092,0
$OBS,145.980,2288,398563.000,G30,1C,41.0,26945684.376,-193147.918,1227.588,0
$OBS,145.980,2288,398563.000,G07,1C,41.3,28297758.133,35798.859,-334.661,0
$LOG,145.980,PNTPOS ERROR,gdop error nv=4 gdop=37.4
$TIME,147.000,2024,7,15,6,38,57.702000,UTC
$OBS,146.980,2288,398564.000,G30,1C,41.1,26945443.336,-194373.859,1223.489,0
$OBS,146.980,2288,398564.000,G07,1C,41.8,28297847.199,36133.406,-334.732,0
$OBS,146.980,2288,398564.000,G13,1C,38.5,28595215.923,-297090.836,1926.661,0
$OBS,146.980,2288,398564.000,G19,1C,39.4,27100140.388,-329356.943,2154.169,0
$LOG,146.980,PNTPOS ERROR,gdop error nv=4 gdop=37.3
$CH,147.000,L1CA,30,146992,41.1,0.880305359,1226.461,194397.132,23,0
$CH,147.000,L1CA,7,146991,41.8,0.391455270,-334.371,-36139.775,23,0
$CH,147.000,L1CA,19,146991,39.4,0.396312578,2153.535,329397.891,23,0
$CH,147.000,L1CA,13,146991,38.5,0.383350145,1930.353,297127.468,23,0
$TIME,148.000,2024,7,15,6,38,57.882000,UTC
$OBS,147.980,2288,398565.000,G19,1C,39.4,27099708.827,-331511.481,2152.595,0
$OBS,147.980,2288,398565.000,G13,1C,38.9,28594835.735,-299018.895,1929.092,0
$OBS,147.980,2288,398565.000,G30,1C,40.9,26945195.002,-195598.663,1223.804,0
$OBS,147.980,2288,398565.000,G07,1C,41.7,28297854.580,36469.025,-336.434,0
$LOG,147.980,PNTPOS ERROR,gdop error nv=4 gdop=37.1
$CH,148.000,L1CA,13,147991,38.9,0.382082134,1927.133,299055.524,23,0
$CH,148.000,L1CA,19,147991,39.4,0.394869633,2153.924,331552.391,23,0
$CH,148.000,L1CA,7,147991,41.7,0.391484978,-335.850,-36475.411,23,0
$CH,148.000,L1CA,30,147992,40.9,0.879477274,1224.050,195621.923,23,0
$TIME,149.000,2024,7,15,6,38,58.063000,UTC
$OBS,148.980,2288,398566.000,G13,1C,39.0,28594455.966,-300945.947,1925.146,0
$OBS,148.980,2288,398566.000,G19,1C,39.3,27099281.698,-333665.046,2152.788,0
$OBS,148.980,2288,398566.000,G30,1C,40.5,26944948.081,-196822.290,1221.941,0
$OBS,148.980,2288,398566.000,G07,1C,42.0,28297935.043,36805.618,-336.678,0
$LOG,148.980,PNTPOS ERROR,gdop error nv=4 gdop=36.9
$CH,149.000,L1CA,13,148991,39.0,0.380810760,1928.710,300982.548,23,0
$CH,149.000,L1CA,19,148991,39.3,0.393449529,2154.216,333705.952,23,0
$CH,149.000,L1CA,30,148992,40.5,0.878654532,1222.873,196845.534,23,0
$CH,149.000,L1CA,7,148991,42.0,0.391759829,-338.013,-36812.024,23,0
$TIME,150.000,2024,7,15,6,38,58.243000,UTC
$OBS,149.980,2288,398567.000,G19,1C,39.0,27098859.577,-335817.738,2151.693,0
$OBS,149.980,2288,398567.000,G13,1C,39.1,28594068.205,-302872.122,1925.462,0
$OBS,149.980,2288,398567.000,G30,1C,40.2,26944700.689,-198044.867,1222.753,0
$OBS,149.980,2288,398567.000,G07,1C,42.1,28297972.910,37143.128,-336.163,0
$LOG,149.980,PNTPOS ERROR,gdop error nv=4 gdop=36.8
$CH,150.000,L1CA,13,149991,39.1,0.379519752,1928.214,302908.711,23,0
$CH,150.000,L1CA,19,149991,39.0,0.392037582,2153.421,335858.637,23,0
$CH,150.000,L1CA,30,149992,40.2,0.877829187,1220.669,198068.089,23,0
$CH,150.000,L1CA,7,149991,42.1,0.391876372,-336.850,-37149.544,23,0
$TIME,151.000,2024,7,15,6,38,58.433000,UTC
$CH,151.000,L1CA,19,150991,39.1,0.390635825,2152.775,338010.435,23,0
$CH,151.000,L1CA,13,150991,39.9,0.378250627,1925.707,304833.939,23,0
$CH,151.000,L1CA,7,150991,42.1,0.391987029,-339.385,-37488.007,23,0
$CH,151.000,L1CA,30,150992,40.0,0.877001064,1220.494,199289.630,23,0
$OBS,150.980,2288,398568.000,G30,1C,40.0,26944452.233,-199266.436,1220.485,0
$OBS,150.980,2288,398568.000,G07,1C,42.1,28298004.565,37481.571,-339.552,0
$OBS,150.980,2288,398568.000,G19,1C,39.1,27098440.039,-337969.552,2152.308,0
$OBS,150.980,2288,398568.000,G13,1C,39.9,28593687.860,-304797.375,1924.651,0
$LOG,150.980,PNTPOS ERROR,gdop error nv=4 gdop=36.6
$LOG,151.236,L1CA,13,FRAME SYNC (N)
$LNAV,151.076,L1CA,13,8B03C081BE2FFFEA3C3624B6FFD02785F8C41CAE26E0CE24FFAC3314199A
$LOG,151.231,L1CA,19,FRAME SYNC (N)
$LNAV,151.071,L1CA,19,8B03C081BE2FFFBABAD7BD79FFF8278D173C286163B10279FFA738000B1B
$LOG,151.235,L1CA,7,FRAME SYNC (N)
$LNAV,151.075,L1CA,7,8B03C081BE2FFFCD61434D2C004E26B6B0C41FD2A7B86F37FFA23C13F068
$LOG,151.230,L1CA,30,FRAME SYNC (N)
$LNAV,151.070,L1CA,30,8B03C081BE2FFFE36167F0520015261BA4231F0997EAD199FFA32953EFE9
$TIME,152.000,2024,7,15,6,38,58.613000,UTC
$OBS,151.980,2288,398569.000,G19,1C,39.0,27098011.689,-340120.431,2151.698,0
$OBS,151.980,2288,398569.000,G13,1C,39.5,28593308.283,-306721.562,1925.244,0
$OBS,151.980,2288,398569.000,G07,1C,42.4,28298097.278,37820.965,-339.413,0
$OBS,151.980,2288,398569.000,G30,1C,39.8,26944200.723,-200486.836,1219.451,0
$LOG,151.980,PNTPOS ERROR,gdop error nv=4 gdop=36.4
$CH,152.000,L1CA,13,151991,39.5,0.376984814,1923.591,306758.111,24,0
$CH,152.000,L1CA,19,151991,39.0,0.389211752,2149.966,340161.284,24,0
$CH,152.000,L1CA,30,151992,39.8,0.876159943,1220.191,200510.006,24,0
$CH,152.000,L1CA,7,151991,42.4,0.392291544,-339.641,-37827.426,24,0
$TIME,153.000,2024,7,15,6,38,58.783000,UTC
$OBS,152.980,2288,398570.000,G13,1C,38.5,28592935.511,-308644.628,1919.396,0
$OBS,152.980,2288,398570.000,G19,1C,39.2,27097581.331,-342270.286,2151.043,0
$OBS,152.980,2288,398570.000,G07,1C,42.5,28298102.147,38161.445,-340.618,0
$OBS,152.980,2288,398570.000,G30,1C,39.2,26943950.330,-201706.079,1219.973,0
$LOG,152.980,PNTPOS ERROR,gdop error nv=4 gdop=36.3
$CH,153.000,L1CA,19,152991,39.2,0.387775145,2148.737,342311.136,24,0
$CH,153.000,L1CA,13,152991,38.5,0.375742651,1921.440,308681.142,24,0
$CH,153.000,L1CA,7,152991,42.5,0.392308341,-341.162,-38167.916,24,0
$CH,153.000,L1CA,30,152992,39.2,0.875324469,1219.601,201729.234,24,0
$TIME,154.000,2024,7,15,6,38,58.973000,UTC
$CH,154.000,L1CA,13,153991,36.5,0.374495186,1918.633,310602.843,24,0
$CH,154.000,L1CA,19,153991,39.2,0.386374032,2148.307,344459.942,24,0
$CH,154.000,L1CA,30,153992,40.2,0.874501562,1216.269,202947.297,24,0
$CH,154.000,L1CA,7,153991,42.4,0.392536304,-342.040,-38509.494,24,0
$OBS,153.980,2288,398571.000,G07,1C,42.4,28298168.248,38502.992,-341.294,0
$OBS,153.980,2288,398571.000,G30,1C,40.2,26943703.357,-202924.167,1217.441,0
$OBS,153.980,2288,398571.000,G13,1C,36.5,28592562.356,-310566.348,1922.487,0
$OBS,153.980,2288,398571.000,G19,1C,39.2,27097160.746,-344419.128,2147.851,0
$LOG,153.980,PNTPOS ERROR,gdop error nv=4 gdop=36.1
$TIME,155.000,2024,7,15,6,38,59.143000,UTC
$OBS,154.980,2288,398572.000,G19,1C,39.2,27096735.886,-346566.863,2147.326,0
$OBS,154.980,2288,398572.000,G13,1C,35.8,28592173.530,-312486.923,1921.576,0
$OBS,154.980,2288,398572.000,G30,1C,41.2,26943457.675,-204141.025,1216.419,0
$OBS,154.980,2288,398572.000,G07,1C,42.4,28298222.047,38845.695,-341.824,0
$LOG,154.980,PNTPOS ERROR,gdop error nv=4 gdop=35.9
$CH,155.000,L1CA,13,154991,35.8,0.373197184,1920.966,312523.406,24,0
$CH,155.000,L1CA,19,154991,39.2,0.384959797,2146.936,346607.649,24,0
$CH,155.000,L1CA,7,154991,42.4,0.392710538,-342.219,-38852.215,24,0
$CH,155.000,L1CA,30,154992,41.2,0.873681270,1217.262,204164.140,24,0
$TIME,156.000,2024,7,15,6,38,59.323000,UTC
$OBS,155.980,2288,398573.000,G13,1C,37.3,28591782.802,-314406.536,1920.643,0
$OBS,155.980,2288,398573.000,G19,1C,39.3,27096318.791,-348713.731,2146.605,0
$OBS,155.980,2288,398573.000,G30,1C,41.6,26943217.909,-205356.856,1215.123,0
$OBS,155.980,2288,398573.000,G07,1C,42.2,28298247.751,39189.320,-344.035,0
$LOG,155.980,PNTPOS ERROR,gdop error nv=4 gdop=35.8
$CH,156.000,L1CA,19,155991,39.3,0.383559870,2145.623,348754.509,24,0
$CH,156.000,L1CA,13,155991,37.3,0.371893273,1918.200,314442.995,24,0
$CH,156.000,L1CA,7,155991,42.2,0.392795795,-343.804,-39195.861,24,0
$CH,156.000,L1CA,30,155992,41.6,0.872883341,1214.261,205379.951,24,0
$TIME,157.000,2024,7,15,6,38,59.513000,UTC
$CH,157.000,L1CA,13,156991,38.6,0.370603983,1917.205,316361.628,24,0
$CH,157.000,L1CA,19,156991,39.3,0.382161594,2143.721,350900.346,24,0
$CH,157.000,L1CA,30,156992,41.8,0.872064805,1213.076,206594.629,24,0
$CH,157.000,L1CA,7,156991,42.3,0.393126731,-344.483,-39540.539,24,0
$OBS,156.980,2288,398574.000,G07,1C,42.3,28298348.387,39533.984,-345.807,0
$OBS,156.980,2288,398574.000,G30,1C,41.8,26942972.507,-206571.565,1213.444,0
$OBS,156.980,2288,398574.000,G19,1C,39.3,27095897.298,-350859.578,2145.111,0
$OBS,156.980,2288,398574.000,G13,1C,38.6,28591394.430,-316325.176,1916.925,0
$LOG,156.980,PNTPOS ERROR,gdop error nv=4 gdop=35.6
$LOG,157.236,L1CA,13,FRAME SYNC (N)
$LOG,157.231,L1CA,19,FRAME SYNC (N)
$LNAV,157.076,L1CA,13,8B03C081BEB27943B55653626F7599E9C321696012B4320403D4776633A4
$LNAV,157.071,L1CA,19,8B03C081BEB27943B55653626F7599E9C321696012B4320403D4776633A4
$LOG,157.230,L1CA,30,FRAME SYNC (N)
$LNAV,157.070,L1CA,30,8B03C081BEB27943B55653626F7599E9C321696012B4320403D4776633A4
$LOG,157.235,L1CA,7,FRAME SYNC (N)
$LNAV,157.075,L1CA,7,8B03C081BEB27943B55653626F7599E9C321696012B4320403D477AF0752
$TIME,158.000,2024,7,15,6,38,59.693000,UTC
$CH,158.000,L1CA,19,157991,39.3,0.380742297,2144.393,353045.343,25,0
$CH,158.000,L1CA,13,157991,39.3,0.369343434,1913.994,318279.340,25,0
$CH,158.000,L1CA,7,157991,42.4,0.393144251,-346.221,-39886.117,25,0
$CH,158.000,L1CA,30,157992,41.5,0.871220849,1212.443,207808.261,25,0
$OBS,157.980,2288,398575.000,G30,1C,41.5,26942718.903,-207785.205,1214.840,0
$OBS,157.980,2288,398575.000,G07,1C,42.4,28298352.592,39879.544,-346.497,0
$OBS,157.980,2288,398575.000,G19,1C,39.3,27095472.752,-353004.592,2145.638,0
$OBS,157.980,2288,398575.000,G13,1C,39.3,28591015.638,-318242.912,1915.788,0
$LOG,157.980,PNTPOS ERROR,gdop error nv=4 gdop=35.4
$TIME,159.000,2024,7,15,6,38,59.863000,UTC
$OBS,158.980,2288,398576.000,G13,1C,38.8,28590642.064,-320159.687,1916.087,0
$OBS,158.980,2288,398576.000,G19,1C,39.2,27095046.286,-355148.705,2143.224,0
$OBS,158.980,2288,398576.000,G30,1C,41.4,26942473.029,-208997.900,1211.999,0
$OBS,158.980,2288,398576.000,G07,1C,42.4,28298425.447,40226.030,-346.834,0
$LOG,158.980,PNTPOS ERROR,gdop error nv=4 gdop=35.3
$CH,159.000,L1CA,19,158991,39.2,0.379320802,2144.609,355189.431,25,0
$CH,159.000,L1CA,13,158991,38.8,0.368094934,1912.015,320196.092,25,0
$CH,159.000,L1CA,30,158992,41.4,0.870399982,1212.678,209020.923,25,0
$CH,159.000,L1CA,7,158991,42.4,0.393394986,-347.165,-40232.630,25,0
$TIME,160.000,2024,7,15,6,39,0.043000,UTC
$OBS,159.980,2288,398577.000,G13,1C,36.9,28590262.085,-322075.425,1916.796,0
$OBS,159.980,2288,398577.000,G19,1C,39.2,27094619.401,-357291.990,2144.473,0
$OBS,159.980,2288,398577.000,G07,1C,42.5,28298472.213,40573.390,-347.442,0
$OBS,159.980,2288,398577.000,G30,1C,40.9,26942226.161,-210209.555,1210.292,0
$LOG,159.980,PNTPOS ERROR,gdop error nv=4 gdop=35.1
$CH,160.000,L1CA,13,159991,36.9,0.366826443,1915.486,322111.822,25,0
$CH,160.000,L1CA,19,159991,39.2,0.377891833,2142.976,357332.709,25,0
$CH,160.000,L1CA,30,159992,40.9,0.869577590,1211.149,210232.568,25,0
$CH,160.000,L1CA,7,159991,42.5,0.393540806,-347.232,-40579.997,25,0
$TIME,161.000,2024,7,15,6,39,0.223000,UTC
$OBS,160.980,2288,398578.000,G19,1C,39.4,27094190.981,-359434.301,2141.477,0
$OBS,160.980,2288,398578.000,G13,1C,37.0,28589881.863,-323990.040,1914.692,0
$OBS,160.980,2288,398578.000,G30,1C,40.8,26941980.776,-211420.018,1211.267,0
$OBS,160.980,2288,398578.000,G07,1C,42.5,28298500.884,40921.805,-348.334,0
$LOG,160.980,PNTPOS ERROR,gdop error nv=4 gdop=35.0
$CH,161.000,L1CA,19,160991,39.4,0.376463018,2141.764,359474.994,25,0
$CH,161.000,L1CA,13,160991,37.0,0.365556631,1914.819,324026.398,25,0
$CH,161.000,L1CA,7,160991,42.5,0.393641496,-349.345,-40928.438,25,0
$CH,161.000,L1CA,30,160992,40.8,0.868757707,1209.633,211443.002,25,0
$TIME,162.000,2024,7,15,6,39,0.403000,UTC
$OBS,161.980,2288,398579.000,G13,1C,37.8,28589506.037,-325903.474,1912.393,0
$OBS,161.980,2288,398579.000,G19,1C,39.3,27093766.278,-361575.557,2143.076,0
$OBS,161.980,2288,398579.000,G30,1C,40.6,26941738.881,-212629.333,1210.451,0
$OBS,161.980,2288,398579.000,G07,1C,42.6,28298597.453,41271.280,-350.280,0
$LOG,161.980,PNTPOS ERROR,gdop error nv=4 gdop=34.8
$CH,162.000,L1CA,19,161991,39.3,0.375045810,2141.777,361616.242,25,0
$CH,162.000,L1CA,13,161991,37.8,0.364303538,1915.302,325939.821,25,0
$CH,162.000,L1CA,30,161992,40.6,0.867951369,1210.358,212652.303,25,0
$CH,162.000,L1CA,7,161991,42.6,0.393958918,-350.617,-41277.924,25,0
$TIME,163.000,2024,7,15,6,39,0.583000,UTC
$OBS,162.980,2288,398580.000,G13,1C,37.3,28589121.975,-327815.868,1913.366,0
$OBS,162.980,2288,398580.000,G19,1C,39.3,27093343.180,-363715.897,2139.574,0
$OBS,162.980,2288,398580.000,G07,1C,42.3,28298602.915,41621.737,-350.751,0
$OBS,162.980,2288,398580.000,G30,1C,39.7,26941491.943,-213837.528,1208.107,0
$LOG,162.980,PNTPOS ERROR,gdop error nv=4 gdop=34.7
$CH,163.000,L1CA,19,162991,39.3,0.373636169,2139.911,363756.556,25,0
$CH,163.000,L1CA,13,162991,37.3,0.363025419,1910.716,327852.193,25,0
$CH,163.000,L1CA,30,162992,39.7,0.867128244,1207.883,213860.470,25,0
$CH,163.000,L1CA,7,162991,42.3,0.393982443,-351.233,-41628.402,25,0
$LOG,163.230,L1CA,30,FRAME SYNC (N)
$LNAV,163.070,L1CA,30,8B03C081BF374B0A71900F58FD3C00A10CA1E324DE967231AE4A02C3FF83
$LOG,163.235,L1CA,7,FRAME SYNC (N)
$LNAV,163.075,L1CA,7,8B03C081BF374B0A71900F58FD3C00A10CA1E324DE967231AE4A02C3FF83
$LOG,163.236,L1CA,13,FRAME SYNC (N)
$LOG,163.231,L1CA,19,FRAME SYNC (N)
$LNAV,163.071,L1CA,19,8B03C081BF374B0A71900F58FD3C00A10CA1E324DE967231AE4A02C3FF83
$LNAV,163.076,L1CA,13,8B03C081BF374B0A71900F58FD3C00A10CA1E324DE967231AE4A02C3FF83
$TIME,164.000,2024,7,15,6,39,0.763000,UTC
$OBS,163.980,2288,398581.000,G19,1C,39.4,27092921.844,-365855.192,2139.062,0
$OBS,163.980,2288,398581.000,G13,1C,37.4,28588741.526,-329727.148,1911.835,0
$OBS,163.980,2288,398581.000,G07,1C,42.0,28298674.374,41973.291,-352.373,0
$OBS,163.980,2288,398581.000,G30,1C,39.9,26941242.056,-215044.556,1208.105,0
$LOG,163.980,PNTPOS ERROR,gdop error nv=4 gdop=34.5
$CH,164.000,L1CA,13,163991,37.4,0.361756201,1912.031,329763.449,26,0
$CH,164.000,L1CA,19,163991,39.4,0.372235360,2139.841,365895.834,26,0
$CH,164.000,L1CA,30,163992,39.9,0.866294898,1205.036,215067.481,26,0
$CH,164.000,L1CA,7,163991,42.0,0.394224208,-351.687,-41979.985,26,0
$TIME,165.000,2024,7,15,6,39,0.943000,UTC
$OBS,164.980,2288,398582.000,G19,1C,39.5,27092499.706,-367993.605,2136.351,0
$OBS,164.980,2288,398582.000,G13,1C,39.1,28588364.287,-331637.560,1909.288,0
$OBS,164.980,2288,398582.000,G07,1C,41.8,28298723.078,42325.769,-354.875,0
$OBS,164.980,2288,398582.000,G30,1C,40.7,26940995.328,-216250.549,1205.195,0
$LOG,164.980,PNTPOS ERROR,gdop error nv=4 gdop=34.4
$CH,165.000,L1CA,19,164991,39.5,0.370823804,2137.427,368034.228,26,0
$CH,165.000,L1CA,13,164991,39.1,0.360495180,1910.938,331673.843,26,0
$CH,165.000,L1CA,7,164991,41.7,0.394376778,-353.992,-42332.474,26,0
$CH,165.000,L1CA,30,164992,40.7,0.865471927,1206.344,216273.456,26,0
$TIME,166.000,2024,7,15,6,39,1.123000,UTC
$OBS,165.980,2288,398583.000,G13,1C,38.4,28587992.562,-333546.921,1907.632,0
$OBS,165.980,2288,398583.000,G19,1C,39.6,27092077.411,-370131.119,2138.335,0
$OBS,165.980,2288,398583.000,G07,1C,41.5,28298758.065,42679.200,-353.633,0
$OBS,165.980,2288,398583.000,G30,1C,40.9,26940749.541,-217455.512,1205.316,0
$LOG,165.980,PNTPOS ERROR,gdop error nv=4 gdop=34.2
$CH,166.000,L1CA,13,165991,38.4,0.359254351,1907.802,333583.200,26,0
$CH,166.000,L1CA,19,165991,39.6,0.369412283,2138.841,370171.726,26,0
$CH,166.000,L1CA,30,165992,40.9,0.864654031,1203.945,217478.397,26,0
$CH,166.000,L1CA,7,165991,41.5,0.394499089,-353.765,-42685.926,26,0
$TIME,167.000,2024,7,15,6,39,1.303000,UTC
$OBS,166.980,2288,398584.000,G19,1C,39.5,27091656.180,-372267.659,2136.282,0
$OBS,166.980,2288,398584.000,G13,1C,37.5,28587617.871,-335455.206,1908.126,0
$OBS,166.980,2288,398584.000,G07,1C,41.5,28298847.271,43033.599,-354.904,0
$OBS,166.980,2288,398584.000,G30,1C,40.6,26940502.149,-218659.406,1203.672,0
$LOG,166.980,PNTPOS ERROR,gdop error nv=4 gdop=34.1
$CH,167.000,L1CA,13,166991,37.5,0.358007543,1908.225,335491.460,26,0
$CH,167.000,L1CA,19,166991,39.5,0.368015182,2137.140,372308.238,26,0
$CH,167.000,L1CA,30,166992,40.6,0.863825947,1202.964,218682.269,26,0
$CH,167.000,L1CA,7,166991,41.5,0.394790682,-355.221,-43040.343,26,0
$TIME,168.000,2024,7,15,6,39,1.493000,UTC
$OBS,167.980,2288,398585.000,G13,1C,36.7,28587238.643,-337362.492,1906.861,0
$OBS,167.980,2288,398585.000,G19,1C,39.5,27091238.875,-374403.224,2135.055,0
$OBS,167.980,2288,398585.000,G07,1C,41.5,28298856.502,43389.036,-357.895,0
$OBS,167.980,2288,398585.000,G30,1C,40.1,26940255.909,-219862.146,1201.785,0
$LOG,167.980,PNTPOS ERROR,gdop error nv=4 gdop=33.9
$CH,168.000,L1CA,19,167991,39.5,0.366619302,2134.495,374443.793,26,0
$CH,168.000,L1CA,13,167991,36.7,0.356741211,1905.328,337398.720,26,0
$CH,168.000,L1CA,30,167992,40.1,0.863006183,1202.460,219884.998,26,0
$CH,168.000,L1CA,7,167991,41.5,0.394824665,-357.438,-43395.801,26,0
$TIME,169.000,2024,7,15,6,39,1.663000,UTC
$OBS,168.980,2288,398586.000,G19,1C,39.5,27090813.614,-376537.922,2135.371,0
$OBS,168.980,2288,398586.000,G13,1C,37.4,28586846.764,-339268.721,1907.058,0
$OBS,168.980,2288,398586.000,G07,1C,41.5,28298938.850,43745.392,-356.618,0
$OBS,168.980,2288,398586.000,G30,1C,40.2,26940017.156,-221063.851,1201.217,0
$LOG,168.980,PNTPOS ERROR,gdop error nv=4 gdop=33.8
$CH,169.000,L1CA,13,168991,37.4,0.355432733,1906.786,339304.923,26,0
$CH,169.000,L1CA,19,168991,39.5,0.365197149,2132.961,376578.477,26,0
$CH,169.000,L1CA,30,168992,40.2,0.862212437,1202.222,221086.682,26,0
$CH,169.000,L1CA,7,168991,41.5,0.395107235,-356.445,-43752.167,26,0
$LOG,169.235,L1CA,7,FRAME SYNC (N)
$LNAV,169.075,L1CA,7,8B03C081BFA43C100046854AD477AF0801D8CB9AE813627000FFA9018EFA
$LOG,169.230,L1CA,30,FRAME SYNC (N)
$LNAV,169.070,L1CA,30,8B03C081BFA43C100046854AD477AF0801D8CB9A08536270000023C2B5D9
$LOG,169.236,L1CA,13,FRAME SYNC (N)
$LOG,169.231,L1CA,19,FRAME SYNC (N)
$LNAV,169.076,L1CA,13,8B03C081BFA43C100046854AD477AF0801D8CB9AE71462700000244E1C07
$LNAV,169.071,L1CA,19,8B03C081BFA43C100046854AD477AF0801D8CB9ADF00626F00002E346555
$TIME,170.000,2024,7,15,6,39,1.843000,UTC
$OBS,169.980,2288,398587.000,G19,1C,39.3,27090394.896,-378671.617,2132.627,0
$OBS,169.980,2288,398587.000,G13,1C,39.2,28586480.711,-341174.111,1905.765,0
$OBS,169.980,2288,398587.000,G07,1C,41.5,28298976.280,44102.778,-358.175,0
$OBS,169.980,2288,398587.000,G30,1C,39.4,26939777.267,-222264.394,1199.204,0
$LOG,169.980,PNTPOS ERROR,gdop error nv=4 gdop=33.7
$CH,170.000,L1CA,13,169991,39.2,0.354214401,1906.784,341210.306,27,0
$CH,170.000,L1CA,19,169991,39.3,0.363803249,2134.438,378712.144,27,0
$CH,170.000,L1CA,30,169992,39.4,0.861412578,1199.223,222287.193,27,0
$CH,170.000,L1CA,7,169991,41.5,0.395226887,-357.944,-44109.583,27,0
$TIME,171.000,2024,7,15,6,39,2.024000,UTC
$OBS,170.980,2288,398588.000,G13,1C,37.4,28586103.908,-343078.240,1903.646,0
$OBS,170.980,2288,398588.000,G19,1C,39.4,27089967.522,-380804.327,2130.783,0
$OBS,170.980,2288,398588.000,G07,1C,41.4,28299031.214,44461.215,-358.237,0
$OBS,170.980,2288,398588.000,G30,1C,38.5,26939532.476,-223463.730,1199.352,0
$LOG,170.980,PNTPOS ERROR,gdop error nv=4 gdop=33.5
$CH,171.000,L1CA,13,170991,37.4,0.352955907,1904.208,343114.415,27,0
$CH,171.000,L1CA,19,170991,39.4,0.362376208,2132.278,380844.839,27,0
$CH,171.000,L1CA,30,170992,38.5,0.860593253,1200.172,223486.497,27,0
$CH,171.000,L1CA,7,170991,41.4,0.395415548,-357.866,-44468.036,27,0
$TIME,172.000,2024,7,15,6,39,2.204000,UTC
$CH,172.000,L1CA,7,171991,41.4,0.395631110,-358.542,-44827.443,27,0
$OBS,171.980,2288,398589.000,G19,1C,39.5,27089545.960,-382936.130,2129.913,0
$OBS,171.980,2288,398589.000,G13,1C,37.1,28585726.948,-344981.334,1902.953,0
$OBS,171.980,2288,398589.000,G07,1C,41.4,28299098.153,44820.604,-359.108,0
$OBS,171.980,2288,398589.000,G30,1C,38.6,26939282.344,-224662.035,1197.040,0
$LOG,171.980,PNTPOS ERROR,gdop error nv=4 gdop=33.4
$CH,172.000,L1CA,30,171992,38.6,0.859757459,1196.759,224684.790,27,0
$CH,172.000,L1CA,13,171991,37.1,0.351698483,1902.930,345017.479,27,0
$CH,172.000,L1CA,19,171991,39.5,0.360976307,2132.509,382976.624,27,0
$TIME,173.000,2024,7,15,6,39,2.384000,UTC
$OBS,172.980,2288,398590.000,G19,1C,39.4,27089134.135,-385067.023,2128.737,0
$OBS,172.980,2288,398590.000,G13,1C,36.7,28585348.244,-346883.396,1902.457,0
$OBS,172.980,2288,398590.000,G30,1C,39.0,26939033.574,-225859.253,1197.117,0
$OBS,172.980,2288,398590.000,G07,1C,40.8,28299131.483,45180.958,-361.521,0
$LOG,172.980,PNTPOS ERROR,gdop error nv=4 gdop=33.2
$CH,173.000,L1CA,13,172991,36.7,0.350433467,1900.965,346919.514,27,0
$CH,173.000,L1CA,19,172991,39.4,0.359600394,2129.847,385107.487,27,0
$CH,173.000,L1CA,7,172991,40.8,0.395746893,-360.468,-45187.815,27,0
$CH,173.000,L1CA,30,172992,39.0,0.858932978,1195.787,225881.990,27,0
$TIME,174.000,2024,7,15,6,39,2.564000,UTC
$OBS,173.980,2288,398591.000,G13,1C,36.2,28584962.437,-348784.483,1900.372,0
$OBS,173.980,2288,398591.000,G19,1C,39.5,27088713.794,-387197.147,2129.949,0
$OBS,173.980,2288,398591.000,G07,1C,40.9,28299221.875,45542.134,-361.765,0
$OBS,173.980,2288,398591.000,G30,1C,39.9,26938787.997,-227055.586,1196.521,0
$LOG,173.980,PNTPOS ERROR,gdop error nv=4 gdop=33.1
$CH,174.000,L1CA,13,173991,36.2,0.349145431,1900.983,348820.603,27,0
$CH,174.000,L1CA,19,173991,39.5,0.358191094,2128.991,387237.602,27,0
$CH,174.000,L1CA,30,173992,39.9,0.858112453,1196.054,227078.313,27,0
$CH,174.000,L1CA,7,173991,40.9,0.396042032,-359.192,-45549.020,27,0
$TIME,175.000,2024,7,15,6,39,2.744000,UTC
$OBS,174.980,2288,398592.000,G13,1C,36.7,28584588.095,-350684.557,1899.956,0
$OBS,174.980,2288,398592.000,G19,1C,39.6,27088289.963,-389326.285,2128.462,0
$OBS,174.980,2288,398592.000,G07,1C,40.7,28299230.670,45904.310,-361.116,0
$OBS,174.980,2288,398592.000,G30,1C,39.7,26938550.395,-228250.770,1193.723,0
$LOG,174.980,PNTPOS ERROR,gdop error nv=4 gdop=33.0
$CH,175.000,L1CA,13,174991,36.7,0.347898119,1899.994,350720.649,27,0
$CH,175.000,L1CA,19,174991,39.6,0.356786747,2128.220,389366.738,27,0
$CH,175.000,L1CA,30,174992,39.7,0.857313509,1193.946,228273.463,27,0
$CH,175.000,L1CA,7,174991,40.7,0.396074924,-361.014,-45911.201,27,0
$LOG,175.235,L1CA,7,FRAME SYNC (N)
$LOG,175.230,L1CA,30,FRAME SYNC (N)
$LNAV,175.070,L1CA,30,8B03C081C02953FEA93CACFEC49A99FEBC035F3A3F0C8BA10DD06F62707E
$LNAV,175.075,L1CA,7,8B03C081C02913FF013A29025D1CAFFF5D090739B90D0EA10D8A7562707E
$LOG,175.231,L1CA,19,FRAME SYNC (N)
$LNAV,175.071,L1CA,19,8B03C081C029000D9A2DE5CB9062210C2704C9D814070BA10D5065626F1D
$LOG,175.236,L1CA,13,FRAME SYNC (N)
$LNAV,175.076,L1CA,13,8B03C081C02914FEF43187682D61BFFF0C03EF570B10E1A10D3FC0627068
$TIME,176.000,2024,7,15,6,39,2.924000,UTC
$OBS,175.980,2288,398593.000,G13,1C,36.9,28584208.169,-352583.649,1897.786,0
$OBS,175.980,2288,398593.000,G19,1C,39.5,27087871.018,-391454.595,2128.406,0
$OBS,175.980,2288,398593.000,G07,1C,40.6,28299305.479,46267.390,-363.389,0
$OBS,175.980,2288,398593.000,G30,1C,38.9,26938309.774,-229444.940,1194.131,0
$LOG,175.980,PNTPOS ERROR,gdop error nv=4 gdop=32.8
$CH,176.000,L1CA,13,175991,36.9,0.346630375,1898.651,352619.725,28,0
$CH,176.000,L1CA,19,175991,39.5,0.355384410,2128.279,391495.028,28,0
$CH,176.000,L1CA,7,175991,40.6,0.396330695,-365.540,-46274.296,28,0
$CH,176.000,L1CA,30,175992,38.9,0.856513934,1192.455,229467.617,28,0
$TIME,177.000,2024,7,15,6,39,3.104000,UTC
$OBS,176.980,2288,398594.000,G19,1C,39.4,27087443.488,-393582.040,2127.697,0
$OBS,176.980,2288,398594.000,G13,1C,37.6,28583835.380,-354481.801,1898.870,0
$OBS,176.980,2288,398594.000,G07,1C,40.8,28299347.900,46631.377,-364.163,0
$OBS,176.980,2288,398594.000,G30,1C,38.3,26938062.330,-230638.074,1192.563,0
$LOG,176.980,PNTPOS ERROR,gdop error nv=4 gdop=32.7
$CH,177.000,L1CA,13,176991,37.6,0.345388077,1898.786,354517.867,28,0
$CH,177.000,L1CA,19,176991,39.4,0.353954463,2127.660,393622.447,28,0
$CH,177.000,L1CA,7,176991,40.8,0.396462217,-363.834,-46638.297,28,0
$CH,177.000,L1CA,30,176992,38.3,0.855685966,1191.711,230660.730,28,0
$TIME,178.000,2024,7,15,6,39,3.284000,UTC
$CH,178.000,L1CA,7,177991,40.4,0.396619746,-365.628,-47003.229,28,0
$CH,178.000,L1CA,30,177992,38.6,0.854890221,1192.919,231852.743,28,0
$CH,178.000,L1CA,19,177991,39.2,0.352570249,2126.389,395748.965,28,0
$CH,178.000,L1CA,13,177991,37.8,0.344125459,1898.995,356415.034,28,0
$OBS,177.980,2288,398595.000,G19,1C,39.2,27087026.812,-395708.569,2126.205,0
$OBS,177.980,2288,398595.000,G13,1C,37.8,28583457.164,-356378.992,1896.391,0
$OBS,177.980,2288,398595.000,G07,1C,40.4,28299393.044,46996.290,-365.982,0
$OBS,177.980,2288,398595.000,G30,1C,38.6,26937823.192,-231830.105,1191.938,0
$LOG,177.980,PNTPOS ERROR,gdop error nv=4 gdop=32.6
$TIME,179.000,2024,7,15,6,39,3.464000,UTC
$OBS,178.980,2288,398596.000,G19,1C,39.2,27086609.176,-397834.321,2125.899,0
$OBS,178.980,2288,398596.000,G13,1C,37.9,28583080.745,-358275.328,1897.093,0
$OBS,178.980,2288,398596.000,G07,1C,40.5,28299472.041,47362.050,-366.115,0
$OBS,178.980,2288,398596.000,G30,1C,39.0,26937583.444,-233021.197,1191.344,0
$LOG,178.980,PNTPOS ERROR,gdop error nv=4 gdop=32.4
$CH,179.000,L1CA,13,178991,37.9,0.342872263,1897.523,358311.353,28,0
$CH,179.000,L1CA,19,178991,39.2,0.351173244,2125.165,397874.707,28,0
$CH,179.000,L1CA,30,178992,39.0,0.854089860,1186.706,233043.816,28,0
$CH,179.000,L1CA,7,178991,40.5,0.396875368,-366.739,-47369.013,28,0
$TIME,180.000,2024,7,15,6,39,3.644000,UTC
$OBS,179.980,2288,398597.000,G13,1C,38.0,28582706.909,-360170.864,1891.921,0
$OBS,179.980,2288,398597.000,G19,1C,39.3,27086180.162,-399959.409,2125.407,0
$OBS,179.980,2288,398597.000,G07,1C,40.4,28299503.364,47728.513,-366.057,0
$OBS,179.980,2288,398597.000,G30,1C,39.2,26937345.475,-234211.458,1189.709,0
$LOG,179.980,PNTPOS ERROR,gdop error nv=4 gdop=32.3
$CH,180.000,L1CA,30,179992,39.2,0.853296247,1189.228,234234.054,28,0
$CH,180.000,L1CA,19,179991,39.3,0.349752943,2124.110,399999.773,28,0
$CH,180.000,L1CA,13,179991,38.0,0.341625235,1891.259,360206.856,28,0
$CH,180.000,L1CA,7,179991,40.4,0.396987447,-365.784,-47735.488,28,0
$TIME,181.000,2024,7,15,6,39,3.824000,UTC
$CH,181.000,L1CA,7,180991,40.8,0.397292310,-366.398,-48102.899,28,0
$CH,181.000,L1CA,30,180992,39.4,0.852483318,1190.751,235423.307,28,0
$CH,181.000,L1CA,13,180991,37.3,0.340405777,1893.450,362101.196,28,0
$CH,181.000,L1CA,19,180991,39.5,0.348375927,2125.310,402123.974,28,0
$OBS,180.980,2288,398598.000,G19,1C,39.5,27085768.302,-402083.621,2122.555,0
$OBS,180.980,2288,398598.000,G13,1C,37.3,28582342.007,-362065.209,1895.432,0
$OBS,180.980,2288,398598.000,G07,1C,40.8,28299595.937,48095.907,-367.448,0
$OBS,180.980,2288,398598.000,G30,1C,39.4,26937102.114,-235400.721,1187.571,0
$LOG,180.980,PNTPOS ERROR,gdop error nv=4 gdop=32.2
$LOG,181.230,L1CA,30,FRAME SYNC (N)
$LNAV,181.070,L1CA,30,8B03C081C0AFFFE36167F0520015261BA4231F0997EAD199FFA32953EFE9
$LOG,181.235,L1CA,7,FRAME SYNC (N)
$LNAV,181.075,L1CA,7,8B03C081C0AFFFCD61434D2C004E26B6B0C41FD2A7B86F37FFA23C13F068
$LOG,181.231,L1CA,19,FRAME SYNC (N)
$LNAV,181.071,L1CA,19,8B03C081C0AFFFBABAD7BD79FFF8278D173C286163B10279FFA738000B1B
$LOG,181.236,L1CA,13,FRAME SYNC (N)
$LNAV,181.076,L1CA,13,8B03C081C0AFFFEA3C3624B6FFD02785F8C41CAE26E0CE24FFAC3314199A
$TIME,182.000,2024,7,15,6,39,4.004000,UTC
$OBS,181.980,2288,398599.000,G19,1C,39.5,27085342.098,-404206.986,2123.689,0
$OBS,181.980,2288,398599.000,G13,1C,35.8,28581949.081,-363958.831,1892.803,0
$OBS,181.980,2288,398599.000,G07,1C,40.7,28299608.746,48464.174,-370.609,0
$OBS,181.980,2288,398599.000,G30,1C,39.9,26936854.932,-236589.019,1187.247,0
$LOG,181.980,PNTPOS ERROR,gdop error nv=4 gdop=32.0
$CH,182.000,L1CA,13,181991,35.8,0.339096255,1892.658,363994.798,29,0
$CH,182.000,L1CA,19,181991,39.5,0.346946427,2122.706,404247.324,29,0
$CH,182.000,L1CA,7,181991,40.7,0.397336761,-369.109,-48471.181,29,0
$CH,182.000,L1CA,30,181992,39.9,0.851658197,1187.474,236611.586,29,0
$TIME,183.000,2024,7,15,6,39,4.194000,UTC
$OBS,182.980,2288,398600.000,G13,1C,38.0,28581571.929,-365851.522,1893.066,0
$OBS,182.980,2288,398600.000,G19,1C,39.5,27084919.698,-406329.534,2121.128,0
$OBS,182.980,2288,398600.000,G30,1C,40.0,26936609.460,-237776.306,1185.307,0
$OBS,182.980,2288,398600.000,G07,1C,40.6,28299688.860,48833.290,-370.030,0
$LOG,182.980,PNTPOS ERROR,gdop error nv=4 gdop=31.9
$CH,183.000,L1CA,19,182991,39.5,0.345542586,2120.908,406369.855,29,0
$CH,183.000,L1CA,13,182991,38.0,0.337838737,1892.345,365887.494,29,0
$CH,183.000,L1CA,30,182992,40.0,0.850841074,1187.298,237798.860,29,0
$CH,183.000,L1CA,7,182991,40.6,0.397608779,-369.511,-48840.306,29,0
$TIME,184.000,2024,7,15,6,39,4.374000,UTC
$OBS,183.980,2288,398601.000,G30,1C,40.0,26936366.396,-238962.720,1186.810,0
$OBS,183.980,2288,398601.000,G07,1C,40.6,28299725.436,49203.206,-370.464,0
$OBS,183.980,2288,398601.000,G13,1C,38.7,28581204.183,-367743.419,1890.996,0
$OBS,183.980,2288,398601.000,G19,1C,39.5,27084509.216,-408451.346,2121.018,0
$LOG,183.980,PNTPOS ERROR,gdop error nv=4 gdop=31.8
$CH,184.000,L1CA,7,183991,40.6,0.397724548,-369.097,-49210.236,29,0
$CH,184.000,L1CA,30,183992,40.0,0.850033598,1186.150,238985.252,29,0
$CH,184.000,L1CA,13,183991,38.7,0.336613273,1898.415,367779.379,29,0
$CH,184.000,L1CA,19,183991,39.5,0.344175541,2122.267,408491.651,29,0
$TIME,185.000,2024,7,15,6,39,4.564000,UTC
$OBS,184.980,2288,398602.000,G07,1C,40.0,28299786.372,49573.887,-370.146,0
$OBS,184.980,2288,398602.000,G30,1C,39.6,26936127.956,-240148.250,1186.455,0
$OBS,184.980,2288,398602.000,G19,1C,39.7,27084089.748,-410572.445,2119.578,0
$OBS,184.980,2288,398602.000,G13,1C,36.4,28580828.166,-369634.528,1888.190,0
$LOG,184.980,PNTPOS ERROR,gdop error nv=4 gdop=31.7
$CH,185.000,L1CA,7,184991,40.0,0.397933208,-370.562,-49580.937,29,0
$CH,185.000,L1CA,30,184992,39.6,0.849232825,1185.300,240170.770,29,0
$CH,185.000,L1CA,19,184991,39.7,0.342768450,2121.677,410612.740,29,0
$CH,185.000,L1CA,13,184991,36.4,0.335355171,1891.407,369670.436,29,0
$TIME,186.000,2024,7,15,6,39,4.734000,UTC
$OBS,185.980,2288,398603.000,G30,1C,39.9,26935886.933,-241332.825,1183.776,0
$OBS,185.980,2288,398603.000,G07,1C,40.1,28299846.174,49945.433,-372.600,0
$OBS,185.980,2288,398603.000,G13,1C,36.8,28580445.308,-371524.658,1890.253,0
$OBS,185.980,2288,398603.000,G19,1C,39.7,27083672.478,-412692.704,2120.307,0
$LOG,185.980,PNTPOS ERROR,gdop error nv=4 gdop=31.5
$CH,186.000,L1CA,7,185991,40.1,0.398125063,-371.429,-49952.503,29,0
$CH,186.000,L1CA,30,185992,39.9,0.848434438,1182.248,241355.323,29,0
$CH,186.000,L1CA,19,185991,39.7,0.341383797,2119.807,412732.979,29,0
$CH,186.000,L1CA,13,185991,36.8,0.334078051,1889.335,371560.562,29,0
$TIME,187.000,2024,7,15,6,39,4.924000,UTC
$CH,187.000,L1CA,7,186991,40.2,0.398287989,-372.617,-50324.844,29,0
$CH,187.000,L1CA,30,186992,40.1,0.847638005,1180.807,242538.966,29,0
$CH,187.000,L1CA,19,186991,39.5,0.339975962,2118.985,414852.491,29,0
$CH,187.000,L1CA,13,186991,38.1,0.332838804,1885.769,373449.860,29,0
$OBS,186.980,2288,398604.000,G13,1C,38.1,28580072.066,-373413.967,1886.589,0
$OBS,186.980,2288,398604.000,G19,1C,39.5,27083251.160,-414812.224,2119.990,0
$OBS,186.980,2288,398604.000,G07,1C,40.2,28299892.591,50317.753,-374.173,0
$OBS,186.980,2288,398604.000,G30,1C,40.1,26935648.092,-242516.491,1184.685,0
$LOG,186.980,PNTPOS ERROR,gdop error nv=4 gdop=31.4
$LOG,187.235,L1CA,7,FRAME SYNC (N)
$LNAV,187.075,L1CA,7,8B03C081C1317ED89E7C83A16C569192FCDD32307A5F4F05E9A5F7E03485
$LOG,187.230,L1CA,30,FRAME SYNC (N)
$LNAV,187.070,L1CA,30,8B03C081C1317ED89E7C83A16C569192FCDD32307A5F4F05E9A5F7E03485
$LOG,187.231,L1CA,19,FRAME SYNC (N)
$LNAV,187.071,L1CA,19,8B03C081C1317ED89E7C83A16C569192FCDD32307A5F4F05E9A5F7E03485
$LOG,187.236,L1CA,13,FRAME SYNC (N)
$LNAV,187.076,L1CA,13,8B03C081C1317ED89E7C83A16C569192FCDD32307A5F4F05E9A5F7E03485
$TIME,188.000,2024,7,15,6,39,5.094000,UTC
$OBS,187.980,2288,398605.000,G30,1C,39.0,26935410.752,-243699.183,1182.306,0
$OBS,187.980,2288,398605.000,G07,1C,40.2,28299972.374,50690.980,-371.579,0
$OBS,187.980,2288,398605.000,G13,1C,38.5,28579697.636,-375302.477,1884.421,0
$OBS,187.980,2288,398605.000,G19,1C,39.3,27082830.383,-416930.925,2117.800,0
$LOG,187.980,PNTPOS ERROR,gdop error nv=4 gdop=31.3
$CH,188.000,L1CA,7,187991,40.2,0.398546160,-374.852,-50698.075,30,0
$CH,188.000,L1CA,30,187992,39.0,0.846846674,1181.654,243721.649,30,0
$CH,188.000,L1CA,19,187991,39.3,0.338570072,2117.019,416971.171,30,0
$CH,188.000,L1CA,13,187991,38.5,0.331585349,1887.896,375338.331,30,0
$TIME,189.000,2024,7,15,6,39,5.274000,UTC
$OBS,188.980,2288,398606.000,G07,1C,40.1,28299992.494,51064.916,-374.401,0
$OBS,188.980,2288,398606.000,G30,1C,38.6,26935163.412,-244880.996,1180.833,0
$OBS,188.980,2288,398606.000,G19,1C,39.2,27082413.620,-419048.903,2116.789,0
$OBS,188.980,2288,398606.000,G13,1C,37.3,28579321.654,-377190.063,1882.045,0
$LOG,188.980,PNTPOS ERROR,gdop error nv=4 gdop=31.2
$CH,189.000,L1CA,7,188991,40.1,0.398617785,-373.721,-51072.032,30,0
$CH,189.000,L1CA,30,188992,38.6,0.846024665,1178.343,244903.435,30,0
$CH,189.000,L1CA,19,188991,39.2,0.337180320,2117.540,419089.141,30,0
$CH,189.000,L1CA,13,188991,37.3,0.330332914,1886.364,377225.911,30,0
$TIME,190.000,2024,7,15,6,39,5.464000,UTC
$OBS,189.980,2288,398607.000,G19,1C,39.3,27081992.930,-421166.166,2118.961,0
$OBS,189.980,2288,398607.000,G13,1C,37.0,28578948.062,-379076.856,1887.151,0
$OBS,189.980,2288,398607.000,G30,1C,38.8,26934924.170,-246061.875,1179.315,0
$OBS,189.980,2288,398607.000,G07,1C,40.1,28300070.479,51439.617,-375.084,0
$LOG,189.980,PNTPOS ERROR,gdop error nv=4 gdop=31.1
$CH,190.000,L1CA,19,189991,39.3,0.335777331,2116.449,421206.405,30,0
$CH,190.000,L1CA,13,189991,37.0,0.329085646,1884.107,379112.697,30,0
$CH,190.000,L1CA,30,189992,38.8,0.845219550,1182.052,246084.299,30,0
$CH,190.000,L1CA,7,189991,40.1,0.398881307,-374.644,-51446.745,30,0
$TIME,191.000,2024,7,15,6,39,5.644000,UTC
$OBS,190.980,2288,398608.000,G19,1C,39.4,27081574.177,-423282.685,2115.173,0
$OBS,190.980,2288,398608.000,G13,1C,37.0,28578573.476,-380962.747,1882.664,0
$OBS,190.980,2288,398608.000,G07,1C,40.2,28300108.712,51815.164,-375.636,0
$OBS,190.980,2288,398608.000,G30,1C,39.0,26934682.746,-247241.763,1179.396,0
$LOG,190.980,PNTPOS ERROR,gdop error nv=4 gdop=30.9
$CH,191.000,L1CA,13,190991,37.0,0.327834825,1880.335,380998.555,30,0
$CH,191.000,L1CA,19,190991,39.4,0.334375258,2116.399,423322.894,30,0
$CH,191.000,L1CA,30,190992,39.0,0.844412306,1179.414,247264.179,30,0
$CH,191.000,L1CA,7,190991,40.2,0.399005071,-376.230,-51822.316,30,0
$TIME,192.000,2024,7,15,6,39,5.835000,UTC
$CH,192.000,L1CA,13,191991,37.1,0.326569038,1884.134,382883.369,30,0
$CH,192.000,L1CA,19,191991,39.5,0.332992213,2115.587,425438.387,30,0
$CH,192.000,L1CA,30,191992,38.8,0.843628608,1178.195,248442.986,30,0
$CH,192.000,L1CA,7,191991,39.9,0.399228111,-375.638,-52198.895,30,0
$OBS,191.980,2288,398609.000,G07,1C,39.9,28300174.412,52191.730,-378.577,0
$OBS,191.980,2288,398609.000,G30,1C,38.8,26934448.163,-248420.591,1178.329,0
$OBS,191.980,2288,398609.000,G13,1C,37.1,28578193.846,-382847.556,1885.197,0
$OBS,191.980,2288,398609.000,G19,1C,39.5,27081158.251,-425398.198,2112.584,0
$LOG,191.980,PNTPOS ERROR,gdop error nv=4 gdop=30.8
$TIME,193.000,2024,7,15,6,39,6.015000,UTC
$CH,193.000,L1CA,19,192991,39.6,0.331596863,2115.573,427553.004,30,0
$CH,193.000,L1CA,13,192991,37.8,0.325324696,1882.749,384767.186,30,0
$CH,193.000,L1CA,30,192992,39.5,0.842830709,1177.771,249620.729,30,0
$CH,193.000,L1CA,7,192991,40.0,0.399400425,-379.279,-52576.391,30,0
$OBS,192.980,2288,398610.000,G30,1C,39.5,26934208.676,-249598.356,1177.892,0
$OBS,192.980,2288,398610.000,G07,1C,40.0,28300227.269,52569.211,-378.145,0
$OBS,192.980,2288,398610.000,G19,1C,39.6,27080739.219,-427512.829,2114.526,0
$OBS,192.980,2288,398610.000,G13,1C,37.8,28577820.988,-384731.397,1880.636,0
$LOG,192.980,PNTPOS ERROR,gdop error nv=4 gdop=30.7
$LOG,193.231,L1CA,19,FRAME SYNC (N)
$LOG,193.236,L1CA,13,FRAME SYNC (N)
$LNAV,193.076,L1CA,13,8B03C081C1B74C4779900E37FD5A00A10DA48E9F9D38D3203C3359C5FFEB
$LNAV,193.071,L1CA,19,8B03C081C1B74C4779900E37FD5A00A10DA48E9F9D38D3203C3359C5FFEB
$LOG,193.230,L1CA,30,FRAME SYNC (N)
$LNAV,193.070,L1CA,30,8B03C081C1B74C4779900E37FD5A00A10DA48E9F9D38D3203C3359C5FFEB
$LOG,193.235,L1CA,7,FRAME SYNC (N)
$LNAV,193.075,L1CA,7,8B03C081C1B74C4779900E37FD5A00A10DA48E9F9D38D3203C3359C5FFEB
$TIME,194.000,2024,7,15,6,39,6.185000,UTC
$OBS,193.980,2288,398611.000,G13,1C,38.3,28577442.789,-386614.507,1882.641,0
$OBS,193.980,2288,398611.000,G19,1C,39.8,27080315.528,-429626.712,2115.091,0
$OBS,193.980,2288,398611.000,G30,1C,40.7,26933963.553,-250775.222,1175.814,0
$OBS,193.980,2288,398611.000,G07,1C,39.7,28300286.111,52947.491,-379.397,0
$LOG,193.980,PNTPOS ERROR,gdop error nv=4 gdop=30.6
$CH,194.000,L1CA,19,193991,39.8,0.330186267,2112.956,429666.882,31,0
$CH,194.000,L1CA,13,193991,38.3,0.324062843,1882.894,386650.277,31,0
$CH,194.000,L1CA,7,193991,39.7,0.399600190,-378.664,-52954.683,31,0
$CH,194.000,L1CA,30,193992,40.7,0.842015127,1175.591,250797.579,31,0
$TIME,195.000,2024,7,15,6,39,6.375000,UTC
$OBS,194.980,2288,398612.000,G30,1C,40.9,26933726.300,-251951.406,1176.767,0
$OBS,194.980,2288,398612.000,G07,1C,39.5,28300346.995,53326.426,-377.434,0
$OBS,194.980,2288,398612.000,G19,1C,39.5,27079900.247,-431739.986,2112.403,0
$OBS,194.980,2288,398612.000,G13,1C,39.5,28577074.066,-388496.924,1882.647,0
$LOG,194.980,PNTPOS ERROR,gdop error nv=4 gdop=30.5
$CH,195.000,L1CA,30,194992,40.9,0.841223927,1174.192,251973.749,31,0
$CH,195.000,L1CA,7,194991,39.5,0.399795986,-380.824,-53333.635,31,0
$CH,195.000,L1CA,19,194991,39.5,0.328798324,2111.787,431780.129,31,0
$CH,195.000,L1CA,13,194991,39.5,0.322834957,1880.154,388532.687,31,0
$TIME,196.000,2024,7,15,6,39,6.555000,UTC
$OBS,195.980,2288,398613.000,G07,1C,39.8,28300391.353,53706.118,-381.668,0
$OBS,195.980,2288,398613.000,G30,1C,40.2,26933482.730,-253126.671,1175.517,0
$OBS,195.980,2288,398613.000,G13,1C,39.4,28576706.076,-390378.496,1881.626,0
$OBS,195.980,2288,398613.000,G19,1C,39.4,27079481.861,-433852.556,2111.933,0
$LOG,195.980,PNTPOS ERROR,gdop error nv=4 gdop=30.4
$CH,196.000,L1CA,30,195992,40.2,0.840411373,1173.033,253148.988,31,0
$CH,196.000,L1CA,7,195991,39.8,0.399947773,-379.222,-53713.349,31,0
$CH,196.000,L1CA,19,195991,39.4,0.327398486,2110.616,433892.683,31,0
$CH,196.000,L1CA,13,195991,39.4,0.321607045,1882.315,390414.234,31,0
$TIME,197.000,2024,7,15,6,39,6.745000,UTC
$OBS,196.980,2288,398614.000,G30,1C,40.3,26933247.134,-254300.834,1171.798,0
$OBS,196.980,2288,398614.000,G07,1C,39.7,28300471.101,54086.760,-380.869,0
$OBS,196.980,2288,398614.000,G19,1C,39.4,27079058.693,-435964.207,2110.501,0
$OBS,196.980,2288,398614.000,G13,1C,38.2,28576331.489,-392259.075,1879.897,0
$LOG,196.980,PNTPOS ERROR,gdop error nv=4 gdop=30.3
$CH,197.000,L1CA,7,196991,39.7,0.400210610,-382.553,-54094.002,31,0
$CH,197.000,L1CA,30,196992,40.3,0.839626395,1174.497,254323.137,31,0
$CH,197.000,L1CA,13,196991,38.2,0.320356255,1882.887,392294.788,31,0
$CH,197.000,L1CA,19,196991,39.4,0.325993337,2113.502,436004.318,31,0
$TIME,198.000,2024,7,15,6,39,6.925000,UTC
$OBS,197.980,2288,398615.000,G13,1C,37.6,28575955.437,-394138.702,1880.722,0
$OBS,197.980,2288,398615.000,G19,1C,39.5,27078646.414,-438075.026,2109.301,0
$OBS,197.980,2288,398615.000,G30,1C,40.1,26933011.155,-255474.057,1172.168,0
$OBS,197.980,2288,398615.000,G07,1C,39.8,28300509.055,54468.284,-384.336,0
$LOG,197.980,PNTPOS ERROR,gdop error nv=4 gdop=30.1
$CH,198.000,L1CA,13,197991,37.6,0.319104707,1878.129,394174.407,31,0
$CH,198.000,L1CA,19,197991,39.5,0.324612987,2111.894,438115.120,31,0
$CH,198.000,L1CA,30,197992,40.1,0.838843014,1174.495,255496.335,31,0
$CH,198.000,L1CA,7,197991,39.8,0.400341992,-382.046,-54475.546,31,0
$TIME,199.000,2024,7,15,6,39,7.105000,UTC
$OBS,198.980,2288,398616.000,G19,1C,39.5,27078230.401,-440185.047,2111.662,0
$OBS,198.980,2288,398616.000,G13,1C,37.6,28575582.910,-396017.339,1879.753,0
$OBS,198.980,2288,398616.000,G30,1C,40.2,26932772.052,-256646.350,1170.997,0
$OBS,198.980,2288,398616.000,G07,1C,39.7,28300595.329,54850.629,-380.079,0
$LOG,198.980,PNTPOS ERROR,gdop error nv=4 gdop=30.0
$CH,199.000,L1CA,19,198991,39.5,0.323226846,2110.126,440225.134,31,0
$CH,199.000,L1CA,13,198991,37.6,0.317861284,1878.419,396053.029,31,0
$CH,199.000,L1CA,7,198991,39.7,0.400625290,-384.353,-54857.895,31,0
$CH,199.000,L1CA,30,198992,40.2,0.838044396,1169.790,256668.620,31,0
$LOG,199.230,L1CA,30,FRAME SYNC (N)
$LOG,199.235,L1CA,7,FRAME SYNC (N)
$LNAV,199.070,L1CA,30,8B03C081C2263C100046854AD477AF0801D8CB9A08536270000023C2B5D9
$LNAV,199.075,L1CA,7,8B03C081C2263C100046854AD477AF0801D8CB9AE813627000FFA9018EFA
$LOG,199.231,L1CA,19,FRAME SYNC (N)
$LNAV,199.071,L1CA,19,8B03C081C2263C100046854AD477AF0801D8CB9ADF00626F00002E346555
$LOG,199.236,L1CA,13,FRAME SYNC (N)
$LNAV,199.076,L1CA,13,8B03C081C2263C100046854AD477AF0801D8CB9AE71462700000244E1C07
$TIME,200.000,2024,7,15,6,39,7.285000,UTC
$OBS,199.980,2288,398617.000,G13,1C,38.0,28575205.340,-397895.036,1876.087,0
$OBS,199.980,2288,398617.000,G19,1C,39.4,27077809.886,-442294.319,2110.340,0
$OBS,199.980,2288,398617.000,G07,1C,39.8,28300615.903,55233.789,-381.975,0
$OBS,199.980,2288,398617.000,G30,1C,40.1,26932530.227,-257817.720,1171.810,0
$POS,199.980,2023,11,16,14,43,36.978659469,15.397022466,73.878869939,-349.573,4,4
$CH,200.000,L1CA,19,199991,39.4,0.321831627,2109.350,442334.383,32,0
$CH,200.000,L1CA,13,199991,38.0,0.316599263,1875.297,397930.697,32,0
$CH,200.000,L1CA,30,199992,40.1,0.837238200,1173.428,257839.960,32,0
$CH,200.000,L1CA,7,199991,39.8,0.400695875,-381.759,-55241.073,32,0
$TIME,201.000,2024,7,15,6,39,7.475000,UTC
$CH,201.000,L1CA,7,200991,39.6,0.400955134,-384.006,-55624.939,32,0
$CH,201.000,L1CA,30,200992,39.9,0.836431969,1168.672,259010.462,32,0
$CH,201.000,L1CA,19,200991,39.5,0.320459845,2108.756,444442.971,32,0
$CH,201.000,L1CA,13,200991,38.2,0.315352203,1874.908,399807.746,32,0
$OBS,201.000,2288,398618.000,G07,1C,39.6,22304845.281,55625.323,-382.039,0
$OBS,201.000,2288,398618.000,G30,1C,39.9,20936435.380,-259011.631,1169.571,0
$OBS,201.000,2288,398618.000,G19,1C,39.5,21081543.102,-444445.080,2110.239,0
$OBS,201.000,2288,398618.000,G13,1C,38.2,22578974.206,-399809.621,1878.362,0
$POS,201.000,2023,11,16,14,43,37.998660155,15.394902871,73.877722664,-122.068,4,4
$TIME,202.000,2024,7,15,6,39,7.655000,UTC
$CH,202.000,L1CA,30,201992,40.1,0.835636070,1168.958,260179.996,32,0
$CH,202.000,L1CA,7,201991,39.8,0.401086263,-385.551,-56009.683,32,0
$CH,202.000,L1CA,13,201991,38.2,0.314110193,1874.304,401683.849,32,0
$CH,202.000,L1CA,19,201991,39.4,0.319057089,2108.573,446550.740,32,0
$OBS,202.000,2288,398619.000,G07,1C,39.8,22304884.596,56010.068,-383.234,0
$OBS,202.000,2288,398619.000,G30,1C,40.1,20936196.783,-260181.165,1170.852,0
$OBS,202.000,2288,398619.000,G13,1C,38.2,22578601.871,-401685.724,1876.151,0
$OBS,202.000,2288,398619.000,G19,1C,39.4,21081122.569,-446552.848,2109.268,0
$POS,202.000,2023,11,16,14,43,38.998662018,15.396147223,73.878435639,-265.919,4,4
$TIME,203.000,2024,7,15,6,39,7.840000,UTC
$CH,203.000,L1CA,19,202991,39.2,0.317677483,2108.881,448657.735,32,0
$CH,203.000,L1CA,7,202991,39.7,0.401327403,-385.809,-56395.247,32,0
$CH,203.000,L1CA,30,202992,39.7,0.834843461,1168.471,261348.637,32,0
$CH,203.000,L1CA,13,202991,38.5,0.312856926,1876.263,403559.082,32,0
$OBS,203.000,2288,398620.000,G19,1C,39.2,21080708.981,-448659.844,2106.241,0
$OBS,203.000,2288,398620.000,G07,1C,39.7,22304956.875,56395.632,-386.190,0
$OBS,203.000,2288,398620.000,G30,1C,39.7,20935959.163,-261349.805,1165.826,0
$OBS,203.000,2288,398620.000,G13,1C,38.5,22578226.150,-403560.958,1873.905,0
$POS,203.000,2023,11,16,14,43,39.998663002,15.394987139,73.877767559,-139.354,4,4
$TIME,204.000,2024,7,15,6,39,8.020000,UTC
$CH,204.000,L1CA,19,203991,39.1,0.316301688,2108.555,450763.927,32,0
$CH,204.000,L1CA,7,203991,40.0,0.401475233,-386.895,-56781.655,32,0
$CH,204.000,L1CA,30,203992,40.8,0.834066410,1170.435,262516.234,32,0
$CH,204.000,L1CA,13,203991,38.1,0.311639091,1874.266,405433.406,32,0
$OBS,204.000,2288,398621.000,G19,1C,39.1,21080296.528,-450766.036,2106.874,0
$OBS,204.000,2288,398621.000,G07,1C,40.0,22305001.198,56782.042,-386.485,0
$OBS,204.000,2288,398621.000,G30,1C,40.8,20935726.203,-262517.404,1169.237,0
$OBS,204.000,2288,398621.000,G13,1C,38.1,22577861.039,-405435.280,1875.038,0
$POS,204.000,2023,11,16,14,43,40.998664804,15.396074923,73.878421418,-270.859,4,4
$TIME,205.000,2024,7,15,6,39,8.190000,UTC
$CH,205.000,L1CA,13,204991,37.8,0.310396927,1870.910,407306.772,32,0
$CH,205.000,L1CA,7,204991,39.9,0.401698148,-388.767,-57168.869,32,0
$CH,205.000,L1CA,30,204992,40.4,0.833278767,1164.166,263683.018,32,0
$CH,205.000,L1CA,19,204991,39.1,0.314882667,2104.931,452869.370,32,0
$OBS,205.000,2288,398622.000,G13,1C,37.8,22577488.652,-407308.643,1873.822,0
$OBS,205.000,2288,398622.000,G07,1C,39.9,22305068.033,57169.258,-385.983,0
$OBS,205.000,2288,398622.000,G30,1C,40.4,20935490.084,-263684.182,1165.455,0
$OBS,205.000,2288,398622.000,G19,1C,39.1,21079871.109,-452871.475,2104.447,0
$POS,205.000,2023,11,16,14,43,41.998666343,15.396763075,73.878684449,-310.736,4,4
$LOG,205.230,L1CA,30,FRAME SYNC (N)
$LNAV,205.070,L1CA,30,8B03C081C2AB53FEA93CACFEC49A99FEBC035F3A3F0C8BA10DD06F62707E
$LOG,205.231,L1CA,19,FRAME SYNC (N)
$LOG,205.235,L1CA,7,FRAME SYNC (N)
$LNAV,205.071,L1CA,19,8B03C081C2AB000D9A2DE5CB9062210C2704C9D814070BA10D5065626F1D
$LNAV,205.075,L1CA,7,8B03C081C2AB13FF013A29025D1CAFFF5D090739B90D0EA10D8A7562707E
$LOG,205.236,L1CA,13,FRAME SYNC (N)
$LNAV,205.076,L1CA,13,8B03C081C2AB14FEF43187682D61BFFF0C03EF570B10E1A10D3FC0627068
$TIME,206.000,2024,7,15,6,39,8.380000,UTC
$CH,206.000,L1CA,30,205992,40.3,0.832490699,1163.687,264848.667,33,0
$CH,206.000,L1CA,13,205991,37.7,0.309169492,1870.266,409179.163,33,0
$CH,206.000,L1CA,7,205991,39.9,0.401898363,-388.746,-57557.096,33,0
$CH,206.000,L1CA,19,205991,39.1,0.313497534,2102.395,454973.845,33,0
$OBS,206.000,2288,398623.000,G30,1C,40.3,20935253.825,-264849.831,1165.638,0
$OBS,206.000,2288,398623.000,G13,1C,37.7,22577120.679,-409181.033,1875.897,0
$OBS,206.000,2288,398623.000,G07,1C,39.9,22305128.061,57557.485,-388.653,0
$OBS,206.000,2288,398623.000,G19,1C,39.1,21079455.864,-454975.948,2101.375,0
$POS,206.000,2023,11,16,14,43,42.998667768,15.396920535,73.878773426,-320.541,4,4
$TIME,207.000,2024,7,15,6,39,8.560000,UTC
$CH,207.000,L1CA,7,206991,39.7,0.402082094,-390.448,-57946.173,33,0
$CH,207.000,L1CA,19,206991,38.9,0.312117962,2102.435,457077.485,33,0
$CH,207.000,L1CA,13,206991,38.0,0.307931920,1872.838,411050.623,33,0
$CH,207.000,L1CA,30,206992,41.6,0.831707811,1164.082,266013.378,33,0
$OBS,207.000,2288,398624.000,G07,1C,39.7,22305183.134,57946.564,-387.624,0
$OBS,207.000,2288,398624.000,G19,1C,38.9,21079042.276,-457079.587,2101.163,0
$OBS,207.000,2288,398624.000,G13,1C,38.0,22576749.670,-411052.496,1869.874,0
$OBS,207.000,2288,398624.000,G30,1C,41.6,20935019.120,-266014.542,1163.648,0
$POS,207.000,2023,11,16,14,43,43.998669248,15.397099529,73.878885236,-350.101,4,4
$TIME,208.000,2024,7,15,6,39,8.750000,UTC
$CH,208.000,L1CA,7,207991,39.9,0.402296171,-390.045,-58336.013,33,0
$CH,208.000,L1CA,19,207991,38.9,0.310732982,2102.329,459180.449,33,0
$CH,208.000,L1CA,30,207992,41.7,0.830913105,1162.477,267177.255,33,0
$CH,208.000,L1CA,13,207991,38.1,0.306676072,1870.662,412921.314,33,0
$OBS,208.000,2288,398625.000,G07,1C,39.9,22305247.316,58336.403,-390.138,0
$OBS,208.000,2288,398625.000,G19,1C,38.9,21078627.066,-459182.552,2104.510,0
$OBS,208.000,2288,398625.000,G30,1C,41.7,20934780.872,-267178.418,1163.294,0
$OBS,208.000,2288,398625.000,G13,1C,38.1,22576373.164,-412923.185,1870.151,0
$POS,208.000,2023,11,16,14,43,44.998670408,15.396379348,73.878474128,-277.130,4,4
$TIME,209.000,2024,7,15,6,39,8.931000,UTC
$CH,209.000,L1CA,7,208991,39.8,0.402433663,-389.828,-58726.715,33,0
$CH,209.000,L1CA,13,208991,38.5,0.305428663,1869.154,414791.034,33,0
$CH,209.000,L1CA,30,208992,39.8,0.830123131,1162.023,268340.073,33,0
$CH,209.000,L1CA,19,208991,38.9,0.309341932,2100.644,461282.530,33,0
$OBS,209.000,2288,398626.000,G07,1C,39.8,22305288.534,58727.105,-391.207,0
$OBS,209.000,2288,398626.000,G13,1C,38.5,22575999.206,-414792.904,1870.405,0
$OBS,209.000,2288,398626.000,G30,1C,39.8,20934544.038,-268341.235,1161.898,0
$OBS,209.000,2288,398626.000,G19,1C,38.9,21078210.040,-461284.631,2101.403,0
$POS,209.000,2023,11,16,14,43,45.998672149,15.397178981,73.878952069,-385.622,4,4
$TIME,210.000,2024,7,15,6,39,9.111000,UTC
$CH,210.000,L1CA,7,209991,40.1,0.402709729,-392.910,-59118.283,33,0
$CH,210.000,L1CA,19,209991,38.8,0.307973664,2101.638,463383.815,33,0
$CH,210.000,L1CA,13,209991,38.4,0.304205901,1868.467,416659.833,33,0
$CH,210.000,L1CA,30,209992,38.9,0.829313952,1160.994,269501.899,33,0
$OBS,210.000,2288,398627.000,G07,1C,40.1,22305371.300,59118.676,-389.920,0
$OBS,210.000,2288,398627.000,G19,1C,38.8,21077799.838,-463385.917,2099.916,0
$OBS,210.000,2288,398627.000,G13,1C,38.4,22575632.629,-416661.701,1868.792,0
$OBS,210.000,2288,398627.000,G30,1C,38.9,20934301.462,-269503.060,1162.455,0
$POS,210.000,2023,11,16,14,43,46.998672797,15.395246142,73.877911856,-151.087,4,4
$TIME,211.000,2024,7,15,6,39,9.301000,UTC
$CH,211.000,L1CA,19,210991,38.7,0.306560074,2101.696,465484.346,33,0
$CH,211.000,L1CA,30,210992,40.0,0.828514401,1160.023,270662.868,33,0
$CH,211.000,L1CA,13,210991,38.6,0.302960701,1867.685,418527.922,33,0
$CH,211.000,L1CA,7,210991,39.9,0.402824768,-392.991,-59510.666,33,0
$OBS,211.000,2288,398628.000,G19,1C,38.7,21077376.059,-465486.448,2101.575,0
$OBS,211.000,2288,398628.000,G30,1C,40.0,20934061.749,-270664.028,1160.449,0
$OBS,211.000,2288,398628.000,G13,1C,38.6,22575259.334,-418529.790,1868.292,0
$OBS,211.000,2288,398628.000,G07,1C,39.9,22305405.782,59511.059,-391.354,0
$POS,211.000,2023,11,16,14,43,47.998674781,15.396814544,73.878802013,-329.400,4,4
$LOG,211.230,L1CA,30,FRAME SYNC (N)
$LNAV,211.070,L1CA,30,8B03C081C32EFFE36167F0520015261BA4231F0997EAD199FFA32953EFE9
$LOG,211.236,L1CA,13,FRAME SYNC (N)
$LNAV,211.076,L1CA,13,8B03C081C32EFFEA3C3624B6FFD02785F8C41CAE26E0CE24FFAC3314199A
$LOG,211.231,L1CA,19,FRAME SYNC (N)
$LOG,211.235,L1CA,7,FRAME SYNC (N)
$LNAV,211.075,L1CA,7,8B03C081C32EFFCD61434D2C004E26B6B0C41FD2A7B86F37FFA23C13F068
$LNAV,211.071,L1CA,19,8B03C081C32EFFBABAD7BD79FFF8278D173C286163B10279FFA738000B1B
$TIME,212.000,2024,7,15,6,39,9.481000,UTC
$CH,212.000,L1CA,19,211991,38.6,0.305171176,2098.478,467584.208,34,0
$CH,212.000,L1CA,30,211992,40.7,0.827730416,1161.321,271822.999,34,0
$CH,212.000,L1CA,7,211991,40.1,0.403124626,-391.893,-59903.760,34,0
$CH,212.000,L1CA,13,211991,38.4,0.301732096,1867.383,420395.221,34,0
$OBS,212.000,2288,398629.000,G19,1C,38.6,21076959.680,-467586.307,2100.407,0
$OBS,212.000,2288,398629.000,G30,1C,40.7,20933826.729,-271824.161,1160.572,0
$OBS,212.000,2288,398629.000,G07,1C,40.1,22305495.685,59904.152,-392.587,0
$OBS,212.000,2288,398629.000,G13,1C,38.4,22574891.012,-420397.089,1867.275,0
$POS,212.000,2023,11,16,14,43,48.998675690,15.395809320,73.878138288,-176.670,4,4
$TIME,213.000,2024,7,15,6,39,9.651000,UTC
$CH,213.000,L1CA,7,212991,40.1,0.403216389,-396.048,-60297.444,34,0
$CH,213.000,L1CA,19,212991,38.8,0.303786227,2098.311,469683.504,34,0
$CH,213.000,L1CA,30,212992,40.6,0.826978026,1157.679,272982.420,34,0
$CH,213.000,L1CA,13,212991,37.7,0.300497889,1867.356,422261.774,34,0
$OBS,213.000,2288,398630.000,G07,1C,40.1,22305523.187,60297.840,-391.288,0
$OBS,213.000,2288,398630.000,G19,1C,38.8,21076544.487,-469685.602,2100.044,0
$OBS,213.000,2288,398630.000,G30,1C,40.6,20933601.168,-272983.578,1159.305,0
$OBS,213.000,2288,398630.000,G13,1C,37.7,22574520.998,-422263.641,1866.410,0
$POS,213.000,2023,11,16,14,43,49.998678046,15.398274741,73.879519136,-484.314,4,4
$TIME,214.000,2024,7,15,6,39,9.826000,UTC
$CH,214.000,L1CA,19,213991,39.1,0.302389715,2098.779,471782.016,34,0
$CH,214.000,L1CA,7,213991,40.2,0.403539502,-394.620,-60691.966,34,0
$CH,214.000,L1CA,30,213992,39.9,0.826190366,1157.280,274140.872,34,0
$CH,214.000,L1CA,13,213991,37.1,0.299258668,1864.275,424127.517,34,0
$OBS,214.000,2288,398631.000,G19,1C,39.1,21076125.821,-471784.114,2098.271,0
$OBS,214.000,2288,398631.000,G07,1C,40.2,22305620.053,60692.361,-394.701,0
$OBS,214.000,2288,398631.000,G30,1C,39.9,20933365.031,-274142.029,1157.699,0
$OBS,214.000,2288,398631.000,G13,1C,37.1,22574149.483,-424129.381,1865.797,0
$POS,214.000,2023,11,16,14,43,50.998678809,15.396906676,73.878615700,-283.817,4,4
$TIME,215.000,2024,7,15,6,39,10.006000,UTC
$CH,215.000,L1CA,30,214992,39.0,0.825380429,1157.464,275298.323,34,0
$CH,215.000,L1CA,19,214991,39.1,0.301009321,2096.839,473879.775,34,0
$CH,215.000,L1CA,7,214991,40.3,0.403617110,-395.926,-61087.296,34,0
$CH,215.000,L1CA,13,214991,37.4,0.298007051,1865.081,425992.299,34,0
$OBS,215.000,2288,398632.000,G30,1C,39.0,20933122.212,-275299.480,1157.053,0
$OBS,215.000,2288,398632.000,G19,1C,39.1,21075711.989,-473881.872,2096.678,0
$OBS,215.000,2288,398632.000,G07,1C,40.3,22305643.314,61087.692,-394.313,0
$OBS,215.000,2288,398632.000,G13,1C,37.4,22573774.268,-425994.164,1865.079,0
$POS,215.000,2023,11,16,14,43,51.998680588,15.397523953,73.879120146,-402.860,4,4
$TIME,216.000,2024,7,15,6,39,10.186000,UTC
$CH,216.000,L1CA,30,215992,38.6,0.824598973,1155.222,276454.724,34,0
$CH,216.000,L1CA,19,215991,39.1,0.299627026,2098.829,475976.682,34,0
$CH,216.000,L1CA,7,215991,40.3,0.403914189,-395.704,-61483.518,34,0
$CH,216.000,L1CA,13,215991,38.1,0.296747597,1861.056,427856.130,34,0
$OBS,216.000,2288,398633.000,G30,1C,38.6,20932887.942,-276455.879,1156.744,0
$OBS,216.000,2288,398633.000,G19,1C,39.1,21075297.581,-475978.781,2096.572,0
$OBS,216.000,2288,398633.000,G07,1C,40.3,22305732.380,61483.914,-396.581,0
$OBS,216.000,2288,398633.000,G13,1C,38.1,22573396.698,-427857.991,1865.974,0
$POS,216.000,2023,11,16,14,43,52.998681360,15.395910419,73.878112712,-209.712,4,4
$TIME,217.000,2024,7,15,6,39,10.367000,UTC
$CH,217.000,L1CA,13,216991,38.6,0.295514617,1864.774,429719.090,34,0
$CH,217.000,L1CA,19,216991,39.2,0.298266315,2095.049,478072.838,34,0
$CH,217.000,L1CA,30,216992,38.6,0.823828159,1153.370,277610.230,34,0
$CH,217.000,L1CA,7,216991,40.4,0.404033111,-397.974,-61880.515,34,0
$OBS,217.000,2288,398634.000,G13,1C,38.6,22573027.050,-429720.955,1866.389,0
$OBS,217.000,2288,398634.000,G30,1C,38.6,20932656.849,-277611.383,1153.547,0
$OBS,217.000,2288,398634.000,G19,1C,39.2,21074889.648,-478074.933,2093.689,0
$OBS,217.000,2288,398634.000,G07,1C,40.4,22305768.031,61880.913,-396.425,0
$POS,217.000,2023,11,16,14,43,53.998683171,15.396743117,73.878671719,-348.019,4,4
$LOG,217.231,L1CA,19,FRAME SYNC (N)
$LOG,217.236,L1CA,13,FRAME SYNC (N)
$LNAV,217.071,L1CA,19,8B03C081C3B3745B5011398A09957E673D0B557233F73E85C29B31AA21FE
$LNAV,217.076,L1CA,13,8B03C081C3B37440216C226CAC56465A54A1020150C27A6B95DA9CA7CC8D
$LOG,217.230,L1CA,30,FRAME SYNC (N)
$LNAV,217.070,L1CA,30,8B03C081C3B3746859D516C43966F9ABBF389A843BC67837A43E2BD1C259
$LOG,217.235,L1CA,7,FRAME SYNC (N)
$LNAV,217.075,L1CA,7,8B03C081C3B37477AD2D6F6C749C990E522482D15683A75EDA6D6E75FC6A
$TIME,218.000,2024,7,15,6,39,10.556000,UTC
$CH,218.000,L1CA,7,217991,40.2,0.404329934,-398.276,-62278.401,35,0
$CH,218.000,L1CA,30,217992,38.7,0.823033398,1152.771,278764.784,35,0
$CH,218.000,L1CA,13,217991,37.1,0.294290894,1862.156,431581.206,35,0
$CH,218.000,L1CA,19,217991,39.2,0.296865279,2094.805,480168.175,35,0
$OBS,218.000,2288,398635.000,G07,1C,40.2,22305857.027,62278.800,-398.387,0
$OBS,218.000,2288,398635.000,G30,1C,38.7,20932418.601,-278765.936,1153.763,0
$OBS,218.000,2288,398635.000,G13,1C,37.1,22572660.194,-431583.068,1861.144,0
$OBS,218.000,2288,398635.000,G19,1C,39.2,21074469.638,-480170.270,2095.360,0
$POS,218.000,2023,11,16,14,43,54.998684121,15.395936862,73.878118326,-203.149,4,4
$TIME,219.000,2024,7,15,6,39,10.746000,UTC
$CH,219.000,L1CA,19,218991,39.1,0.295485556,2093.004,482262.734,35,0
$CH,219.000,L1CA,7,218991,40.1,0.404446688,-398.586,-62677.093,35,0
$CH,219.000,L1CA,13,218991,38.2,0.293051401,1859.733,433442.483,35,0
$CH,219.000,L1CA,30,218992,39.5,0.822239471,1152.837,279918.425,35,0
$OBS,219.000,2288,398636.000,G19,1C,39.1,21074055.998,-482264.827,2095.692,0
$OBS,219.000,2288,398636.000,G13,1C,38.2,22572288.592,-433444.343,1861.669,0
$OBS,219.000,2288,398636.000,G30,1C,39.5,20932180.580,-279919.578,1153.241,0
$OBS,219.000,2288,398636.000,G07,1C,40.1,22305892.032,62677.491,-399.536,0
$POS,219.000,2023,11,16,14,43,55.998685863,15.396628868,73.878602333,-312.129,4,4
$TIME,220.000,2024,7,15,6,39,10.936000,UTC
$CH,220.000,L1CA,7,219991,40.0,0.404706774,-398.706,-63076.553,35,0
$CH,220.000,L1CA,13,219991,39.0,0.291819668,1862.240,435302.993,35,0
$CH,220.000,L1CA,19,219991,39.0,0.294111133,2092.637,484356.599,35,0
$CH,220.000,L1CA,30,219992,40.7,0.821428302,1152.373,281071.215,35,0
$OBS,220.000,2288,398637.000,G07,1C,40.0,22305969.999,63076.951,-400.582,0
$OBS,220.000,2288,398637.000,G13,1C,39.0,22571919.327,-435304.855,1859.720,0
$OBS,220.000,2288,398637.000,G19,1C,39.0,21073643.964,-484358.692,2091.521,0
$OBS,220.000,2288,398637.000,G30,1C,40.7,20931937.394,-281072.368,1151.117,0
$POS,220.000,2023,11,16,14,43,56.998686613,15.394929285,73.877687332,-107.506,4,4
$TIME,221.000,2024,7,15,6,39,11.116000,UTC
$CH,221.000,L1CA,19,220991,38.9,0.292734367,2092.483,486449.701,35,0
$CH,221.000,L1CA,30,220992,41.2,0.820640217,1151.687,282223.195,35,0
$CH,221.000,L1CA,7,220991,40.1,0.404823049,-401.822,-63476.774,35,0
$CH,221.000,L1CA,13,220991,38.7,0.290592050,1858.815,437162.693,35,0
$OBS,221.000,2288,398638.000,G19,1C,38.9,21073231.214,-486451.794,2091.442,0
$OBS,221.000,2288,398638.000,G30,1C,41.2,20931701.136,-282224.347,1150.781,0
$OBS,221.000,2288,398638.000,G07,1C,40.1,22306004.848,63477.176,-401.042,0
$OBS,221.000,2288,398638.000,G13,1C,38.7,22571551.302,-437164.551,1856.684,0
$POS,221.000,2023,11,16,14,43,57.998688431,15.395883027,73.878319572,-241.236,4,4
$TIME,222.000,2024,7,15,6,39,11.306000,UTC
$CH,222.000,L1CA,13,221991,37.6,0.289360639,1856.855,439021.348,35,0
$CH,222.000,L1CA,30,221992,40.6,0.819876318,1150.654,283374.049,35,0
$CH,222.000,L1CA,7,221991,39.9,0.405082697,-402.929,-63877.928,35,0
$CH,222.000,L1CA,19,221991,39.0,0.291351666,2092.107,488541.939,35,0
$OBS,222.000,2288,398639.000,G13,1C,37.6,22571182.143,-439023.205,1856.532,0
$OBS,222.000,2288,398639.000,G30,1C,40.6,20931472.119,-283375.200,1151.113,0
$OBS,222.000,2288,398639.000,G07,1C,39.9,22306082.693,63878.331,-401.376,0
$OBS,222.000,2288,398639.000,G19,1C,39.0,21072816.701,-488544.031,2092.445,0
$POS,222.000,2023,11,16,14,43,58.998689694,15.395714547,73.878125166,-203.047,4,4
$TIME,223.000,2024,7,15,6,39,11.496000,UTC
$CH,223.000,L1CA,19,222991,39.0,0.289963874,2090.643,490633.468,35,0
$CH,223.000,L1CA,30,222992,39.9,0.819079751,1149.634,284524.016,35,0
$CH,223.000,L1CA,13,222991,37.7,0.288136025,1859.090,440879.042,35,0
$CH,223.000,L1CA,7,222991,40.2,0.405218769,-400.773,-64279.842,35,0
$OBS,223.000,2288,398640.000,G19,1C,39.0,21072400.653,-490635.559,2090.748,0
$OBS,223.000,2288,398640.000,G30,1C,39.9,20931233.313,-284525.166,1148.992,0
$OBS,223.000,2288,398640.000,G13,1C,37.7,22570815.008,-440880.901,1858.078,0
$OBS,223.000,2288,398640.000,G07,1C,40.2,22306123.492,64280.243,-401.759,0
$POS,223.000,2023,11,16,14,43,59.998691421,15.396543230,73.878664310,-304.295,4,4
$LOG,223.230,L1CA,30,FRAME SYNC (N)
$LNAV,223.070,L1CA,30,8B03C081C4344D3EFE901204FD6300A10CEE3C270626E3C0BD3DCA4E002B
$LOG,223.236,L1CA,13,FRAME SYNC (N)
$LOG,223.235,L1CA,7,FRAME SYNC (N)
$LNAV,223.076,L1CA,13,8B03C081C4344D3EFE901204FD6300A10CEE3C270626E3C0BD3DCA4E002B
$LNAV,223.075,L1CA,7,8B03C081C4344D3EFE901204FD6300A10CEE3C270626E3C0BD3DCA4E002B
$LOG,223.231,L1CA,19,FRAME SYNC (N)
$LNAV,223.071,L1CA,19,8B03C081C4344D3EFE901204FD6300A10CEE3C270626E3C0BD3DCA4E002B
$TIME,224.000,2024,7,15,6,39,11.667000,UTC
$CH,224.000,L1CA,7,223991,40.1,0.405439313,-402.788,-64682.637,36,0
$CH,224.000,L1CA,30,223992,39.8,0.818303139,1149.074,285672.992,36,0
$CH,224.000,L1CA,19,223991,39.1,0.288576359,2089.873,492724.151,36,0
$CH,224.000,L1CA,13,223991,36.9,0.286876563,1858.195,442735.882,36,0
$OBS,224.000,2288,398641.000,G07,1C,40.1,22306189.610,64683.040,-401.402,0
$OBS,224.000,2288,398641.000,G30,1C,39.8,20931000.492,-285674.141,1146.316,0
$OBS,224.000,2288,398641.000,G19,1C,39.1,21071984.675,-492726.241,2090.785,0
$OBS,224.000,2288,398641.000,G13,1C,36.9,22570437.438,-442737.741,1859.039,0
$POS,224.000,2023,11,16,14,44,0.998692720,15.396230121,73.878423790,-275.614,4,4
$TIME,225.000,2024,7,15,6,39,11.857000,UTC
$CH,225.000,L1CA,7,224991,40.2,0.405653470,-402.873,-65086.132,36,0
$CH,225.000,L1CA,19,224991,39.3,0.287206418,2089.532,494814.154,36,0
$CH,225.000,L1CA,30,224992,39.6,0.817532144,1150.246,286821.097,36,0
$CH,225.000,L1CA,13,224991,37.6,0.285630179,1855.692,444592.052,36,0
$OBS,225.000,2288,398642.000,G07,1C,40.2,22306253.810,65086.535,-404.673,0
$OBS,225.000,2288,398642.000,G30,1C,39.6,20930769.364,-286822.247,1148.595,0
$OBS,225.000,2288,398642.000,G19,1C,39.3,21071573.984,-494816.244,2090.767,0
$OBS,225.000,2288,398642.000,G13,1C,37.6,22570063.776,-444593.908,1856.702,0
$POS,225.000,2023,11,16,14,44,1.998694008,15.395835300,73.878184384,-247.599,4,4
$TIME,226.000,2024,7,15,6,39,12.047000,UTC
$CH,226.000,L1CA,13,225991,39.5,0.284412822,1854.288,446447.275,36,0
$CH,226.000,L1CA,7,225991,40.1,0.405860233,-404.683,-65490.540,36,0
$CH,226.000,L1CA,30,225992,39.6,0.816765450,1146.389,287968.130,36,0
$CH,226.000,L1CA,19,225991,39.4,0.285837264,2088.090,496903.291,36,0
$OBS,226.000,2288,398643.000,G13,1C,39.5,22569698.822,-446449.130,1855.208,0
$OBS,226.000,2288,398643.000,G07,1C,40.1,22306315.793,65490.945,-404.334,0
$OBS,226.000,2288,398643.000,G30,1C,39.6,20930539.510,-287969.276,1146.797,0
$OBS,226.000,2288,398643.000,G19,1C,39.4,21071163.520,-496905.379,2087.879,0
$POS,226.000,2023,11,16,14,44,2.998695480,15.396089726,73.878324398,-276.545,4,4
$TIME,227.000,2024,7,15,6,39,12.227000,UTC
$CH,227.000,L1CA,19,226991,39.4,0.284456857,2088.785,498991.660,36,0
$CH,227.000,L1CA,13,226991,39.4,0.283195281,1848.763,448301.681,36,0
$CH,227.000,L1CA,7,226991,40.2,0.406056843,-403.306,-65895.782,36,0
$CH,227.000,L1CA,30,226992,39.6,0.815966153,1146.875,289114.241,36,0
$OBS,227.000,2288,398644.000,G19,1C,39.4,21070749.688,-498993.749,2086.942,0
$OBS,227.000,2288,398644.000,G13,1C,39.4,22569333.816,-448303.530,1853.452,0
$OBS,227.000,2288,398644.000,G07,1C,40.2,22306374.740,65896.185,-405.875,0
$OBS,227.000,2288,398644.000,G30,1C,39.6,20930299.883,-289115.388,1144.248,0
$POS,227.000,2023,11,16,14,44,3.998696803,15.395940030,73.878295435,-251.148,4,4
$TIME,228.000,2024,7,15,6,39,12.407000,UTC
$CH,228.000,L1CA,19,227991,39.4,0.283070153,2087.049,501079.275,36,0
$CH,228.000,L1CA,7,227991,40.1,0.406268455,-403.853,-66301.800,36,0
$CH,228.000,L1CA,30,227992,39.8,0.815182965,1145.918,290259.476,36,0
$CH,228.000,L1CA,13,227991,37.6,0.281944833,1853.354,450155.120,36,0
$OBS,228.000,2288,398645.000,G19,1C,39.4,21070333.954,-501081.362,2087.502,0
$OBS,228.000,2288,398645.000,G07,1C,40.1,22306438.171,66302.204,-407.207,0
$OBS,228.000,2288,398645.000,G30,1C,39.8,20930065.090,-290260.622,1144.289,0
$OBS,228.000,2288,398645.000,G13,1C,37.6,22568958.933,-450156.973,1853.525,0
$POS,228.000,2023,11,16,14,44,4.998698118,15.395681517,73.878117134,-225.819,4,4
$TIME,229.000,2024,7,15,6,39,12.588000,UTC
$CH,229.000,L1CA,30,228992,40.1,0.814400422,1144.284,291403.842,36,0
$CH,229.000,L1CA,7,228991,40.2,0.406478083,-406.007,-66708.592,36,0
$CH,229.000,L1CA,19,228991,39.1,0.281686583,2085.106,503166.175,36,0
$CH,229.000,L1CA,13,228991,37.7,0.280708556,1851.126,452007.812,36,0
$OBS,229.000,2288,398646.000,G30,1C,40.1,20929830.490,-291404.986,1145.276,0
$OBS,229.000,2288,398646.000,G19,1C,39.1,21069919.180,-503168.260,2085.817,0
$OBS,229.000,2288,398646.000,G07,1C,40.2,22306501.027,66708.998,-406.407,0
$OBS,229.000,2288,398646.000,G13,1C,37.7,22568588.308,-452009.663,1855.636,0
$POS,229.000,2023,11,16,14,44,5.998699476,15.395594212,73.878052195,-213.938,4,4
$LOG,229.230,L1CA,30,FRAME SYNC (N)
$LNAV,229.070,L1CA,30,8B03C081C4A73C100046854AD477AF0801D8CB9A08536270000023C2B5D9
$LOG,229.236,L1CA,13,FRAME SYNC (N)
$LNAV,229.076,L1CA,13,8B03C081C4A73C100046854AD477AF0801D8CB9AE71462700000244E1C07
$LOG,229.231,L1CA,19,FRAME SYNC (N)
$LNAV,229.071,L1CA,19,8B03C081C4A73C100046854AD477AF0801D8CB9ADF00626F00002E346555
$LOG,229.235,L1CA,7,FRAME SYNC (N)
$LNAV,229.075,L1CA,7,8B03C081C4A73C100046854AD477AF0801D8CB9AE813627000FFA9018EFA
$TIME,230.000,2024,7,15,6,39,12.758000,UTC
$CH,230.000,L1CA,30,229992,41.3,0.813634147,1143.117,292547.264,37,0
$CH,230.000,L1CA,13,229991,38.3,0.279464393,1851.046,453859.587,37,0
$CH,230.000,L1CA,7,229991,39.8,0.406684698,-408.181,-67116.256,37,0
$CH,230.000,L1CA,19,229991,39.1,0.280319979,2085.293,505252.239,37,0
$OBS,230.000,2288,398647.000,G30,1C,41.3,20929600.775,-292548.407,1144.300,0
$OBS,230.000,2288,398647.000,G13,1C,38.3,22568215.327,-453861.438,1854.640,0
$OBS,230.000,2288,398647.000,G07,1C,39.8,22306562.958,67116.664,-407.292,0
$OBS,230.000,2288,398647.000,G19,1C,39.1,21069509.484,-505254.324,2085.046,0
$POS,230.000,2023,11,16,14,44,6.998700829,15.395350311,73.877903347,-207.092,4,4
$TIME,231.000,2024,7,15,6,39,12.948000,UTC
$CH,231.000,L1CA,7,230991,39.8,0.406899574,-406.660,-67524.632,37,0
$CH,231.000,L1CA,30,230992,41.9,0.812875684,1142.724,293689.889,37,0
$CH,231.000,L1CA,13,230991,38.2,0.278258944,1853.469,455710.591,37,0
$CH,231.000,L1CA,19,230991,39.0,0.278934908,2085.418,507337.633,37,0
$OBS,231.000,2288,398648.000,G07,1C,39.8,22306627.384,67525.039,-407.726,0
$OBS,231.000,2288,398648.000,G30,1C,41.9,20929373.381,-293691.031,1139.743,0
$OBS,231.000,2288,398648.000,G13,1C,38.2,22567853.933,-455712.444,1850.133,0
$OBS,231.000,2288,398648.000,G19,1C,39.0,21069094.238,-507339.718,2085.208,0
$POS,231.000,2023,11,16,14,44,7.998702499,15.396344651,73.878397980,-295.302,4,4
$TIME,232.000,2024,7,15,6,39,13.128000,UTC
$CH,232.000,L1CA,13,231991,37.5,0.277019393,1851.185,457560.865,37,0
$CH,232.000,L1CA,30,231992,40.9,0.812113666,1139.529,294831.656,37,0
$CH,232.000,L1CA,19,231991,39.0,0.277565772,2085.781,509422.311,37,0
$CH,232.000,L1CA,7,231991,39.7,0.407110206,-411.221,-67933.757,37,0
$OBS,232.000,2288,398649.000,G13,1C,37.5,22567482.330,-457562.716,1849.516,0
$OBS,232.000,2288,398649.000,G30,1C,40.9,20929144.941,-294832.796,1140.494,0
$OBS,232.000,2288,398649.000,G19,1C,39.0,21068683.792,-509424.397,2081.974,0
$OBS,232.000,2288,398649.000,G07,1C,39.7,22306690.536,67934.169,-410.661,0
$POS,232.000,2023,11,16,14,44,8.998703904,15.396296169,73.878341758,-304.276,4,4
$TIME,233.000,2024,7,15,6,39,13.308000,UTC
$CH,233.000,L1CA,30,232992,39.7,0.811304134,1139.155,295972.432,37,0
$CH,233.000,L1CA,19,232991,38.9,0.276223772,2084.305,511506.220,37,0
$CH,233.000,L1CA,7,232991,39.9,0.407310220,-412.174,-68343.713,37,0
$CH,233.000,L1CA,13,232991,38.8,0.275820636,1849.182,459410.259,37,0
$OBS,233.000,2288,398650.000,G30,1C,39.6,20928902.243,-295973.572,1140.885,0
$OBS,233.000,2288,398650.000,G19,1C,38.9,21068281.477,-511508.304,2084.233,0
$OBS,233.000,2288,398650.000,G07,1C,39.9,22306750.495,68344.125,-408.209,0
$OBS,233.000,2288,398650.000,G13,1C,38.8,22567122.943,-459412.108,1849.079,0
$POS,233.000,2023,11,16,14,44,9.998704871,15.395010440,73.877811223,-171.726,4,4
$TIME,234.000,2024,7,15,6,39,13.498000,UTC
$CH,234.000,L1CA,13,233991,40.1,0.274609789,1847.698,461258.919,37,0
$CH,234.000,L1CA,30,233992,39.5,0.810534404,1140.951,297112.418,37,0
$CH,234.000,L1CA,7,233991,40.2,0.407515397,-410.920,-68754.329,37,0
$CH,234.000,L1CA,19,233991,38.9,0.274824459,2083.098,513589.480,37,0
$OBS,234.000,2288,398651.000,G13,1C,40.1,22566759.944,-461260.767,1850.460,0
$OBS,234.000,2288,398651.000,G30,1C,39.5,20928671.499,-297113.559,1139.451,0
$OBS,234.000,2288,398651.000,G07,1C,40.2,22306812.007,68754.740,-409.984,0
$OBS,234.000,2288,398651.000,G19,1C,38.9,21067861.974,-513591.564,2081.750,0
$POS,234.000,2023,11,16,14,44,10.998706585,15.396145312,73.878380395,-269.131,4,4
$TIME,235.000,2024,7,15,6,39,13.678000,UTC
$CH,235.000,L1CA,30,234992,38.8,0.809749933,1138.714,298251.382,37,0
$CH,235.000,L1CA,19,234991,38.9,0.273454176,2083.097,515672.036,37,0
$CH,235.000,L1CA,7,234991,40.7,0.407719559,-411.690,-69165.740,37,0
$CH,235.000,L1CA,13,234991,38.9,0.273410807,1849.752,463106.786,37,0
$OBS,235.000,2288,398652.000,G30,1C,38.8,20928436.322,-298252.521,1139.786,0
$OBS,235.000,2288,398652.000,G19,1C,38.9,21067451.161,-515674.119,2082.489,0
$OBS,235.000,2288,398652.000,G07,1C,40.7,22306873.205,69166.151,-412.024,0
$OBS,235.000,2288,398652.000,G13,1C,38.9,22566400.504,-463108.636,1848.122,0
$POS,235.000,2023,11,16,14,44,11.998707981,15.396259831,73.878497497,-269.362,4,4
$LOG,235.236,L1CA,13,FRAME SYNC (N)
$LNAV,235.076,L1CA,13,8B03C081C52914FEF43187682D61BFFF0C03EF570B10E1A10D3FC0627068
$LOG,235.235,L1CA,7,FRAME SYNC (N)
$LNAV,235.075,L1CA,7,8B03C081C52913FF013A29025D1CAFFF5D090739B90D0EA10D8A7562707E
$LOG,235.230,L1CA,30,FRAME SYNC (N)
$LNAV,235.070,L1CA,30,8B03C081C52953FEA93CACFEC49A99FEBC035F3A3F0C8BA10DD06F62707E
$LOG,235.231,L1CA,19,FRAME SYNC (N)
$LNAV,235.071,L1CA,19,8B03C081C529000D9A2DE5CB9062210C2704C9D814070BA10D5065626F1D
$TIME,236.000,2024,7,15,6,39,13.868000,UTC
$CH,236.000,L1CA,13,235991,36.8,0.272211004,1845.731,464953.841,38,0
$CH,236.000,L1CA,19,235991,39.0,0.272070936,2081.232,517753.942,38,0
$CH,236.000,L1CA,7,235991,40.4,0.407927021,-413.045,-69577.817,38,0
$CH,236.000,L1CA,30,235992,39.0,0.808953011,1137.740,299389.622,38,0
$OBS,236.000,2288,398653.000,G13,1C,36.8,22566040.803,-464955.687,1847.575,0
$OBS,236.000,2288,398653.000,G19,1C,39.0,21067036.474,-517756.024,2081.065,0
$OBS,236.000,2288,398653.000,G30,1C,39.0,20928197.394,-299390.760,1136.898,0
$OBS,236.000,2288,398653.000,G07,1C,40.4,22306935.398,69578.230,-413.291,0
$POS,236.000,2023,11,16,14,44,12.998709346,15.396365372,73.878602226,-255.595,4,4
$TIME,237.000,2024,7,15,6,39,14.048000,UTC
$CH,237.000,L1CA,30,236992,39.9,0.808176808,1137.395,300526.903,38,0
$CH,237.000,L1CA,13,236991,36.5,0.270962677,1845.221,466799.940,38,0
$CH,237.000,L1CA,7,236991,40.7,0.408141501,-413.735,-69990.782,38,0
$CH,237.000,L1CA,19,236991,38.9,0.270680981,2082.882,519834.981,38,0
$OBS,237.000,2288,398654.000,G30,1C,39.9,20927964.695,-300528.041,1137.051,0
$OBS,237.000,2288,398654.000,G13,1C,36.5,22565666.565,-466801.785,1844.588,0
$OBS,237.000,2288,398654.000,G07,1C,40.7,22306999.702,69991.196,-412.464,0
$OBS,237.000,2288,398654.000,G19,1C,38.9,21066619.780,-519837.064,2082.076,0
$POS,237.000,2023,11,16,14,44,13.998710736,15.396350500,73.878536138,-253.249,4,4
$TIME,238.000,2024,7,15,6,39,14.228000,UTC
$CH,238.000,L1CA,19,237991,38.8,0.269324193,2080.282,521915.418,38,0
$CH,238.000,L1CA,30,237992,41.6,0.807423916,1136.496,301663.362,38,0
$CH,238.000,L1CA,13,237991,37.5,0.269738400,1845.426,468645.274,38,0
$CH,238.000,L1CA,7,237991,40.4,0.408330694,-415.633,-70404.444,38,0
$OBS,238.000,2288,398655.000,G19,1C,38.8,21066213.033,-521917.498,2081.486,0
$OBS,238.000,2288,398655.000,G30,1C,41.6,20927738.994,-301664.498,1135.658,0
$OBS,238.000,2288,398655.000,G13,1C,37.5,22565299.535,-468647.119,1845.078,0
$OBS,238.000,2288,398655.000,G07,1C,40.4,22307056.415,70404.860,-413.849,0
$POS,238.000,2023,11,16,14,44,14.998712291,15.396664744,73.878723948,-312.109,4,4
$TIME,239.000,2024,7,15,6,39,14.418000,UTC
$CH,239.000,L1CA,7,238991,40.5,0.408557309,-414.329,-70818.950,38,0
$CH,239.000,L1CA,30,238992,42.4,0.806655352,1135.702,302798.977,38,0
$CH,239.000,L1CA,19,238991,38.7,0.267952586,2079.047,523995.021,38,0
$CH,239.000,L1CA,13,238991,39.1,0.268522110,1843.430,470489.712,38,0
$OBS,239.000,2288,398656.000,G07,1C,40.5,22307124.366,70819.364,-415.987,0
$OBS,239.000,2288,398656.000,G30,1C,42.4,20927508.581,-302800.113,1134.448,0
$OBS,239.000,2288,398656.000,G19,1C,38.7,21065801.836,-523997.100,2080.122,0
$OBS,239.000,2288,398656.000,G13,1C,39.1,22564934.913,-470491.555,1844.217,0
$POS,239.000,2023,11,16,14,44,15.998713649,15.396658761,73.878702828,-303.077,4,4
$TIME,240.000,2024,7,15,6,39,14.598000,UTC
$CH,240.000,L1CA,30,239992,41.3,0.805861115,1133.262,303933.817,38,0
$CH,240.000,L1CA,19,239991,38.6,0.266553215,2077.854,526074.048,38,0
$CH,240.000,L1CA,7,239991,40.3,0.408741083,-415.964,-71234.123,38,0
$CH,240.000,L1CA,13,239991,38.9,0.267277918,1844.990,472333.561,38,0
$OBS,240.000,2288,398657.000,G30,1C,41.3,20927270.473,-303934.950,1134.308,0
$OBS,240.000,2288,398657.000,G19,1C,38.6,21065382.315,-526076.125,2078.506,0
$OBS,240.000,2288,398657.000,G07,1C,40.3,22307179.457,71234.539,-416.821,0
$OBS,240.000,2288,398657.000,G13,1C,38.9,22564561.914,-472335.406,1844.962,0
$POS,240.000,2023,11,16,14,44,16.998715134,15.396884939,73.878820591,-325.472,4,4
$TIME,241.000,2024,7,15,6,39,14.788000,UTC
$CH,241.000,L1CA,19,240991,38.5,0.265207190,2076.747,528152.233,38,0
$CH,241.000,L1CA,7,240991,40.4,0.408971935,-417.525,-71650.165,38,0
$CH,241.000,L1CA,13,240991,38.6,0.266039586,1844.412,474176.441,38,0
$CH,241.000,L1CA,30,240992,40.7,0.805095358,1132.000,305067.613,38,0
$OBS,241.000,2288,398658.000,G19,1C,38.5,21064978.779,-528154.309,2075.902,0
$OBS,241.000,2288,398658.000,G07,1C,40.4,22307248.664,71650.583,-413.860,0
$OBS,241.000,2288,398658.000,G13,1C,38.6,22564190.661,-474178.285,1843.523,0
$OBS,241.000,2288,398658.000,G30,1C,40.7,20927040.915,-305068.745,1132.833,0
$POS,241.000,2023,11,16,14,44,17.998716213,15.395840325,73.878258590,-235.238,4,4
$LOG,241.231,L1CA,19,FRAME SYNC (N)
$LOG,241.230,L1CA,30,FRAME SYNC (N)
$LOG,241.235,L1CA,7,FRAME SYNC (N)
$LNAV,241.071,L1CA,19,8B03C081C5AFFFBABAD7BD79FFF8278D173C286163B10279FFA738000B1B
$LOG,241.236,L1CA,13,FRAME SYNC (N)
$LNAV,241.076,L1CA,13,8B03C081C5AFFFEA3C3624B6FFD02785F8C41CAE26E0CE24FFAC3314199A
$LNAV,241.070,L1CA,30,8B03C081C5AFFFE36167F0520015261BA4231F0997EAD199FFA32953EFE9
$LNAV,241.075,L1CA,7,8B03C081C5AFFFCD61434D2C004E26B6B0C41FD2A7B86F37FFA23C13F068
$TIME,242.000,2024,7,15,6,39,14.968000,UTC
$CH,242.000,L1CA,7,241991,40.2,0.409203279,-417.277,-72066.910,39,0
$CH,242.000,L1CA,30,241992,40.0,0.804331306,1132.583,306200.512,39,0
$CH,242.000,L1CA,13,241991,38.8,0.264819886,1842.571,476018.583,39,0
$CH,242.000,L1CA,19,241991,38.4,0.263833190,2077.845,530229.698,39,0
$OBS,242.000,2288,398659.000,G07,1C,40.2,22307318.011,72067.328,-417.738,0
$OBS,242.000,2288,398659.000,G30,1C,40.0,20926811.846,-306201.644,1130.656,0
$OBS,242.000,2288,398659.000,G13,1C,38.8,22563825.009,-476020.426,1842.031,0
$OBS,242.000,2288,398659.000,G19,1C,38.4,21064566.867,-530231.776,2078.497,0
$POS,242.000,2023,11,16,14,44,18.998717591,15.395897762,73.878250505,-232.371,4,4
$TIME,243.000,2024,7,15,6,39,15.148000,UTC
$CH,243.000,L1CA,30,242992,39.6,0.803549647,1131.278,307332.637,39,0
$CH,243.000,L1CA,19,242991,38.4,0.262475672,2076.801,532306.536,39,0
$CH,243.000,L1CA,7,242991,40.2,0.409398748,-417.662,-72484.400,39,0
$CH,243.000,L1CA,13,242991,38.9,0.263595332,1840.036,477859.909,39,0
$OBS,243.000,2288,398660.000,G30,1C,39.6,20926577.507,-307333.769,1130.962,0
$OBS,243.000,2288,398660.000,G19,1C,38.4,21064159.893,-532308.612,2075.839,0
$OBS,243.000,2288,398660.000,G07,1C,40.2,22307376.609,72484.818,-418.171,0
$OBS,243.000,2288,398660.000,G13,1C,38.9,22563457.891,-477861.749,1842.619,0
$POS,243.000,2023,11,16,14,44,19.998718862,15.395416951,73.878053000,-196.712,4,4
$TIME,244.000,2024,7,15,6,39,15.338000,UTC
$CH,244.000,L1CA,19,243991,38.3,0.261103953,2075.076,534382.590,39,0
$CH,244.000,L1CA,30,243992,39.6,0.802801134,1130.646,308463.838,39,0
$CH,244.000,L1CA,13,243991,38.3,0.262367482,1838.935,479700.392,39,0
$CH,244.000,L1CA,7,243991,39.9,0.409636569,-417.578,-72902.671,39,0
$OBS,244.000,2288,398661.000,G19,1C,38.3,21063748.661,-534384.665,2077.936,0
$OBS,244.000,2288,398661.000,G30,1C,39.6,20926353.115,-308464.968,1129.425,0
$OBS,244.000,2288,398661.000,G13,1C,38.3,22563089.796,-479702.231,1840.851,0
$OBS,244.000,2288,398661.000,G07,1C,39.9,22307447.911,72903.089,-419.389,0
$POS,244.000,2023,11,16,14,44,20.998720292,15.395591512,73.878069288,-213.619,4,4
$TIME,245.000,2024,7,15,6,39,15.509000,UTC
$CH,245.000,L1CA,30,244992,40.0,0.802025714,1128.392,309594.120,39,0
$CH,245.000,L1CA,7,244991,40.1,0.409820708,-420.068,-73321.657,39,0
$CH,245.000,L1CA,13,244991,38.0,0.261152021,1837.124,481540.123,39,0
$CH,245.000,L1CA,19,244991,38.1,0.259714509,2075.442,536457.966,39,0
$OBS,245.000,2288,398662.000,G30,1C,40.0,20926120.661,-309595.249,1129.787,0
$OBS,245.000,2288,398662.000,G07,1C,40.1,22307503.123,73322.077,-419.241,0
$OBS,245.000,2288,398662.000,G13,1C,38.0,22562725.418,-481541.960,1840.980,0
$OBS,245.000,2288,398662.000,G19,1C,38.1,21063332.124,-536460.042,2074.509,0
$POS,245.000,2023,11,16,14,44,21.998721957,15.396418672,73.878525703,-295.933,4,4
$TIME,246.000,2024,7,15,6,39,15.699000,UTC
$CH,246.000,L1CA,7,245991,40.1,0.410068702,-419.661,-73741.370,39,0
$CH,246.000,L1CA,30,245992,39.9,0.801259639,1126.422,310723.589,39,0
$CH,246.000,L1CA,19,245991,37.9,0.258352060,2075.473,538532.673,39,0
$CH,246.000,L1CA,13,245991,38.0,0.259939019,1838.206,483379.089,39,0
$OBS,246.000,2288,398663.000,G07,1C,40.1,22307577.461,73741.789,-420.363,0
$OBS,246.000,2288,398663.000,G30,1C,39.9,20925890.981,-310724.715,1128.018,0
$OBS,246.000,2288,398663.000,G19,1C,37.9,21062923.667,-538534.749,2076.052,0
$OBS,246.000,2288,398663.000,G13,1C,38.0,22562361.756,-483380.927,1840.687,0
$POS,246.000,2023,11,16,14,44,22.998723158,15.395993055,73.878271228,-238.930,4,4
$TIME,247.000,2024,7,15,6,39,15.879000,UTC
$CH,247.000,L1CA,7,246991,40.2,0.410247457,-421.790,-74161.963,39,0
$CH,247.000,L1CA,30,246992,40.2,0.800488244,1129.469,311852.124,39,0
$CH,247.000,L1CA,13,246991,38.1,0.258706461,1836.562,485217.155,39,0
$CH,247.000,L1CA,19,246991,37.9,0.256976917,2070.075,540606.544,39,0
$OBS,247.000,2288,398664.000,G07,1C,40.2,22307631.051,74162.385,-419.857,0
$OBS,247.000,2288,398664.000,G30,1C,40.2,20925659.731,-311853.253,1128.160,0
$OBS,247.000,2288,398664.000,G13,1C,38.1,22561992.248,-485218.991,1837.910,0
$OBS,247.000,2288,398664.000,G19,1C,37.9,21062511.406,-540608.615,2074.309,0
$POS,247.000,2023,11,16,14,44,23.998724714,15.396323998,73.878470625,-291.084,4,4
$LOG,247.230,L1CA,30,FRAME SYNC (N)
$LOG,247.231,L1CA,19,FRAME SYNC (N)
$LNAV,247.070,L1CA,30,8B03C081C63075F09BDA3586D8E8171BC38BBEEA2A2C59602CE823B864AB
$LNAV,247.071,L1CA,19,8B03C081C63075F09BDA3586D8E8171BC38BBEEA2A2C59602CE823B864AB
$LOG,247.235,L1CA,7,FRAME SYNC (N)
$LNAV,247.075,L1CA,7,8B03C081C63075A32AC72D0D4434BF00DE7F371F8A94EB2EC1F328740A28
$LOG,247.236,L1CA,13,FRAME SYNC (N)
$LNAV,247.076,L1CA,13,8B03C081C63075F09BDA3586D8E8171BC38BBEEA2A2C59602CE823B864AB
$TIME,248.000,2024,7,15,6,39,16.069000,UTC
$CH,248.000,L1CA,13,247991,38.3,0.257499770,1840.217,487054.416,40,0
$CH,248.000,L1CA,19,247991,37.9,0.255608026,2072.558,542679.729,40,0
$CH,248.000,L1CA,30,247992,40.3,0.799709332,1126.340,312979.752,40,0
$CH,248.000,L1CA,7,247991,39.9,0.410482571,-422.069,-74583.295,40,0
$OBS,248.000,2288,398665.000,G13,1C,38.3,22561630.487,-487056.256,1838.313,0
$OBS,248.000,2288,398665.000,G19,1C,37.9,21062101.029,-542681.802,2074.478,0
$OBS,248.000,2288,398665.000,G30,1C,40.3,20925426.212,-312980.878,1126.755,0
$OBS,248.000,2288,398665.000,G07,1C,39.9,22307701.532,74583.717,-420.180,0
$POS,248.000,2023,11,16,14,44,24.998725944,15.396005079,73.878305478,-239.502,4,4
$TIME,249.000,2024,7,15,6,39,16.249000,UTC
$CH,249.000,L1CA,7,248991,40.1,0.410677657,-422.784,-75005.385,40,0
$CH,249.000,L1CA,30,248992,41.3,0.798929971,1126.334,314106.544,40,0
$CH,249.000,L1CA,19,248991,37.8,0.254237223,2072.681,544752.173,40,0
$CH,249.000,L1CA,13,248991,37.8,0.256293879,1833.105,488890.905,40,0
$OBS,249.000,2288,398666.000,G07,1C,40.1,22307760.025,75005.808,-421.447,0
$OBS,249.000,2288,398666.000,G30,1C,41.3,20925192.571,-314107.670,1126.585,0
$OBS,249.000,2288,398666.000,G19,1C,37.8,21061690.076,-544754.246,2071.245,0
$OBS,249.000,2288,398666.000,G13,1C,37.8,22561268.971,-488892.739,1838.544,0
$POS,249.000,2023,11,16,14,44,25.998727401,15.396214442,73.878469826,-258.638,4,4
$TIME,250.000,2024,7,15,6,39,16.439000,UTC
$CH,250.000,L1CA,13,249991,37.8,0.255088277,1835.257,490726.448,40,0
$CH,250.000,L1CA,30,249992,41.7,0.798170692,1126.361,315232.397,40,0
$CH,250.000,L1CA,7,249991,39.7,0.410956115,-424.600,-75428.315,40,0
$CH,250.000,L1CA,19,249991,37.7,0.252859082,2071.488,546823.828,40,0
$OBS,250.000,2288,398667.000,G13,1C,37.8,22560907.542,-490728.284,1837.193,0
$OBS,250.000,2288,398667.000,G30,1C,41.7,20924964.950,-315233.524,1122.336,0
$OBS,250.000,2288,398667.000,G07,1C,39.7,22307843.507,75428.740,-423.282,0
$OBS,250.000,2288,398667.000,G19,1C,37.7,21061276.907,-546825.899,2071.479,0
$POS,250.000,2023,11,16,14,44,26.998728644,15.396126355,73.878326932,-211.854,4,4
$TIME,251.000,2024,7,15,6,39,16.619000,UTC
$CH,251.000,L1CA,30,250992,40.8,0.797419067,1124.760,316357.490,40,0
$CH,251.000,L1CA,13,250991,37.5,0.253889689,1837.161,492561.340,40,0
$CH,251.000,L1CA,7,250991,39.8,0.411095141,-424.777,-75851.897,40,0
$CH,251.000,L1CA,19,250991,38.0,0.251487045,2071.340,548894.833,40,0
$OBS,251.000,2288,398668.000,G30,1C,40.8,20924739.616,-316358.615,1125.587,0
$OBS,251.000,2288,398668.000,G13,1C,37.5,22560548.225,-492563.177,1831.814,0
$OBS,251.000,2288,398668.000,G19,1C,38.0,21060865.588,-548896.904,2072.173,0
$OBS,251.000,2288,398668.000,G07,1C,39.8,22307885.178,75852.322,-423.191,0
$POS,251.000,2023,11,16,14,44,27.998730666,15.397801048,73.879303721,-412.516,4,4
$TIME,252.000,2024,7,15,6,39,16.799000,UTC
$CH,252.000,L1CA,30,251992,40.5,0.796667035,1125.275,317481.681,40,0
$CH,252.000,L1CA,7,251991,39.8,0.411395744,-426.135,-76276.225,40,0
$CH,252.000,L1CA,13,251991,36.7,0.252664367,1831.420,494395.335,40,0
$CH,252.000,L1CA,19,251991,38.3,0.250135210,2069.413,550965.164,40,0
$OBS,252.000,2288,398669.000,G30,1C,40.5,20924514.159,-317482.807,1125.036,0
$OBS,252.000,2288,398669.000,G07,1C,39.8,22307975.309,76276.651,-423.400,0
$OBS,252.000,2288,398669.000,G13,1C,36.7,22560180.880,-494397.167,1833.684,0
$OBS,252.000,2288,398669.000,G19,1C,38.3,21060460.324,-550967.233,2071.435,0
$POS,252.000,2023,11,16,14,44,28.998731583,15.396614479,73.878561252,-270.479,4,4
$TIME,253.000,2024,7,15,6,39,16.989000,UTC
$CH,253.000,L1CA,7,252991,39.5,0.411520856,-424.848,-76701.401,40,0
$CH,253.000,L1CA,13,252991,36.9,0.251440878,1832.440,496228.502,40,0
$CH,253.000,L1CA,30,252992,40.4,0.795899282,1122.369,318604.910,40,0
$CH,253.000,L1CA,19,252991,38.8,0.248774120,2067.873,553034.711,40,0
$OBS,253.000,2288,398670.000,G13,1C,36.9,22559814.077,-496230.335,1835.021,0
$OBS,253.000,2288,398670.000,G30,1C,40.4,20924283.990,-318606.032,1122.849,0
$OBS,253.000,2288,398670.000,G07,1C,39.5,22308012.809,76701.826,-426.458,0
$OBS,253.000,2288,398670.000,G19,1C,38.8,21060052.268,-553036.779,2071.895,0
$POS,253.000,2023,11,16,14,44,29.998733371,15.397388045,73.879093356,-397.902,4,4
$LOG,253.231,L1CA,19,FRAME SYNC (N)
$LNAV,253.071,L1CA,19,8B03C081C6B64E1E30900359FD4800A10CF78CEFA387C89F39FF9420006E
$LOG,253.235,L1CA,7,FRAME SYNC (N)
$LNAV,253.075,L1CA,7,8B03C081C6B64E1E30900359FD4800A10CF78CEFA387C89F39FF9420006E
$LOG,253.230,L1CA,30,FRAME SYNC (N)
$LOG,253.236,L1CA,13,FRAME SYNC (N)
$LNAV,253.070,L1CA,30,8B03C081C6B64E1E30900359FD4800A10CF78CEFA387C89F39FF9420006E
$LNAV,253.076,L1CA,13,8B03C081C6B64E1E30900359FD4800A10CF78CEFA387C89F39FF9420006E
$TIME,254.000,2024,7,15,6,39,17.169000,UTC
$CH,254.000,L1CA,19,253991,38.7,0.247421574,2069.985,555103.587,41,0
$CH,254.000,L1CA,13,253991,37.0,0.250201319,1832.030,498060.889,41,0
$CH,254.000,L1CA,30,253992,40.6,0.795131271,1122.778,319727.247,41,0
$CH,254.000,L1CA,7,253991,39.9,0.411834457,-426.248,-77127.313,41,0
$OBS,254.000,2288,398671.000,G19,1C,38.7,21059646.795,-555105.657,2067.777,0
$OBS,254.000,2288,398671.000,G13,1C,37.0,22559442.474,-498062.721,1832.141,0
$OBS,254.000,2288,398671.000,G30,1C,40.6,20924053.752,-319728.369,1122.269,0
$OBS,254.000,2288,398671.000,G07,1C,39.9,22308106.831,77127.739,-427.247,0
$POS,254.000,2023,11,16,14,44,30.998734044,15.395482987,73.877960376,-176.779,4,4
$TIME,255.000,2024,7,15,6,39,17.359000,UTC
$CH,255.000,L1CA,30,254992,40.7,0.794349915,1119.047,320848.545,41,0
$CH,255.000,L1CA,13,254991,38.1,0.248988068,1831.749,499892.252,41,0
$CH,255.000,L1CA,7,254991,39.9,0.411966542,-429.958,-77554.223,41,0
$CH,255.000,L1CA,19,254991,39.1,0.246033603,2066.524,557171.503,41,0
$OBS,255.000,2288,398672.000,G30,1C,40.7,20923819.501,-320849.664,1120.592,0
$OBS,255.000,2288,398672.000,G13,1C,38.1,22559078.742,-499894.084,1830.425,0
$OBS,255.000,2288,398672.000,G07,1C,39.9,22308146.426,77554.653,-426.747,0
$OBS,255.000,2288,398672.000,G19,1C,39.1,21059230.695,-557173.569,2065.777,0
$POS,255.000,2023,11,16,14,44,31.998735914,15.396709045,73.878711403,-322.083,4,4
$TIME,256.000,2024,7,15,6,39,17.549000,UTC
$CH,256.000,L1CA,7,255991,39.7,0.412292952,-428.852,-77981.864,41,0
$CH,256.000,L1CA,30,255992,41.2,0.793573550,1118.060,321968.948,41,0
$CH,256.000,L1CA,19,255991,39.1,0.244671724,2066.997,559238.715,41,0
$CH,256.000,L1CA,13,255991,37.8,0.247776842,1830.665,501722.896,41,0
$OBS,256.000,2288,398673.000,G07,1C,39.7,22308244.286,77982.292,-427.532,0
$OBS,256.000,2288,398673.000,G30,1C,41.2,20923586.767,-321970.066,1119.832,0
$OBS,256.000,2288,398673.000,G19,1C,39.1,21058822.412,-559240.782,2065.835,0
$OBS,256.000,2288,398673.000,G13,1C,37.8,22558715.638,-501724.727,1833.606,0
$POS,256.000,2023,11,16,14,44,32.998736618,15.395125836,73.877762028,-105.876,4,4
$TIME,257.000,2024,7,15,6,39,17.729000,UTC
$CH,257.000,L1CA,19,256991,39.2,0.243320236,2066.725,561305.255,41,0
$CH,257.000,L1CA,7,256991,39.8,0.412406814,-429.658,-78410.219,41,0
$CH,257.000,L1CA,30,256992,41.5,0.792812969,1118.645,323088.547,41,0
$CH,257.000,L1CA,13,256991,37.8,0.246570700,1828.800,503552.769,41,0
$OBS,257.000,2288,398674.000,G19,1C,39.2,21058417.235,-561307.321,2066.286,0
$OBS,257.000,2288,398674.000,G30,1C,41.5,20923358.745,-323089.666,1118.368,0
$OBS,257.000,2288,398674.000,G13,1C,37.8,22558354.034,-503554.598,1829.446,0
$OBS,257.000,2288,398674.000,G07,1C,39.8,22308278.419,78410.649,-428.517,0
$POS,257.000,2023,11,16,14,44,33.998738506,15.396176391,73.878480969,-266.829,4,4
$TIME,258.000,2024,7,15,6,39,17.919000,UTC
$CH,258.000,L1CA,7,257991,39.9,0.412708250,-431.501,-78839.334,41,0
$CH,258.000,L1CA,30,257992,41.5,0.792050145,1120.178,324207.222,41,0
$CH,258.000,L1CA,13,257991,37.8,0.245377161,1830.512,505381.860,41,0
$CH,258.000,L1CA,19,257991,39.4,0.241952615,2065.514,563371.074,41,0
$OBS,258.000,2288,398675.000,G07,1C,39.9,22308368.776,78839.765,-430.263,0
$OBS,258.000,2288,398675.000,G30,1C,41.5,20923130.060,-324208.343,1117.220,0
$OBS,258.000,2288,398675.000,G13,1C,37.8,22557996.235,-505383.691,1827.361,0
$OBS,258.000,2288,398675.000,G19,1C,39.4,21058007.243,-563373.139,2063.473,0
$POS,258.000,2023,11,16,14,44,34.998739556,15.395612497,73.878094339,-159.713,4,4
$TIME,259.000,2024,7,15,6,39,18.099000,UTC
$CH,259.000,L1CA,30,258992,41.4,0.791305079,1117.526,325324.998,41,0
$CH,259.000,L1CA,13,258991,37.4,0.244187571,1826.628,507209.998,41,0
$CH,259.000,L1CA,19,258991,39.6,0.240582966,2064.394,565436.140,41,0
$CH,259.000,L1CA,7,258991,40.2,0.412849849,-430.294,-79269.264,41,0
$OBS,259.000,2288,398676.000,G30,1C,41.4,20922906.697,-325326.115,1118.546,0
$OBS,259.000,2288,398676.000,G13,1C,37.4,22557639.605,-507211.824,1826.374,0
$OBS,259.000,2288,398676.000,G19,1C,39.6,21057596.621,-565438.205,2064.072,0
$OBS,259.000,2288,398676.000,G07,1C,40.2,22308411.233,79269.694,-430.417,0
$POS,259.000,2023,11,16,14,44,35.998741615,15.397413839,73.879141361,-372.315,4,4
$LOG,259.230,L1CA,30,FRAME SYNC (N)
$LNAV,259.070,L1CA,30,8B03C081C7263C100046854AD477AF0801D8CB9A08536270000023C2B5D9
$LOG,259.231,L1CA,19,FRAME SYNC (N)
$LOG,259.236,L1CA,13,FRAME SYNC (N)
$LNAV,259.071,L1CA,19,8B03C081C7263C100046854AD477AF0801D8CB9ADF00626F00002E346555
$LNAV,259.076,L1CA,13,8B03C081C7263C100046854AD477AF0801D8CB9AE71462700000244E1C07
$LOG,259.235,L1CA,7,FRAME SYNC (N)
$LNAV,259.075,L1CA,7,8B03C081C7263C100046854AD477AF0801D8CB9AE813627000FFA9018EFA
$TIME,260.000,2024,7,15,6,39,18.289000,UTC
$CH,260.000,L1CA,30,259992,41.1,0.790546513,1115.292,326441.880,42,0
$CH,260.000,L1CA,13,259991,35.8,0.242979472,1823.528,509037.338,42,0
$CH,260.000,L1CA,7,259991,40.4,0.413127379,-430.527,-79699.959,42,0
$CH,260.000,L1CA,19,259991,39.6,0.239221036,2065.779,567500.473,42,0
$OBS,260.000,2288,398677.000,G30,1C,41.1,20922679.286,-326442.995,1115.334,0
$OBS,260.000,2288,398677.000,G13,1C,35.8,22557277.426,-509039.161,1823.517,0
$OBS,260.000,2288,398677.000,G07,1C,40.4,22308494.435,79700.390,-432.298,0
$OBS,260.000,2288,398677.000,G19,1C,39.6,21057188.339,-567502.539,2063.351,0
$POS,260.000,2023,11,16,14,44,36.998742733,15.396858085,73.878776208,-288.848,4,4
$TIME,261.000,2024,7,15,6,39,18.480000,UTC
$CH,261.000,L1CA,30,260992,41.5,0.789769024,1115.783,327557.979,42,0
$CH,261.000,L1CA,7,260991,40.6,0.413292432,-431.856,-80131.276,42,0
$CH,261.000,L1CA,13,260991,35.1,0.241736658,1826.845,510863.861,42,0
$CH,261.000,L1CA,19,260991,39.6,0.237851117,2065.245,569564.231,42,0
$OBS,261.000,2288,398678.000,G30,1C,41.5,20922446.186,-327559.095,1116.545,0
$OBS,261.000,2288,398678.000,G07,1C,40.6,22308543.924,80131.708,-430.258,0
$OBS,261.000,2288,398678.000,G13,1C,35.1,22556904.829,-510865.688,1827.951,0
$OBS,261.000,2288,398678.000,G19,1C,39.6,21056777.648,-569566.296,2064.824,0
$POS,261.000,2023,11,16,14,44,37.998744223,15.396857647,73.878825866,-319.287,4,4
$TIME,262.000,2024,7,15,6,39,18.660000,UTC
$CH,262.000,L1CA,30,261992,41.3,0.789007676,1114.260,328673.366,42,0
$CH,262.000,L1CA,19,261991,39.4,0.236472348,2063.188,571627.435,42,0
$CH,262.000,L1CA,7,261991,40.8,0.413554947,-433.516,-80563.203,42,0
$CH,262.000,L1CA,13,261991,35.4,0.240506125,1825.230,512689.799,42,0
$OBS,262.000,2288,398679.000,G30,1C,41.3,20922217.954,-328674.480,1114.898,0
$OBS,262.000,2288,398679.000,G19,1C,39.4,21056364.305,-571629.498,2064.283,0
$OBS,262.000,2288,398679.000,G07,1C,40.8,22308622.625,80563.636,-433.906,0
$OBS,262.000,2288,398679.000,G13,1C,35.4,22556535.931,-512691.625,1825.763,0
$POS,262.000,2023,11,16,14,44,38.998745447,15.396532268,73.878552652,-266.316,4,4
$TIME,263.000,2024,7,15,6,39,18.860000,UTC
$CH,263.000,L1CA,19,262991,39.3,0.235117012,2062.265,573689.960,42,0
$CH,263.000,L1CA,13,262991,37.0,0.239277932,1827.213,514515.056,42,0
$CH,263.000,L1CA,30,262992,41.3,0.788266925,1113.124,329787.968,42,0
$CH,263.000,L1CA,7,262991,40.4,0.413762352,-432.575,-80995.839,42,0
$OBS,263.000,2288,398680.000,G19,1C,39.3,21055957.976,-573692.022,2061.900,0
$OBS,263.000,2288,398680.000,G13,1C,37.0,22556167.731,-514516.883,1824.671,0
$OBS,263.000,2288,398680.000,G30,1C,41.3,20921995.883,-329789.081,1113.432,0
$OBS,263.000,2288,398680.000,G07,1C,40.4,22308684.800,80996.271,-433.131,0
$POS,263.000,2023,11,16,14,44,39.998746962,15.396731734,73.878639034,-312.489,4,4
$TIME,264.000,2024,7,15,6,39,19.050000,UTC
$CH,264.000,L1CA,13,263991,38.6,0.238075894,1821.271,516339.674,42,0
$CH,264.000,L1CA,30,263992,41.8,0.787508810,1111.813,330901.776,42,0
$CH,264.000,L1CA,19,263991,39.5,0.233761576,2061.899,575751.878,42,0
$CH,264.000,L1CA,7,263991,40.2,0.413994476,-431.308,-81429.116,42,0
$OBS,264.000,2288,398681.000,G13,1C,38.6,22555807.367,-516341.495,1825.097,0
$OBS,264.000,2288,398681.000,G30,1C,41.8,20921768.594,-330902.888,1113.513,0
$OBS,264.000,2288,398681.000,G19,1C,39.5,21055551.630,-575753.940,2060.866,0
$OBS,264.000,2288,398681.000,G07,1C,40.2,22308754.391,81429.547,-433.090,0
$POS,264.000,2023,11,16,14,44,40.998748290,15.396613374,73.878581704,-295.799,4,4
$TIME,265.000,2024,7,15,6,39,19.230000,UTC
$CH,265.000,L1CA,30,264992,41.8,0.786751969,1113.101,332014.708,42,0
$CH,265.000,L1CA,19,264991,39.5,0.232421373,2060.148,577813.096,42,0
$CH,265.000,L1CA,7,264991,39.9,0.414215155,-433.442,-81863.162,42,0
$CH,265.000,L1CA,13,264991,37.8,0.236879189,1820.670,518163.435,42,0
$OBS,265.000,2288,398682.000,G30,1C,41.8,20921541.706,-332015.821,1112.305,0
$OBS,265.000,2288,398682.000,G19,1C,39.5,21055149.839,-577815.157,2060.301,0
$OBS,265.000,2288,398682.000,G07,1C,39.9,22308820.545,81863.595,-435.252,0
$OBS,265.000,2288,398682.000,G13,1C,37.8,22555448.608,-518165.255,1821.936,0
$POS,265.000,2023,11,16,14,44,41.998749594,15.396334289,73.878483225,-274.518,4,4
$LOG,265.231,L1CA,19,FRAME SYNC (N)
$LNAV,265.071,L1CA,19,8B03C081C7AB000D9A2DE5CB9062210C2704C9D814070BA10D5065626F1D
$LOG,265.235,L1CA,7,FRAME SYNC (N)
$LOG,265.230,L1CA,30,FRAME SYNC (N)
$LNAV,265.075,L1CA,7,8B03C081C7AB13FF013A29025D1CAFFF5D090739B90D0EA10D8A7562707E
$LNAV,265.070,L1CA,30,8B03C081C7AB53FEA93CACFEC49A99FEBC035F3A3F0C8BA10DD06F62707E
$LOG,265.236,L1CA,13,FRAME SYNC (N)
$LNAV,265.076,L1CA,13,8B03C081C7AB14FEF43187682D61BFFF0C03EF570B10E1A10D3FC0627068
$TIME,266.000,2024,7,15,6,39,19.420000,UTC
$CH,266.000,L1CA,7,265991,39.8,0.414442729,-436.114,-82298.000,43,0
$CH,266.000,L1CA,13,265991,37.5,0.235654051,1822.613,519986.360,43,0
$CH,266.000,L1CA,19,265991,39.7,0.231059718,2059.946,579873.541,43,0
$CH,266.000,L1CA,30,265992,41.7,0.785974521,1111.125,333126.732,43,0
$OBS,266.000,2288,398683.000,G07,1C,39.8,22308888.775,82298.436,-434.930,0
$OBS,266.000,2288,398683.000,G13,1C,37.5,22555081.316,-519988.182,1822.796,0
$OBS,266.000,2288,398683.000,G30,1C,41.7,20921308.624,-333127.843,1111.317,0
$OBS,266.000,2288,398683.000,G19,1C,39.7,21054741.626,-579875.601,2059.365,0
$POS,266.000,2023,11,16,14,44,42.998750758,15.395654670,73.878126401,-202.521,4,4
$TIME,267.000,2024,7,15,6,39,19.600000,UTC
$CH,267.000,L1CA,30,266992,40.9,0.785205935,1111.435,334237.827,43,0
$CH,267.000,L1CA,19,266991,39.6,0.229717159,2059.629,581933.239,43,0
$CH,267.000,L1CA,7,266991,39.6,0.414727545,-437.002,-82733.612,43,0
$CH,267.000,L1CA,13,266991,37.5,0.234455856,1820.058,521808.455,43,0
$OBS,267.000,2288,398684.000,G30,1C,40.9,20921078.211,-334238.938,1110.575,0
$OBS,267.000,2288,398684.000,G19,1C,39.6,21054339.137,-581935.298,2057.443,0
$OBS,267.000,2288,398684.000,G07,1C,39.6,22308974.159,82734.049,-435.252,0
$OBS,267.000,2288,398684.000,G13,1C,37.5,22554722.103,-521810.275,1820.967,0
$POS,267.000,2023,11,16,14,44,43.998751671,15.394421933,73.877451813,-53.028,4,4
$TIME,268.000,2024,7,15,6,39,19.786000,UTC
$CH,268.000,L1CA,30,267992,40.6,0.784456374,1109.619,335348.002,43,0
$CH,268.000,L1CA,7,267991,39.6,0.414839451,-435.900,-83170.037,43,0
$CH,268.000,L1CA,19,267991,39.3,0.228365173,2060.430,583992.231,43,0
$CH,268.000,L1CA,13,267991,37.4,0.233257029,1822.629,523629.680,43,0
$OBS,268.000,2288,398685.000,G30,1C,40.6,20920853.504,-335349.111,1111.078,0
$OBS,268.000,2288,398685.000,G19,1C,39.3,21053933.821,-583994.291,2057.583,0
$OBS,268.000,2288,398685.000,G07,1C,39.6,22309007.698,83170.473,-437.599,0
$OBS,268.000,2288,398685.000,G13,1C,37.4,22554362.698,-523631.503,1818.764,0
$POS,268.000,2023,11,16,14,44,44.998753648,15.395799210,73.878339534,-244.835,4,4
$TIME,269.000,2024,7,15,6,39,19.976000,UTC
$CH,269.000,L1CA,19,268991,39.2,0.227002027,2057.515,586050.573,43,0
$CH,269.000,L1CA,7,268991,39.8,0.415192929,-438.374,-83607.093,43,0
$CH,269.000,L1CA,30,268992,41.6,0.783703100,1109.538,336457.430,43,0
$CH,269.000,L1CA,13,268991,36.4,0.232089192,1818.458,525450.183,43,0
$OBS,269.000,2288,398686.000,G19,1C,39.2,21053525.172,-586052.630,2056.332,0
$OBS,269.000,2288,398686.000,G07,1C,39.8,22309113.674,83607.531,-438.242,0
$OBS,269.000,2288,398686.000,G30,1C,41.6,20920627.681,-336458.539,1108.787,0
$OBS,269.000,2288,398686.000,G13,1C,36.4,22554012.595,-525452.002,1823.006,0
$POS,269.000,2023,11,16,14,44,45.998754580,15.395102005,73.877838914,-98.073,4,4
$TIME,270.000,2024,7,15,6,39,20.170000,UTC
$CH,270.000,L1CA,19,269991,39.0,0.225624890,2056.806,588108.325,43,0
$CH,270.000,L1CA,30,269992,42.5,0.782957355,1108.808,337566.069,43,0
$CH,270.000,L1CA,13,269991,35.1,0.230867100,1818.678,527269.946,43,0
$CH,270.000,L1CA,7,269991,40.4,0.415318936,-439.369,-84044.784,43,0
$OBS,270.000,2288,398687.000,G19,1C,39.0,21053112.317,-588110.382,2056.303,0
$OBS,270.000,2288,398687.000,G30,1C,42.5,20920404.109,-337567.178,1107.774,0
$OBS,270.000,2288,398687.000,G13,1C,35.1,22553646.227,-527271.765,1820.582,0
$OBS,270.000,2288,398687.000,G07,1C,40.4,22309151.453,84045.224,-439.250,0
$POS,270.000,2023,11,16,14,44,46.998756617,15.396713027,73.878758986,-305.618,4,4
$TIME,271.000,2024,7,15,6,39,20.356000,UTC
$CH,271.000,L1CA,7,270991,40.0,0.415634148,-438.493,-84483.082,43,0
$CH,271.000,L1CA,13,270991,35.0,0.229631092,1819.938,529088.961,43,0
$CH,271.000,L1CA,30,270992,41.9,0.782204956,1108.120,338674.016,43,0
$CH,271.000,L1CA,19,270991,39.0,0.224274819,2056.429,590165.520,43,0
$OBS,271.000,2288,398688.000,G07,1C,40.0,22309245.946,84483.520,-437.230,0
$OBS,271.000,2288,398688.000,G13,1C,35.0,22553275.672,-529090.781,1818.057,0
$OBS,271.000,2288,398688.000,G19,1C,39.0,21052707.577,-590167.576,2056.084,0
$OBS,271.000,2288,398688.000,G30,1C,41.9,20920178.547,-338675.124,1107.561,0
$POS,271.000,2023,11,16,14,44,47.998757422,15.395185573,73.877807561,-126.488,4,4
$LOG,271.231,L1CA,19,FRAME SYNC (N)
$LNAV,271.071,L1CA,19,8B03C081C82EFFBABAD7BD79FFF8278D173C286163B10279FFA738000B1B
$LOG,271.236,L1CA,13,FRAME SYNC (N)
$LNAV,271.076,L1CA,13,8B03C081C82EFFEA3C3624B6FFD02785F8C41CAE26E0CE24FFAC3314199A
$LOG,271.235,L1CA,7,FRAME SYNC (N)
$LNAV,271.075,L1CA,7,8B03C081C82EFFCD61434D2C004E26B6B0C41FD2A7B86F37FFA23C13F068
$LOG,271.230,L1CA,30,FRAME SYNC (N)
$LNAV,271.070,L1CA,30,8B03C081C82EFFE36167F0520015261BA4231F0997EAD199FFA32953EFE9
$TIME,272.000,2024,7,15,6,39,20.546000,UTC
$CH,272.000,L1CA,30,271992,41.1,0.781428242,1106.322,339780.976,44,0
$CH,272.000,L1CA,13,271991,36.0,0.228397278,1818.546,530907.035,44,0
$CH,272.000,L1CA,19,271991,39.4,0.222907148,2055.552,592221.857,44,0
$CH,272.000,L1CA,7,271991,39.4,0.415782121,-439.009,-84922.275,44,0
$OBS,272.000,2288,398689.000,G30,1C,41.1,20919945.692,-339782.082,1105.305,0
$OBS,272.000,2288,398689.000,G13,1C,36.0,22552905.797,-530908.854,1818.310,0
$OBS,272.000,2288,398689.000,G19,1C,39.4,21052297.549,-592223.912,2055.442,0
$OBS,272.000,2288,398689.000,G07,1C,39.4,22309290.305,84922.714,-438.006,0
$POS,272.000,2023,11,16,14,44,48.998759012,15.395434321,73.878025557,-187.734,4,4
$TIME,273.000,2024,7,15,6,39,20.736000,UTC
$CH,273.000,L1CA,7,272991,39.2,0.416067841,-440.325,-85362.272,44,0
$CH,273.000,L1CA,30,272992,40.6,0.780678788,1105.753,340886.803,44,0
$CH,273.000,L1CA,19,272991,39.7,0.221537529,2054.620,594277.414,44,0
$CH,273.000,L1CA,13,272991,36.9,0.227185488,1817.755,532724.232,44,0
$OBS,273.000,2288,398690.000,G30,1C,40.6,20919721.003,-340887.909,1103.103,0
$OBS,273.000,2288,398690.000,G19,1C,39.7,21051886.945,-594279.469,2054.954,0
$OBS,273.000,2288,398690.000,G07,1C,39.2,22309375.968,85362.713,-441.288,0
$OBS,273.000,2288,398690.000,G13,1C,36.9,22552542.501,-532726.050,1818.210,0
$POS,273.000,2023,11,16,14,44,49.998760206,15.395130342,73.877753477,-126.688,4,4
$TIME,274.000,2024,7,15,6,39,20.926000,UTC
$CH,274.000,L1CA,30,273992,40.0,0.779945305,1104.716,341991.865,44,0
$CH,274.000,L1CA,13,273991,38.5,0.225970673,1817.327,534540.616,44,0
$CH,274.000,L1CA,19,273991,39.8,0.220184836,2053.280,596332.178,44,0
$CH,274.000,L1CA,7,273991,38.9,0.416284018,-444.098,-85803.124,44,0
$OBS,274.000,2288,398691.000,G30,1C,40.0,20919501.113,-341992.969,1104.600,0
$OBS,274.000,2288,398691.000,G13,1C,38.5,22552178.315,-534542.433,1814.509,0
$OBS,274.000,2288,398691.000,G19,1C,39.8,21051481.420,-596334.232,2054.287,0
$OBS,274.000,2288,398691.000,G07,1C,38.9,22309440.778,85803.568,-439.746,0
$POS,274.000,2023,11,16,14,44,50.998761750,15.395479151,73.877918071,-182.112,4,4
$TIME,275.000,2024,7,15,6,39,21.116000,UTC
$CH,275.000,L1CA,30,274992,41.8,0.779197451,1104.703,343096.097,44,0
$CH,275.000,L1CA,7,274991,38.6,0.416481115,-441.205,-86244.722,44,0
$CH,275.000,L1CA,19,274991,39.9,0.218842214,2052.378,598386.298,44,0
$CH,275.000,L1CA,13,274991,39.1,0.224768453,1817.998,536356.288,44,0
$OBS,275.000,2288,398692.000,G30,1C,41.8,20919276.912,-343097.202,1103.586,0
$OBS,275.000,2288,398692.000,G07,1C,38.6,22309499.864,86245.163,-440.538,0
$OBS,275.000,2288,398692.000,G19,1C,39.9,21051078.913,-598388.350,2052.744,0
$OBS,275.000,2288,398692.000,G13,1C,39.1,22551817.898,-536358.106,1815.480,0
$POS,275.000,2023,11,16,14,44,51.998763241,15.395626763,73.878053522,-220.168,4,4
$TIME,276.000,2024,7,15,6,39,21.306000,UTC
$CH,276.000,L1CA,13,275991,37.5,0.223573679,1814.548,538171.078,44,0
$CH,276.000,L1CA,30,275992,42.9,0.778443951,1103.495,344199.397,44,0
$CH,276.000,L1CA,7,275991,38.9,0.416718952,-441.141,-86687.076,44,0
$CH,276.000,L1CA,19,275991,40.1,0.217484780,2054.613,600439.641,44,0
$OBS,276.000,2288,398693.000,G13,1C,37.5,22551459.715,-538172.892,1813.568,0
$OBS,276.000,2288,398693.000,G30,1C,42.9,20919051.019,-344200.501,1101.830,0
$OBS,276.000,2288,398693.000,G07,1C,38.9,22309571.166,86687.517,-443.422,0
$OBS,276.000,2288,398693.000,G19,1C,40.1,21050671.974,-600441.695,2054.056,0
$POS,276.000,2023,11,16,14,44,52.998764609,15.395673038,73.878075705,-214.893,4,4
$TIME,277.000,2024,7,15,6,39,21.496000,UTC
$CH,277.000,L1CA,7,276991,39.5,0.416911156,-444.209,-87130.288,44,0
$CH,277.000,L1CA,13,276991,36.9,0.222363489,1814.923,539984.972,44,0
$CH,277.000,L1CA,19,276991,40.1,0.216125170,2051.357,602492.181,44,0
$CH,277.000,L1CA,30,276992,42.9,0.777710261,1099.169,345301.852,44,0
$OBS,277.000,2288,398694.000,G13,1C,36.9,22551096.907,-539986.787,1813.510,0
$OBS,277.000,2288,398694.000,G19,1C,40.1,21050264.372,-602494.233,2051.642,0
$OBS,277.000,2288,398694.000,G07,1C,39.5,22309628.787,87130.733,-446.268,0
$OBS,277.000,2288,398694.000,G30,1C,42.9,20918831.077,-345302.951,1098.900,0
$POS,277.000,2023,11,16,14,44,53.998766332,15.396500133,73.878520224,-324.749,4,4
$LOG,277.231,L1CA,19,FRAME SYNC (N)
$LOG,277.230,L1CA,30,FRAME SYNC (N)
$LNAV,277.070,L1CA,30,8B03C081C8B376748632A139961AB2AB3B393B692FCF98738A0F5708BF89
$LOG,277.235,L1CA,7,FRAME SYNC (N)
$LOG,277.236,L1CA,13,FRAME SYNC (N)
$LNAV,277.075,L1CA,7,8B03C081C8B376AA1910639A9F7CC0F41A32CE9939D7DD6B4ECD86E89014
$LNAV,277.076,L1CA,13,8B03C081C8B376748632A139961AB2AB3B393B692FCF98738A0F5708BF89
$LNAV,277.071,L1CA,19,8B03C081C8B376748632A139961AB2AB3B393B692FCF98738A0F5708BF89
$TIME,278.000,2024,7,15,6,39,21.687000,UTC
$CH,278.000,L1CA,13,277991,37.9,0.221160046,1811.516,541798.103,45,0
$CH,278.000,L1CA,30,277992,40.0,0.776928081,1101.811,346403.331,45,0
$CH,278.000,L1CA,7,277991,39.4,0.417182192,-442.194,-87574.246,45,0
$CH,278.000,L1CA,19,277991,40.2,0.214768990,2051.629,604544.024,45,0
$OBS,278.000,2288,398695.000,G13,1C,37.9,22550736.124,-541799.914,1810.998,0
$OBS,278.000,2288,398695.000,G30,1C,40.0,20918596.581,-346404.433,1102.025,0
$OBS,278.000,2288,398695.000,G07,1C,39.4,22309710.035,87574.688,-442.959,0
$OBS,278.000,2288,398695.000,G19,1C,40.2,21049857.799,-604546.076,2050.409,0
$POS,278.000,2023,11,16,14,44,54.998767268,15.395393750,73.877922539,-179.278,4,4
$TIME,279.000,2024,7,15,6,39,21.877000,UTC
$CH,279.000,L1CA,19,278991,40.3,0.213429605,2049.728,606595.084,45,0
$CH,279.000,L1CA,7,278991,39.5,0.417365512,-443.792,-88019.001,45,0
$CH,279.000,L1CA,13,278991,38.4,0.219973450,1812.011,543610.404,45,0
$CH,279.000,L1CA,30,278992,39.4,0.776154648,1099.065,347503.814,45,0
$OBS,279.000,2288,398696.000,G19,1C,40.3,21049456.252,-606597.134,2050.442,0
$OBS,279.000,2288,398696.000,G07,1C,39.5,22309765.003,88019.445,-445.423,0
$OBS,279.000,2288,398696.000,G30,1C,39.4,20918364.702,-347504.913,1100.064,0
$OBS,279.000,2288,398696.000,G13,1C,38.4,22550380.384,-543612.216,1811.524,0
$POS,279.000,2023,11,16,14,44,55.998768648,15.395239287,73.877977838,-177.561,4,4
$TIME,280.000,2024,7,15,6,39,22.071000,UTC
$CH,280.000,L1CA,13,279991,38.4,0.218774471,1811.658,545421.852,45,0
$CH,280.000,L1CA,30,279992,39.8,0.775417242,1099.617,348603.436,45,0
$CH,280.000,L1CA,7,279991,39.5,0.417683761,-445.270,-88464.548,45,0
$CH,280.000,L1CA,19,279991,40.4,0.212089696,2052.373,608645.400,45,0
$OBS,280.000,2288,398697.000,G13,1C,38.4,22550020.945,-545423.664,1812.468,0
$OBS,280.000,2288,398697.000,G30,1C,39.8,20918143.643,-348604.536,1100.298,0
$OBS,280.000,2288,398697.000,G07,1C,39.5,22309860.403,88464.993,-445.396,0
$OBS,280.000,2288,398697.000,G19,1C,40.4,21049054.565,-608647.452,2049.477,0
$POS,280.000,2023,11,16,14,44,56.998769627,15.394274487,73.877358861,-52.856,4,4
$TIME,281.000,2024,7,15,6,39,22.257000,UTC
$CH,281.000,L1CA,19,280991,40.3,0.210745857,2050.813,610695.082,45,0
$CH,281.000,L1CA,7,280991,39.3,0.417837541,-447.298,-88910.782,45,0
$CH,281.000,L1CA,30,280992,40.5,0.774674981,1098.999,349702.265,45,0
$CH,281.000,L1CA,13,280991,39.3,0.217575245,1812.908,547232.599,45,0
$OBS,281.000,2288,398698.000,G07,1C,39.3,22309906.507,88911.230,-444.662,0
$OBS,281.000,2288,398698.000,G19,1C,40.3,21048651.692,-610697.133,2048.367,0
$OBS,281.000,2288,398698.000,G30,1C,40.5,20917921.118,-349703.364,1098.345,0
$OBS,281.000,2288,398698.000,G13,1C,39.3,22549661.418,-547234.412,1810.747,0
$POS,281.000,2023,11,16,14,44,57.998771371,15.395066165,73.877885995,-173.029,4,4
$TIME,282.000,2024,7,15,6,39,22.447000,UTC
$CH,282.000,L1CA,19,281991,40.2,0.209362444,2048.245,612744.151,45,0
$CH,282.000,L1CA,7,281991,39.2,0.418139259,-446.636,-89357.701,45,0
$CH,282.000,L1CA,30,281992,41.3,0.773925623,1097.268,350800.280,45,0
$CH,282.000,L1CA,13,281991,39.6,0.216367456,1808.716,549042.626,45,0
$OBS,282.000,2288,398699.000,G19,1C,40.2,21048236.953,-612746.199,2046.225,0
$OBS,282.000,2288,398699.000,G07,1C,39.2,22309996.969,89358.148,-449.555,0
$OBS,282.000,2288,398699.000,G30,1C,41.3,20917696.463,-350801.378,1096.949,0
$OBS,282.000,2288,398699.000,G13,1C,39.6,22549299.343,-549044.435,1810.307,0
$POS,282.000,2023,11,16,14,44,58.998772591,15.394972846,73.877688248,-116.537,4,4
$TIME,283.000,2024,7,15,6,39,22.637000,UTC
$CH,283.000,L1CA,7,282991,38.9,0.418326792,-447.828,-89805.426,45,0
$CH,283.000,L1CA,30,282992,40.9,0.773172659,1097.059,351897.374,45,0
$CH,283.000,L1CA,13,282991,38.6,0.215171528,1807.367,550851.736,45,0
$CH,283.000,L1CA,19,282991,40.2,0.208011302,2048.042,614792.429,45,0
$OBS,283.000,2288,398700.000,G07,1C,38.9,22310053.176,89805.874,-449.056,0
$OBS,283.000,2288,398700.000,G30,1C,40.9,20917470.727,-351898.471,1095.782,0
$OBS,283.000,2288,398700.000,G13,1C,38.6,22548940.811,-550853.544,1809.518,0
$OBS,283.000,2288,398700.000,G19,1C,40.2,21047831.898,-614794.477,2048.054,0
$POS,283.000,2023,11,16,14,44,59.998774163,15.395378516,73.877975567,-176.161,4,4
$LOG,283.230,L1CA,30,FRAME SYNC (N)
$LNAV,283.070,L1CA,30,8B03C081C9364F7E9190FA20FD4200A10C21307F8633E788A127000C003E
$LOG,283.236,L1CA,13,FRAME SYNC (N)
$LOG,283.235,L1CA,7,FRAME SYNC (N)
$LNAV,283.076,L1CA,13,8B03C081C9364F7E9190FA20FD4200A10C21307F8633E788A127000C003E
$LOG,283.231,L1CA,19,FRAME SYNC (N)
$LNAV,283.075,L1CA,7,8B03C081C9364F7E9190FA20FD4200A10C21307F8633E788A127000C003E
$LNAV,283.071,L1CA,19,8B03C081C9364F7E9190FA20FD4200A10C21307F8633E788A127000C003E
$TIME,284.000,2024,7,15,6,39,22.817000,UTC
$CH,284.000,L1CA,19,283991,40.2,0.206656854,2047.889,616839.914,46,0
$CH,284.000,L1CA,7,283991,39.0,0.418584805,-449.308,-90253.992,46,0
$CH,284.000,L1CA,13,283991,38.6,0.213956412,1806.634,552659.972,46,0
$CH,284.000,L1CA,30,283992,40.7,0.772449712,1095.359,352993.479,46,0
$OBS,284.000,2288,398701.000,G19,1C,40.2,21047425.832,-616841.962,2048.205,0
$OBS,284.000,2288,398701.000,G07,1C,39.0,22310130.533,90254.442,-449.242,0
$OBS,284.000,2288,398701.000,G13,1C,38.6,22548576.520,-552661.779,1808.214,0
$OBS,284.000,2288,398701.000,G30,1C,40.7,20917253.996,-352994.574,1095.385,0
$POS,284.000,2023,11,16,14,45,0.998775584,15.395514190,73.877954947,-193.297,4,4
$TIME,285.000,2024,7,15,6,39,23.007000,UTC
$CH,285.000,L1CA,30,284992,40.7,0.771692377,1094.222,354088.922,46,0
$CH,285.000,L1CA,13,284991,39.0,0.212755883,1807.684,554467.588,46,0
$CH,285.000,L1CA,7,284991,38.9,0.418793844,-449.254,-90703.131,46,0
$CH,285.000,L1CA,19,284991,40.1,0.205302551,2045.880,618886.874,46,0
$OBS,285.000,2288,398702.000,G30,1C,40.7,20917026.951,-354090.016,1096.051,0
$OBS,285.000,2288,398702.000,G13,1C,39.0,22548216.627,-554469.396,1807.115,0
$OBS,285.000,2288,398702.000,G07,1C,38.9,22310193.196,90703.580,-449.594,0
$OBS,285.000,2288,398702.000,G19,1C,40.1,21047019.835,-618888.920,2045.700,0
$POS,285.000,2023,11,16,14,45,1.998777021,15.395604123,73.878042963,-209.021,4,4
$TIME,286.000,2024,7,15,6,39,23.197000,UTC
$CH,286.000,L1CA,19,285991,40.0,0.203959200,2045.725,620933.062,46,0
$CH,286.000,L1CA,7,285991,38.9,0.419003933,-451.817,-91153.065,46,0
$CH,286.000,L1CA,30,285992,40.8,0.770920314,1095.072,355183.457,46,0
$CH,286.000,L1CA,13,285991,38.9,0.211563468,1805.936,556274.327,46,0
$OBS,286.000,2288,398703.000,G19,1C,40.0,21046617.102,-620935.108,2045.633,0
$OBS,286.000,2288,398703.000,G07,1C,38.9,22310256.192,91153.517,-449.745,0
$OBS,286.000,2288,398703.000,G30,1C,40.8,20916795.491,-355184.552,1093.500,0
$OBS,286.000,2288,398703.000,G13,1C,38.9,22547859.142,-556276.133,1804.812,0
$POS,286.000,2023,11,16,14,45,2.998778285,15.395200334,73.877916323,-170.014,4,4
$TIME,287.000,2024,7,15,6,39,23.377000,UTC
$CH,287.000,L1CA,7,286991,38.7,0.419285205,-450.469,-91603.782,46,0
$CH,287.000,L1CA,30,286992,41.0,0.770172807,1094.789,356277.133,46,0
$CH,287.000,L1CA,19,286991,39.8,0.202611124,2044.345,622978.537,46,0
$CH,287.000,L1CA,13,286991,37.8,0.210365783,1804.572,558080.247,46,0
$OBS,287.000,2288,398704.000,G07,1C,38.7,22310340.511,91604.232,-450.467,0
$OBS,287.000,2288,398704.000,G30,1C,41.0,20916571.396,-356278.228,1093.947,0
$OBS,287.000,2288,398704.000,G19,1C,39.8,21046212.955,-622980.581,2044.975,0
$OBS,287.000,2288,398704.000,G13,1C,37.8,22547500.086,-558082.051,1806.500,0
$POS,287.000,2023,11,16,14,45,3.998779430,15.394622423,73.877554661,-93.307,4,4
$TIME,288.000,2024,7,15,6,39,23.577000,UTC
$CH,288.000,L1CA,13,287991,37.0,0.209160646,1806.256,559885.373,46,0
$CH,288.000,L1CA,19,287991,39.7,0.201282408,2043.239,625023.340,46,0
$CH,288.000,L1CA,30,287992,41.8,0.769432576,1095.434,357369.988,46,0
$CH,288.000,L1CA,7,287991,38.9,0.419469078,-450.608,-92055.183,46,0
$OBS,288.000,2288,398705.000,G13,1C,37.0,22547138.797,-559887.179,1806.416,0
$OBS,288.000,2288,398705.000,G19,1C,39.7,21045814.618,-625025.384,2045.557,0
$OBS,288.000,2288,398705.000,G30,1C,41.8,20916349.481,-357371.083,1092.723,0
$OBS,288.000,2288,398705.000,G07,1C,38.9,22310395.636,92055.633,-452.480,0
$POS,288.000,2023,11,16,14,45,4.998780912,15.394662516,73.877658771,-133.888,4,4
$TIME,289.000,2024,7,15,6,39,23.757000,UTC
$CH,289.000,L1CA,7,288991,39.2,0.419795801,-452.748,-92507.330,46,0
$CH,289.000,L1CA,19,288991,39.5,0.199921138,2042.924,627067.452,46,0
$CH,289.000,L1CA,13,288991,37.8,0.207966161,1804.063,561689.722,46,0
$CH,289.000,L1CA,30,288992,41.6,0.768700053,1091.114,358462.051,46,0
$OBS,289.000,2288,398706.000,G07,1C,39.2,22310493.584,92507.783,-453.031,0
$OBS,289.000,2288,398706.000,G19,1C,39.5,21045406.528,-627069.495,2045.814,0
$OBS,289.000,2288,398706.000,G30,1C,41.6,20916129.870,-358463.142,1092.168,0
$OBS,289.000,2288,398706.000,G13,1C,37.8,22546780.701,-561691.526,1802.672,0
$POS,289.000,2023,11,16,14,45,5.998782048,15.394290166,73.877307738,-53.898,4,4
$LOG,289.230,L1CA,30,FRAME SYNC (N)
$LNAV,289.070,L1CA,30,8B03C081C9A53C100046854AD477AF0801D8CB9A08536270000023C2B5D9
$LOG,289.236,L1CA,13,FRAME SYNC (N)
$LNAV,289.076,L1CA,13,8B03C081C9A53C100046854AD477AF0801D8CB9AE71462700000244E1C07
$LOG,289.235,L1CA,7,FRAME SYNC (N)
$LNAV,289.075,L1CA,7,8B03C081C9A53C100046854AD477AF0801D8CB9AE813627000FFA9018EFA
$LOG,289.231,L1CA,19,FRAME SYNC (N)
$LNAV,289.071,L1CA,19,8B03C081C9A53C100046854AD477AF0801D8CB9ADF00626F00002E346555
$TIME,290.000,2024,7,15,6,39,23.947000,UTC
$CH,290.000,L1CA,30,289992,39.7,0.767967899,1089.739,359553.226,47,0
$CH,290.000,L1CA,7,289991,39.5,0.419939650,-452.705,-92960.121,47,0
$CH,290.000,L1CA,19,289991,39.5,0.198550134,2043.772,629110.977,47,0
$CH,290.000,L1CA,13,289991,39.0,0.206758038,1803.622,563493.461,47,0
$OBS,290.000,2288,398707.000,G30,1C,39.7,20915910.381,-359554.316,1090.238,0
$OBS,290.000,2288,398707.000,G07,1C,39.5,22310536.704,92960.574,-452.277,0
$OBS,290.000,2288,398707.000,G19,1C,39.5,21044995.505,-629113.021,2044.024,0
$OBS,290.000,2288,398707.000,G13,1C,39.0,22546418.504,-563495.264,1805.142,0
$POS,290.000,2023,11,16,14,45,6.998784065,15.395895190,73.878212563,-256.074,4,4
$TIME,291.000,2024,7,15,6,39,24.138000,UTC
$CH,291.000,L1CA,30,290992,39.2,0.767203696,1089.353,360643.577,47,0
$CH,291.000,L1CA,19,290991,39.7,0.197216350,2041.027,631153.837,47,0
$CH,291.000,L1CA,7,290991,39.8,0.420214588,-451.879,-93413.597,47,0
$CH,291.000,L1CA,13,290991,38.8,0.205566535,1800.395,565296.379,47,0
$OBS,291.000,2288,398708.000,G30,1C,39.2,20915681.277,-360644.667,1088.549,0
$OBS,291.000,2288,398708.000,G19,1C,39.7,21044595.651,-631155.878,2042.003,0
$OBS,291.000,2288,398708.000,G07,1C,39.8,22310619.139,93414.049,-454.379,0
$OBS,291.000,2288,398708.000,G13,1C,38.8,22546061.316,-565298.179,1803.879,0
$POS,291.000,2023,11,16,14,45,7.998785010,15.394759575,73.877617736,-118.700,4,4
$TIME,292.000,2024,7,15,6,39,24.328000,UTC
$CH,292.000,L1CA,30,291992,38.7,0.766438759,1089.697,361733.145,47,0
$CH,292.000,L1CA,19,291991,39.7,0.195872968,2043.026,633196.113,47,0
$CH,292.000,L1CA,13,291991,38.1,0.204363572,1799.772,567098.629,47,0
$CH,292.000,L1CA,7,291991,40.0,0.420400983,-454.288,-93867.729,47,0
$OBS,292.000,2288,398709.000,G30,1C,38.7,20915451.964,-361734.235,1086.139,0
$OBS,292.000,2288,398709.000,G19,1C,39.7,21044192.917,-633198.156,2041.964,0
$OBS,292.000,2288,398709.000,G13,1C,38.1,22545700.672,-567100.429,1802.346,0
$OBS,292.000,2288,398709.000,G07,1C,40.0,22310675.014,93868.183,-454.179,0
$POS,292.000,2023,11,16,14,45,8.998786414,15.394611325,73.877635048,-124.731,4,4
$TIME,293.000,2024,7,15,6,39,24.518000,UTC
$CH,293.000,L1CA,30,292992,38.9,0.765692002,1088.874,362821.923,47,0
$CH,293.000,L1CA,7,292991,40.2,0.420668045,-454.511,-94322.491,47,0
$CH,293.000,L1CA,13,292991,38.0,0.203164464,1801.571,568900.230,47,0
$CH,293.000,L1CA,19,292991,39.7,0.194503336,2041.721,635237.781,47,0
$OBS,293.000,2288,398710.000,G30,1C,38.9,20915228.095,-362823.012,1088.409,0
$OBS,293.000,2288,398710.000,G07,1C,40.2,22310755.076,94322.945,-455.721,0
$OBS,293.000,2288,398710.000,G13,1C,38.0,22545341.180,-568902.032,1799.894,0
$OBS,293.000,2288,398710.000,G19,1C,39.7,21043782.314,-635239.823,2042.116,0
$POS,293.000,2023,11,16,14,45,9.998787752,15.394689929,73.877603678,-106.925,4,4
$TIME,294.000,2024,7,15,6,39,24.698000,UTC
$CH,294.000,L1CA,7,293991,40.0,0.420924660,-456.229,-94777.847,47,0
$CH,294.000,L1CA,19,293991,39.5,0.193155855,2040.953,637278.913,47,0
$CH,294.000,L1CA,30,293992,39.7,0.764977275,1086.692,363910.003,47,0
$CH,294.000,L1CA,13,293991,38.3,0.201982631,1800.728,570701.117,47,0
$OBS,294.000,2288,398711.000,G07,1C,40.0,22310832.014,94778.304,-455.852,0
$OBS,294.000,2288,398711.000,G19,1C,39.5,21043378.341,-637280.954,2041.840,0
$OBS,294.000,2288,398711.000,G30,1C,39.7,20915013.824,-363911.089,1088.590,0
$OBS,294.000,2288,398711.000,G13,1C,38.3,22544986.888,-570702.917,1799.694,0
$POS,294.000,2023,11,16,14,45,10.998789286,15.395248997,73.877849947,-160.128,4,4
$TIME,295.000,2024,7,15,6,39,24.888000,UTC
$CH,295.000,L1CA,7,294991,40.2,0.421101112,-457.244,-95233.893,47,0
$CH,295.000,L1CA,19,294991,39.3,0.191815139,2041.062,639319.382,47,0
$CH,295.000,L1CA,13,294991,37.7,0.200803098,1799.646,572501.316,47,0
$CH,295.000,L1CA,30,294992,40.0,0.764245087,1086.696,364997.237,47,0
$OBS,295.000,2288,398712.000,G07,1C,40.2,22310884.906,95234.350,-455.877,0
$OBS,295.000,2288,398712.000,G19,1C,39.3,21042976.410,-639321.423,2043.820,0
$OBS,295.000,2288,398712.000,G13,1C,37.7,22544633.260,-572503.115,1799.220,0
$OBS,295.000,2288,398712.000,G30,1C,40.0,20914794.318,-364998.323,1087.266,0
$POS,295.000,2023,11,16,14,45,11.998791036,15.396123498,73.878408106,-279.851,4,4
$LOG,295.230,L1CA,30,FRAME SYNC (N)
$LOG,295.231,L1CA,19,FRAME SYNC (N)
$LNAV,295.071,L1CA,19,8B03C081CA2A000D9A2DE5CB9062210C2704C9D814070BA10D5065626F1D
$LOG,295.235,L1CA,7,FRAME SYNC (N)
$LOG,295.236,L1CA,13,FRAME SYNC (N)
$LNAV,295.070,L1CA,30,8B03C081CA2A53FEA93CACFEC49A99FEBC035F3A3F0C8BA10DD06F62707E
$LNAV,295.076,L1CA,13,8B03C081CA2A14FEF43187682D61BFFF0C03EF570B10E1A10D3FC0627068
$LNAV,295.075,L1CA,7,8B03C081CA2A13FF013A29025D1CAFFF5D090739B90D0EA10D8A7562707E
$TIME,296.000,2024,7,15,6,39,25.078000,UTC
$CH,296.000,L1CA,13,295991,38.0,0.199610941,1798.201,574300.851,48,0
$CH,296.000,L1CA,30,295992,40.4,0.763480623,1084.969,366083.784,48,0
$CH,296.000,L1CA,19,295991,39.3,0.190465342,2038.937,641359.284,48,0
$CH,296.000,L1CA,7,295991,39.9,0.421439523,-457.258,-95690.545,48,0
$OBS,296.000,2288,398713.000,G13,1C,38.0,22544275.862,-574302.649,1801.162,0
$OBS,296.000,2288,398713.000,G30,1C,40.4,20914565.127,-366084.869,1086.114,0
$OBS,296.000,2288,398713.000,G19,1C,39.3,21042571.740,-641361.323,2044.072,0
$OBS,296.000,2288,398713.000,G07,1C,39.9,22310986.361,95691.002,-456.683,0
$POS,296.000,2023,11,16,14,45,12.998791800,15.394702751,73.877553437,-78.788,4,4
$TIME,297.000,2024,7,15,6,39,25.258000,UTC
$CH,297.000,L1CA,13,296991,38.4,0.198411974,1795.735,576099.615,48,0
$CH,297.000,L1CA,7,296991,40.4,0.421556890,-459.866,-96147.963,48,0
$CH,297.000,L1CA,19,296991,39.3,0.189133584,2038.488,643398.493,48,0
$CH,297.000,L1CA,30,296992,41.2,0.762705820,1084.168,367169.505,48,0
$OBS,297.000,2288,398714.000,G07,1C,40.4,22311021.541,96148.423,-456.255,0
$OBS,297.000,2288,398714.000,G19,1C,39.3,21042172.496,-643400.531,2037.327,0
$OBS,297.000,2288,398714.000,G30,1C,41.2,20914332.847,-367170.589,1085.200,0
$OBS,297.000,2288,398714.000,G13,1C,38.4,22543916.422,-576101.411,1798.871,0
$POS,297.000,2023,11,16,14,45,13.998793374,15.394819556,73.877839782,-140.933,4,4
$TIME,298.000,2024,7,15,6,39,25.448000,UTC
$CH,298.000,L1CA,30,297992,41.6,0.761999890,1085.405,368254.412,48,0
$CH,298.000,L1CA,13,297991,38.4,0.197228588,1795.856,577897.619,48,0
$CH,298.000,L1CA,19,297991,39.3,0.187772863,2039.194,645437.035,48,0
$CH,298.000,L1CA,7,297991,40.6,0.421881982,-458.338,-96606.052,48,0
$OBS,298.000,2288,398715.000,G30,1C,41.6,20914121.228,-368255.498,1085.325,0
$OBS,298.000,2288,398715.000,G13,1C,38.4,22543561.659,-577899.415,1795.912,0
$OBS,298.000,2288,398715.000,G19,1C,39.3,21041764.562,-645439.074,2036.515,0
$OBS,298.000,2288,398715.000,G07,1C,40.6,22311119.000,96606.510,-457.967,0
$POS,298.000,2023,11,16,14,45,14.998794724,15.395140806,73.877835034,-134.215,4,4
$TIME,299.000,2024,7,15,6,39,25.638000,UTC
$CH,299.000,L1CA,19,298991,39.4,0.186416661,2036.733,647474.907,48,0
$CH,299.000,L1CA,7,298991,40.8,0.422071379,-458.310,-97064.857,48,0
$CH,299.000,L1CA,30,298992,41.4,0.761273591,1086.032,369338.487,48,0
$CH,299.000,L1CA,13,298991,37.8,0.196028499,1797.438,579694.847,48,0
$OBS,299.000,2288,398716.000,G19,1C,39.4,21041357.990,-647476.943,2037.211,0
$OBS,299.000,2288,398716.000,G07,1C,40.8,22311175.783,97065.315,-457.309,0
$OBS,299.000,2288,398716.000,G30,1C,41.4,20913903.484,-369339.573,1085.259,0
$OBS,299.000,2288,398716.000,G13,1C,37.8,22543201.871,-579696.644,1796.095,0
$POS,299.000,2023,11,16,14,45,15.998796494,15.396088411,73.878358038,-258.770,4,4
$TIME,300.000,2024,7,15,6,39,25.828000,UTC
$CH,300.000,L1CA,19,299991,39.3,0.185071721,2037.803,649512.155,48,0
$CH,300.000,L1CA,7,299991,40.9,0.422317773,-460.378,-97524.342,48,0
$CH,300.000,L1CA,13,299991,37.4,0.194823464,1795.303,581491.308,48,0
$CH,300.000,L1CA,30,299992,40.6,0.760532630,1083.322,370421.760,48,0
$OBS,300.000,2288,398717.000,G07,1C,40.9,22311249.650,97524.802,-457.740,0
$OBS,300.000,2288,398717.000,G19,1C,39.3,21040954.785,-649514.193,2035.132,0
$OBS,300.000,2288,398717.000,G13,1C,37.4,22542840.616,-581493.103,1796.703,0
$OBS,300.000,2288,398717.000,G30,1C,40.6,20913681.343,-370422.843,1084.122,0
$POS,300.000,2023,11,16,14,45,16.998797791,15.395820811,73.878194106,-233.385,4,4
$TIME,301.000,2024,7,15,6,39,26.018000,UTC
$CH,301.000,L1CA,13,300991,38.3,0.193643119,1796.783,583286.967,48,0
$CH,301.000,L1CA,7,300991,40.8,0.422591882,-459.685,-97984.611,48,0
$CH,301.000,L1CA,19,300991,39.3,0.183726697,2037.390,651548.662,48,0
$CH,301.000,L1CA,30,300992,39.9,0.759776685,1082.271,371504.135,48,0
$OBS,301.000,2288,398718.000,G13,1C,38.3,22542486.761,-583288.764,1797.063,0
$OBS,301.000,2288,398718.000,G07,1C,40.8,22311331.823,97985.070,-461.623,0
$OBS,301.000,2288,398718.000,G19,1C,39.3,21040551.545,-651550.699,2037.899,0
$OBS,301.000,2288,398718.000,G30,1C,39.9,20913454.717,-371505.217,1080.869,0
$POS,301.000,2023,11,16,14,45,17.998798911,15.395275770,73.877897997,-148.994,4,4
$LOG,301.230,L1CA,30,FRAME SYNC (N)
$LNAV,301.070,L1CA,30,8B03C081CAACFFE36167F0520015261BA4231F0997EAD199FFA32953EFE9
$LOG,301.236,L1CA,13,FRAME SYNC (N)
$LNAV,301.076,L1CA,13,8B03C081CAACFFEA3C3624B6FFD02785F8C41CAE26E0CE24FFAC3314199A
$LOG,301.235,L1CA,7,FRAME SYNC (N)
$LNAV,301.075,L1CA,7,8B03C081CAACFFCD61434D2C004E26B6B0C41FD2A7B86F37FFA23C13F068
$LOG,301.231,L1CA,19,FRAME SYNC (N)
$LNAV,301.071,L1CA,19,8B03C081CAACFFBABAD7BD79FFF8278D173C286163B10279FFA738000B1B
$TIME,302.000,2024,7,15,6,39,26.208000,UTC
$CH,302.000,L1CA,30,301992,40.3,0.759033282,1080.632,372585.787,49,0
$CH,302.000,L1CA,13,301991,38.1,0.192446059,1791.365,585082.055,49,0
$CH,302.000,L1CA,7,301991,40.9,0.422745224,-460.774,-98445.428,49,0
$CH,302.000,L1CA,19,301991,39.4,0.182403158,2035.705,653584.640,49,0
$OBS,302.000,2288,398719.000,G30,1C,40.3,20913231.860,-372586.868,1081.385,0
$OBS,302.000,2288,398719.000,G13,1C,38.1,22542127.897,-585083.846,1794.108,0
$OBS,302.000,2288,398719.000,G07,1C,40.9,22311377.804,98445.889,-460.484,0
$OBS,302.000,2288,398719.000,G19,1C,39.4,21040154.762,-653586.676,2034.959,0
$POS,302.000,2023,11,16,14,45,18.998800518,15.395495404,73.878161824,-225.109,4,4
$TIME,303.000,2024,7,15,6,39,26.388000,UTC
$CH,303.000,L1CA,30,302992,41.2,0.758309922,1079.395,373666.587,49,0
$CH,303.000,L1CA,7,302991,40.8,0.423098574,-461.410,-98907.033,49,0
$CH,303.000,L1CA,13,302991,38.2,0.191237399,1795.675,586876.262,49,0
$CH,303.000,L1CA,19,302991,39.5,0.181036602,2034.122,655619.907,49,0
$OBS,303.000,2288,398720.000,G30,1C,41.2,20913014.989,-373667.666,1080.148,0
$OBS,303.000,2288,398720.000,G07,1C,40.8,22311483.727,98907.494,-462.068,0
$OBS,303.000,2288,398720.000,G13,1C,38.2,22541765.543,-586878.058,1793.955,0
$OBS,303.000,2288,398720.000,G19,1C,39.5,21039745.084,-655621.941,2034.897,0
$POS,303.000,2023,11,16,14,45,19.998801565,15.394969312,73.877656441,-118.991,4,4
$TIME,304.000,2024,7,15,6,39,26.579000,UTC
$CH,304.000,L1CA,19,303991,39.4,0.179712112,2033.722,657654.561,49,0
$CH,304.000,L1CA,30,303992,41.2,0.757573564,1079.840,374746.609,49,0
$CH,304.000,L1CA,7,303991,40.9,0.423251046,-461.737,-99369.266,49,0
$CH,304.000,L1CA,13,303991,38.0,0.190055401,1794.908,588669.761,49,0
$OBS,304.000,2288,398721.000,G19,1C,39.4,21039348.004,-657656.595,2034.041,0
$OBS,304.000,2288,398721.000,G30,1C,41.2,20912794.244,-374747.689,1078.138,0
$OBS,304.000,2288,398721.000,G07,1C,40.9,22311529.447,99369.728,-462.212,0
$OBS,304.000,2288,398721.000,G13,1C,38.0,22541411.182,-588671.556,1795.295,0
$POS,304.000,2023,11,16,14,45,20.998803275,15.395548025,73.878118804,-228.057,4,4
$TIME,305.000,2024,7,15,6,39,26.773000,UTC
$CH,305.000,L1CA,13,304991,37.4,0.188865878,1791.653,590462.579,49,0
$CH,305.000,L1CA,30,304992,41.2,0.756821432,1076.323,375825.898,49,0
$CH,305.000,L1CA,7,304991,40.8,0.423555563,-462.419,-99832.175,49,0
$CH,305.000,L1CA,19,304991,39.4,0.178376864,2033.350,659688.601,49,0
$OBS,305.000,2288,398722.000,G13,1C,37.4,22541054.586,-590464.370,1793.417,0
$OBS,305.000,2288,398722.000,G30,1C,41.2,20912568.752,-375826.974,1079.117,0
$OBS,305.000,2288,398722.000,G07,1C,40.8,22311620.729,99832.638,-464.706,0
$OBS,305.000,2288,398722.000,G19,1C,39.4,21038947.713,-659690.634,2033.268,0
$POS,305.000,2023,11,16,14,45,21.998804212,15.394430644,73.877477968,-85.400,4,4
$TIME,306.000,2024,7,15,6,39,26.959000,UTC
$CH,306.000,L1CA,30,305992,41.2,0.756057320,1077.929,376904.460,49,0
$CH,306.000,L1CA,13,305991,37.8,0.187661635,1792.473,592254.736,49,0
$CH,306.000,L1CA,7,305991,40.4,0.423771629,-463.953,-100295.683,49,0
$CH,306.000,L1CA,19,305991,39.2,0.177024130,2033.182,661722.089,49,0
$OBS,306.000,2288,398723.000,G30,1C,41.2,20912339.683,-376905.538,1078.430,0
$OBS,306.000,2288,398723.000,G13,1C,37.8,22540693.559,-592256.528,1789.413,0
$OBS,306.000,2288,398723.000,G07,1C,40.4,22311685.504,100296.147,-463.539,0
$OBS,306.000,2288,398723.000,G19,1C,39.2,21038542.170,-661724.123,2032.940,0
$POS,306.000,2023,11,16,14,45,22.998805532,15.394173402,73.877382204,-61.756,4,4
$TIME,307.000,2024,7,15,6,39,27.149000,UTC
$CH,307.000,L1CA,13,306991,38.3,0.186471828,1790.246,594046.078,49,0
$CH,307.000,L1CA,19,306991,39.0,0.175679118,2033.037,663754.835,49,0
$CH,307.000,L1CA,7,306991,40.4,0.423985347,-463.980,-100759.954,49,0
$CH,307.000,L1CA,30,306992,41.7,0.755355061,1078.285,377982.159,49,0
$OBS,307.000,2288,398724.000,G13,1C,38.3,22540336.859,-594047.869,1790.765,0
$OBS,307.000,2288,398724.000,G19,1C,39.0,21038138.948,-663756.868,2032.672,0
$OBS,307.000,2288,398724.000,G07,1C,40.4,22311749.581,100760.418,-464.870,0
$OBS,307.000,2288,398724.000,G30,1C,41.7,20912129.146,-377983.237,1078.227,0
$POS,307.000,2023,11,16,14,45,23.998807291,15.395205988,73.877914332,-189.998,4,4
$LOG,307.236,L1CA,13,FRAME SYNC (N)
$LNAV,307.076,L1CA,13,8B03C081CB327943B55653626F7599E9C321696012B4320403D4778BCAE1
$LOG,307.235,L1CA,7,FRAME SYNC (N)
$LNAV,307.075,L1CA,7,8B03C081CB327943B55653626F7599E9C321696012B4320403D477286625
$LOG,307.231,L1CA,19,FRAME SYNC (N)
$LNAV,307.071,L1CA,19,8B03C081CB327943B55653626F7599E9C321696012B4320403D4778BCAE1
$LOG,307.230,L1CA,30,FRAME SYNC (N)
$LNAV,307.070,L1CA,30,8B03C081CB327943B55653626F7599E9C321696012B4320403D4778BCAE1
$TIME,308.000,2024,7,15,6,39,27.329000,UTC
$CH,308.000,L1CA,7,307991,40.3,0.424269651,-463.538,-101224.909,50,0
$CH,308.000,L1CA,30,307992,41.1,0.754618551,1077.182,379059.045,50,0
$CH,308.000,L1CA,13,307991,38.6,0.185318460,1788.823,595836.716,50,0
$CH,308.000,L1CA,19,307991,39.0,0.174327188,2031.232,665786.939,50,0
$OBS,308.000,2288,398725.000,G30,1C,41.1,20911908.348,-379060.123,1076.908,0
$OBS,308.000,2288,398725.000,G07,1C,40.3,22311834.808,101225.373,-464.311,0
$OBS,308.000,2288,398725.000,G19,1C,39.0,21037733.649,-665788.970,2030.304,0
$OBS,308.000,2288,398725.000,G13,1C,38.6,22539991.083,-595838.504,1790.822,0
$POS,308.000,2023,11,16,14,45,24.998808626,15.395441660,73.878014108,-173.121,4,4
$TIME,309.000,2024,7,15,6,39,27.529000,UTC
$CH,309.000,L1CA,30,308992,41.2,0.753884170,1074.184,380135.131,50,0
$CH,309.000,L1CA,7,308991,40.5,0.424464080,-466.504,-101690.573,50,0
$CH,309.000,L1CA,13,308991,37.5,0.184147211,1787.748,597626.474,50,0
$CH,309.000,L1CA,19,308991,39.3,0.172999415,2031.472,667818.394,50,0
$OBS,309.000,2288,398726.000,G30,1C,41.2,20911688.196,-380136.205,1075.190,0
$OBS,309.000,2288,398726.000,G07,1C,40.5,22311893.092,101691.040,-467.403,0
$OBS,309.000,2288,398726.000,G13,1C,37.5,22539639.967,-597628.262,1789.230,0
$OBS,309.000,2288,398726.000,G19,1C,39.3,21037335.592,-667820.425,2031.903,0
$POS,309.000,2023,11,16,14,45,25.998810198,15.395832754,73.878327617,-237.058,4,4
$TIME,310.000,2024,7,15,6,39,27.709000,UTC
$CH,310.000,L1CA,7,309991,40.3,0.424794664,-466.283,-102156.836,50,0
$CH,310.000,L1CA,13,309991,36.9,0.182932395,1789.538,599415.557,50,0
$CH,310.000,L1CA,19,309991,39.4,0.171659408,2030.718,669849.267,50,0
$CH,310.000,L1CA,30,309992,41.6,0.753129687,1074.505,381210.508,50,0
$OBS,310.000,2288,398727.000,G07,1C,40.3,22311992.209,102157.302,-466.613,0
$OBS,310.000,2288,398727.000,G19,1C,39.4,21036933.871,-669851.298,2032.931,0
$OBS,310.000,2288,398727.000,G13,1C,36.9,22539275.764,-599417.346,1788.578,0
$OBS,310.000,2288,398727.000,G30,1C,41.6,20911462.007,-381211.582,1073.842,0
$POS,310.000,2023,11,16,14,45,26.998810957,15.394209352,73.877348571,-37.301,4,4
$TIME,311.000,2024,7,15,6,39,27.899000,UTC
$CH,311.000,L1CA,7,310991,40.3,0.424942809,-468.565,-102623.870,50,0
$CH,311.000,L1CA,19,310991,39.7,0.170304453,2028.540,671879.430,50,0
$CH,311.000,L1CA,30,310992,41.4,0.752425753,1073.681,382284.968,50,0
$CH,311.000,L1CA,13,310991,37.9,0.181760371,1787.185,601203.863,50,0
$OBS,311.000,2288,398728.000,G07,1C,40.3,22312036.620,102624.339,-467.271,0
$OBS,311.000,2288,398728.000,G19,1C,39.7,21036527.665,-671881.458,2030.579,0
$OBS,311.000,2288,398728.000,G30,1C,41.4,20911250.964,-382286.042,1075.312,0
$OBS,311.000,2288,398728.000,G13,1C,37.9,22538924.403,-601205.650,1788.509,0
$POS,311.000,2023,11,16,14,45,27.998813119,15.396273913,73.878525296,-289.881,4,4
$TIME,312.000,2024,7,15,6,39,28.079000,UTC
$CH,312.000,L1CA,19,311991,39.6,0.168952218,2028.567,673908.904,50,0
$CH,312.000,L1CA,13,311991,38.6,0.180550644,1786.966,602991.403,50,0
$CH,312.000,L1CA,30,311992,41.1,0.751673596,1073.865,383358.598,50,0
$CH,312.000,L1CA,7,311991,40.5,0.425232423,-466.586,-103091.639,50,0
$OBS,312.000,2288,398729.000,G19,1C,39.6,21036122.279,-673910.933,2025.966,0
$OBS,312.000,2288,398729.000,G13,1C,38.6,22538561.736,-602993.190,1785.107,0
$OBS,312.000,2288,398729.000,G30,1C,41.1,20911025.472,-383359.671,1072.695,0
$OBS,312.000,2288,398729.000,G07,1C,40.5,22312123.435,103092.106,-465.476,0
$POS,312.000,2023,11,16,14,45,28.998814159,15.395443234,73.878005337,-179.209,4,4
$TIME,313.000,2024,7,15,6,39,28.274000,UTC
$CH,313.000,L1CA,30,312992,40.0,0.750948610,1073.425,384431.530,50,0
$CH,313.000,L1CA,13,312991,38.8,0.179358418,1787.384,604778.382,50,0
$CH,313.000,L1CA,7,312991,40.5,0.425501678,-467.753,-103559.944,50,0
$CH,313.000,L1CA,19,312991,39.8,0.167623002,2029.125,675937.878,50,0
$OBS,313.000,2288,398730.000,G30,1C,40.0,20910808.130,-384432.603,1073.034,0
$OBS,313.000,2288,398730.000,G13,1C,38.8,22538204.320,-604780.169,1787.358,0
$OBS,313.000,2288,398730.000,G07,1C,40.5,22312204.160,103560.412,-467.094,0
$OBS,313.000,2288,398730.000,G19,1C,39.8,21035723.786,-675939.907,2029.095,0
$POS,313.000,2023,11,16,14,45,29.998815396,15.395054444,73.877764603,-139.058,4,4
$LOG,313.235,L1CA,7,FRAME SYNC (N)
$LNAV,313.075,L1CA,7,8B03C081CBB4506FF4900DF1FD5B00A10D178F5C1D20A876F44874C90041
$LOG,313.230,L1CA,30,FRAME SYNC (N)
$LNAV,313.070,L1CA,30,8B03C081CBB4506FF4900DF1FD5B00A10D178F5C1D20A876F44874C90041
$LOG,313.236,L1CA,13,FRAME SYNC (N)
$LNAV,313.076,L1CA,13,8B03C081CBB4506FF4900DF1FD5B00A10D178F5C1D20A876F44874C90041
$LOG,313.231,L1CA,19,FRAME SYNC (N)
$LNAV,313.071,L1CA,19,8B03C081CBB4506FF4900DF1FD5B00A10D178F5C1D20A876F44874C90041
$TIME,314.000,2024,7,15,6,39,28.459000,UTC
$CH,314.000,L1CA,30,313992,40.2,0.750190025,1071.034,385503.729,51,0
$CH,314.000,L1CA,13,313991,39.0,0.178171321,1785.062,606564.720,51,0
$CH,314.000,L1CA,19,313991,39.7,0.166271228,2027.691,677966.294,51,0
$CH,314.000,L1CA,7,313991,40.7,0.425679382,-469.511,-104028.835,51,0
$OBS,314.000,2288,398731.000,G30,1C,40.2,20910580.718,-385504.800,1071.902,0
$OBS,314.000,2288,398731.000,G13,1C,39.0,22537848.440,-606566.505,1787.929,0
$OBS,314.000,2288,398731.000,G19,1C,39.7,21035318.539,-677968.321,2029.169,0
$OBS,314.000,2288,398731.000,G07,1C,40.7,22312257.435,104029.305,-469.707,0
$POS,314.000,2023,11,16,14,45,30.998816974,15.395451459,73.878082557,-196.455,4,4
$TIME,315.000,2024,7,15,6,39,28.649000,UTC
$CH,315.000,L1CA,30,314992,41.0,0.749484402,1070.403,386575.215,51,0
$CH,315.000,L1CA,19,314991,39.7,0.164939909,2026.697,679994.201,51,0
$CH,315.000,L1CA,7,314991,40.7,0.426040130,-471.160,-104498.285,51,0
$CH,315.000,L1CA,13,314991,39.1,0.176980247,1784.949,608350.428,51,0
$OBS,315.000,2288,398732.000,G30,1C,41.0,20910369.169,-386576.286,1070.898,0
$OBS,315.000,2288,398732.000,G19,1C,39.7,21034919.418,-679996.228,2026.800,0
$OBS,315.000,2288,398732.000,G07,1C,40.7,22312365.592,104498.756,-469.943,0
$OBS,315.000,2288,398732.000,G13,1C,39.1,22537491.357,-608352.213,1787.475,0
$POS,315.000,2023,11,16,14,45,31.998817962,15.394616863,73.877454833,-76.944,4,4
$TIME,316.000,2024,7,15,6,39,28.839000,UTC
$CH,316.000,L1CA,7,315991,40.8,0.426166125,-468.798,-104968.420,51,0
$CH,316.000,L1CA,13,315991,39.0,0.175821052,1782.383,610135.409,51,0
$CH,316.000,L1CA,30,315992,41.1,0.748761649,1069.146,387645.951,51,0
$CH,316.000,L1CA,19,315991,39.6,0.163584772,2027.244,682021.445,51,0
$OBS,316.000,2288,398733.000,G07,1C,40.8,22312403.354,104968.889,-470.753,0
$OBS,316.000,2288,398733.000,G13,1C,39.0,22537143.836,-610137.191,1785.438,0
$OBS,316.000,2288,398733.000,G30,1C,41.1,20910152.507,-387647.020,1071.660,0
$OBS,316.000,2288,398733.000,G19,1C,39.6,21034513.159,-682023.473,2025.106,0
$POS,316.000,2023,11,16,14,45,32.998820116,15.396639093,73.878682296,-322.915,4,4
$TIME,317.000,2024,7,15,6,39,29.029000,UTC
$CH,317.000,L1CA,19,316991,39.6,0.162244113,2027.442,684048.126,51,0
$CH,317.000,L1CA,30,316992,41.0,0.748038833,1070.659,388715.937,51,0
$CH,317.000,L1CA,7,316991,41.1,0.426465353,-472.048,-105439.164,51,0
$CH,317.000,L1CA,13,316991,38.7,0.174643740,1784.249,611919.702,51,0
$OBS,317.000,2288,398734.000,G19,1C,39.6,21034111.246,-684050.153,2027.184,0
$OBS,317.000,2288,398734.000,G30,1C,41.0,20909935.811,-388717.008,1070.610,0
$OBS,317.000,2288,398734.000,G07,1C,41.1,22312493.065,105439.636,-470.596,0
$OBS,317.000,2288,398734.000,G13,1C,38.7,22536790.887,-611921.486,1783.933,0
$POS,317.000,2023,11,16,14,45,33.998821338,15.396429611,73.878495406,-275.089,4,4
$TIME,318.000,2024,7,15,6,39,29.219000,UTC
$CH,318.000,L1CA,13,317991,38.6,0.173463974,1784.599,613703.499,51,0
$CH,318.000,L1CA,30,317992,40.7,0.747272342,1069.568,389785.283,51,0
$CH,318.000,L1CA,19,317991,39.9,0.160922457,2025.812,686074.403,51,0
$CH,318.000,L1CA,7,317991,41.1,0.426711936,-470.421,-105910.381,51,0
$OBS,318.000,2288,398735.000,G13,1C,38.6,22536437.206,-613705.284,1784.113,0
$OBS,318.000,2288,398735.000,G30,1C,40.7,20909706.009,-389786.352,1066.476,0
$OBS,318.000,2288,398735.000,G19,1C,39.9,21033715.021,-686076.429,2026.406,0
$OBS,318.000,2288,398735.000,G07,1C,41.1,22312566.984,105910.852,-470.015,0
$POS,318.000,2023,11,16,14,45,34.998822364,15.395406265,73.878034515,-161.811,4,4
$TIME,319.000,2024,7,15,6,39,29.410000,UTC
$CH,319.000,L1CA,7,318991,41.2,0.426922567,-470.955,-106382.293,51,0
$CH,319.000,L1CA,13,318991,38.6,0.172256201,1782.813,615486.547,51,0
$CH,319.000,L1CA,30,318992,40.7,0.746555072,1067.687,390853.827,51,0
$CH,319.000,L1CA,19,318991,39.9,0.159578949,2026.221,688100.003,51,0
$OBS,319.000,2288,398736.000,G07,1C,41.2,22312630.137,106382.764,-471.809,0
$OBS,319.000,2288,398736.000,G13,1C,38.6,22536075.132,-615488.330,1783.140,0
$OBS,319.000,2288,398736.000,G30,1C,40.7,20909490.987,-390854.894,1066.997,0
$OBS,319.000,2288,398736.000,G19,1C,39.9,21033312.235,-688102.029,2021.477,0
$POS,319.000,2023,11,16,14,45,35.998823978,15.395855488,73.878265084,-239.034,4,4
$LOG,319.231,L1CA,19,FRAME SYNC (N)
$LNAV,319.071,L1CA,19,8B03C081CC263C100046854AD477AF0801D8CB9ADF00626F00002E346555
$LOG,319.235,L1CA,7,FRAME SYNC (N)
$LNAV,319.075,L1CA,7,8B03C081CC263C100046854AD477AF0801D8CB9AE813627000FFA9018EFA
$LOG,319.230,L1CA,30,FRAME SYNC (N)
$LNAV,319.070,L1CA,30,8B03C081CC263C100046854AD477AF0801D8CB9A08536270000023C2B5D9
$LOG,319.236,L1CA,13,FRAME SYNC (N)
$LNAV,319.076,L1CA,13,8B03C081CC263C100046854AD477AF0801D8CB9AE71462700000244E1C07
$TIME,320.000,2024,7,15,6,39,29.600000,UTC
$CH,320.000,L1CA,13,319991,39.4,0.171062442,1782.671,617269.037,52,0
$CH,320.000,L1CA,30,319992,41.0,0.745840695,1067.001,391921.724,52,0
$CH,320.000,L1CA,19,319991,39.7,0.158231504,2026.125,690125.141,52,0
$CH,320.000,L1CA,7,319991,40.9,0.427265840,-471.978,-106854.737,52,0
$OBS,320.000,2288,398737.000,G13,1C,39.4,22535717.245,-617270.820,1783.264,0
$OBS,320.000,2288,398737.000,G30,1C,41.0,20909276.821,-391922.791,1067.656,0
$OBS,320.000,2288,398737.000,G19,1C,39.7,21032908.280,-690127.167,2025.529,0
$OBS,320.000,2288,398737.000,G07,1C,40.9,22312733.041,106855.209,-472.786,0
$POS,320.000,2023,11,16,14,45,36.998825055,15.395341552,73.877815541,-145.613,4,4
$TIME,321.000,2024,7,15,6,39,29.790000,UTC
$CH,321.000,L1CA,7,320991,40.9,0.427408161,-471.545,-107327.749,52,0
$CH,321.000,L1CA,30,320992,41.7,0.745114220,1066.058,392988.902,52,0
$CH,321.000,L1CA,13,320991,40.1,0.169892257,1782.193,619050.902,52,0
$CH,321.000,L1CA,19,320991,39.7,0.156897043,2024.331,692149.709,52,0
$OBS,321.000,2288,398738.000,G07,1C,40.9,22312775.707,107328.221,-473.781,0
$OBS,321.000,2288,398738.000,G30,1C,41.7,20909059.024,-392989.968,1064.663,0
$OBS,321.000,2288,398738.000,G13,1C,40.1,22535366.426,-619052.685,1783.102,0
$OBS,321.000,2288,398738.000,G19,1C,39.7,21032508.234,-692151.733,2024.862,0
$POS,321.000,2023,11,16,14,45,37.998826959,15.396499986,73.878587413,-313.536,4,4
$TIME,322.000,2024,7,15,6,39,29.980000,UTC
$CH,322.000,L1CA,7,321991,40.8,0.427715117,-474.724,-107801.391,52,0
$CH,322.000,L1CA,19,321991,39.6,0.155565675,2024.109,694173.746,52,0
$CH,322.000,L1CA,30,321992,41.6,0.744353721,1067.352,394055.359,52,0
$CH,322.000,L1CA,13,321991,40.0,0.168730866,1780.187,620832.139,52,0
$OBS,322.000,2288,398739.000,G07,1C,40.8,22312867.739,107801.865,-474.638,0
$OBS,322.000,2288,398739.000,G19,1C,39.6,21032109.095,-694175.770,2025.180,0
$OBS,322.000,2288,398739.000,G30,1C,41.6,20908831.037,-394056.426,1063.502,0
$OBS,322.000,2288,398739.000,G13,1C,40.0,22535018.259,-620833.919,1784.544,0
$POS,322.000,2023,11,16,14,45,38.998827858,15.395454762,73.878034226,-157.869,4,4
$TIME,323.000,2024,7,15,6,39,30.180000,UTC
$CH,323.000,L1CA,7,322991,40.8,0.427961497,-473.539,-108275.694,52,0
$CH,323.000,L1CA,30,322992,41.3,0.743633599,1065.167,395121.040,52,0
$CH,323.000,L1CA,19,322991,39.5,0.154232203,2023.614,696197.126,52,0
$CH,323.000,L1CA,13,322991,39.6,0.167558788,1781.451,622612.596,52,0
$OBS,323.000,2288,398740.000,G07,1C,40.8,22312941.606,108276.168,-475.752,0
$OBS,323.000,2288,398740.000,G30,1C,41.3,20908615.143,-395122.105,1065.301,0
$OBS,323.000,2288,398740.000,G19,1C,39.5,21031709.328,-696199.150,2022.700,0
$OBS,323.000,2288,398740.000,G13,1C,39.6,22534666.882,-622614.377,1780.060,0
$POS,323.000,2023,11,16,14,45,39.998829313,15.395695876,73.878170970,-184.577,4,4
$TIME,324.000,2024,7,15,6,39,30.370000,UTC
$CH,324.000,L1CA,19,323991,39.7,0.152882566,2022.089,698219.938,52,0
$CH,324.000,L1CA,30,323992,40.8,0.742924426,1065.626,396185.852,52,0
$CH,324.000,L1CA,13,323991,38.7,0.166360813,1777.490,624392.336,52,0
$CH,324.000,L1CA,7,323991,40.7,0.428198406,-474.113,-108750.634,52,0
$OBS,324.000,2288,398741.000,G19,1C,39.7,21031304.710,-698221.960,2024.481,0
$OBS,324.000,2288,398741.000,G30,1C,40.8,20908402.547,-396186.918,1065.713,0
$OBS,324.000,2288,398741.000,G13,1C,38.7,22534307.739,-624394.114,1777.602,0
$OBS,324.000,2288,398741.000,G07,1C,40.7,22313012.628,108751.108,-476.661,0
$POS,324.000,2023,11,16,14,45,40.998830921,15.396285381,73.878433304,-259.506,4,4
$TIME,325.000,2024,7,15,6,39,30.550000,UTC
$CH,325.000,L1CA,13,324991,38.1,0.165163965,1778.838,626171.502,52,0
$CH,325.000,L1CA,19,324991,39.6,0.151536945,2021.205,700242.342,52,0
$CH,325.000,L1CA,7,324991,40.5,0.428510992,-475.276,-109226.013,52,0
$CH,325.000,L1CA,30,324992,40.5,0.742193052,1065.461,397250.215,52,0
$OBS,325.000,2288,398742.000,G13,1C,38.1,22533948.928,-626173.281,1778.757,0
$OBS,325.000,2288,398742.000,G07,1C,40.5,22313106.336,109226.488,-475.057,0
$OBS,325.000,2288,398742.000,G30,1C,40.5,20908183.285,-397251.281,1064.001,0
$OBS,325.000,2288,398742.000,G19,1C,39.6,21030901.313,-700244.363,2023.228,0
$POS,325.000,2023,11,16,14,45,41.998831999,15.395646409,73.877981693,-163.271,4,4
$LOG,325.230,L1CA,30,FRAME SYNC (N)
$LNAV,325.070,L1CA,30,8B03C081CCAB53FEA93CACFEC49A99FEBC035F3A3F0C8BA10DD06F62707E
$LOG,325.231,L1CA,19,FRAME SYNC (N)
$LNAV,325.071,L1CA,19,8B03C081CCAB000D9A2DE5CB9062210C2704C9D814070BA10D5065626F1D
$LOG,325.236,L1CA,13,FRAME SYNC (N)
$LNAV,325.076,L1CA,13,8B03C081CCAB14FEF43187682D61BFFF0C03EF570B10E1A10D3FC0627068
$LOG,325.235,L1CA,7,FRAME SYNC (N)
$LNAV,325.075,L1CA,7,8B03C081CCAB13FF013A29025D1CAFFF5D090739B90D0EA10D8A7562707E
$TIME,326.000,2024,7,15,6,39,30.740000,UTC
$CH,326.000,L1CA,30,325992,41.5,0.741420845,1062.665,398313.987,53,0
$CH,326.000,L1CA,7,325991,40.6,0.428667803,-477.045,-109701.848,53,0
$CH,326.000,L1CA,19,325991,39.6,0.150202553,2021.493,702264.329,53,0
$CH,326.000,L1CA,13,325991,38.1,0.163942653,1778.752,627950.265,53,0
$OBS,326.000,2288,398743.000,G30,1C,41.5,20907951.791,-398315.050,1062.611,0
$OBS,326.000,2288,398743.000,G07,1C,40.6,22313153.347,109702.325,-475.509,0
$OBS,326.000,2288,398743.000,G19,1C,39.6,21030501.267,-702266.351,2021.553,0
$OBS,326.000,2288,398743.000,G13,1C,38.1,22533582.787,-627952.043,1778.724,0
$POS,326.000,2023,11,16,14,45,42.998833371,15.395149753,73.877857174,-157.013,4,4
$TIME,327.000,2024,7,15,6,39,30.930000,UTC
$CH,327.000,L1CA,30,326992,42.3,0.740712675,1062.624,399377.023,53,0
$CH,327.000,L1CA,13,326991,40.0,0.162759341,1778.181,629728.344,53,0
$CH,327.000,L1CA,7,326991,40.1,0.428969417,-476.251,-110178.305,53,0
$CH,327.000,L1CA,19,326991,39.4,0.148894927,2021.485,704285.740,53,0
$OBS,327.000,2288,398744.000,G30,1C,42.3,20907739.474,-399378.085,1062.262,0
$OBS,327.000,2288,398744.000,G13,1C,40.0,22533228.042,-629730.122,1777.388,0
$OBS,327.000,2288,398744.000,G07,1C,40.1,22313243.774,110178.782,-475.544,0
$OBS,327.000,2288,398744.000,G19,1C,39.4,21030109.248,-704287.762,2020.808,0
$POS,327.000,2023,11,16,14,45,43.998834490,15.394395750,73.877400481,-81.746,4,4
$TIME,328.000,2024,7,15,6,39,31.120000,UTC
$CH,328.000,L1CA,7,327991,39.9,0.429182739,-477.871,-110655.424,53,0
$CH,328.000,L1CA,19,327991,39.2,0.147556138,2019.402,706306.526,53,0
$CH,328.000,L1CA,13,327991,40.8,0.161574686,1776.191,631505.859,53,0
$CH,328.000,L1CA,30,327992,42.0,0.739995077,1064.116,400439.341,53,0
$OBS,328.000,2288,398745.000,G07,1C,39.9,22313307.729,110655.901,-477.932,0
$OBS,328.000,2288,398745.000,G19,1C,39.2,21029707.893,-706308.545,2020.665,0
$OBS,328.000,2288,398745.000,G13,1C,40.8,22532872.895,-631507.635,1779.013,0
$OBS,328.000,2288,398745.000,G30,1C,42.0,20907524.348,-400440.405,1062.237,0
$POS,328.000,2023,11,16,14,45,44.998836090,15.394952694,73.877721901,-156.433,4,4
$TIME,329.000,2024,7,15,6,39,31.311000,UTC
$CH,329.000,L1CA,30,328992,40.0,0.739285767,1061.507,401500.950,53,0
$CH,329.000,L1CA,19,328991,39.4,0.146218521,2021.428,708326.863,53,0
$CH,329.000,L1CA,7,328991,39.9,0.429434870,-477.230,-111133.029,53,0
$CH,329.000,L1CA,13,328991,40.0,0.160407620,1778.321,633282.795,53,0
$OBS,329.000,2288,398746.000,G30,1C,40.0,20907311.699,-401502.012,1061.931,0
$OBS,329.000,2288,398746.000,G19,1C,39.4,21029306.887,-708328.884,2019.601,0
$OBS,329.000,2288,398746.000,G07,1C,39.9,22313383.306,111133.506,-476.004,0
$OBS,329.000,2288,398746.000,G13,1C,40.0,22532523.018,-633284.573,1776.492,0
$POS,329.000,2023,11,16,14,45,45.998837629,15.395479941,73.877988510,-210.130,4,4
$TIME,330.000,2024,7,15,6,39,31.501000,UTC
$CH,330.000,L1CA,30,329992,40.0,0.738537702,1059.729,402561.924,53,0
$CH,330.000,L1CA,13,329991,39.4,0.159237766,1775.898,635059.097,53,0
$CH,330.000,L1CA,19,329991,39.4,0.144871168,2019.029,710346.719,53,0
$CH,330.000,L1CA,7,329991,39.7,0.429774476,-478.148,-111611.182,53,0
$OBS,330.000,2288,398747.000,G13,1C,39.4,22532172.303,-635060.873,1777.811,0
$OBS,330.000,2288,398747.000,G30,1C,40.0,20907087.446,-402562.983,1061.209,0
$OBS,330.000,2288,398747.000,G19,1C,39.4,21028902.967,-710348.738,2019.124,0
$OBS,330.000,2288,398747.000,G07,1C,39.7,22313485.110,111611.660,-478.211,0
$POS,330.000,2023,11,16,14,45,46.998838567,15.394618782,73.877438216,-62.549,4,4
$TIME,331.000,2024,7,15,6,39,31.691000,UTC
$CH,331.000,L1CA,19,330991,39.4,0.143544326,2020.393,712365.989,53,0
$CH,331.000,L1CA,7,330991,40.0,0.429900736,-479.483,-112089.953,53,0
$CH,331.000,L1CA,13,330991,39.3,0.158070493,1773.970,636834.648,53,0
$CH,331.000,L1CA,30,330992,40.3,0.737824832,1057.161,403622.138,53,0
$OBS,331.000,2288,398748.000,G19,1C,39.4,21028505.189,-712368.009,2019.077,0
$OBS,331.000,2288,398748.000,G07,1C,40.0,22313522.977,112090.433,-478.639,0
$OBS,331.000,2288,398748.000,G30,1C,40.3,20906873.734,-403623.195,1059.561,0
$OBS,331.000,2288,398748.000,G13,1C,39.3,22531822.357,-636836.422,1775.471,0
$POS,331.000,2023,11,16,14,45,47.998840567,15.396006727,73.878350494,-266.062,4,4
$LOG,331.231,L1CA,19,FRAME SYNC (N)
$LNAV,331.071,L1CA,19,8B03C081CD2EFFBABAD7BD79FFF8278D173C286163B10279FFA738000B1B
$LOG,331.230,L1CA,30,FRAME SYNC (N)
$LNAV,331.070,L1CA,30,8B03C081CD2EFFE36167F0520015261BA4231F0997EAD199FFA32953EFE9
$LOG,331.235,L1CA,7,FRAME SYNC (N)
$LNAV,331.075,L1CA,7,8B03C081CD2EFFCD61434D2C004E26B6B0C41FD2A7B86F37FFA23C13F068
$LOG,331.236,L1CA,13,FRAME SYNC (N)
$LNAV,331.076,L1CA,13,8B03C081CD2EFFEA3C3624B6FFD02785F8C41CAE26E0CE24FFAC3314199A
$TIME,332.000,2024,7,15,6,39,31.881000,UTC
$CH,332.000,L1CA,13,331991,38.5,0.156881008,1774.002,638609.510,54,0
$CH,332.000,L1CA,19,331991,39.5,0.142218020,2019.671,714384.547,54,0
$CH,332.000,L1CA,7,331991,39.7,0.430223247,-481.742,-112569.477,54,0
$CH,332.000,L1CA,30,331992,40.1,0.737107619,1058.775,404681.458,54,0
$OBS,332.000,2288,398749.000,G13,1C,38.5,22531465.762,-638611.284,1775.403,0
$OBS,332.000,2288,398749.000,G19,1C,39.5,21028107.568,-714386.566,2017.383,0
$OBS,332.000,2288,398749.000,G07,1C,39.7,22313619.651,112569.958,-477.742,0
$OBS,332.000,2288,398749.000,G30,1C,40.1,20906658.712,-404682.517,1058.608,0
$POS,332.000,2023,11,16,14,45,48.998841602,15.395214407,73.877822658,-161.366,4,4
$TIME,333.000,2024,7,15,6,39,32.076000,UTC
$CH,333.000,L1CA,19,332991,39.3,0.140889779,2018.609,716402.522,54,0
$CH,333.000,L1CA,30,332992,40.0,0.736370263,1058.081,405740.078,54,0
$CH,333.000,L1CA,7,332991,39.7,0.430433343,-481.216,-113049.614,54,0
$CH,333.000,L1CA,13,332991,38.7,0.155689078,1772.127,640383.683,54,0
$OBS,333.000,2288,398750.000,G19,1C,39.3,21027709.372,-716404.541,2019.354,0
$OBS,333.000,2288,398750.000,G30,1C,40.0,20906437.653,-405741.136,1057.572,0
$OBS,333.000,2288,398750.000,G07,1C,39.7,22313682.647,113050.095,-479.331,0
$OBS,333.000,2288,398750.000,G13,1C,38.7,22531108.433,-640385.455,1774.142,0
$POS,333.000,2023,11,16,14,45,49.998843012,15.395090018,73.877822012,-172.170,4,4
$TIME,334.000,2024,7,15,6,39,32.261000,UTC
$CH,334.000,L1CA,19,333991,39.3,0.139542856,2016.060,718419.899,54,0
$CH,334.000,L1CA,30,333992,40.8,0.735620728,1059.015,406797.944,54,0
$CH,334.000,L1CA,7,333991,39.5,0.430673561,-482.899,-113530.407,54,0
$CH,334.000,L1CA,13,333991,39.7,0.154513084,1773.556,642157.136,54,0
$OBS,334.000,2288,398751.000,G19,1C,39.3,21027305.574,-718421.915,2018.638,0
$OBS,334.000,2288,398751.000,G30,1C,40.8,20906212.946,-406799.003,1057.124,0
$OBS,334.000,2288,398751.000,G13,1C,39.7,22530755.869,-642158.909,1770.954,0
$OBS,334.000,2288,398751.000,G07,1C,39.5,22313754.664,113530.890,-479.952,0
$POS,334.000,2023,11,16,14,45,50.998844352,15.395037805,73.877828925,-154.248,4,4
$TIME,335.000,2024,7,15,6,39,32.451000,UTC
$CH,335.000,L1CA,7,334991,39.3,0.430994921,-482.505,-114011.798,54,0
$CH,335.000,L1CA,13,334991,39.9,0.153339829,1773.741,643929.968,54,0
$CH,335.000,L1CA,30,334992,41.7,0.734924104,1056.419,407855.082,54,0
$CH,335.000,L1CA,19,334991,39.4,0.138217733,2017.372,720436.731,54,0
$OBS,335.000,2288,398752.000,G07,1C,39.3,22313851.006,114012.280,-481.778,0
$OBS,335.000,2288,398752.000,G13,1C,39.9,22530404.143,-643931.741,1772.710,0
$OBS,335.000,2288,398752.000,G30,1C,41.7,20906004.102,-407856.139,1057.088,0
$OBS,335.000,2288,398752.000,G19,1C,39.4,21026908.320,-720438.749,2014.755,0
$POS,335.000,2023,11,16,14,45,51.998845571,15.394809063,73.877595306,-110.370,4,4
$TIME,336.000,2024,7,15,6,39,32.641000,UTC
$CH,336.000,L1CA,7,335991,39.6,0.431193640,-480.858,-114493.799,54,0
$CH,336.000,L1CA,30,335992,41.9,0.734207407,1055.521,408911.537,54,0
$CH,336.000,L1CA,19,335991,39.5,0.136873055,2018.290,722452.966,54,0
$CH,336.000,L1CA,13,335991,39.8,0.152163393,1770.157,645702.193,54,0
$OBS,336.000,2288,398753.000,G07,1C,39.6,22313910.581,114494.280,-481.612,0
$OBS,336.000,2288,398753.000,G30,1C,41.9,20905789.255,-408912.592,1056.126,0
$OBS,336.000,2288,398753.000,G19,1C,39.5,21026505.185,-722454.985,2016.253,0
$OBS,336.000,2288,398753.000,G13,1C,39.8,22530051.456,-645703.963,1772.249,0
$POS,336.000,2023,11,16,14,45,52.998847314,15.395703846,73.878117553,-225.712,4,4
$TIME,337.000,2024,7,15,6,39,32.831000,UTC
$CH,337.000,L1CA,7,336991,39.6,0.431482382,-484.036,-114976.182,54,0
$CH,337.000,L1CA,13,336991,39.7,0.150972154,1771.878,647473.918,54,0
$CH,337.000,L1CA,19,336991,39.5,0.135555707,2016.286,724468.858,54,0
$CH,337.000,L1CA,30,336992,41.4,0.733478876,1055.023,409967.476,54,0
$OBS,337.000,2288,398754.000,G07,1C,39.6,22313997.135,114976.666,-483.562,0
$OBS,337.000,2288,398754.000,G13,1C,39.7,22529694.338,-647475.690,1772.911,0
$OBS,337.000,2288,398754.000,G19,1C,39.5,21026110.251,-724470.874,2016.153,0
$OBS,337.000,2288,398754.000,G30,1C,41.4,20905570.848,-409968.531,1056.452,0
$POS,337.000,2023,11,16,14,45,53.998848366,15.394796049,73.877600615,-125.927,4,4
$LOG,337.230,L1CA,30,FRAME SYNC (N)
$LNAV,337.070,L1CA,30,8B03C081CDB3774554363958394B47552D27505A3A454C49495458544900
$LOG,337.236,L1CA,13,FRAME SYNC (N)
$LNAV,337.076,L1CA,13,8B03C081CDB3774554363958394B47552D27505A3A454C49495458544900
$LOG,337.235,L1CA,7,FRAME SYNC (N)
$LNAV,337.075,L1CA,7,8B03C081CDB3774554363958394B47552D27505A3A454C49495458544900
$LOG,337.231,L1CA,19,FRAME SYNC (N)
$LNAV,337.071,L1CA,19,8B03C081CDB3774554363958394B47552D27505A3A454C49495458544900
$TIME,338.000,2024,7,15,6,39,33.022000,UTC
$CH,338.000,L1CA,13,337991,39.7,0.149822084,1768.080,649245.033,55,0
$CH,338.000,L1CA,7,337991,39.7,0.431739279,-484.387,-115459.143,55,0
$CH,338.000,L1CA,30,337992,41.2,0.732736174,1055.849,411022.653,55,0
$CH,338.000,L1CA,19,337991,39.5,0.134208915,2014.514,726484.230,55,0
$OBS,338.000,2288,398755.000,G13,1C,39.7,22529349.556,-649246.802,1771.804,0
$OBS,338.000,2288,398755.000,G07,1C,39.7,22314074.160,115459.628,-481.367,0
$OBS,338.000,2288,398755.000,G30,1C,41.2,20905348.183,-411023.709,1053.224,0
$OBS,338.000,2288,398755.000,G19,1C,39.5,21025706.506,-726486.244,2015.626,0
$POS,338.000,2023,11,16,14,45,54.998849740,15.395004544,73.877747578,-118.436,4,4
$TIME,339.000,2024,7,15,6,39,33.202000,UTC
$CH,339.000,L1CA,7,338991,39.9,0.431943219,-482.322,-115942.599,55,0
$CH,339.000,L1CA,19,338991,39.6,0.132868269,2015.173,728499.132,55,0
$CH,339.000,L1CA,13,338991,38.1,0.148662575,1769.621,651015.516,55,0
$CH,339.000,L1CA,30,338992,41.7,0.732048581,1053.222,412077.171,55,0
$OBS,339.000,2288,398756.000,G07,1C,39.9,22314135.288,115943.081,-485.849,0
$OBS,339.000,2288,398756.000,G13,1C,38.1,22529001.930,-651017.286,1770.530,0
$OBS,339.000,2288,398756.000,G30,1C,41.7,20905142.044,-412078.224,1055.049,0
$OBS,339.000,2288,398756.000,G19,1C,39.6,21025304.592,-728501.147,2014.228,0
$POS,339.000,2023,11,16,14,45,55.998851676,15.396489555,73.878563670,-299.336,4,4
$TIME,340.000,2024,7,15,6,39,33.382000,UTC
$CH,340.000,L1CA,19,339991,39.7,0.131509064,2013.402,730513.382,55,0
$CH,340.000,L1CA,7,339991,39.7,0.432296780,-484.530,-116426.769,55,0
$CH,340.000,L1CA,30,339992,40.9,0.731320657,1052.016,413130.937,55,0
$CH,340.000,L1CA,13,339991,37.4,0.147471997,1768.634,652785.326,55,0
$OBS,340.000,2288,398757.000,G19,1C,39.7,21024897.112,-730515.395,2013.790,0
$OBS,340.000,2288,398757.000,G07,1C,39.7,22314241.281,116427.254,-485.501,0
$OBS,340.000,2288,398757.000,G30,1C,40.9,20904923.829,-413131.989,1054.943,0
$OBS,340.000,2288,398757.000,G13,1C,37.4,22528645.004,-652787.095,1771.570,0
$POS,340.000,2023,11,16,14,45,56.998852688,15.395891309,73.878062824,-178.676,4,4
$TIME,341.000,2024,7,15,6,39,33.583000,UTC
$CH,341.000,L1CA,19,340991,39.8,0.130200242,2012.617,732527.166,55,0
$CH,341.000,L1CA,7,340991,39.5,0.432468897,-486.281,-116911.406,55,0
$CH,341.000,L1CA,13,340991,37.7,0.146309154,1767.696,654554.581,55,0
$CH,341.000,L1CA,30,340992,40.8,0.730574615,1051.336,414184.081,55,0
$OBS,341.000,2288,398758.000,G19,1C,39.8,21024504.727,-732529.179,2013.049,0
$OBS,341.000,2288,398758.000,G07,1C,39.5,22314292.881,116911.892,-482.997,0
$OBS,341.000,2288,398758.000,G13,1C,37.7,22528296.401,-654556.348,1769.760,0
$OBS,341.000,2288,398758.000,G30,1C,40.8,20904700.169,-414185.132,1052.514,0
$POS,341.000,2023,11,16,14,45,57.998854163,15.395853582,73.878237323,-210.489,4,4
$TIME,342.000,2024,7,15,6,39,33.763000,UTC
$CH,342.000,L1CA,30,341992,41.4,0.729843315,1052.174,415236.505,55,0
$CH,342.000,L1CA,7,341991,39.2,0.432716957,-485.987,-117396.646,55,0
$CH,342.000,L1CA,19,341991,39.9,0.128881461,2011.683,734540.407,55,0
$CH,342.000,L1CA,13,341991,38.6,0.145152830,1769.627,656323.232,55,0
$OBS,342.000,2288,398759.000,G30,1C,41.4,20904480.925,-415237.557,1051.982,0
$OBS,342.000,2288,398759.000,G07,1C,39.2,22314367.254,117397.132,-485.139,0
$OBS,342.000,2288,398759.000,G19,1C,39.9,21024109.374,-734542.419,2011.540,0
$OBS,342.000,2288,398759.000,G13,1C,38.6,22527949.735,-656325.001,1764.361,0
$POS,342.000,2023,11,16,14,45,58.998855473,15.395683121,73.878212715,-189.761,4,4
$TIME,343.000,2024,7,15,6,39,33.953000,UTC
$CH,343.000,L1CA,7,342991,39.5,0.432976300,-486.188,-117882.554,55,0
$CH,343.000,L1CA,30,342992,42.4,0.729169519,1052.037,416288.183,55,0
$CH,343.000,L1CA,13,342991,37.7,0.143995662,1769.462,658091.036,55,0
$CH,343.000,L1CA,19,342991,39.6,0.127556921,2012.267,736553.026,55,0
$OBS,343.000,2288,398760.000,G07,1C,39.6,22314444.994,117883.040,-485.719,0
$OBS,343.000,2288,398760.000,G30,1C,42.4,20904278.921,-416289.235,1050.296,0
$OBS,343.000,2288,398760.000,G13,1C,37.7,22527602.824,-658092.806,1769.798,0
$OBS,343.000,2288,398760.000,G19,1C,39.6,21023712.277,-736555.039,2012.101,0
$POS,343.000,2023,11,16,14,45,59.998857160,15.396591350,73.878656425,-296.867,4,4
$LOG,343.230,L1CA,30,FRAME SYNC (N)
$LNAV,343.070,L1CA,30,8B03C081CE3751716A9012FDFD5B00A10C99B8F89CC804DCCD06A85E0018
$LOG,343.235,L1CA,7,FRAME SYNC (N)
$LNAV,343.075,L1CA,7,8B03C081CE3751716A9012FDFD5B00A10C99B8F89CC804DCCD06A85E0018
$LOG,343.231,L1CA,19,FRAME SYNC (N)
$LNAV,343.071,L1CA,19,8B03C081CE3751716A9012FDFD5B00A10C99B8F89CC804DCCD06A85E0018
$LOG,343.236,L1CA,13,FRAME SYNC (N)
$LNAV,343.076,L1CA,13,8B03C081CE3751716A9012FDFD5B00A10C99B8F89CC804DCCD06A85E0018
$TIME,344.000,2024,7,15,6,39,34.143000,UTC
$CH,344.000,L1CA,30,343992,42.9,0.728440741,1050.344,417339.134,56,0
$CH,344.000,L1CA,19,343991,39.2,0.126249253,2010.187,738565.073,56,0
$CH,344.000,L1CA,7,343991,40.2,0.433210733,-487.433,-118369.028,56,0
$CH,344.000,L1CA,13,343991,36.3,0.142786323,1766.290,659858.360,56,0
$OBS,344.000,2288,398761.000,G30,1C,42.9,20904060.444,-417340.184,1049.343,0
$OBS,344.000,2288,398761.000,G19,1C,39.2,21023320.258,-738567.083,2012.768,0
$OBS,344.000,2288,398761.000,G07,1C,40.2,22314515.284,118369.515,-485.827,0
$OBS,344.000,2288,398761.000,G13,1C,36.3,22527240.279,-659860.126,1767.324,0
$POS,344.000,2023,11,16,14,46,0.998858353,15.395757026,73.878243108,-243.633,4,4
$TIME,345.000,2024,7,15,6,39,34.333000,UTC
$CH,345.000,L1CA,30,344992,42.6,0.727686247,1050.394,418389.327,56,0
$CH,345.000,L1CA,13,344991,36.8,0.141587330,1766.557,661624.977,56,0
$CH,345.000,L1CA,19,344991,38.9,0.124900007,2010.216,740576.537,56,0
$CH,345.000,L1CA,7,344991,40.1,0.433541920,-488.539,-118856.145,56,0
$OBS,345.000,2288,398762.000,G30,1C,42.6,20903834.255,-418390.378,1050.243,0
$OBS,345.000,2288,398762.000,G13,1C,36.9,22526880.839,-661626.744,1766.601,0
$OBS,345.000,2288,398762.000,G19,1C,38.9,21022915.762,-740578.548,2010.694,0
$OBS,345.000,2288,398762.000,G07,1C,40.1,22314614.576,118856.633,-487.695,0
$POS,345.000,2023,11,16,14,46,1.998859227,15.394562027,73.877496893,-73.925,4,4
$TIME,346.000,2024,7,15,6,39,34.523000,UTC
$CH,346.000,L1CA,13,345991,36.5,0.140450306,1763.790,663390.968,56,0
$CH,346.000,L1CA,19,345991,39.0,0.123575041,2008.353,742587.489,56,0
$CH,346.000,L1CA,30,345992,43.3,0.726999115,1049.716,419438.832,56,0
$CH,346.000,L1CA,7,345991,40.3,0.433751688,-487.951,-119343.840,56,0
$OBS,346.000,2288,398763.000,G13,1C,36.5,22526539.966,-663392.732,1766.069,0
$OBS,346.000,2288,398763.000,G19,1C,39.0,21022518.543,-742589.497,2009.433,0
$OBS,346.000,2288,398763.000,G30,1C,43.3,20903628.255,-419439.882,1048.577,0
$OBS,346.000,2288,398763.000,G07,1C,40.3,22314677.466,119344.328,-489.217,0
$POS,346.000,2023,11,16,14,46,2.998861071,15.395891303,73.878274319,-229.878,4,4
$TIME,347.000,2024,7,15,6,39,34.713000,UTC
$CH,347.000,L1CA,13,346991,35.8,0.139286654,1763.295,665156.353,56,0
$CH,347.000,L1CA,30,346992,43.4,0.726281014,1048.183,420487.657,56,0
$CH,347.000,L1CA,19,346991,38.6,0.122234766,2011.701,744597.861,56,0
$CH,347.000,L1CA,7,346991,40.3,0.434017629,-487.667,-119832.131,56,0
$OBS,347.000,2288,398764.000,G13,1C,35.8,22526191.102,-665158.117,1767.182,0
$OBS,347.000,2288,398764.000,G19,1C,38.6,21022116.734,-744599.873,2009.824,0
$OBS,347.000,2288,398764.000,G30,1C,43.4,20903412.972,-420488.705,1048.063,0
$OBS,347.000,2288,398764.000,G07,1C,40.3,22314757.179,119832.619,-487.737,0
$POS,347.000,2023,11,16,14,46,3.998862497,15.396158899,73.878399887,-243.735,4,4
$TIME,348.000,2024,7,15,6,39,34.903000,UTC
$CH,348.000,L1CA,19,347991,38.5,0.120922137,2009.166,746607.807,56,0
$CH,348.000,L1CA,7,347991,40.2,0.434352313,-489.309,-120320.911,56,0
$CH,348.000,L1CA,13,347991,35.4,0.138114250,1762.814,666921.137,56,0
$CH,348.000,L1CA,30,347992,42.8,0.725555996,1048.082,421535.837,56,0
$OBS,348.000,2288,398765.000,G19,1C,38.5,21021723.232,-746609.816,2009.744,0
$OBS,348.000,2288,398765.000,G13,1C,35.4,22525839.637,-666922.900,1763.571,0
$OBS,348.000,2288,398765.000,G07,1C,40.2,22314857.518,120321.400,-489.216,0
$OBS,348.000,2288,398765.000,G30,1C,42.8,20903195.629,-421536.885,1047.175,0
$POS,348.000,2023,11,16,14,46,4.998863410,15.395016012,73.877723149,-96.899,4,4
$TIME,349.000,2024,7,15,6,39,35.093000,UTC
$CH,349.000,L1CA,7,348991,40.2,0.434490682,-490.104,-120810.466,56,0
$CH,349.000,L1CA,13,348991,35.1,0.136948737,1768.384,668685.039,56,0
$CH,349.000,L1CA,30,348992,42.6,0.724803826,1046.802,422583.071,56,0
$CH,349.000,L1CA,19,348991,38.4,0.119600050,2006.896,748617.015,56,0
$OBS,349.000,2288,398766.000,G07,1C,40.2,22314898.997,120810.956,-489.602,0
$OBS,349.000,2288,398766.000,G30,1C,42.6,20902970.137,-422584.118,1046.684,0
$OBS,349.000,2288,398766.000,G19,1C,38.4,21021326.867,-748619.022,2009.247,0
$OBS,349.000,2288,398766.000,G13,1C,35.1,22525490.214,-668686.808,1760.953,0
$POS,349.000,2023,11,16,14,46,5.998865038,15.395393504,73.878149457,-175.612,4,4
$LOG,349.235,L1CA,7,FRAME SYNC (N)
$LNAV,349.075,L1CA,7,8B03C081CEA43C100046854AD477AF0801D8CB9AE813627000FFA9018EFA
$LOG,349.230,L1CA,30,FRAME SYNC (N)
$LNAV,349.070,L1CA,30,8B03C081CEA43C100046854AD477AF0801D8CB9A08536270000023C2B5D9
$LOG,349.231,L1CA,19,FRAME SYNC (N)
$LNAV,349.071,L1CA,19,8B03C081CEA43C100046854AD477AF0801D8CB9ADF00626F00002E346555
$LOG,349.236,L1CA,13,FRAME SYNC (N)
$LNAV,349.076,L1CA,13,8B03C081CEA43C100046854AD477AF0801D8CB9AE71462700000244E1C07
$TIME,350.000,2024,7,15,6,39,35.284000,UTC
$CH,350.000,L1CA,13,349991,34.8,0.135775049,1762.414,670448.223,57,0
$CH,350.000,L1CA,7,349991,39.9,0.434799020,-491.644,-121300.742,57,0
$CH,350.000,L1CA,30,349992,43.1,0.724138256,1045.712,423629.537,57,0
$CH,350.000,L1CA,19,349991,38.3,0.118251522,2007.520,750625.586,57,0
$OBS,350.000,2288,398767.000,G13,1C,34.8,22525138.347,-670449.986,1766.235,0
$OBS,350.000,2288,398767.000,G07,1C,39.9,22314991.448,121301.234,-493.108,0
$OBS,350.000,2288,398767.000,G30,1C,43.1,20902770.594,-423630.583,1045.016,0
$OBS,350.000,2288,398767.000,G19,1C,38.3,21020922.598,-750627.594,2007.461,0
$POS,350.000,2023,11,16,14,46,6.998866654,15.396294315,73.878457262,-256.722,4,4
$TIME,351.000,2024,7,15,6,39,35.478000,UTC
$CH,351.000,L1CA,30,350992,43.5,0.723421242,1043.927,424675.264,57,0
$CH,351.000,L1CA,13,350991,35.2,0.134614729,1763.276,672210.747,57,0
$CH,351.000,L1CA,7,350991,39.8,0.435046670,-492.250,-121791.565,57,0
$CH,351.000,L1CA,19,350991,38.4,0.116931542,2007.359,752633.606,57,0
$OBS,351.000,2288,398768.000,G30,1C,43.5,20902555.642,-424676.308,1045.866,0
$OBS,351.000,2288,398768.000,G13,1C,35.2,22524790.495,-672212.511,1759.905,0
$OBS,351.000,2288,398768.000,G07,1C,39.8,22315065.681,121792.057,-490.960,0
$OBS,351.000,2288,398768.000,G19,1C,38.4,21020526.880,-752635.614,2008.480,0
$POS,351.000,2023,11,16,14,46,7.998868057,15.396351762,73.878528578,-266.941,4,4
$TIME,352.000,2024,7,15,6,39,35.664000,UTC
$CH,352.000,L1CA,30,351992,43.1,0.722685720,1043.780,425720.143,57,0
$CH,352.000,L1CA,19,351991,38.8,0.115609829,2007.458,754640.940,57,0
$CH,352.000,L1CA,7,351991,40.2,0.435277932,-491.727,-122283.126,57,0
$CH,352.000,L1CA,13,351991,35.6,0.133444291,1759.886,673972.479,57,0
$OBS,352.000,2288,398769.000,G30,1C,43.1,20902335.141,-425721.187,1044.951,0
$OBS,352.000,2288,398769.000,G19,1C,38.8,21020130.638,-754642.947,2008.385,0
$OBS,352.000,2288,398769.000,G07,1C,40.2,22315135.011,122283.617,-492.260,0
$OBS,352.000,2288,398769.000,G13,1C,35.6,22524439.606,-673974.239,1758.280,0
$POS,352.000,2023,11,16,14,46,8.998869392,15.396137832,73.878487936,-252.683,4,4
$TIME,353.000,2024,7,15,6,39,35.854000,UTC
$CH,353.000,L1CA,30,352992,42.9,0.721982025,1043.395,426764.267,57,0
$CH,353.000,L1CA,7,352991,40.6,0.435625586,-493.152,-122775.355,57,0
$CH,353.000,L1CA,19,352991,39.1,0.114278502,2003.998,756647.652,57,0
$CH,353.000,L1CA,13,352991,36.2,0.132286244,1762.189,675733.541,57,0
$OBS,353.000,2288,398770.000,G30,1C,42.9,20902124.168,-426765.310,1043.527,0
$OBS,353.000,2288,398770.000,G07,1C,40.6,22315239.241,122775.848,-493.001,0
$OBS,353.000,2288,398770.000,G19,1C,39.1,21019731.516,-756649.656,2006.525,0
$OBS,353.000,2288,398770.000,G13,1C,36.2,22524092.434,-675735.303,1760.658,0
$POS,353.000,2023,11,16,14,46,9.998870512,15.395810247,73.878188456,-172.745,4,4
$TIME,354.000,2024,7,15,6,39,36.044000,UTC
$CH,354.000,L1CA,19,353991,39.2,0.112971472,2004.797,758653.744,57,0
$CH,354.000,L1CA,30,353992,43.1,0.721294161,1043.725,427807.613,57,0
$CH,354.000,L1CA,7,353991,41.0,0.435793376,-492.008,-123268.273,57,0
$CH,354.000,L1CA,13,353991,36.4,0.131138755,1758.468,677493.811,57,0
$OBS,354.000,2288,398771.000,G19,1C,39.2,21019339.672,-758655.749,2004.818,0
$OBS,354.000,2288,398771.000,G30,1C,43.1,20901917.959,-427808.657,1043.602,0
$OBS,354.000,2288,398771.000,G07,1C,41.0,22315289.550,123268.765,-493.815,0
$OBS,354.000,2288,398771.000,G13,1C,36.4,22523748.420,-677495.569,1758.781,0
$POS,354.000,2023,11,16,14,46,10.998872420,15.396964854,73.878945169,-349.372,4,4
$TIME,355.000,2024,7,15,6,39,36.234000,UTC
$CH,355.000,L1CA,19,354991,39.3,0.111650831,2004.825,760659.347,57,0
$CH,355.000,L1CA,13,354991,35.8,0.129979654,1755.880,679253.459,57,0
$CH,355.000,L1CA,7,354991,41.2,0.436070384,-494.517,-123761.691,57,0
$CH,355.000,L1CA,30,354992,44.4,0.720557861,1041.712,428850.316,57,0
$OBS,355.000,2288,398772.000,G19,1C,39.3,21018943.761,-760661.351,2004.949,0
$OBS,355.000,2288,398772.000,G13,1C,35.8,22523400.934,-679255.215,1760.764,0
$OBS,355.000,2288,398772.000,G07,1C,41.2,22315372.596,123762.185,-494.287,0
$OBS,355.000,2288,398772.000,G30,1C,44.4,20901697.214,-428851.358,1041.744,0
$POS,355.000,2023,11,16,14,46,11.998873567,15.396432076,73.878691112,-274.813,4,4
$LOG,355.231,L1CA,19,FRAME SYNC (N)
$LNAV,355.071,L1CA,19,8B03C081CF2A000D9A2DE5CB9062210C2704C9D814070BA10D5065626F1D
$LOG,355.236,L1CA,13,FRAME SYNC (N)
$LOG,355.235,L1CA,7,FRAME SYNC (N)
$LNAV,355.076,L1CA,13,8B03C081CF2A14FEF43187682D61BFFF0C03EF570B10E1A10D3FC0627068
$LNAV,355.075,L1CA,7,8B03C081CF2A13FF013A29025D1CAFFF5D090739B90D0EA10D8A7562707E
$LOG,355.230,L1CA,30,FRAME SYNC (N)
$LNAV,355.070,L1CA,30,8B03C081CF2A53FEA93CACFEC49A99FEBC035F3A3F0C8BA10DD06F62707E
$TIME,356.000,2024,7,15,6,39,36.424000,UTC
$CH,356.000,L1CA,30,355992,44.3,0.719798416,1041.379,429892.289,58,0
$CH,356.000,L1CA,13,355991,35.4,0.128766266,1757.035,681012.585,58,0
$CH,356.000,L1CA,19,355991,39.6,0.110311233,2005.887,762664.381,58,0
$CH,356.000,L1CA,7,355991,41.0,0.436394080,-494.798,-124255.755,58,0
$OBS,356.000,2288,398773.000,G30,1C,44.3,20901469.541,-429893.331,1041.144,0
$OBS,356.000,2288,398773.000,G13,1C,35.4,22523037.167,-681014.342,1761.078,0
$OBS,356.000,2288,398773.000,G19,1C,39.6,21018542.162,-762666.387,2003.746,0
$OBS,356.000,2288,398773.000,G07,1C,41.0,22315469.636,124256.250,-492.938,0
$POS,356.000,2023,11,16,14,46,12.998874356,15.394866200,73.877760569,-78.625,4,4
$TIME,357.000,2024,7,15,6,39,36.605000,UTC
$CH,357.000,L1CA,13,356991,36.5,0.127572095,1757.560,682770.976,58,0
$CH,357.000,L1CA,30,356992,43.2,0.719130881,1041.046,430933.499,58,0
$CH,357.000,L1CA,7,356991,41.4,0.436550386,-494.978,-124750.474,58,0
$CH,357.000,L1CA,19,356991,39.5,0.108970962,2004.296,764668.777,58,0
$OBS,357.000,2288,398774.000,G13,1C,36.5,22522679.176,-682772.733,1759.899,0
$OBS,357.000,2288,398774.000,G30,1C,43.2,20901269.422,-430934.540,1040.621,0
$OBS,357.000,2288,398774.000,G07,1C,41.4,22315516.490,124750.969,-495.406,0
$OBS,357.000,2288,398774.000,G19,1C,39.5,21018140.353,-764670.782,2001.199,0
$POS,357.000,2023,11,16,14,46,13.998876504,15.396636314,73.878724132,-332.500,4,4
$TIME,358.000,2024,7,15,6,39,36.785000,UTC
$CH,358.000,L1CA,30,357992,43.1,0.718423403,1039.872,431974.006,58,0
$CH,358.000,L1CA,19,357991,39.5,0.107665118,2002.033,766672.695,58,0
$CH,358.000,L1CA,7,357991,41.1,0.436880179,-496.662,-125245.707,58,0
$CH,358.000,L1CA,13,357991,37.6,0.126387680,1757.620,684528.956,58,0
$OBS,358.000,2288,398775.000,G30,1C,43.1,20901057.332,-431975.046,1039.102,0
$OBS,358.000,2288,398775.000,G19,1C,39.5,21017748.875,-766674.697,2003.429,0
$OBS,358.000,2288,398775.000,G07,1C,41.1,22315615.363,125246.204,-495.352,0
$OBS,358.000,2288,398775.000,G13,1C,37.6,22522324.099,-684530.713,1758.630,0
$POS,358.000,2023,11,16,14,46,14.998877471,15.395588533,73.878074462,-208.813,4,4
$TIME,359.000,2024,7,15,6,39,36.975000,UTC
$CH,359.000,L1CA,30,358992,43.3,0.717684704,1039.957,433013.794,58,0
$CH,359.000,L1CA,13,358991,37.1,0.125197622,1758.110,686286.215,58,0
$CH,359.000,L1CA,19,358991,39.5,0.106335671,2003.541,768676.079,58,0
$CH,359.000,L1CA,7,358991,41.3,0.437126538,-496.252,-125741.539,58,0
$OBS,359.000,2288,398776.000,G30,1C,43.3,20900835.871,-433014.834,1040.567,0
$OBS,359.000,2288,398776.000,G13,1C,37.1,22521967.329,-686287.973,1759.216,0
$OBS,359.000,2288,398776.000,G19,1C,39.5,21017350.312,-768678.082,2004.004,0
$OBS,359.000,2288,398776.000,G07,1C,41.3,22315689.212,125742.036,-496.939,0
$POS,359.000,2023,11,16,14,46,15.998878715,15.395119241,73.877846365,-163.662,4,4
$TIME,360.000,2024,7,15,6,39,37.155000,UTC
$CH,360.000,L1CA,13,359991,36.9,0.124016864,1758.764,688042.809,58,0
$CH,360.000,L1CA,19,359991,39.8,0.105015704,2002.324,770678.877,58,0
$CH,360.000,L1CA,30,359992,42.8,0.716963494,1038.591,434052.857,58,0
$CH,360.000,L1CA,7,359991,41.4,0.437349450,-496.714,-126237.973,58,0
$OBS,360.000,2288,398777.000,G13,1C,36.9,22521613.334,-688044.568,1753.464,0
$OBS,360.000,2288,398777.000,G19,1C,39.8,21016954.593,-770680.880,2004.123,0
$OBS,360.000,2288,398777.000,G30,1C,42.8,20900619.663,-434053.896,1039.516,0
$OBS,360.000,2288,398777.000,G07,1C,41.4,22315756.047,126238.470,-498.072,0
$POS,360.000,2023,11,16,14,46,16.998880147,15.395073867,73.877876522,-182.255,4,4
$TIME,361.000,2024,7,15,6,39,37.345000,UTC
$CH,361.000,L1CA,13,360991,36.5,0.122859125,1755.744,689798.607,58,0
$CH,361.000,L1CA,30,360992,42.2,0.716266217,1036.545,435091.152,58,0
$CH,361.000,L1CA,7,360991,41.2,0.437710003,-497.386,-126735.053,58,0
$CH,361.000,L1CA,19,360991,39.9,0.103668932,2001.985,772681.092,58,0
$OBS,361.000,2288,398778.000,G13,1C,36.5,22521266.266,-689800.363,1754.563,0
$OBS,361.000,2288,398778.000,G30,1C,42.2,20900410.627,-435092.188,1037.172,0
$OBS,361.000,2288,398778.000,G07,1C,41.2,22315864.133,126735.551,-499.184,0
$OBS,361.000,2288,398778.000,G19,1C,39.9,21016550.848,-772683.094,2001.456,0
$POS,361.000,2023,11,16,14,46,17.998881340,15.395053741,73.877693238,-122.737,4,4
$LOG,361.231,L1CA,19,FRAME SYNC (N)
$LNAV,361.071,L1CA,19,8B03C081CFACFFBABAD7BD79FFF8278D173C286163B10279FFA738000B1B
$LOG,361.230,L1CA,30,FRAME SYNC (N)
$LNAV,361.070,L1CA,30,8B03C081CFACFFE36167F0520015261BA4231F0997EAD199FFA32953EFE9
$LOG,361.235,L1CA,7,FRAME SYNC (N)
$LNAV,361.075,L1CA,7,8B03C081CFACFFCD61434D2C004E26B6B0C41FD2A7B86F37FFA23C13F068
$LOG,361.236,L1CA,13,FRAME SYNC (N)
$LNAV,361.076,L1CA,13,8B03C081CFACFFEA3C3624B6FFD02785F8C41CAE26E0CE24FFAC3314199A
$TIME,362.000,2024,7,15,6,39,37.525000,UTC
$CH,362.000,L1CA,7,361991,41.3,0.437907346,-497.881,-127232.643,59,0
$CH,362.000,L1CA,13,361991,35.6,0.121708914,1756.186,691553.869,59,0
$CH,362.000,L1CA,30,361992,42.2,0.715561078,1037.358,436128.784,59,0
$CH,362.000,L1CA,19,361991,40.1,0.102358879,2002.181,774682.837,59,0
$OBS,362.000,2288,398779.000,G07,1C,41.3,22315923.290,127233.141,-497.829,0
$OBS,362.000,2288,398779.000,G30,1C,42.2,20900199.217,-436129.822,1036.504,0
$OBS,362.000,2288,398779.000,G19,1C,40.1,21016158.095,-774684.839,2002.133,0
$OBS,362.000,2288,398779.000,G13,1C,35.6,22520921.433,-691555.625,1757.214,0
$POS,362.000,2023,11,16,14,46,18.998883004,15.395639446,73.878125061,-218.212,4,4
$TIME,363.000,2024,7,15,6,39,37.705000,UTC
$CH,363.000,L1CA,30,362992,42.6,0.714812920,1036.253,437165.787,59,0
$CH,363.000,L1CA,19,362991,40.1,0.101019728,2002.362,776684.060,59,0
$CH,363.000,L1CA,7,362991,41.2,0.438164608,-498.895,-127730.793,59,0
$CH,363.000,L1CA,13,362991,36.0,0.120538726,1756.481,693308.575,59,0
$OBS,363.000,2288,398780.000,G30,1C,42.6,20899974.930,-437166.824,1036.641,0
$OBS,363.000,2288,398780.000,G19,1C,40.1,21015756.636,-776686.063,2000.797,0
$OBS,363.000,2288,398780.000,G07,1C,41.2,22316000.420,127731.292,-499.119,0
$OBS,363.000,2288,398780.000,G13,1C,36.0,22520570.613,-693310.332,1751.603,0
$POS,363.000,2023,11,16,14,46,19.998884237,15.395310388,73.877981715,-164.872,4,4
$TIME,364.000,2024,7,15,6,39,37.885000,UTC
$CH,364.000,L1CA,13,363991,37.8,0.119370985,1751.926,695062.743,59,0
$CH,364.000,L1CA,30,363992,42.7,0.714142009,1036.180,438202.170,59,0
$CH,364.000,L1CA,7,363991,41.3,0.438511801,-499.850,-128229.394,59,0
$CH,364.000,L1CA,19,363991,40.1,0.099694221,2000.100,778684.886,59,0
$OBS,364.000,2288,398781.000,G13,1C,37.8,22520220.545,-695064.495,1755.939,0
$OBS,364.000,2288,398781.000,G30,1C,42.7,20899773.798,-438203.206,1036.046,0
$OBS,364.000,2288,398781.000,G07,1C,41.3,22316104.510,128229.894,-499.141,0
$OBS,364.000,2288,398781.000,G19,1C,40.1,21015359.259,-778686.886,2000.182,0
$POS,364.000,2023,11,16,14,46,20.998885520,15.395333664,73.877821175,-142.463,4,4
$TIME,365.000,2024,7,15,6,39,38.085000,UTC
$CH,365.000,L1CA,30,364992,42.8,0.713440147,1035.157,439237.842,59,0
$CH,365.000,L1CA,7,364991,41.5,0.438651910,-498.640,-128728.593,59,0
$CH,365.000,L1CA,19,364991,40.1,0.098395219,2000.638,780685.143,59,0
$CH,365.000,L1CA,13,364991,38.3,0.118232293,1749.690,696816.381,59,0
$OBS,365.000,2288,398782.000,G30,1C,42.8,20899563.384,-439238.877,1037.346,0
$OBS,365.000,2288,398782.000,G07,1C,41.5,22316146.513,128729.092,-499.547,0
$OBS,365.000,2288,398782.000,G19,1C,40.1,21014969.823,-780687.144,2000.181,0
$OBS,365.000,2288,398782.000,G13,1C,38.3,22519879.166,-696818.131,1750.611,0
$POS,365.000,2023,11,16,14,46,21.998887417,15.396357198,73.878589441,-313.731,4,4
$TIME,366.000,2024,7,15,6,39,38.275000,UTC
$CH,366.000,L1CA,13,365991,36.2,0.117092326,1753.848,698569.403,59,0
$CH,366.000,L1CA,19,365991,40.3,0.097063312,1999.700,782685.026,59,0
$CH,366.000,L1CA,30,365992,43.1,0.712691879,1033.090,440272.949,59,0
$CH,366.000,L1CA,7,365991,41.6,0.438969243,-500.426,-129228.227,59,0
$OBS,366.000,2288,398783.000,G13,1C,36.2,22519537.421,-698571.157,1751.790,0
$OBS,366.000,2288,398783.000,G19,1C,40.3,21014570.527,-782687.025,1999.024,0
$OBS,366.000,2288,398783.000,G30,1C,43.1,20899339.061,-440273.982,1034.147,0
$OBS,366.000,2288,398783.000,G07,1C,41.6,22316241.651,129228.728,-500.045,0
$POS,366.000,2023,11,16,14,46,22.998888416,15.395690399,73.878235433,-186.162,4,4
$TIME,367.000,2024,7,15,6,39,38.465000,UTC
$CH,367.000,L1CA,13,366991,35.8,0.115905864,1755.804,700321.704,59,0
$CH,367.000,L1CA,30,366992,42.7,0.711993491,1034.446,441307.344,59,0
$CH,367.000,L1CA,7,366991,41.8,0.439241514,-499.823,-129728.491,59,0
$CH,367.000,L1CA,19,366991,40.6,0.095737654,1997.910,784684.293,59,0
$OBS,367.000,2288,398784.000,G13,1C,35.8,22519181.716,-700323.459,1753.480,0
$OBS,367.000,2288,398784.000,G30,1C,42.7,20899129.693,-441308.379,1034.861,0
$OBS,367.000,2288,398784.000,G07,1C,41.8,22316323.266,129728.991,-501.052,0
$OBS,367.000,2288,398784.000,G19,1C,40.6,21014173.116,-784686.291,1999.188,0
$POS,367.000,2023,11,16,14,46,23.998889799,15.395661536,73.878161851,-191.525,4,4
$LOG,367.230,L1CA,30,FRAME SYNC (N)
$LNAV,367.070,L1CA,30,8B03C081D0327816FEFE033FFAFE00FFFFFFFFFFFFFE90F0128907120003
$LOG,367.236,L1CA,13,FRAME SYNC (N)
$LNAV,367.076,L1CA,13,8B03C081D0327816FEFE033FFAFE00000000FFFFFFFE90F0128907120002
$LOG,367.235,L1CA,7,FRAME SYNC (N)
$LNAV,367.075,L1CA,7,8B03C081D0327816FEFE033FFAFE00000000FFFFFFFE90F0128907120002
$LOG,367.231,L1CA,19,FRAME SYNC (N)
$LNAV,367.071,L1CA,19,8B03C081D0327816FEFE033FFAFE00000001FFFFFFFE90F0128907120003
$TIME,368.000,2024,7,15,6,39,38.656000,UTC
$CH,368.000,L1CA,30,367992,41.5,0.711317585,1034.512,442341.040,60,0
$CH,368.000,L1CA,19,367991,40.6,0.094430099,1998.813,786683.168,60,0
$CH,368.000,L1CA,13,367991,36.6,0.114728374,1750.780,702073.530,60,0
$CH,368.000,L1CA,7,367991,41.9,0.439461133,-501.222,-130229.222,60,0
$OBS,368.000,2288,398785.000,G19,1C,40.6,21013781.114,-786685.167,1998.490,0
$OBS,368.000,2288,398785.000,G30,1C,41.5,20898927.062,-442342.074,1031.878,0
$OBS,368.000,2288,398785.000,G13,1C,36.6,22518828.715,-702075.281,1752.285,0
$OBS,368.000,2288,398785.000,G07,1C,41.9,22316389.106,130229.723,-500.935,0
$POS,368.000,2023,11,16,14,46,24.998891492,15.396203077,73.878468025,-299.766,4,4
$TIME,369.000,2024,7,15,6,39,38.846000,UTC
$CH,369.000,L1CA,19,368991,40.7,0.093099526,1999.253,788681.556,60,0
$CH,369.000,L1CA,30,368992,41.0,0.710594622,1031.832,443374.117,60,0
$CH,369.000,L1CA,13,368991,37.9,0.113574808,1749.952,703824.799,60,0
$CH,369.000,L1CA,7,368991,42.0,0.439796303,-502.216,-130730.443,60,0
$OBS,369.000,2288,398786.000,G19,1C,40.7,21013382.220,-788683.556,1997.798,0
$OBS,369.000,2288,398786.000,G30,1C,41.0,20898710.312,-443375.149,1032.659,0
$OBS,369.000,2288,398786.000,G13,1C,37.9,22518482.887,-703826.549,1752.323,0
$OBS,369.000,2288,398786.000,G07,1C,42.0,22316489.584,130730.945,-500.916,0
$POS,369.000,2023,11,16,14,46,25.998892542,15.395654895,73.878102967,-192.948,4,4
$TIME,370.000,2024,7,15,6,39,39.046000,UTC
$CH,370.000,L1CA,13,369991,37.8,0.112391037,1751.246,705575.449,60,0
$CH,370.000,L1CA,30,369992,41.2,0.709880616,1032.104,444406.526,60,0
$CH,370.000,L1CA,7,369991,41.8,0.440027811,-502.279,-131232.260,60,0
$CH,370.000,L1CA,19,369991,40.8,0.091794339,1997.655,790679.411,60,0
$OBS,370.000,2288,398787.000,G13,1C,37.8,22518128.002,-705577.200,1749.608,0
$OBS,370.000,2288,398787.000,G30,1C,41.2,20898496.268,-444407.558,1032.764,0
$OBS,370.000,2288,398787.000,G07,1C,41.8,22316559.001,131232.762,-503.754,0
$OBS,370.000,2288,398787.000,G19,1C,40.8,21012990.933,-790681.409,1997.500,0
$POS,370.000,2023,11,16,14,46,26.998893892,15.395319448,73.877975493,-188.605,4,4
$TIME,371.000,2024,7,15,6,39,39.226000,UTC
$CH,371.000,L1CA,13,370991,37.5,0.111222968,1748.717,707325.437,60,0
$CH,371.000,L1CA,30,370992,42.2,0.709207964,1031.844,445438.136,60,0
$CH,371.000,L1CA,19,370991,40.8,0.090464772,1995.850,792676.656,60,0
$CH,371.000,L1CA,7,370991,42.0,0.440251079,-502.513,-131734.736,60,0
$OBS,371.000,2288,398788.000,G13,1C,37.5,22517777.828,-707327.186,1750.266,0
$OBS,371.000,2288,398788.000,G30,1C,42.2,20898294.613,-445439.168,1031.769,0
$OBS,371.000,2288,398788.000,G19,1C,40.8,21012592.335,-792678.652,1996.213,0
$OBS,371.000,2288,398788.000,G07,1C,42.0,22316625.923,131735.238,-502.666,0
$POS,371.000,2023,11,16,14,46,27.998895716,15.396412149,73.878547847,-336.247,4,4
$TIME,372.000,2024,7,15,6,39,39.426000,UTC
$CH,372.000,L1CA,19,371991,40.5,0.089156077,1996.700,794673.414,60,0
$CH,372.000,L1CA,7,371991,41.8,0.440624581,-502.713,-132237.713,60,0
$CH,372.000,L1CA,30,371992,43.3,0.708473669,1030.069,446469.121,60,0
$CH,372.000,L1CA,13,371991,37.4,0.110049545,1749.185,709074.797,60,0
$OBS,372.000,2288,398789.000,G19,1C,40.5,21012200.002,-794675.411,1993.477,0
$OBS,372.000,2288,398789.000,G07,1C,41.8,22316737.901,132238.215,-503.032,0
$OBS,372.000,2288,398789.000,G30,1C,43.3,20898074.479,-446470.151,1030.297,0
$OBS,372.000,2288,398789.000,G13,1C,37.4,22517426.049,-709076.546,1749.887,0
$POS,372.000,2023,11,16,14,46,28.998896364,15.394709602,73.877538202,-104.394,4,4
$TIME,373.000,2024,7,15,6,39,39.616000,UTC
$CH,373.000,L1CA,13,372991,37.7,0.108889949,1750.722,710823.423,60,0
$CH,373.000,L1CA,30,372992,43.1,0.707732762,1029.423,447499.280,60,0
$CH,373.000,L1CA,19,372991,40.5,0.087831069,1994.896,796669.486,60,0
$CH,373.000,L1CA,7,372991,42.0,0.440806723,-504.048,-132741.430,60,0
$OBS,373.000,2288,398790.000,G13,1C,37.7,22517078.406,-710825.174,1751.641,0
$OBS,373.000,2288,398790.000,G30,1C,43.1,20897852.355,-447500.309,1030.339,0
$OBS,373.000,2288,398790.000,G19,1C,40.5,21011802.783,-796671.481,1996.693,0
$OBS,373.000,2288,398790.000,G07,1C,42.0,22316792.502,132741.934,-504.351,0
$POS,373.000,2023,11,16,14,46,29.998897911,15.394956466,73.877827298,-153.546,4,4
$LOG,373.230,L1CA,30,FRAME SYNC (N)
$LOG,373.236,L1CA,13,FRAME SYNC (N)
$LNAV,373.070,L1CA,30,8B03C081D0B4521F669014CEFD4400A10CCFE1E64184041D77B104C0FFB9
$LNAV,373.076,L1CA,13,8B03C081D0B4521F669014CEFD4400A10CCFE1E64184041D77B104C0FFB9
$LOG,373.231,L1CA,19,FRAME SYNC (N)
$LNAV,373.071,L1CA,19,8B03C081D0B4521F669014CEFD4400A10CCFE1E64184041D77B104C0FFB9
$LOG,373.235,L1CA,7,FRAME SYNC (N)
$LNAV,373.075,L1CA,7,8B03C081D0B4521F669014CEFD4400A10CCFE1E64184041D77B104C0FFB9
$TIME,374.000,2024,7,15,6,39,39.803000,UTC
$CH,374.000,L1CA,13,373991,37.2,0.107765006,1750.080,712571.375,61,0
$CH,374.000,L1CA,19,373991,40.6,0.086512582,1996.022,798665.021,61,0
$CH,374.000,L1CA,30,373992,43.1,0.707072434,1028.115,448528.794,61,0
$CH,374.000,L1CA,7,373991,42.2,0.441072161,-504.531,-133245.710,61,0
$OBS,374.000,2288,398791.000,G13,1C,37.2,22516741.163,-712573.126,1747.411,0
$OBS,374.000,2288,398791.000,G19,1C,40.6,21011407.501,-798667.017,1995.776,0
$OBS,374.000,2288,398791.000,G30,1C,43.1,20897654.400,-448529.822,1029.053,0
$OBS,374.000,2288,398791.000,G07,1C,42.2,22316872.093,133246.214,-504.926,0
$POS,374.000,2023,11,16,14,46,30.998899667,15.396133626,73.878442838,-281.591,4,4
$TIME,375.000,2024,7,15,6,39,40.003000,UTC
$CH,375.000,L1CA,13,374991,36.4,0.106603418,1748.844,714318.628,61,0
$CH,375.000,L1CA,7,374991,42.2,0.441455039,-503.811,-133750.643,61,0
$CH,375.000,L1CA,30,374992,43.6,0.706337817,1028.028,449557.517,61,0
$CH,375.000,L1CA,19,374991,40.5,0.085187040,1992.913,800659.968,61,0
$OBS,375.000,2288,398792.000,G13,1C,36.4,22516392.927,-714320.377,1747.139,0
$OBS,375.000,2288,398792.000,G07,1C,42.2,22316986.863,133751.147,-504.904,0
$OBS,375.000,2288,398792.000,G30,1C,43.6,20897434.161,-449558.545,1028.713,0
$OBS,375.000,2288,398792.000,G19,1C,40.5,21011010.107,-800661.961,1994.782,0
$POS,375.000,2023,11,16,14,46,31.998900415,15.394802152,73.877610304,-74.810,4,4
$TIME,376.000,2024,7,15,6,39,40.193000,UTC
$CH,376.000,L1CA,13,375991,36.5,0.105426777,1745.570,716065.114,61,0
$CH,376.000,L1CA,30,375992,43.0,0.705607597,1028.111,450585.462,61,0
$CH,376.000,L1CA,19,375991,40.5,0.083860981,1993.219,802654.263,61,0
$CH,376.000,L1CA,7,375991,42.3,0.441588849,-506.254,-134256.243,61,0
$OBS,376.000,2288,398793.000,G13,1C,36.5,22516040.170,-716066.860,1746.399,0
$OBS,376.000,2288,398793.000,G30,1C,43.0,20897215.248,-450586.490,1027.452,0
$OBS,376.000,2288,398793.000,G19,1C,40.5,21010612.573,-802656.256,1993.442,0
$OBS,376.000,2288,398793.000,G07,1C,42.3,22317026.981,134256.749,-504.911,0
$POS,376.000,2023,11,16,14,46,32.998902182,15.395468353,73.878149335,-198.336,4,4
$TIME,377.000,2024,7,15,6,39,40.380000,UTC
$CH,377.000,L1CA,7,376991,42.2,0.441887894,-506.840,-134762.464,61,0
$CH,377.000,L1CA,30,376992,41.0,0.704932671,1027.252,451612.675,61,0
$CH,377.000,L1CA,13,376991,36.9,0.104259843,1745.357,717810.990,61,0
$CH,377.000,L1CA,19,376991,40.5,0.082544230,1992.690,804648.001,61,0
$OBS,377.000,2288,398794.000,G30,1C,41.0,20897012.912,-451613.702,1026.680,0
$OBS,377.000,2288,398794.000,G13,1C,36.9,22515690.328,-717812.735,1747.333,0
$OBS,377.000,2288,398794.000,G07,1C,42.2,22317116.640,134762.971,-507.320,0
$OBS,377.000,2288,398794.000,G19,1C,40.5,21010217.815,-804649.994,1993.923,0
$POS,377.000,2023,11,16,14,46,33.998903594,15.395631525,73.878148513,-216.479,4,4
$TIME,378.000,2024,7,15,6,39,40.563000,UTC
$CH,378.000,L1CA,19,377991,40.5,0.081230661,1993.488,806641.232,61,0
$CH,378.000,L1CA,13,377991,37.6,0.103080150,1745.500,719556.243,61,0
$CH,378.000,L1CA,30,377992,41.4,0.704257195,1025.560,452639.186,61,0
$CH,378.000,L1CA,7,377991,42.3,0.442216284,-508.602,-135269.224,61,0
$OBS,378.000,2288,398795.000,G19,1C,40.5,21009824.015,-806643.225,1991.278,0
$OBS,378.000,2288,398795.000,G30,1C,41.4,20896810.402,-452640.212,1025.377,0
$OBS,378.000,2288,398795.000,G13,1C,37.6,22515336.665,-719557.988,1745.022,0
$OBS,378.000,2288,398795.000,G07,1C,42.3,22317215.077,135269.733,-506.786,0
$POS,378.000,2023,11,16,14,46,34.998904832,15.395346833,73.877858752,-180.103,4,4
$TIME,379.000,2024,7,15,6,39,40.753000,UTC
$CH,379.000,L1CA,30,378992,42.4,0.703525555,1024.921,453664.857,61,0
$CH,379.000,L1CA,19,378991,40.3,0.079914382,1992.148,808633.822,61,0
$CH,379.000,L1CA,13,378991,37.5,0.101941538,1744.799,721300.881,61,0
$CH,379.000,L1CA,7,378991,42.3,0.442385396,-509.118,-135776.658,61,0
$OBS,379.000,2288,398796.000,G30,1C,42.4,20896591.071,-453665.882,1025.660,0
$OBS,379.000,2288,398796.000,G19,1C,40.3,21009429.414,-808635.814,1990.776,0
$OBS,379.000,2288,398796.000,G07,1C,42.3,22317265.787,135777.167,-506.497,0
$OBS,379.000,2288,398796.000,G13,1C,37.5,22514995.321,-721302.626,1741.571,0
$POS,379.000,2023,11,16,14,46,35.998906490,15.395890910,73.878351206,-266.123,4,4
$LOG,379.231,L1CA,19,FRAME SYNC (N)
$LNAV,379.071,L1CA,19,8B03C081D1243C100046854AD477AF0801D8CB9ADF00626F00002E346555
$LOG,379.235,L1CA,7,FRAME SYNC (N)
$LNAV,379.075,L1CA,7,8B03C081D1243C100046854AD477AF0801D8CB9AE813627000FFA9018EFA
$LOG,379.230,L1CA,30,FRAME SYNC (N)
$LNAV,379.070,L1CA,30,8B03C081D1243C100046854AD477AF0801D8CB9A08536270000023C2B5D9
$LOG,379.236,L1CA,13,FRAME SYNC (N)
$LNAV,379.076,L1CA,13,8B03C081D1243C100046854AD477AF0801D8CB9AE71462700000244E1C07
$TIME,380.000,2024,7,15,6,39,40.943000,UTC
$CH,380.000,L1CA,13,379991,37.1,0.100794798,1742.634,723044.893,62,0
$CH,380.000,L1CA,30,379992,41.8,0.702840047,1025.879,454689.943,62,0
$CH,380.000,L1CA,19,379991,40.4,0.078617315,1990.666,810626.018,62,0
$CH,380.000,L1CA,7,379991,42.2,0.442727765,-508.506,-136284.555,62,0
$OBS,380.000,2288,398797.000,G13,1C,37.1,22514651.534,-723046.636,1743.359,0
$OBS,380.000,2288,398797.000,G19,1C,40.4,21009040.553,-810628.009,1994.332,0
$OBS,380.000,2288,398797.000,G07,1C,42.2,22317368.429,136285.063,-507.365,0
$OBS,380.000,2288,398797.000,G30,1C,41.8,20896385.559,-454690.969,1025.840,0
$POS,380.000,2023,11,16,14,46,36.998907586,15.395342415,73.877982124,-184.984,4,4
$TIME,381.000,2024,7,15,6,39,41.123000,UTC
$CH,381.000,L1CA,19,380991,39.5,0.077310589,1992.136,812617.563,62,0
$CH,381.000,L1CA,7,380991,42.1,0.443021264,-510.561,-136793.124,62,0
$CH,381.000,L1CA,30,380992,41.4,0.702146364,1023.485,455714.295,62,0
$CH,381.000,L1CA,13,380991,37.2,0.099642317,1743.046,724788.183,62,0
$OBS,381.000,2288,398798.000,G19,1C,39.5,21008648.813,-812619.555,1989.653,0
$OBS,381.000,2288,398798.000,G07,1C,42.1,22317456.413,136793.634,-508.610,0
$OBS,381.000,2288,398798.000,G30,1C,41.4,20896177.605,-455715.318,1023.127,0
$OBS,381.000,2288,398798.000,G13,1C,37.2,22514306.038,-724789.926,1742.835,0
$POS,381.000,2023,11,16,14,46,37.998908877,15.395180775,73.877875090,-162.636,4,4
$TIME,382.000,2024,7,15,6,39,41.313000,UTC
$CH,382.000,L1CA,19,381991,38.8,0.075983840,1990.326,814608.455,62,0
$CH,382.000,L1CA,7,381991,41.8,0.443205387,-507.880,-137302.402,62,0
$CH,382.000,L1CA,30,381992,41.2,0.701411765,1022.466,456737.779,62,0
$CH,382.000,L1CA,13,381991,37.1,0.098460925,1741.995,726530.661,62,0
$OBS,382.000,2288,398799.000,G19,1C,38.8,21008251.070,-814610.446,1990.802,0
$OBS,382.000,2288,398799.000,G07,1C,41.8,22317511.608,137302.909,-510.168,0
$OBS,382.000,2288,398799.000,G30,1C,41.2,20895957.366,-456738.802,1023.302,0
$OBS,382.000,2288,398799.000,G13,1C,37.1,22513951.868,-726532.403,1741.990,0
$POS,382.000,2023,11,16,14,46,38.998910413,15.395301270,73.878055883,-208.721,4,4
$TIME,383.000,2024,7,15,6,39,41.503000,UTC
$CH,383.000,L1CA,30,382992,41.5,0.700722748,1021.677,457760.654,62,0
$CH,383.000,L1CA,13,382991,38.9,0.097283523,1743.179,728272.615,62,0
$CH,383.000,L1CA,7,382991,41.4,0.443550129,-508.916,-137812.135,62,0
$CH,383.000,L1CA,19,382991,38.3,0.074667490,1992.296,816598.905,62,0
$OBS,383.000,2288,398800.000,G30,1C,41.5,20895750.808,-457761.676,1022.521,0
$OBS,383.000,2288,398800.000,G13,1C,38.9,22513598.885,-728274.358,1742.439,0
$OBS,383.000,2288,398800.000,G19,1C,38.3,21007856.434,-816600.897,1989.880,0
$OBS,383.000,2288,398800.000,G07,1C,41.4,22317614.966,137812.644,-509.626,0
$POS,383.000,2023,11,16,14,46,39.998911513,15.394724482,73.877606287,-125.420,4,4
$TIME,384.000,2024,7,15,6,39,41.683000,UTC
$CH,384.000,L1CA,7,383991,41.2,0.443804491,-509.979,-138322.526,62,0
$CH,384.000,L1CA,13,383991,39.6,0.096119422,1741.397,730013.977,62,0
$CH,384.000,L1CA,30,383992,41.2,0.700052551,1021.784,458782.838,62,0
$CH,384.000,L1CA,19,383991,38.0,0.073349168,1989.770,818588.760,62,0
$OBS,384.000,2288,398801.000,G07,1C,41.2,22317691.223,138323.036,-510.372,0
$OBS,384.000,2288,398801.000,G13,1C,39.6,22513249.898,-730015.718,1742.550,0
$OBS,384.000,2288,398801.000,G30,1C,41.2,20895549.886,-458783.860,1021.939,0
$OBS,384.000,2288,398801.000,G19,1C,38.0,21007461.204,-818590.749,1989.758,0
$POS,384.000,2023,11,16,14,46,40.998913156,15.395373399,73.877920183,-216.510,4,4
$TIME,385.000,2024,7,15,6,39,41.873000,UTC
$CH,385.000,L1CA,30,384992,40.9,0.699319190,1022.237,459804.527,62,0
$CH,385.000,L1CA,19,384991,37.7,0.072046139,1986.189,820578.315,62,0
$CH,385.000,L1CA,13,384991,39.9,0.094965680,1741.419,731755.013,62,0
$CH,385.000,L1CA,7,384991,41.4,0.444024257,-511.614,-138833.242,62,0
$OBS,385.000,2288,398802.000,G30,1C,40.9,20895330.031,-459805.549,1021.589,0
$OBS,385.000,2288,398802.000,G19,1C,37.7,21007070.580,-820580.301,1989.953,0
$OBS,385.000,2288,398802.000,G13,1C,39.9,22512904.017,-731756.754,1740.589,0
$OBS,385.000,2288,398802.000,G07,1C,41.4,22317757.098,138833.753,-512.071,0
$POS,385.000,2023,11,16,14,46,41.998914481,15.395051913,73.877885644,-199.132,4,4
$LOG,385.230,L1CA,30,FRAME SYNC (N)
$LNAV,385.070,L1CA,30,8B03C081D1A953FEA93CACFEC49A99FEBC035F3A3F0C8BA10DD06F62707E
$LOG,385.235,L1CA,7,FRAME SYNC (N)
$LNAV,385.075,L1CA,7,8B03C081D1A913FF013A29025D1CAFFF5D090739B90D0EA10D8A7562707E
$LOG,385.231,L1CA,19,FRAME SYNC (N)
$LOG,385.236,L1CA,13,FRAME SYNC (N)
$LNAV,385.071,L1CA,19,8B03C081D1A9000D9A2DE5CB9062210C2704C9D814070BA10D5065626F1D
$LNAV,385.076,L1CA,13,8B03C081D1A914FEF43187682D61BFFF0C03EF570B10E1A10D3FC0627068
$TIME,386.000,2024,7,15,6,39,42.063000,UTC
$CH,386.000,L1CA,30,385992,40.9,0.698610186,1021.825,460825.566,63,0
$CH,386.000,L1CA,13,385991,39.9,0.093806986,1739.060,733495.459,63,0
$CH,386.000,L1CA,7,385991,41.5,0.444382062,-510.641,-139344.402,63,0
$CH,386.000,L1CA,19,385991,37.6,0.070731818,1989.389,822567.480,63,0
$OBS,386.000,2288,398803.000,G30,1C,40.9,20895117.470,-460826.588,1022.570,0
$OBS,386.000,2288,398803.000,G13,1C,39.9,22512556.653,-733497.198,1738.620,0
$OBS,386.000,2288,398803.000,G07,1C,41.5,22317864.365,139344.912,-510.156,0
$OBS,386.000,2288,398803.000,G19,1C,37.6,21006676.555,-822569.470,1989.857,0
$POS,386.000,2023,11,16,14,46,42.998915451,15.394183120,73.877318215,-67.771,4,4
$TIME,387.000,2024,7,15,6,39,42.243000,UTC
$CH,387.000,L1CA,19,386991,37.6,0.069411120,1988.740,824556.224,63,0
$CH,387.000,L1CA,13,386991,39.8,0.092669815,1737.986,735235.505,63,0
$CH,387.000,L1CA,7,386991,41.6,0.444606156,-513.629,-139856.020,63,0
$CH,387.000,L1CA,30,386992,40.2,0.697928424,1020.457,461846.014,63,0
$OBS,387.000,2288,398804.000,G19,1C,37.6,21006280.609,-824558.213,1989.586,0
$OBS,387.000,2288,398804.000,G13,1C,39.8,22512215.728,-735237.243,1738.478,0
$OBS,387.000,2288,398804.000,G07,1C,41.6,22317931.548,139856.534,-511.812,0
$OBS,387.000,2288,398804.000,G30,1C,40.2,20894913.093,-461847.034,1020.086,0
$POS,387.000,2023,11,16,14,46,43.998917192,15.395193115,73.877912646,-189.552,4,4
$TIME,388.000,2024,7,15,6,39,42.433000,UTC
$CH,388.000,L1CA,7,387991,41.9,0.444846002,-512.621,-140368.196,63,0
$CH,388.000,L1CA,30,387992,40.5,0.697230421,1018.993,462865.838,63,0
$CH,388.000,L1CA,19,387991,37.7,0.068092103,1987.990,826544.435,63,0
$CH,388.000,L1CA,13,387991,38.4,0.091548578,1736.239,736974.856,63,0
$OBS,388.000,2288,398805.000,G07,1C,41.9,22318003.460,140368.708,-512.808,0
$OBS,388.000,2288,398805.000,G30,1C,40.5,20894703.830,-462866.857,1018.512,0
$OBS,388.000,2288,398805.000,G13,1C,38.4,22511879.602,-736976.592,1740.753,0
$OBS,388.000,2288,398805.000,G19,1C,37.7,21005885.187,-826546.423,1990.111,0
$POS,388.000,2023,11,16,14,46,44.998918810,15.395925401,73.878384162,-266.195,4,4
$TIME,389.000,2024,7,15,6,39,42.623000,UTC
$CH,389.000,L1CA,30,388992,41.1,0.696512912,1019.120,463884.957,63,0
$CH,389.000,L1CA,13,388991,36.3,0.090371291,1740.394,738713.540,63,0
$CH,389.000,L1CA,19,388991,37.5,0.066781554,1985.069,828532.160,63,0
$CH,389.000,L1CA,7,388991,42.1,0.445208892,-513.604,-140880.917,63,0
$OBS,389.000,2288,398806.000,G30,1C,41.1,20894488.738,-463885.976,1017.624,0
$OBS,389.000,2288,398806.000,G13,1C,36.3,22511526.654,-738715.281,1738.162,0
$OBS,389.000,2288,398806.000,G19,1C,37.5,21005492.296,-828534.145,1987.342,0
$OBS,389.000,2288,398806.000,G07,1C,42.1,22318112.245,140881.430,-513.792,0
$POS,389.000,2023,11,16,14,46,45.998919646,15.394613856,73.877566809,-91.933,4,4
$TIME,390.000,2024,7,15,6,39,42.799000,UTC
$CH,390.000,L1CA,19,389991,37.7,0.065471674,1989.572,830519.428,63,0
$CH,390.000,L1CA,13,389991,37.1,0.089181450,1740.156,740451.655,63,0
$CH,390.000,L1CA,30,389992,41.7,0.695849547,1018.218,464903.475,63,0
$CH,390.000,L1CA,7,389991,42.0,0.445418326,-514.047,-141394.144,63,0
$OBS,390.000,2288,398807.000,G19,1C,37.7,21005099.596,-830521.417,1985.145,0
$OBS,390.000,2288,398807.000,G13,1C,37.1,22511169.954,-740453.395,1737.350,0
$OBS,390.000,2288,398807.000,G30,1C,41.7,20894289.858,-464904.493,1017.211,0
$OBS,390.000,2288,398807.000,G07,1C,42.0,22318175.031,141394.658,-514.073,0
$POS,390.000,2023,11,16,14,46,46.998921394,15.395298705,73.877929825,-222.413,4,4
$TIME,391.000,2024,7,15,6,39,42.989000,UTC
$CH,391.000,L1CA,30,390992,41.9,0.695135967,1018.252,465921.385,63,0
$CH,391.000,L1CA,13,390991,38.4,0.088001188,1739.159,742189.180,63,0
$CH,391.000,L1CA,7,390991,42.0,0.445661110,-515.351,-141907.919,63,0
$CH,391.000,L1CA,19,390991,37.6,0.064169976,1988.466,832506.172,63,0
$OBS,391.000,2288,398808.000,G30,1C,41.9,20894075.936,-465922.404,1018.600,0
$OBS,391.000,2288,398808.000,G13,1C,38.4,22510816.116,-742190.920,1734.849,0
$OBS,391.000,2288,398808.000,G07,1C,42.0,22318247.816,141908.434,-514.367,0
$OBS,391.000,2288,398808.000,G19,1C,37.6,21004709.357,-832508.161,1988.430,0
$POS,391.000,2023,11,16,14,46,47.998922684,15.394821508,73.877721747,-197.538,4,4
$LOG,391.236,L1CA,13,FRAME SYNC (N)
$LNAV,391.076,L1CA,13,8B03C081D22DFFEA3C3624B6FFD02785F8C41CAE26E0CE24FFAC3314199A
$LOG,391.235,L1CA,7,FRAME SYNC (N)
$LOG,391.230,L1CA,30,FRAME SYNC (N)
$LNAV,391.070,L1CA,30,8B03C081D22DFFE36167F0520015261BA4231F0997EAD199FFA32953EFE9
$LNAV,391.075,L1CA,7,8B03C081D22DFFCD61434D2C004E26B6B0C41FD2A7B86F37FFA23C13F068
$LOG,391.231,L1CA,19,FRAME SYNC (N)
$LNAV,391.071,L1CA,19,8B03C081D22DFFBABAD7BD79FFF8278D173C286163B10279FFA738000B1B
$TIME,392.000,2024,7,15,6,39,43.169000,UTC
$CH,392.000,L1CA,7,391991,42.1,0.446041562,-515.168,-142422.173,64,0
$CH,392.000,L1CA,30,391992,41.5,0.694383535,1016.554,466938.646,64,0
$CH,392.000,L1CA,13,391991,38.7,0.086837435,1736.612,743926.240,64,0
$CH,392.000,L1CA,19,391991,37.5,0.062826095,1986.644,834492.509,64,0
$OBS,392.000,2288,398809.000,G07,1C,42.1,22318361.870,142422.688,-514.080,0
$OBS,392.000,2288,398809.000,G30,1C,41.5,20893850.357,-466939.663,1016.024,0
$OBS,392.000,2288,398809.000,G13,1C,38.7,22510467.234,-743927.977,1737.111,0
$OBS,392.000,2288,398809.000,G19,1C,37.5,21004306.466,-834494.495,1984.919,0
$POS,392.000,2023,11,16,14,46,48.998923430,15.393552946,73.876922133,18.190,4,4
$TIME,393.000,2024,7,15,6,39,43.360000,UTC
$CH,393.000,L1CA,30,392992,41.4,0.693733334,1014.594,467955.169,64,0
$CH,393.000,L1CA,19,392991,37.3,0.061534534,1985.914,836478.263,64,0
$CH,393.000,L1CA,13,392991,38.9,0.085692249,1735.316,745662.644,64,0
$CH,393.000,L1CA,7,392991,42.4,0.446215093,-516.055,-142937.046,64,0
$OBS,393.000,2288,398810.000,G30,1C,41.4,20893655.438,-467956.184,1015.208,0
$OBS,393.000,2288,398810.000,G19,1C,37.3,21003919.281,-836480.249,1985.310,0
$OBS,393.000,2288,398810.000,G13,1C,38.9,22510123.918,-745664.379,1736.611,0
$OBS,393.000,2288,398810.000,G07,1C,42.4,22318413.907,142937.562,-515.609,0
$POS,393.000,2023,11,16,14,46,49.998925406,15.394838232,73.877719960,-188.847,4,4
$TIME,394.000,2024,7,15,6,39,43.540000,UTC
$CH,394.000,L1CA,30,393992,41.9,0.693015822,1015.307,468970.940,64,0
$CH,394.000,L1CA,7,393991,42.4,0.446482144,-515.097,-143452.586,64,0
$CH,394.000,L1CA,13,393991,38.3,0.084567291,1734.800,747398.173,64,0
$CH,394.000,L1CA,19,393991,37.2,0.060201562,1984.420,838463.356,64,0
$OBS,394.000,2288,398811.000,G30,1C,41.9,20893440.329,-468971.955,1014.070,0
$OBS,394.000,2288,398811.000,G07,1C,42.4,22318493.951,143453.101,-516.424,0
$OBS,394.000,2288,398811.000,G13,1C,38.3,22509786.658,-747399.907,1733.999,0
$OBS,394.000,2288,398811.000,G19,1C,37.2,21003519.653,-838465.340,1984.655,0
$POS,394.000,2023,11,16,14,46,50.998926848,15.395234152,73.877978488,-203.253,4,4
$TIME,395.000,2024,7,15,6,39,43.710000,UTC
$CH,395.000,L1CA,7,394991,42.6,0.446876627,-517.523,-143968.670,64,0
$CH,395.000,L1CA,19,394991,37.1,0.058898409,1984.755,840447.980,64,0
$CH,395.000,L1CA,30,394992,40.8,0.692305756,1016.025,469985.953,64,0
$CH,395.000,L1CA,13,394991,37.4,0.083413672,1731.827,749133.156,64,0
$OBS,395.000,2288,398812.000,G07,1C,42.6,22318612.229,143969.187,-517.320,0
$OBS,395.000,2288,398812.000,G30,1C,40.8,20893227.454,-469986.969,1011.902,0
$OBS,395.000,2288,398812.000,G13,1C,37.4,22509440.812,-749134.888,1735.033,0
$OBS,395.000,2288,398812.000,G19,1C,37.1,21003128.978,-840449.965,1983.656,0
$POS,395.000,2023,11,16,14,46,51.998927612,15.393899667,73.877137578,-7.301,4,4
$TIME,396.000,2024,7,15,6,39,43.890000,UTC
$CH,396.000,L1CA,13,395991,37.1,0.082243255,1731.693,750867.571,64,0
$CH,396.000,L1CA,7,395991,42.6,0.447034205,-516.976,-144485.329,64,0
$CH,396.000,L1CA,19,395991,37.4,0.057590498,1985.412,842432.045,64,0
$CH,396.000,L1CA,30,395992,40.1,0.691642403,1013.504,471000.299,64,0
$OBS,396.000,2288,398813.000,G13,1C,37.1,22509089.923,-750869.302,1731.116,0
$OBS,396.000,2288,398813.000,G07,1C,42.6,22318659.466,144485.846,-517.315,0
$OBS,396.000,2288,398813.000,G19,1C,37.4,21002736.889,-842434.030,1983.483,0
$OBS,396.000,2288,398813.000,G30,1C,40.1,20893028.591,-471001.312,1013.774,0
$POS,396.000,2023,11,16,14,46,52.998929602,15.395130146,73.877890211,-213.665,4,4
$TIME,397.000,2024,7,15,6,39,44.070000,UTC
$CH,397.000,L1CA,19,396991,37.6,0.056273505,1982.653,844415.590,64,0
$CH,397.000,L1CA,13,396991,38.0,0.081075676,1733.010,752601.323,64,0
$CH,397.000,L1CA,30,396992,40.6,0.690939897,1013.233,472013.946,64,0
$CH,397.000,L1CA,7,396991,42.6,0.447311083,-516.949,-145002.560,64,0
$OBS,397.000,2288,398814.000,G19,1C,37.6,21002342.060,-844417.572,1984.166,0
$OBS,397.000,2288,398814.000,G13,1C,38.0,22508739.907,-752603.056,1733.030,0
$OBS,397.000,2288,398814.000,G30,1C,40.6,20892817.985,-472014.959,1013.026,0
$OBS,397.000,2288,398814.000,G07,1C,42.6,22318742.477,145003.077,-517.953,0
$POS,397.000,2023,11,16,14,46,53.998930923,15.394967077,73.877784068,-196.684,4,4
$LOG,397.230,L1CA,30,FRAME SYNC (N)
$LNAV,397.070,L1CA,30,8B03C081D2B07A558D6248D972D8DA99681CF73D15F76B05674D0AC9DA87
$LOG,397.236,L1CA,13,FRAME SYNC (N)
$LNAV,397.076,L1CA,13,8B03C081D2B07A558D6248D972D8DA99681CF73D15F76B05674D0AC9DA87
$LOG,397.231,L1CA,19,FRAME SYNC (N)
$LNAV,397.071,L1CA,19,8B03C081D2B07A558D6248D972D8DA99681CF73D15F76B05674D0AC9DA87
$LOG,397.235,L1CA,7,FRAME SYNC (N)
$LNAV,397.075,L1CA,7,8B03C081D2B07A558D6248D972D8DA99681CF73D15F76B05674D0AC9DA87
$TIME,398.000,2024,7,15,6,39,44.250000,UTC
$CH,398.000,L1CA,7,397991,42.5,0.447679086,-518.122,-145520.362,65,0
$CH,398.000,L1CA,19,397991,37.6,0.054949360,1983.909,846398.595,65,0
$CH,398.000,L1CA,13,397991,39.2,0.079963516,1732.926,754334.558,65,0
$CH,398.000,L1CA,30,397992,40.9,0.690207195,1013.915,473026.854,65,0
$OBS,398.000,2288,398815.000,G19,1C,37.6,21001945.085,-846400.579,1983.442,0
$OBS,398.000,2288,398815.000,G13,1C,39.2,22508406.485,-754336.291,1733.032,0
$OBS,398.000,2288,398815.000,G07,1C,42.5,22318852.797,145520.880,-518.521,0
$OBS,398.000,2288,398815.000,G30,1C,40.9,20892598.321,-473027.868,1013.167,0
$POS,398.000,2023,11,16,14,46,54.998931852,15.394271570,73.877375437,-43.405,4,4
$TIME,399.000,2024,7,15,6,39,44.440000,UTC
$CH,399.000,L1CA,13,398991,38.0,0.078829314,1733.488,756067.045,65,0
$CH,399.000,L1CA,7,398991,42.7,0.447881851,-518.472,-146038.788,65,0
$CH,399.000,L1CA,30,398992,41.7,0.689572318,1011.431,474039.084,65,0
$CH,399.000,L1CA,19,398991,37.5,0.053650940,1982.841,848381.021,65,0
$OBS,399.000,2288,398816.000,G13,1C,38.0,22508066.450,-756068.779,1730.471,0
$OBS,399.000,2288,398816.000,G07,1C,42.7,22318913.576,146039.306,-520.090,0
$OBS,399.000,2288,398816.000,G30,1C,41.7,20892407.992,-474040.096,1011.461,0
$OBS,399.000,2288,398816.000,G19,1C,37.5,21001555.841,-848383.004,1982.069,0
$POS,399.000,2023,11,16,14,46,55.998933853,15.395779587,73.878237625,-258.322,4,4
$TIME,400.000,2024,7,15,6,39,44.620000,UTC
$CH,400.000,L1CA,30,399992,41.7,0.688868538,1009.817,475050.489,65,0
$CH,400.000,L1CA,13,399991,37.4,0.077680413,1732.616,757798.754,65,0
$CH,400.000,L1CA,19,399991,37.5,0.052310338,1982.291,850362.804,65,0
$CH,400.000,L1CA,7,399991,42.3,0.448152247,-520.465,-146557.902,65,0
$OBS,400.000,2288,398817.000,G30,1C,41.7,20892197.001,-475051.499,1010.568,0
$OBS,400.000,2288,398817.000,G19,1C,37.5,21001153.927,-850364.786,1980.859,0
$OBS,400.000,2288,398817.000,G13,1C,37.4,22507722.018,-757800.487,1731.777,0
$OBS,400.000,2288,398817.000,G07,1C,42.3,22318994.650,146558.423,-521.062,0
$POS,400.000,2023,11,16,14,46,56.998935351,15.396255420,73.878474358,-291.847,4,4
$TIME,401.000,2024,7,15,6,39,44.801000,UTC
$CH,401.000,L1CA,30,400992,41.3,0.688155059,1010.110,476061.041,65,0
$CH,401.000,L1CA,19,400991,37.5,0.051017177,1980.419,852343.900,65,0
$CH,401.000,L1CA,7,400991,42.1,0.448536369,-519.094,-147077.739,65,0
$CH,401.000,L1CA,13,400991,36.1,0.076521134,1730.496,759529.620,65,0
$OBS,401.000,2288,398818.000,G30,1C,41.3,20891983.114,-476062.051,1008.481,0
$OBS,401.000,2288,398818.000,G19,1C,37.5,21000766.253,-852345.880,1980.064,0
$OBS,401.000,2288,398818.000,G07,1C,42.1,22319109.804,147078.258,-520.583,0
$OBS,401.000,2288,398818.000,G13,1C,36.1,22507374.480,-759531.351,1729.126,0
$POS,401.000,2023,11,16,14,46,57.998936077,15.394712633,73.877547844,-84.623,4,4
$TIME,402.000,2024,7,15,6,39,44.991000,UTC
$CH,402.000,L1CA,30,401992,40.8,0.687464049,1009.460,477070.890,65,0
$CH,402.000,L1CA,13,401991,36.6,0.075354846,1729.016,761259.906,65,0
$CH,402.000,L1CA,19,401991,37.8,0.049713205,1980.681,854324.508,65,0
$CH,402.000,L1CA,7,401991,42.2,0.448683501,-519.294,-147598.111,65,0
$OBS,402.000,2288,398819.000,G30,1C,40.8,20891775.945,-477071.899,1010.362,0
$OBS,402.000,2288,398819.000,G13,1C,36.6,22507024.847,-761261.635,1730.647,0
$OBS,402.000,2288,398819.000,G19,1C,37.8,21000375.333,-854326.488,1980.318,0
$OBS,402.000,2288,398819.000,G07,1C,42.2,22319153.918,147598.630,-520.393,0
$POS,402.000,2023,11,16,14,46,58.998937918,15.395515314,73.878136027,-239.541,4,4
$TIME,403.000,2024,7,15,6,39,45.171000,UTC
$CH,403.000,L1CA,7,402991,42.1,0.448981670,-521.696,-148119.089,65,0
$CH,403.000,L1CA,30,402992,41.4,0.686779549,1009.243,478080.057,65,0
$CH,403.000,L1CA,19,402991,37.3,0.048403541,1978.481,856304.563,65,0
$CH,403.000,L1CA,13,402991,38.0,0.074223040,1730.343,762989.597,65,0
$OBS,403.000,2288,398820.000,G07,1C,42.1,22319243.298,148119.611,-521.976,0
$OBS,403.000,2288,398820.000,G30,1C,41.4,20891570.748,-478081.066,1008.512,0
$OBS,403.000,2288,398820.000,G19,1C,37.3,20999982.703,-856306.541,1978.589,0
$OBS,403.000,2288,398820.000,G13,1C,38.0,22506685.527,-762991.327,1729.179,0
$POS,403.000,2023,11,16,14,46,59.998939297,15.395683477,73.878211032,-243.155,4,4
$LOG,403.230,L1CA,30,FRAME SYNC (N)
$LNAV,403.070,L1CA,30,8B03C081D335534C9A901268FD5A00A10CF8BAC84563C2BD20A959340032
$LOG,403.236,L1CA,13,FRAME SYNC (N)
$LNAV,403.076,L1CA,13,8B03C081D335534C9A901268FD5A00A10CF8BAC84563C2BD20A959340032
$LOG,403.231,L1CA,19,FRAME SYNC (N)
$LNAV,403.071,L1CA,19,8B03C081D335534C9A901268FD5A00A10CF8BAC84563C2BD20A959340032
$LOG,403.235,L1CA,7,FRAME SYNC (N)
$LNAV,403.075,L1CA,7,8B03C081D335534C9A901268FD5A00A10CF8BAC84563C2BD20A959340032
$TIME,404.000,2024,7,15,6,39,45.361000,UTC
$CH,404.000,L1CA,30,403992,41.0,0.686055052,1007.358,479088.512,66,0
$CH,404.000,L1CA,19,403991,37.8,0.047086925,1977.873,858284.159,66,0
$CH,404.000,L1CA,13,403991,38.3,0.073076739,1729.037,764718.750,66,0
$CH,404.000,L1CA,7,403991,42.3,0.449349300,-522.471,-148640.550,66,0
$OBS,404.000,2288,398821.000,G30,1C,41.0,20891353.545,-479089.519,1008.030,0
$OBS,404.000,2288,398821.000,G19,1C,37.8,20999587.997,-858286.137,1977.579,0
$OBS,404.000,2288,398821.000,G13,1C,38.3,22506341.880,-764720.479,1728.563,0
$OBS,404.000,2288,398821.000,G07,1C,42.3,22319353.514,148641.073,-521.376,0
$POS,404.000,2023,11,16,14,47,0.998940170,15.394647725,73.877576563,-75.651,4,4
$TIME,405.000,2024,7,15,6,39,45.551000,UTC
$CH,405.000,L1CA,13,404991,37.8,0.071940299,1729.221,766447.173,66,0
$CH,405.000,L1CA,30,404992,40.6,0.685399150,1006.360,480096.202,66,0
$CH,405.000,L1CA,19,404991,38.1,0.045800176,1979.513,860263.086,66,0
$CH,405.000,L1CA,7,404991,42.4,0.449522243,-520.265,-149162.729,66,0
$OBS,405.000,2288,398822.000,G13,1C,37.8,22506001.182,-766448.902,1727.551,0
$OBS,405.000,2288,398822.000,G30,1C,40.6,20891156.916,-480097.209,1006.861,0
$OBS,405.000,2288,398822.000,G19,1C,38.1,20999202.225,-860265.066,1977.033,0
$OBS,405.000,2288,398822.000,G07,1C,42.4,22319405.358,149163.249,-522.855,0
$POS,405.000,2023,11,16,14,47,1.998942093,15.395784384,73.878323807,-263.988,4,4
$TIME,406.000,2024,7,15,6,39,45.731000,UTC
$CH,406.000,L1CA,7,405991,42.5,0.449824501,-524.719,-149685.469,66,0
$CH,406.000,L1CA,13,405991,37.7,0.070795183,1727.552,768174.918,66,0
$CH,406.000,L1CA,30,405992,40.6,0.684706062,1007.229,481103.197,66,0
$CH,406.000,L1CA,19,405991,38.3,0.044484932,1976.376,862241.511,66,0
$OBS,406.000,2288,398823.000,G07,1C,42.5,22319495.977,149685.993,-523.919,0
$OBS,406.000,2288,398823.000,G13,1C,37.7,22505657.884,-768176.646,1727.061,0
$OBS,406.000,2288,398823.000,G30,1C,40.6,20890949.136,-481104.204,1005.714,0
$OBS,406.000,2288,398823.000,G19,1C,38.3,20998807.937,-862243.487,1978.036,0
$POS,406.000,2023,11,16,14,47,2.998943401,15.395745180,73.878269546,-242.902,4,4
$TIME,407.000,2024,7,15,6,39,45.911000,UTC
$CH,407.000,L1CA,7,406991,42.5,0.450202574,-523.950,-150208.881,66,0
$CH,407.000,L1CA,13,406991,37.4,0.069626892,1727.165,769901.960,66,0
$CH,407.000,L1CA,19,406991,38.5,0.043152512,1979.561,864219.286,66,0
$CH,407.000,L1CA,30,406992,40.7,0.683989438,1004.582,482109.385,66,0
$OBS,407.000,2288,398824.000,G07,1C,42.5,22319609.316,150209.405,-523.429,0
$OBS,407.000,2288,398824.000,G13,1C,37.4,22505307.641,-769903.687,1724.249,0
$OBS,407.000,2288,398824.000,G30,1C,40.7,20890734.289,-482110.389,1005.527,0
$OBS,407.000,2288,398824.000,G19,1C,38.5,20998408.484,-864221.266,1978.180,0
$POS,407.000,2023,11,16,14,47,3.998944316,15.394826833,73.877622152,-87.460,4,4
$TIME,408.000,2024,7,15,6,39,46.101000,UTC
$CH,408.000,L1CA,7,407991,42.6,0.450375106,-523.364,-150732.792,66,0
$CH,408.000,L1CA,19,407991,38.6,0.041854952,1976.583,866196.622,66,0
$CH,408.000,L1CA,30,407992,40.9,0.683317099,1006.178,483115.002,66,0
$CH,408.000,L1CA,13,407991,37.6,0.068467385,1725.986,771628.449,66,0
$OBS,408.000,2288,398825.000,G07,1C,42.6,22319661.039,150733.315,-523.937,0
$OBS,408.000,2288,398825.000,G19,1C,38.6,20998019.484,-866198.598,1978.767,0
$OBS,408.000,2288,398825.000,G30,1C,40.9,20890532.722,-483116.008,1006.801,0
$OBS,408.000,2288,398825.000,G13,1C,37.6,22504960.033,-771630.175,1723.534,0
$POS,408.000,2023,11,16,14,47,4.998946144,15.395659492,73.878185254,-241.417,4,4
$TIME,409.000,2024,7,15,6,39,46.283000,UTC
$CH,409.000,L1CA,30,408992,41.0,0.682612910,1002.953,484119.915,66,0
$CH,409.000,L1CA,7,408991,42.7,0.450651697,-525.009,-151257.283,66,0
$CH,409.000,L1CA,19,408991,38.5,0.040540349,1972.971,868173.405,66,0
$CH,409.000,L1CA,13,408991,37.8,0.067322056,1725.985,773354.306,66,0
$OBS,409.000,2288,398826.000,G30,1C,41.0,20890321.626,-484120.918,1003.997,0
$OBS,409.000,2288,398826.000,G07,1C,42.7,22319743.962,151257.808,-524.258,0
$OBS,409.000,2288,398826.000,G19,1C,38.5,20997625.371,-868175.378,1976.780,0
$OBS,409.000,2288,398826.000,G13,1C,37.8,22504616.665,-773356.032,1727.062,0
$POS,409.000,2023,11,16,14,47,5.998947485,15.395622787,73.878182799,-228.885,4,4
$LOG,409.231,L1CA,19,FRAME SYNC (N)
$LOG,409.230,L1CA,30,FRAME SYNC (N)
$LNAV,409.071,L1CA,19,8B03C081D3A63C100046854AD477AF0801D8CB9ADF00626F00002E346555
$LNAV,409.070,L1CA,30,8B03C081D3A63C100046854AD477AF0801D8CB9A08536270000023C2B5D9
$LOG,409.236,L1CA,13,FRAME SYNC (N)
$LNAV,409.076,L1CA,13,8B03C081D3A63C100046854AD477AF0801D8CB9AE71462700000244E1C07
$LOG,409.235,L1CA,7,FRAME SYNC (N)
$LNAV,409.075,L1CA,7,8B03C081D3A63C100046854AD477AF0801D8CB9AE813627000FFA9018EFA
$TIME,410.000,2024,7,15,6,39,46.462000,UTC
$CH,410.000,L1CA,19,409991,38.8,0.039254709,1975.865,870149.688,67,0
$CH,410.000,L1CA,7,409991,42.6,0.451044021,-525.723,-151782.329,67,0
$CH,410.000,L1CA,13,409991,37.7,0.066177432,1723.447,775079.611,67,0
$CH,410.000,L1CA,30,409992,41.1,0.681908092,1002.016,485124.161,67,0
$OBS,410.000,2288,398827.000,G19,1C,38.8,20997239.948,-870151.664,1975.113,0
$OBS,410.000,2288,398827.000,G07,1C,42.6,22319861.577,151782.855,-525.749,0
$OBS,410.000,2288,398827.000,G13,1C,37.7,22504273.523,-775081.335,1725.041,0
$OBS,410.000,2288,398827.000,G30,1C,41.1,20890110.322,-485125.163,1003.406,0
$POS,410.000,2023,11,16,14,47,6.998948227,15.394174726,73.877313856,-28.145,4,4
$TIME,411.000,2024,7,15,6,39,46.632000,UTC
$CH,411.000,L1CA,19,410991,38.6,0.037955622,1974.717,872125.357,67,0
$CH,411.000,L1CA,30,410992,40.8,0.681269997,1002.790,486127.623,67,0
$CH,411.000,L1CA,7,410991,42.6,0.451207592,-527.147,-152308.006,67,0
$CH,411.000,L1CA,13,410991,38.0,0.065031302,1723.072,776804.228,67,0
$OBS,411.000,2288,398828.000,G19,1C,38.6,20996850.494,-872127.332,1975.214,0
$OBS,411.000,2288,398828.000,G30,1C,40.8,20889919.015,-486128.625,1003.966,0
$OBS,411.000,2288,398828.000,G07,1C,42.6,22319910.612,152308.533,-525.959,0
$OBS,411.000,2288,398828.000,G13,1C,38.0,22503929.911,-776805.951,1720.693,0
$POS,411.000,2023,11,16,14,47,7.998950332,15.395763827,73.878262076,-274.869,4,4
$TIME,412.000,2024,7,15,6,39,46.807000,UTC
$CH,412.000,L1CA,30,411992,40.2,0.680558715,1002.749,487130.289,67,0
$CH,412.000,L1CA,19,411991,38.7,0.036658410,1973.132,874100.407,67,0
$CH,412.000,L1CA,7,411991,42.7,0.451493312,-526.825,-152834.359,67,0
$CH,412.000,L1CA,13,411991,38.0,0.063881600,1726.126,778528.087,67,0
$OBS,412.000,2288,398829.000,G30,1C,40.2,20889705.791,-487131.291,1002.294,0
$OBS,412.000,2288,398829.000,G19,1C,38.7,20996461.598,-874102.380,1974.479,0
$OBS,412.000,2288,398829.000,G07,1C,42.7,22319996.275,152834.886,-526.263,0
$OBS,412.000,2288,398829.000,G13,1C,38.0,22503585.252,-778529.813,1723.072,0
$POS,412.000,2023,11,16,14,47,8.998951496,15.395187448,73.877987657,-207.967,4,4
$TIME,413.000,2024,7,15,6,39,46.997000,UTC
$CH,413.000,L1CA,30,412992,40.8,0.679853568,999.608,488132.434,67,0
$CH,413.000,L1CA,19,412991,38.9,0.035339134,1975.128,876075.066,67,0
$CH,413.000,L1CA,13,412991,37.8,0.062758666,1724.681,780251.437,67,0
$CH,413.000,L1CA,7,412991,42.4,0.451874046,-526.228,-153361.143,67,0
$OBS,413.000,2288,398830.000,G30,1C,40.8,20889494.381,-488133.433,1002.188,0
$OBS,413.000,2288,398830.000,G19,1C,38.9,20996066.089,-876077.041,1975.068,0
$OBS,413.000,2288,398830.000,G13,1C,37.8,22503248.602,-780253.162,1720.817,0
$OBS,413.000,2288,398830.000,G07,1C,42.4,22320110.417,153361.669,-526.913,0
$POS,413.000,2023,11,16,14,47,9.998952496,15.394631912,73.877593170,-81.518,4,4
$TIME,414.000,2024,7,15,6,39,47.167000,UTC
$CH,414.000,L1CA,7,413991,42.3,0.452066146,-528.146,-153888.456,67,0
$CH,414.000,L1CA,19,413991,38.9,0.034016627,1973.774,878049.213,67,0
$CH,414.000,L1CA,30,413992,40.9,0.679193850,1000.621,489133.926,67,0
$CH,414.000,L1CA,13,413991,37.1,0.061623833,1720.298,781974.162,67,0
$OBS,414.000,2288,398831.000,G07,1C,42.3,22320168.003,153888.985,-527.553,0
$OBS,414.000,2288,398831.000,G19,1C,38.9,20995669.620,-878051.187,1974.637,0
$OBS,414.000,2288,398831.000,G30,1C,40.9,20889296.618,-489134.927,1001.799,0
$OBS,414.000,2288,398831.000,G13,1C,37.1,22502908.393,-781975.882,1723.132,0
$POS,414.000,2023,11,16,14,47,10.998954488,15.396171231,73.878488713,-283.635,4,4
$TIME,415.000,2024,7,15,6,39,47.347000,UTC
$CH,415.000,L1CA,7,414991,42.5,0.452331684,-528.161,-154416.335,67,0
$CH,415.000,L1CA,30,414992,40.2,0.678500072,1002.444,490134.749,67,0
$CH,415.000,L1CA,19,414991,38.9,0.032700728,1972.989,880022.867,67,0
$CH,415.000,L1CA,13,414991,37.4,0.060442491,1722.785,783696.330,67,0
$OBS,415.000,2288,398832.000,G07,1C,42.5,22320247.611,154416.864,-528.221,0
$OBS,415.000,2288,398832.000,G30,1C,40.2,20889088.629,-490135.751,998.222,0
$OBS,415.000,2288,398832.000,G19,1C,38.9,20995275.123,-880024.840,1973.510,0
$OBS,415.000,2288,398832.000,G13,1C,37.4,22502554.223,-783698.053,1721.972,0
$POS,415.000,2023,11,16,14,47,11.998955870,15.396047136,73.878391741,-286.296,4,4
$LOG,415.236,L1CA,13,FRAME SYNC (N)
$LNAV,415.076,L1CA,13,8B03C081D42A14FEF43187682D61BFFF0C03EF570B10E1A10D3FC0627068
$LOG,415.231,L1CA,19,FRAME SYNC (N)
$LNAV,415.071,L1CA,19,8B03C081D42A000D9A2DE5CB9062210C2704C9D814070BA10D5065626F1D
$LOG,415.230,L1CA,30,FRAME SYNC (N)
$LNAV,415.070,L1CA,30,8B03C081D42A53FEA93CACFEC49A99FEBC035F3A3F0C8BA10DD06F62707E
$LOG,415.235,L1CA,7,FRAME SYNC (N)
$LNAV,415.075,L1CA,7,8B03C081D42A13FF013A29025D1CAFFF5D090739B90D0EA10D8A7562707E
$TIME,416.000,2024,7,15,6,39,47.537000,UTC
$CH,416.000,L1CA,7,415991,42.4,0.452711898,-529.189,-154944.731,68,0
$CH,416.000,L1CA,19,415991,39.0,0.031407864,1972.452,881996.023,68,0
$CH,416.000,L1CA,13,415991,38.9,0.059304063,1720.581,785417.914,68,0
$CH,416.000,L1CA,30,415992,39.0,0.677805568,999.439,491134.874,68,0
$OBS,416.000,2288,398833.000,G07,1C,42.4,22320361.595,154945.260,-528.869,0
$OBS,416.000,2288,398833.000,G19,1C,39.0,20994887.519,-881997.996,1973.354,0
$OBS,416.000,2288,398833.000,G13,1C,38.9,22502212.932,-785419.634,1722.807,0
$OBS,416.000,2288,398833.000,G30,1C,39.0,20888880.413,-491135.874,1000.385,0
$POS,416.000,2023,11,16,14,47,12.998956752,15.395046236,73.877761645,-132.174,4,4
$LOG,77.033,,0,END FILE=D:\\C Drive\\Downloads\\bt_driver\\capture_quad.dat
