$LOG,0.000,,0,START FILE=D:\Record_files\GPS_NavIC_L1C_131224_625.bin FS=6.250 FMT=0 IQ=2,2
$TIME,0.000,2025,4,14,12,26,16.015000,UTC
$LOG,0.009,L1CA,32,SIGNAL NOT FOUND (0.0)
$LOG,0.009,L1CA,21,SIGNAL NOT FOUND (0.0)
$LOG,0.009,L1CA,9,SIGNAL NOT FOUND (0.0)
$LOG,0.009,L1CA,5,SIGNAL NOT FOUND (0.0)
$LOG,0.009,L1CA,18,SIGNAL NOT FOUND (0.0)
$LOG,0.009,L1CA,7,SIGNAL NOT FOUND (0.0)
$LOG,0.009,L1CA,8,SIGNAL NOT FOUND (0.0)
$LOG,0.009,L1CA,16,SIGNAL NOT FOUND (0.0)
$LOG,0.009,L1CA,6,SIGNAL NOT FOUND (0.0)
$LOG,0.009,L1CA,20,SIGNAL NOT FOUND (0.0)
$LOG,0.009,L1CA,19,SIGNAL NOT FOUND (0.0)
$LOG,0.009,L1CA,27,SIGNAL NOT FOUND (0.0)
$LOG,0.009,L1CA,13,SIGNAL NOT FOUND (0.0)
$LOG,0.009,L1CA,29,SIGNAL NOT FOUND (0.0)
$LOG,0.009,L1CA,22,SIGNAL NOT FOUND (0.0)
$LOG,0.009,L1CA,15,SIGNAL NOT FOUND (0.0)
$LOG,0.009,L1CA,17,SIGNAL NOT FOUND (0.0)
$LOG,0.009,L1CA,28,SIGNAL NOT FOUND (0.0)
$LOG,0.009,L1CA,12,SIGNAL NOT FOUND (0.0)
$LOG,0.009,L1CA,4,SIGNAL NOT FOUND (0.0)
$LOG,0.009,L1CA,31,SIGNAL NOT FOUND (0.0)
$LOG,0.009,L1CA,26,SIGNAL NOT FOUND (0.0)
$LOG,0.009,L1CA,30,SIGNAL NOT FOUND (0.0)
$LOG,0.009,L1CA,2,SIGNAL NOT FOUND (0.0)
$LOG,0.009,L1CA,3,SIGNAL NOT FOUND (0.0)
$LOG,0.009,L1CA,10,SIGNAL NOT FOUND (0.0)
$LOG,0.009,L1CA,25,SIGNAL NOT FOUND (0.0)
$LOG,0.009,L1CA,1,SIGNAL NOT FOUND (0.0)
$LOG,0.009,L1CA,11,SIGNAL NOT FOUND (0.0)
$LOG,0.009,L1CA,23,SIGNAL NOT FOUND (0.0)
$LOG,0.009,L1CA,14,SIGNAL NOT FOUND (0.0)
$LOG,0.009,L1CA,24,SIGNAL NOT FOUND (0.0)
$LOG,0.109,L1CA,1,SIGNAL FOUND (47.0,-2082.0,0.2286400)
$LOG,0.509,L1CA,2,SIGNAL FOUND (44.0,-1690.1,0.9380800)
$TIME,1.000,2025,4,14,12,26,16.863000,UTC
$CH,1.000,L1CA,1,891,47.0,0.229869625,-2099.049,-1871.123,0,0
$CH,1.000,L1CA,2,491,44.0,0.938540554,-1684.497,-826.903,0,0
$LOG,0.909,L1CA,3,SIGNAL FOUND (51.9,907.4,0.5768000)
$CH,1.000,L1CA,3,91,51.9,0.576752776,867.828,79.924,0,0
$LOG,1.737,L1CA,1,SYMBOL SYNC (487.465)
$LOG,1.409,L1CA,4,SIGNAL FOUND (48.0,1879.4,0.7867200)
$TIME,2.000,2025,4,14,12,26,17.070000,UTC
$CH,2.000,L1CA,2,1491,44.6,0.939591406,-1682.623,-2510.770,0,0
$LOG,2.017,L1CA,2,SYMBOL SYNC (-367.174)
$CH,2.000,L1CA,3,1091,52.9,0.576233198,865.906,946.056,0,0
$CH,2.000,L1CA,1,1891,46.1,0.231202617,-2099.603,-3971.849,0,0
$CH,2.000,L1CA,4,591,48.0,0.786067264,1852.422,1095.485,0,0
$LOG,1.809,L1CA,5,SIGNAL FOUND (36.0,-920.0,0.2096000)
$CH,2.000,L1CA,5,191,36.0,0.209717171,-1120.313,-194.830,0,0
$LOG,2.486,L1CA,3,SYMBOL SYNC (883.402)
$LOG,2.209,L1CA,6,SIGNAL FOUND (35.6,2460.9,0.8043200)
$LOG,2.509,L1CA,7,SIGNAL FOUND (43.5,1430.5,0.2977600)
$LOG,2.709,L1CA,8,SIGNAL FOUND (43.0,2084.5,0.7777600)
$TIME,3.000,2025,4,14,12,26,17.432000,UTC
$LOG,2.913,L1CA,4,SYMBOL SYNC (558.853)
$CH,3.000,L1CA,7,491,43.5,0.297348599,1359.121,669.860,0,0
$CH,3.000,L1CA,4,1591,47.8,0.784895451,1852.373,2947.799,0,0
$CH,3.000,L1CA,3,2091,53.2,0.575701312,865.232,1811.483,0,0
$CH,3.000,L1CA,5,1191,33.9,0.210278046,-1189.939,-1333.672,0,0
$CH,3.000,L1CA,6,791,35.6,0.803167123,2366.601,1852.692,0,0
$CH,3.000,L1CA,1,2891,46.3,0.232538432,-2100.883,-6072.373,0,0
$CH,3.000,L1CA,2,2491,44.7,0.940661869,-1682.454,-4194.354,0,0
$CH,3.000,L1CA,8,291,43.0,0.777351236,2093.649,609.042,0,0
$LOG,2.909,L1CA,9,SIGNAL FOUND (42.8,2226.2,0.2366400)
$CH,3.000,L1CA,9,91,42.8,0.236512716,2262.325,204.988,0,0
$LOG,3.109,L1CA,10,SIGNAL FOUND (35.4,-1066.9,0.2443200)
$LOG,3.309,L1CA,11,SIGNAL NOT FOUND (35.0)
$LOG,3.509,L1CA,12,SIGNAL FOUND (35.2,-2426.3,0.9542400)
$LOG,3.609,L1CA,13,SIGNAL FOUND (36.1,1456.2,0.4315200)
$LOG,3.809,L1CA,5,SIGNAL LOST (L1CA, 31.3)
$TIME,4.000,2025,4,14,12,26,18.161000,UTC
$LOG,3.809,L1CA,14,SIGNAL FOUND (35.1,4507.0,0.2193600)
$CH,4.000,L1CA,6,1791,34.4,0.801734321,2375.792,4228.393,0,0
$CH,4.000,L1CA,14,191,35.1,0.218818830,4453.620,854.163,0,0
$CH,4.000,L1CA,10,891,35.4,0.244773363,-1020.476,-948.848,0,0
$CH,4.000,L1CA,2,3491,45.1,0.941722750,-1683.177,-5877.800,0,0
$CH,4.000,L1CA,3,3091,53.2,0.575139484,864.571,2676.298,0,0
$CH,4.000,L1CA,7,1491,43.8,0.296507649,1359.845,2030.237,0,0
$CH,4.000,L1CA,1,3891,46.4,0.233871715,-2100.937,-8172.875,0,0
$CH,4.000,L1CA,12,491,35.2,0.955020259,-2716.459,-1289.775,0,0
$LOG,4.080,L1CA,7,SYMBOL SYNC (338.354)
$CH,4.000,L1CA,9,1091,43.0,0.235078576,2263.865,2468.304,0,0
$CH,4.000,L1CA,8,1291,43.8,0.776020000,2093.646,2703.081,0,0
$CH,4.000,L1CA,13,391,36.1,0.431208119,1360.764,551.009,0,0
$CH,4.000,L1CA,4,2591,47.1,0.783726984,1852.466,4800.326,0,0
$LOG,4.009,L1CA,15,SIGNAL FOUND (36.2,3493.4,0.5281600)
$LOG,4.239,L1CA,8,SYMBOL SYNC (325.362)
$LOG,4.209,L1CA,16,SIGNAL FOUND (51.8,-93.5,0.1852800)
$LOG,4.309,L1CA,17,SIGNAL FOUND (36.2,1661.8,0.7432000)
$LOG,4.440,L1CA,9,SYMBOL SYNC (-304.214)
$LOG,4.412,L1CA,18,SIGNAL FOUND (36.4,-874.8,0.0592000)
$LOG,4.609,L1CA,19,SIGNAL FOUND (35.7,894.8,0.0382400)
$LOG,4.709,L1CA,20,SIGNAL FOUND (36.9,-1962.3,0.7217600)
$LOG,4.809,L1CA,21,SIGNAL FOUND (44.3,-1442.9,0.1988800)
$TIME,5.000,2025,4,14,12,26,19.173000,UTC
$LOG,4.909,L1CA,22,SIGNAL FOUND (35.9,2955.5,0.3017600)
$CH,5.000,L1CA,12,1491,32.9,0.956616359,-2526.772,-3890.729,0,0
$CH,5.000,L1CA,1,4891,46.4,0.235200042,-2100.749,-10273.370,0,0
$CH,5.000,L1CA,14,1191,33.2,0.216087291,4234.001,5191.784,0,0
$CH,5.000,L1CA,20,291,36.9,0.722124348,-2197.325,-599.216,0,0
$CH,5.000,L1CA,2,4491,44.9,0.942801606,-1683.591,-7561.138,0,0
$CH,5.000,L1CA,19,391,35.7,0.038077056,800.863,332.372,0,0
$CH,5.000,L1CA,16,791,51.8,0.185314534,-125.647,-98.093,0,0
$CH,5.000,L1CA,9,2091,42.3,0.233649691,2262.899,4732.042,0,0
$CH,5.000,L1CA,17,691,36.2,0.742421327,1769.193,1268.956,0,0
$CH,5.000,L1CA,4,3591,47.6,0.782552054,1852.693,6652.941,0,0
$CH,5.000,L1CA,7,2491,44.3,0.295636230,1359.255,3390.209,0,0
$CH,5.000,L1CA,18,588,36.4,0.059446354,-666.683,-407.097,0,0
$CH,5.000,L1CA,13,1391,34.1,0.430459185,1341.383,1908.013,0,0
$CH,5.000,L1CA,6,2791,32.7,0.800262145,2379.009,6603.410,0,0
$CH,5.000,L1CA,10,1891,32.3,0.245368724,-1066.283,-2014.890,0,0
$CH,5.000,L1CA,8,2291,43.9,0.774696942,2093.554,4797.224,0,0
$CH,5.000,L1CA,21,191,44.3,0.199078783,-1423.809,-272.284,0,0
$CH,5.000,L1CA,3,4091,53.4,0.574599141,864.318,3540.489,0,0
$CH,5.000,L1CA,15,991,36.2,0.526181875,3400.060,3331.927,0,0
$CH,5.000,L1CA,22,91,35.9,0.301596151,2864.534,262.993,0,0
$LOG,5.009,L1CA,23,SIGNAL FOUND (36.9,66.6,0.3534400)
$LOG,5.109,L1CA,10,SIGNAL LOST (L1CA, 31.0)
$LOG,5.109,L1CA,24,SIGNAL FOUND (36.2,973.1,0.7982400)
$LOG,5.209,L1CA,25,SIGNAL FOUND (36.1,1661.7,0.7601600)
$LOG,5.309,L1CA,26,SIGNAL FOUND (49.8,-2462.0,0.3852800)
$LOG,5.409,L1CA,27,SIGNAL FOUND (45.0,1948.1,0.5510400)
$LOG,5.509,L1CA,12,SIGNAL LOST (L1CA, 31.7)
$LOG,5.509,L1CA,28,SIGNAL NOT FOUND (34.8)
$LOG,5.609,L1CA,29,SIGNAL FOUND (36.2,-4005.6,0.2252800)
$LOG,5.726,L1CA,16,SYMBOL SYNC (900.657)
$LOG,5.709,L1CA,30,SIGNAL FOUND (35.5,4044.0,0.3817600)
$LOG,5.809,L1CA,14,SIGNAL LOST (L1CA, 31.8)
$LOG,5.809,L1CA,31,SIGNAL FOUND (45.2,-2587.9,0.5838400)
$TIME,6.000,2025,4,14,12,26,20.683000,UTC
$LOG,5.909,L1CA,32,SIGNAL FOUND (35.8,879.1,0.6937600)
$CH,6.000,L1CA,21,1191,44.8,0.200009624,-1422.831,-1694.786,0,0
$CH,6.000,L1CA,7,3491,44.0,0.294770041,1357.907,4749.945,0,0
$CH,6.000,L1CA,22,1091,33.4,0.299769718,2942.092,3179.205,0,0
$CH,6.000,L1CA,19,1391,33.0,0.037546252,845.087,1192.544,0,0
$CH,6.000,L1CA,18,1588,33.4,0.059809198,-648.045,-1065.650,0,0
$CH,6.000,L1CA,16,1791,52.3,0.185359977,-125.884,-223.599,0,0
$CH,6.000,L1CA,31,191,45.2,0.584175087,-2599.335,-496.039,0,0
$CH,6.000,L1CA,8,3291,44.3,0.773363550,2093.447,6891.628,0,0
$CH,6.000,L1CA,27,591,45.0,0.550305799,1940.218,1146.298,0,0
$CH,6.000,L1CA,17,1691,34.2,0.741458402,1844.129,3107.142,0,0
$CH,6.000,L1CA,13,2391,33.1,0.429751517,1346.051,3255.256,0,0
$CH,6.000,L1CA,20,1291,34.2,0.723516423,-2260.976,-2836.635,0,0
$CH,6.000,L1CA,30,291,35.5,0.381053840,3845.839,1148.672,0,0
$CH,6.000,L1CA,24,891,36.2,0.797682873,870.206,792.828,0,0
$CH,6.000,L1CA,23,991,36.9,0.353462612,-139.545,-111.997,0,0
$CH,6.000,L1CA,15,1991,34.0,0.524037840,3401.150,6732.607,0,0
$CH,6.000,L1CA,2,5491,44.6,0.943865282,-1683.319,-9244.354,0,0
$CH,6.000,L1CA,25,791,36.1,0.759283681,1826.077,1456.853,0,0
$LOG,6.009,L1CA,15,SIGNAL LOST (L1CA, 31.5)
$CH,6.000,L1CA,32,91,35.8,0.693708239,896.010,81.495,0,0
$CH,6.000,L1CA,26,691,49.8,0.386417738,-2451.684,-1694.562,0,0
$CH,6.000,L1CA,9,3091,43.3,0.232208337,2263.888,6995.925,0,0
$CH,6.000,L1CA,1,5891,46.5,0.236534495,-2100.173,-12373.835,0,0
$CH,6.000,L1CA,29,391,36.2,0.226258593,-4105.797,-1608.526,0,0
$CH,6.000,L1CA,3,5091,53.8,0.574048642,863.289,4404.057,0,0
$CH,6.000,L1CA,4,4591,48.1,0.781370494,1852.586,8505.641,0,0
$CH,6.000,L1CA,6,3791,33.1,0.798833600,2372.106,8978.560,0,0
$LOG,6.009,L1CA,5,SIGNAL FOUND (35.3,447.3,0.0878400)
$LOG,6.109,L1CA,10,SIGNAL FOUND (35.7,-2118.3,0.4619200)
$LOG,6.209,L1CA,11,SIGNAL FOUND (37.1,956.3,0.1144000)
$LOG,6.318,L1CA,21,SYMBOL SYNC (369.288)
$LOG,6.309,L1CA,17,SIGNAL LOST (L1CA, 32.0)
$LOG,6.309,L1CA,12,SIGNAL FOUND (35.7,-355.3,0.0011200)
$LOG,6.412,L1CA,18,SIGNAL LOST (L1CA, 31.9)
$LOG,6.409,L1CA,14,SIGNAL FOUND (36.2,-1519.7,0.9716800)
$LOG,6.509,L1CA,15,SIGNAL FOUND (36.3,2320.5,0.8824000)
$LOG,6.609,L1CA,19,SIGNAL LOST (L1CA, 31.7)
$LOG,6.609,L1CA,13,SIGNAL LOST (L1CA, 31.5)
$LOG,6.609,L1CA,17,SIGNAL FOUND (35.1,2618.5,0.4459200)
$LOG,6.709,L1CA,20,SIGNAL LOST (L1CA, 31.9)
$LOG,6.709,L1CA,18,SIGNAL FOUND (35.4,-482.7,0.0652800)
$LOG,6.830,L1CA,26,SYMBOL SYNC (-683.780)
$LOG,6.809,L1CA,19,SIGNAL FOUND (36.2,664.5,0.4699200)
$TIME,7.000,2025,4,14,12,26,22.453000,UTC
$LOG,6.917,L1CA,27,SYMBOL SYNC (-395.429)
$LOG,6.909,L1CA,22,SIGNAL LOST (L1CA, 31.5)
$LOG,6.909,L1CA,20,SIGNAL FOUND (35.5,1551.2,0.4611200)
$CH,7.000,L1CA,21,2191,44.6,0.200913808,-1422.307,-3117.001,0,0
$CH,7.000,L1CA,19,191,36.2,0.469817659,832.643,148.746,0,0
$CH,7.000,L1CA,2,6491,44.6,0.944932919,-1682.990,-10927.452,0,0
$CH,7.000,L1CA,26,1691,50.1,0.387985418,-2452.423,-4146.890,0,0
$CH,7.000,L1CA,29,1391,33.2,0.228825862,-4059.395,-5631.159,0,0
$CH,7.000,L1CA,10,891,35.7,0.463159178,-2216.282,-1997.527,0,0
$CH,7.000,L1CA,12,691,35.7,0.001186631,-52.404,-89.683,0,0
$CH,7.000,L1CA,30,1291,33.1,0.378644416,3851.325,4992.095,0,0
$CH,7.000,L1CA,23,1991,33.1,0.353501239,-154.248,-264.879,0,0
$CH,7.000,L1CA,11,791,37.1,0.114057351,862.214,675.546,0,0
$CH,7.000,L1CA,14,591,36.2,0.972247927,-1659.792,-971.456,0,0
$LOG,7.009,L1CA,23,SIGNAL LOST (L1CA, 30.6)
$CH,7.000,L1CA,8,4291,44.3,0.772032895,2094.161,8986.292,0,0
$CH,7.000,L1CA,9,4091,43.3,0.230770049,2263.972,9259.966,0,0
$CH,7.000,L1CA,7,4491,43.7,0.293920198,1359.515,6109.442,0,0
$CH,7.000,L1CA,1,6891,46.9,0.237871864,-2099.575,-14474.285,0,0
$CH,7.000,L1CA,6,4791,32.1,0.797344200,2372.908,11353.264,0,0
$CH,7.000,L1CA,3,6091,53.6,0.573498696,862.224,5267.002,0,0
$CH,7.000,L1CA,32,1091,34.8,0.693195068,823.564,944.414,0,0
$CH,7.000,L1CA,18,291,35.4,0.065410569,-563.133,-158.594,0,0
$CH,7.000,L1CA,27,1591,45.1,0.549065918,1939.014,3085.345,0,0
$CH,7.000,L1CA,5,991,35.3,0.087546231,222.048,365.049,0,0
$CH,7.000,L1CA,16,2791,52.3,0.185395406,-126.526,-350.034,0,0
$CH,7.000,L1CA,25,1791,35.0,0.758306377,1792.325,3266.958,0,0
$CH,7.000,L1CA,24,1891,34.9,0.797073856,887.486,1682.120,0,0
$CH,7.000,L1CA,4,5591,48.3,0.780200115,1853.257,10358.412,0,0
$CH,7.000,L1CA,15,491,36.3,0.881714104,2256.845,1130.631,0,0
$CH,7.000,L1CA,20,91,35.5,0.461040782,1416.933,133.229,0,0
$CH,7.000,L1CA,31,1191,45.9,0.585863242,-2599.265,-3094.517,0,0
$CH,7.000,L1CA,17,391,35.1,0.445241044,2868.762,1102.591,0,0
$LOG,7.009,L1CA,22,SIGNAL FOUND (35.7,3560.1,0.7484800)
$LOG,7.109,L1CA,23,SIGNAL FOUND (36.0,2147.3,0.5822400)
$LOG,7.209,L1CA,6,SIGNAL LOST (L1CA, 31.1)
$LOG,7.209,L1CA,28,SIGNAL FOUND (37.8,20.9,0.8041600)
$LOG,7.309,L1CA,6,SIGNAL FOUND (36.1,-4090.7,0.8091200)
$LOG,7.416,L1CA,31,SYMBOL SYNC (-446.958)
$LOG,7.409,L1CA,13,SIGNAL FOUND (35.2,-5000.0,0.9220800)
$LOG,7.609,L1CA,29,SIGNAL LOST (L1CA, 31.4)
$LOG,7.709,L1CA,30,SIGNAL LOST (L1CA, 31.5)
$LOG,7.709,L1CA,29,SIGNAL NOT FOUND (34.8)
$LOG,7.809,L1CA,30,SIGNAL FOUND (37.1,4586.8,0.5348800)
$TIME,8.000,2025,4,14,12,26,25.495000,UTC
$LOG,7.909,L1CA,29,SIGNAL FOUND (36.5,-27.5,0.2324800)
$CH,8.000,L1CA,22,991,35.7,0.746435895,3233.569,3363.959,0,0
$CH,8.000,L1CA,10,1891,34.1,0.464714222,-2322.071,-4319.031,0,0
$CH,8.000,L1CA,7,5491,43.5,0.293054341,1358.398,7468.702,0,0
$CH,8.000,L1CA,28,791,37.8,0.804107805,-147.075,-98.390,0,0
$CH,8.000,L1CA,31,2191,46.4,0.587507710,-2598.989,-5692.976,0,0
$CH,8.000,L1CA,15,1491,33.0,0.880292956,2339.047,3468.359,0,0
$CH,8.000,L1CA,2,7491,44.8,0.946007612,-1683.307,-12610.421,0,0
$CH,8.000,L1CA,24,2891,34.1,0.796404550,881.529,2568.818,0,0
$CH,8.000,L1CA,6,691,36.1,0.810905556,-4250.543,-2919.541,0,0
$CH,8.000,L1CA,30,191,37.1,0.534349464,4423.119,846.617,0,0
$CH,8.000,L1CA,23,891,36.0,0.581020060,2353.726,2094.158,0,0
$CH,8.000,L1CA,1,7891,47.7,0.239195382,-2100.768,-16574.706,0,0
$CH,8.000,L1CA,27,2591,44.7,0.547835955,1938.963,5024.613,0,0
$CH,8.000,L1CA,25,2791,32.4,0.757233578,1789.763,5062.773,0,0
$CH,8.000,L1CA,3,7091,53.6,0.572957045,862.587,6129.316,0,0
$CH,8.000,L1CA,29,91,36.5,0.232483957,-69.230,-2.532,0,0
$CH,8.000,L1CA,14,1591,34.8,0.973174617,-1637.131,-2609.202,0,0
$CH,8.000,L1CA,19,1191,34.9,0.469399075,859.218,991.821,0,0
$CH,8.000,L1CA,20,1091,33.5,0.460262136,1437.048,1496.008,0,0
$CH,8.000,L1CA,21,3191,44.6,0.201819873,-1422.493,-4539.040,0,0
$CH,8.000,L1CA,12,1691,34.1,0.001230245,-261.672,-307.953,0,0
$CH,8.000,L1CA,5,1991,33.4,0.087543965,196.676,566.306,0,0
$CH,8.000,L1CA,9,5091,43.6,0.229334059,2264.892,11524.170,0,0
$CH,8.000,L1CA,17,1391,33.7,0.443572719,2831.339,3917.115,0,0
$CH,8.000,L1CA,11,1791,35.2,0.113646112,865.279,1535.148,0,0
$CH,8.000,L1CA,18,1291,33.6,0.065924576,-622.300,-833.699,0,0
$CH,8.000,L1CA,4,6591,48.5,0.779022090,1851.934,12211.270,0,0
$CH,8.000,L1CA,32,2091,34.4,0.692734881,815.138,1765.275,0,0
$CH,8.000,L1CA,16,3791,52.9,0.185522843,-127.150,-477.179,0,0
$CH,8.000,L1CA,13,591,35.2,0.924003381,-5430.645,-3100.149,0,0
$CH,8.000,L1CA,8,5291,43.5,0.770704848,2095.317,11081.208,0,0
$CH,8.000,L1CA,26,2691,50.3,0.389545838,-2452.979,-6599.719,0,0
$LOG,8.209,L1CA,25,SIGNAL LOST (L1CA, 30.0)
$LOG,8.366,L1CA,19,SYMBOL SYNC (64.773)
$LOG,8.309,L1CA,25,SIGNAL FOUND (36.0,1673.5,0.4377600)
$LOG,8.509,L1CA,15,SIGNAL LOST (L1CA, 31.4)
$LOG,8.609,L1CA,15,SIGNAL FOUND (36.3,-4017.2,0.7984000)
$TIME,9.000,2025,4,14,12,26,30.107000,UTC
$CH,9.000,L1CA,8,6291,43.6,0.769367302,2096.282,13176.385,0,0
$CH,9.000,L1CA,27,3591,44.3,0.546606505,1938.919,6963.910,0,0
$CH,9.000,L1CA,30,1191,34.0,0.531629775,4420.226,5238.215,0,0
$CH,9.000,L1CA,12,2691,33.1,0.001463568,-262.919,-565.069,0,0
$CH,9.000,L1CA,5,2991,32.4,0.087508076,203.160,767.223,0,0
$CH,9.000,L1CA,23,1891,33.9,0.579532373,2428.856,4521.362,0,0
$CH,9.000,L1CA,19,2191,33.1,0.469013269,860.494,1853.431,0,0
$LOG,9.009,L1CA,5,SIGNAL LOST (L1CA, 31.5)
$CH,9.000,L1CA,4,7591,48.7,0.777838640,1852.757,14064.205,0,0
$CH,9.000,L1CA,25,691,36.0,0.436994013,1930.303,1292.602,0,0
$CH,9.000,L1CA,7,6491,43.2,0.292194042,1358.581,8827.731,0,0
$CH,9.000,L1CA,1,8891,47.1,0.240532639,-2100.969,-18675.109,0,0
$CH,9.000,L1CA,16,4791,53.2,0.185562633,-127.718,-605.038,0,0
$CH,9.000,L1CA,17,2391,32.3,0.441845197,2830.644,6751.105,0,0
$CH,9.000,L1CA,21,4191,44.9,0.202717604,-1421.436,-5960.903,0,0
$CH,9.000,L1CA,15,391,36.3,0.799383961,-4140.804,-1605.060,0,0
$CH,9.000,L1CA,9,6091,43.8,0.227900088,2263.965,13788.536,0,0
$CH,9.000,L1CA,10,2891,33.2,0.466197095,-2327.930,-6647.388,0,0
$CH,9.000,L1CA,14,2591,33.5,0.974073414,-1638.624,-4250.222,0,0
$CH,9.000,L1CA,6,1691,33.1,0.813531189,-4158.481,-7084.814,0,0
$CH,9.000,L1CA,13,1591,32.9,0.927532875,-5584.022,-8654.203,0,0
$CH,9.000,L1CA,28,1791,34.3,0.804001158,-125.003,-222.280,0,0
$CH,9.000,L1CA,20,2091,32.4,0.459380563,1437.625,2938.372,0,0
$CH,9.000,L1CA,24,3891,33.4,0.795835693,879.985,3452.759,0,0
$CH,9.000,L1CA,31,3191,46.4,0.589163210,-2597.465,-8291.327,0,0
$CH,9.000,L1CA,26,3691,50.2,0.391106560,-2453.016,-9053.007,0,0
$CH,9.000,L1CA,29,1091,35.0,0.232594125,-116.994,-141.840,0,0
$CH,9.000,L1CA,22,1991,33.6,0.744445579,3217.758,6582.764,0,0
$CH,9.000,L1CA,2,8491,45.6,0.947068206,-1682.893,-14293.276,0,0
$CH,9.000,L1CA,32,3091,33.8,0.692177493,825.360,2587.609,0,0
$CH,9.000,L1CA,3,8091,53.6,0.572397853,861.586,6991.012,0,0
$LOG,9.009,L1CA,22,SIGNAL LOST (L1CA, 31.1)
$CH,9.000,L1CA,11,2791,34.4,0.113278578,862.242,2396.432,0,0
$CH,9.000,L1CA,18,2291,33.0,0.066329913,-624.818,-1451.508,0,0
$LOG,9.087,L1CA,5,SIGNAL FOUND (36.3,-2554.3,0.5587200)
$LOG,9.109,L1CA,22,SIGNAL FOUND (36.4,534.1,0.2364800)
$LOG,9.309,L1CA,6,SIGNAL LOST (L1CA, 31.5)
$LOG,9.409,L1CA,14,SIGNAL LOST (L1CA, 31.7)
$LOG,9.409,L1CA,13,SIGNAL LOST (L1CA, 31.5)
$LOG,9.409,L1CA,6,SIGNAL FOUND (36.2,-2450.2,0.0745600)
$LOG,9.505,L1CA,28,SYMBOL SYNC (75.242)
$LOG,9.509,L1CA,13,SIGNAL FOUND (35.8,-2040.4,0.3648000)
$LOG,9.609,L1CA,17,SIGNAL LOST (L1CA, 30.0)
$LOG,9.609,L1CA,14,SIGNAL FOUND (36.0,-631.2,0.0420800)
$LOG,9.709,L1CA,17,SIGNAL FOUND (35.4,4556.8,0.6089600)
$TIME,10.000,2025,4,14,12,26,33.667000,UTC
$LOG,9.909,L1CA,20,SIGNAL LOST (L1CA, 31.9)
$CH,10.000,L1CA,6,591,36.2,0.075434979,-2638.297,-1520.442,0,0
$CH,10.000,L1CA,23,2891,32.5,0.578052891,2429.342,6952.695,0,0
$CH,10.000,L1CA,14,391,36.0,0.042196049,-591.922,-245.555,0,0
$CH,10.000,L1CA,1,9891,46.4,0.241873441,-2100.322,-20775.485,0,0
$CH,10.000,L1CA,19,3191,32.2,0.468554472,861.355,2715.663,0,0
$CH,10.000,L1CA,24,4891,33.3,0.795279488,881.000,4336.496,0,0
$CH,10.000,L1CA,11,3791,33.0,0.112760395,861.735,3257.616,0,0
$CH,10.000,L1CA,4,8591,48.5,0.776668490,1853.833,15917.222,0,0
$CH,10.000,L1CA,17,291,35.4,0.608160138,4254.226,1277.689,0,0
$CH,10.000,L1CA,30,2191,32.0,0.528872691,4418.109,9655.288,0,0
$CH,10.000,L1CA,31,4191,46.4,0.590812345,-2598.443,-10889.568,0,0
$CH,10.000,L1CA,10,3891,32.2,0.467598359,-2331.356,-8976.339,0,0
$CH,10.000,L1CA,13,491,35.8,0.365400853,-2106.059,-1045.490,0,0
$CH,10.000,L1CA,27,4591,44.0,0.545371426,1938.743,8903.264,0,0
$CH,10.000,L1CA,25,1691,33.5,0.435956969,1824.319,3130.620,0,0
$CH,10.000,L1CA,15,1391,33.2,0.801918168,-4063.679,-5714.979,0,0
$CH,10.000,L1CA,28,2791,33.3,0.803994359,-122.715,-346.339,0,0
$CH,10.000,L1CA,22,891,36.4,0.236361628,324.108,352.174,0,0
$CH,10.000,L1CA,32,4091,32.7,0.691612761,818.688,3410.928,0,0
$CH,10.000,L1CA,26,4691,50.8,0.392658942,-2454.604,-11506.764,0,0
$CH,10.000,L1CA,8,7291,42.9,0.768040875,2094.482,15271.822,0,0
$CH,10.000,L1CA,7,7491,43.2,0.291335175,1358.157,10186.523,0,0
$CH,10.000,L1CA,9,7091,43.4,0.226461941,2265.530,16053.062,0,0
$CH,10.000,L1CA,5,913,36.3,0.560099619,-2816.755,-2450.169,0,0
$CH,10.000,L1CA,3,9091,53.1,0.571866066,860.721,7852.081,0,0
$CH,10.000,L1CA,18,3291,32.2,0.066636774,-613.455,-2069.839,0,0
$CH,10.000,L1CA,2,9491,45.2,0.948140477,-1684.075,-15976.006,0,0
$CH,10.000,L1CA,12,3691,32.2,0.001743228,-250.524,-822.277,0,0
$CH,10.000,L1CA,21,5191,44.6,0.203628951,-1422.284,-7382.598,0,0
$CH,10.000,L1CA,29,2091,33.3,0.232575354,-129.471,-267.601,0,0
$CH,10.000,L1CA,16,5791,52.4,0.185681040,-128.952,-733.611,0,0
$LOG,10.066,L1CA,29,SYMBOL SYNC (-64.666)
$LOG,10.009,L1CA,20,SIGNAL FOUND (37.4,-2450.3,0.1280000)
$LOG,10.109,L1CA,23,SIGNAL LOST (L1CA, 31.5)
$LOG,10.136,L1CA,23,SIGNAL FOUND (36.5,4586.7,0.4446400)
$LOG,10.309,L1CA,25,SIGNAL LOST (L1CA, 31.2)
$LOG,10.409,L1CA,25,SIGNAL FOUND (36.0,-439.8,0.1710400)
$LOG,10.609,L1CA,15,SIGNAL LOST (L1CA, 31.2)
$LOG,10.709,L1CA,18,SIGNAL LOST (L1CA, 31.1)
$LOG,10.709,L1CA,15,SIGNAL FOUND (35.6,4143.8,0.3576000)
$LOG,10.809,L1CA,19,SIGNAL LOST (L1CA, 31.6)
$LOG,10.809,L1CA,30,SIGNAL LOST (L1CA, 30.2)
$LOG,10.809,L1CA,18,SIGNAL FOUND (36.0,-393.5,0.0220800)
$TIME,11.000,2025,4,14,12,26,37.249000,UTC
$LOG,10.909,L1CA,19,SIGNAL FOUND (36.1,-3016.3,0.9564800)
$CH,11.000,L1CA,7,8491,43.3,0.290465474,1358.792,11545.078,0,0
$CH,11.000,L1CA,21,6191,44.3,0.204536621,-1420.888,-8804.122,0,0
$CH,11.000,L1CA,15,291,35.6,0.356875778,4271.892,1215.887,0,0
$CH,11.000,L1CA,28,3791,33.0,0.804089115,-130.665,-474.948,0,0
$CH,11.000,L1CA,24,5891,33.1,0.794695464,877.521,5219.412,0,0
$CH,11.000,L1CA,2,10491,45.1,0.949207482,-1682.393,-17658.616,0,0
$CH,11.000,L1CA,26,5691,51.2,0.394213423,-2454.028,-13960.983,0,0
$CH,11.000,L1CA,31,5191,46.6,0.592462640,-2597.668,-13487.704,0,0
$CH,11.000,L1CA,20,991,37.4,0.129542395,-2801.773,-2665.305,0,0
$CH,11.000,L1CA,29,3091,32.7,0.232634481,-126.781,-396.871,0,0
$CH,11.000,L1CA,16,6791,52.4,0.185726882,-129.861,-862.895,0,0
$CH,11.000,L1CA,23,864,36.5,0.442182416,4649.642,4055.223,0,0
$CH,11.000,L1CA,19,91,36.1,0.956645584,-3131.314,-280.729,0,0
$CH,11.000,L1CA,22,1891,35.0,0.236187995,319.244,671.461,0,0
$CH,11.000,L1CA,32,5091,33.2,0.691053147,822.952,4235.147,0,0
$CH,11.000,L1CA,12,4691,32.3,0.001974842,-259.719,-1080.170,0,0
$CH,11.000,L1CA,14,1391,33.9,0.042467192,-594.176,-849.832,0,0
$CH,11.000,L1CA,18,191,36.0,0.022184471,-627.186,-109.851,0,0
$CH,11.000,L1CA,3,10091,52.8,0.571309566,860.369,8712.527,0,0
$CH,11.000,L1CA,4,9591,48.2,0.775490965,1853.573,17770.319,0,0
$CH,11.000,L1CA,6,1591,32.6,0.077134554,-2670.785,-4194.144,0,0
$CH,11.000,L1CA,27,5591,44.4,0.544139886,1938.562,10842.645,0,0
$CH,11.000,L1CA,25,591,36.0,0.171249358,-764.988,-357.919,0,0
$CH,11.000,L1CA,10,4891,32.2,0.469140791,-2334.561,-11305.421,0,0
$CH,11.000,L1CA,9,8091,43.2,0.225026979,2264.766,18317.753,0,0
$CH,11.000,L1CA,11,4791,32.8,0.112277547,862.152,4118.005,0,0
$CH,11.000,L1CA,8,8291,43.0,0.766712977,2096.050,17367.515,0,0
$CH,11.000,L1CA,1,10891,46.7,0.243210340,-2100.357,-22875.842,0,0
$CH,11.000,L1CA,17,1291,33.4,0.605398537,4382.712,5627.847,0,0
$CH,11.000,L1CA,5,1913,34.2,0.561740509,-2722.520,-5179.681,0,0
$CH,11.000,L1CA,13,1491,32.7,0.366735117,-2121.497,-3164.861,0,0
$LOG,11.087,L1CA,5,SIGNAL LOST (L1CA, 32.0)
$LOG,11.009,L1CA,30,SIGNAL FOUND (35.5,-3305.2,0.2867200)
$LOG,11.109,L1CA,10,SIGNAL LOST (L1CA, 31.1)
$LOG,11.109,L1CA,5,SIGNAL FOUND (35.4,397.6,0.2609600)
$LOG,11.209,L1CA,10,SIGNAL FOUND (35.4,3538.3,0.7243200)
$LOG,11.309,L1CA,12,SIGNAL LOST (L1CA, 31.7)
$LOG,11.409,L1CA,6,SIGNAL LOST (L1CA, 30.7)
$LOG,11.409,L1CA,12,SIGNAL FOUND (37.0,-2403.5,0.9140800)
$LOG,11.509,L1CA,13,SIGNAL LOST (L1CA, 31.0)
$LOG,11.509,L1CA,6,SIGNAL FOUND (35.9,-1524.9,0.0059200)
$LOG,11.604,L1CA,24,SYMBOL SYNC (72.090)
$LOG,11.609,L1CA,13,SIGNAL FOUND (36.3,-2986.1,0.7899200)
$LOG,11.709,L1CA,17,SIGNAL LOST (L1CA, 31.5)
$LOG,11.809,L1CA,17,SIGNAL FOUND (36.0,-412.3,0.2852800)
$TIME,12.000,2025,4,14,12,26,41.459000,UTC
$CH,12.000,L1CA,24,6891,33.2,0.794136459,881.805,6103.300,0,0
$CH,12.000,L1CA,11,5791,32.1,0.111724342,863.500,4977.891,0,0
$CH,12.000,L1CA,29,4091,32.4,0.232742956,-128.608,-526.901,0,0
$CH,12.000,L1CA,3,11091,52.8,0.570772728,859.342,9572.352,0,0
$CH,12.000,L1CA,32,6091,32.9,0.690514324,822.900,5058.401,0,0
$CH,12.000,L1CA,17,191,36.0,0.285316212,-339.476,-80.630,0,0
$CH,12.000,L1CA,19,1091,33.2,0.958490541,-2979.742,-3306.719,0,0
$CH,12.000,L1CA,31,6191,46.5,0.594110274,-2599.247,-16085.732,0,0
$CH,12.000,L1CA,5,891,35.4,0.260714561,340.925,297.684,0,0
$CH,12.000,L1CA,16,7791,53.4,0.185840932,-130.605,-992.889,0,0
$CH,12.000,L1CA,9,9091,43.3,0.223576721,2265.317,20582.601,0,0
$CH,12.000,L1CA,10,791,35.4,0.722690110,3274.155,2696.050,0,0
$CH,12.000,L1CA,28,4791,33.2,0.804122076,-130.214,-604.946,0,0
$CH,12.000,L1CA,27,6591,45.3,0.542920873,1940.531,12782.077,0,0
$CH,12.000,L1CA,8,9291,42.7,0.765389542,2095.178,19463.472,0,0
$CH,12.000,L1CA,23,1864,33.6,0.439223636,4683.087,8729.423,0,0
$CH,12.000,L1CA,18,1191,34.0,0.022558626,-693.035,-778.175,0,0
$CH,12.000,L1CA,7,9491,44.3,0.289600986,1357.821,12903.396,0,0
$CH,12.000,L1CA,25,1591,33.8,0.171668841,-644.043,-1047.303,0,0
$CH,12.000,L1CA,14,2391,32.7,0.042841577,-586.844,-1443.732,0,0
$CH,12.000,L1CA,15,1291,33.7,0.354186665,4262.915,5484.967,0,0
$CH,12.000,L1CA,26,6691,51.2,0.395775186,-2454.548,-16415.663,0,0
$CH,12.000,L1CA,2,11491,44.7,0.950267254,-1682.618,-19341.105,0,0
$CH,12.000,L1CA,20,1991,34.4,0.131364056,-2810.154,-5479.391,0,0
$CH,12.000,L1CA,1,11891,47.1,0.244534269,-2100.637,-24976.188,0,0
$CH,12.000,L1CA,12,591,37.0,0.914893127,-2245.005,-1333.727,0,0
$CH,12.000,L1CA,4,10591,48.0,0.774309159,1853.056,19623.501,0,0
$CH,12.000,L1CA,13,391,36.3,0.790637815,-3151.128,-1235.225,0,0
$CH,12.000,L1CA,6,491,35.9,0.006379356,-1672.482,-811.879,0,0
$CH,12.000,L1CA,21,7191,43.8,0.205419943,-1421.198,-10225.469,0,0
$CH,12.000,L1CA,30,991,35.5,0.288675355,-3326.512,-3263.953,0,0
$CH,12.000,L1CA,22,2891,33.7,0.235895496,312.307,989.489,0,0
$LOG,12.086,L1CA,11,SYMBOL SYNC (83.534)
$LOG,12.109,L1CA,22,SIGNAL LOST (L1CA, 31.8)
$LOG,12.136,L1CA,23,SIGNAL LOST (L1CA, 31.1)
$LOG,12.209,L1CA,11,SIGNAL LOST (L1CA, 32.0)
$LOG,12.241,L1CA,9,FRAME SYNC (R)
$LNAV,12.081,L1CA,9,8B55567E910802F44732E607C2795AF5AA0165FC4E10E0A10C659C60AE7D
$LOG,12.234,L1CA,4,FRAME SYNC (R)
$LNAV,12.074,L1CA,4,8B55567E910802F4C8307AE314F10DF5E5014CEC221234A10D069A60AE7F
$LOG,12.227,L1CA,3,FRAME SYNC (N)
$LNAV,12.067,L1CA,3,8B55567E910802033E319A67FA0FC40287029FBC0204FAA10CC49560AE7C
$LOG,12.227,L1CA,16,FRAME SYNC (N)
$LNAV,12.067,L1CA,16,8B55567E91080201C5340C18D95CD401E106D9C9E50801A10D36B960AE7F
$LOG,12.238,L1CA,2,FRAME SYNC (N)
$LNAV,12.078,L1CA,2,8B55567E91080208282F330695ECBE06E4082DF0241780A10E011860AE7D
$LOG,12.240,L1CA,8,FRAME SYNC (N)
$LNAV,12.080,L1CA,8,8B55567E910802F8B43253F0A48CD0F9D3046AA54B1186A10DFF5C60AE7C
$LOG,12.241,L1CA,7,FRAME SYNC (R)
$LNAV,12.081,L1CA,7,8B55567E91080204B02F117CAA84A403B508FBB21F186FA10DD8C260AE7D
$LOG,12.238,L1CA,1,FRAME SYNC (R)
$LNAV,12.078,L1CA,1,8B55567E9108020A7628C299006BDA088E06965F0E1633A10D18A660AE7D
$LOG,12.209,L1CA,22,SIGNAL FOUND (36.0,-1430.2,0.8467200)
$LOG,12.309,L1CA,23,SIGNAL FOUND (35.5,4003.0,0.9870400)
$LOG,12.409,L1CA,25,SIGNAL LOST (L1CA, 30.9)
$LOG,12.409,L1CA,11,SIGNAL FOUND (36.1,2477.5,0.1286400)
$LOG,12.509,L1CA,25,SIGNAL FOUND (36.8,1057.8,0.0513600)
$LOG,12.709,L1CA,15,SIGNAL LOST (L1CA, 31.4)
$LOG,12.809,L1CA,15,SIGNAL FOUND (36.0,-5000.0,0.9700800)
$TIME,13.000,2025,4,14,12,26,47.226000,UTC
$LOG,12.909,L1CA,19,SIGNAL LOST (L1CA, 31.5)
$CH,13.000,L1CA,10,1791,33.1,0.720622904,3266.507,5963.082,0,0
$CH,13.000,L1CA,22,791,36.0,0.847421859,-1552.495,-1312.874,0,0
$CH,13.000,L1CA,15,191,36.0,0.970660028,-5021.940,-962.096,0,0
$CH,13.000,L1CA,9,10091,43.7,0.222137361,2265.168,22847.610,1,0
$CH,13.000,L1CA,11,591,36.1,0.127826199,2279.443,1391.514,0,0
$CH,13.000,L1CA,3,12091,52.3,0.570229432,858.773,10431.551,1,0
$CH,13.000,L1CA,8,10291,42.8,0.764058903,2095.974,21559.684,1,0
$CH,13.000,L1CA,4,11591,47.9,0.773141704,1853.836,21476.759,1,0
$CH,13.000,L1CA,32,7091,32.8,0.689971375,824.303,5883.103,0,0
$CH,13.000,L1CA,13,1391,33.8,0.792710904,-3186.359,-4425.013,0,0
$CH,13.000,L1CA,14,3391,32.2,0.043040509,-590.063,-2035.150,0,0
$CH,13.000,L1CA,12,1591,35.5,0.916280518,-2164.881,-3510.646,0,0
$CH,13.000,L1CA,21,8191,43.7,0.206340014,-1420.303,-11646.632,0,0
$CH,13.000,L1CA,17,1191,34.3,0.285374512,-248.152,-301.016,0,0
$CH,13.000,L1CA,23,691,35.5,0.985396329,3684.230,2648.924,0,0
$CH,13.000,L1CA,29,5091,32.4,0.232851864,-132.898,-657.622,0,0
$CH,13.000,L1CA,6,1491,34.2,0.007319689,-1667.849,-2498.651,0,0
$CH,13.000,L1CA,20,2991,32.5,0.133149427,-2809.441,-8292.554,0,0
$LOG,13.009,L1CA,20,SIGNAL LOST (L1CA, 31.3)
$CH,13.000,L1CA,26,7691,50.5,0.397332602,-2455.512,-18870.812,0,0
$CH,13.000,L1CA,24,7891,33.1,0.793614448,884.683,6987.239,0,0
$CH,13.000,L1CA,1,12891,46.1,0.245863689,-2099.672,-27076.494,1,0
$CH,13.000,L1CA,2,12491,45.4,0.951334914,-1682.401,-21023.471,1,0
$CH,13.000,L1CA,18,2191,32.2,0.023124550,-690.977,-1473.583,0,0
$CH,13.000,L1CA,30,1991,33.5,0.290680124,-3304.646,-6563.031,0,0
$CH,13.000,L1CA,7,10491,44.0,0.288734690,1358.194,14261.476,1,0
$LOG,13.009,L1CA,30,SIGNAL LOST (L1CA, 30.6)
$CH,13.000,L1CA,5,1891,33.9,0.260492226,343.249,643.861,0,0
$CH,13.000,L1CA,28,5791,33.1,0.804240520,-133.685,-735.635,0,0
$CH,13.000,L1CA,27,7591,45.6,0.541683778,1939.012,14721.561,0,0
$CH,13.000,L1CA,31,7191,46.0,0.595761978,-2597.339,-18683.662,0,0
$CH,13.000,L1CA,25,491,36.8,0.051038967,1273.883,558.036,0,0
$CH,13.000,L1CA,16,8791,53.3,0.185899347,-131.178,-1123.605,1,0
$LOG,13.009,L1CA,19,SIGNAL FOUND (35.9,4151.3,0.6121600)
$LOG,13.109,L1CA,20,SIGNAL FOUND (37.2,1153.7,0.4782400)
$LOG,13.209,L1CA,10,SIGNAL LOST (L1CA, 31.6)
$LOG,13.209,L1CA,30,SIGNAL FOUND (36.6,1403.3,0.5614400)
$LOG,13.309,L1CA,10,SIGNAL FOUND (36.2,968.4,0.3971200)
$LOG,13.609,L1CA,14,SIGNAL LOST (L1CA, 31.5)
$LOG,13.709,L1CA,14,SIGNAL FOUND (36.0,31.5,0.5232000)
$LOG,13.809,L1CA,18,SIGNAL LOST (L1CA, 31.3)
$TIME,14.000,2025,4,14,12,26,53.423000,UTC
$LOG,13.909,L1CA,18,SIGNAL FOUND (35.3,-3483.8,0.2129600)
$CH,14.000,L1CA,22,1791,33.4,0.848319712,-1592.811,-2901.128,0,0
$CH,14.000,L1CA,9,11091,44.0,0.220700436,2264.274,25112.790,1,0
$CH,14.000,L1CA,25,1491,33.7,0.050142571,1363.405,1905.003,0,0
$CH,14.000,L1CA,27,8591,45.1,0.540461239,1939.815,16661.075,0,0
$CH,14.000,L1CA,6,2491,32.8,0.008349846,-1671.250,-4168.975,0,0
$CH,14.000,L1CA,19,991,35.9,0.609580460,4395.440,4219.915,0,0
$CH,14.000,L1CA,18,91,35.3,0.213170822,-3465.509,-317.916,0,0
$CH,14.000,L1CA,26,8691,50.4,0.398891343,-2456.133,-21326.420,0,0
$CH,14.000,L1CA,3,13091,52.2,0.569671888,858.438,11290.123,1,0
$CH,14.000,L1CA,2,13491,45.6,0.952408157,-1682.009,-22705.717,1,0
$CH,14.000,L1CA,8,11291,43.2,0.762729163,2096.177,23656.148,1,0
$CH,14.000,L1CA,23,1691,33.1,0.983137853,3695.373,6343.170,0,0
$CH,14.000,L1CA,21,9191,43.3,0.207223839,-1420.596,-13067.632,0,0
$CH,14.000,L1CA,31,8191,45.5,0.597415215,-2597.810,-21281.478,0,0
$CH,14.000,L1CA,12,2591,33.6,0.917651068,-2169.206,-5681.379,0,0
$CH,14.000,L1CA,13,2391,32.7,0.794683114,-3185.619,-7605.841,0,0
$CH,14.000,L1CA,11,1591,34.3,0.126590389,2067.656,3506.639,0,0
$CH,14.000,L1CA,28,6791,32.3,0.804308260,-131.489,-866.648,0,0
$CH,14.000,L1CA,17,2191,33.6,0.285411241,-239.601,-545.771,0,0
$CH,14.000,L1CA,16,9791,53.4,0.186000469,-132.049,-1255.029,1,0
$CH,14.000,L1CA,15,1191,33.5,0.973741266,-4984.180,-5926.137,0,0
$CH,14.000,L1CA,5,2891,32.7,0.260398250,340.031,987.197,0,0
$CH,14.000,L1CA,1,13891,46.6,0.247205197,-2100.804,-29176.777,1,0
$CH,14.000,L1CA,4,12591,47.6,0.771968262,1852.793,23330.101,1,0
$CH,14.000,L1CA,30,791,36.6,0.560780797,1339.870,1061.306,0,0
$CH,14.000,L1CA,10,691,36.2,0.396734709,856.457,600.660,0,0
$CH,14.000,L1CA,20,891,37.2,0.477509838,1345.843,1228.452,0,0
$CH,14.000,L1CA,29,6091,32.5,0.233062226,-133.821,-788.912,0,0
$CH,14.000,L1CA,7,11491,44.0,0.287870760,1357.130,15619.320,1,0
$CH,14.000,L1CA,24,8891,32.3,0.793092979,879.202,7869.491,0,0
$CH,14.000,L1CA,14,291,36.0,0.523170389,-153.596,-29.203,0,0
$CH,14.000,L1CA,32,8091,33.0,0.689368174,827.642,6709.074,0,0
$LOG,14.109,L1CA,5,SIGNAL LOST (L1CA, 32.0)
$LOG,14.109,L1CA,24,SIGNAL LOST (L1CA, 31.0)
$LOG,14.209,L1CA,22,SIGNAL LOST (L1CA, 30.7)
$LOG,14.209,L1CA,24,SIGNAL FOUND (35.5,661.8,0.2516800)
$LOG,14.309,L1CA,23,SIGNAL LOST (L1CA, 31.0)
$LOG,14.309,L1CA,5,SIGNAL FOUND (36.3,5000.0,0.8977600)
$LOG,14.409,L1CA,11,SIGNAL LOST (L1CA, 31.5)
$LOG,14.409,L1CA,12,SIGNAL LOST (L1CA, 31.9)
$LOG,14.409,L1CA,22,SIGNAL FOUND (35.9,-12.3,0.7716800)
$LOG,14.509,L1CA,6,SIGNAL LOST (L1CA, 31.3)
$LOG,14.509,L1CA,23,SIGNAL FOUND (35.6,4285.3,0.9955200)
$LOG,14.609,L1CA,13,SIGNAL LOST (L1CA, 31.4)
$LOG,14.609,L1CA,6,SIGNAL FOUND (36.5,-3399.6,0.3846400)
$LOG,14.709,L1CA,11,SIGNAL FOUND (35.2,-633.5,0.4412800)
$LOG,14.809,L1CA,15,SIGNAL LOST (L1CA, 31.0)
$LOG,14.809,L1CA,12,SIGNAL FOUND (35.7,-4491.5,0.1078400)
$TIME,15.000,2025,4,14,12,26,59.833000,UTC
$LOG,14.909,L1CA,13,SIGNAL FOUND (37.8,-14.6,0.2544000)
$CH,15.000,L1CA,27,9591,45.3,0.539225311,1939.562,18600.635,0,0
$CH,15.000,L1CA,8,12291,43.9,0.761393513,2096.286,25752.874,1,0
$CH,15.000,L1CA,4,13591,47.5,0.770782765,1853.323,25183.515,1,0
$CH,15.000,L1CA,28,7791,32.3,0.804401436,-134.366,-998.669,0,0
$CH,15.000,L1CA,31,9191,45.7,0.599055009,-2596.716,-23879.193,0,0
$CH,15.000,L1CA,21,10191,43.9,0.208133292,-1419.662,-14488.448,0,0
$CH,15.000,L1CA,11,291,35.2,0.441418657,-626.174,-186.599,0,0
$CH,15.000,L1CA,18,1091,32.9,0.215292878,-3256.657,-3767.820,0,0
$CH,15.000,L1CA,7,12491,44.0,0.287010267,1357.970,16976.932,1,0
$CH,15.000,L1CA,25,2491,32.6,0.049222379,1371.233,3272.929,0,0
$CH,15.000,L1CA,23,491,35.6,0.994235551,4308.129,2132.455,0,0
$CH,15.000,L1CA,16,10791,53.6,0.186073354,-132.289,-1387.164,1,0
$CH,15.000,L1CA,6,391,36.5,0.385434153,-3379.074,-1327.538,0,0
$CH,15.000,L1CA,24,791,35.5,0.251295905,820.243,664.921,0,0
$CH,15.000,L1CA,26,9691,50.5,0.400448051,-2456.245,-23782.495,0,0
$CH,15.000,L1CA,19,1991,33.1,0.606716130,4415.126,8635.204,0,0
$CH,15.000,L1CA,22,591,35.9,0.771632273,-142.641,-74.189,0,0
$LOG,15.009,L1CA,19,SIGNAL LOST (L1CA, 31.8)
$CH,15.000,L1CA,14,1291,34.8,0.523100840,-170.801,-184.928,0,0
$CH,15.000,L1CA,10,1691,34.2,0.396307214,795.141,1413.574,0,0
$CH,15.000,L1CA,2,14491,45.4,0.953481111,-1682.214,-24387.840,1,0
$CH,15.000,L1CA,1,14891,46.5,0.248542282,-2099.950,-31277.046,1,0
$CH,15.000,L1CA,32,9091,33.0,0.688794999,830.446,7536.463,0,0
$CH,15.000,L1CA,17,3191,32.9,0.285592896,-249.871,-790.394,0,0
$CH,15.000,L1CA,20,1891,34.8,0.476725441,1384.524,2602.988,0,0
$CH,15.000,L1CA,3,14091,52.7,0.569138190,857.613,12148.075,1,0
$CH,15.000,L1CA,29,7091,32.9,0.233187520,-134.795,-923.156,0,0
$CH,15.000,L1CA,12,191,35.7,0.108375936,-4471.053,-863.646,0,0
$CH,15.000,L1CA,9,12091,43.4,0.219267685,2265.978,27378.127,1,0
$CH,15.000,L1CA,30,1791,34.1,0.559953554,1301.257,2358.376,0,0
$CH,15.000,L1CA,13,91,37.8,0.254409179,-155.344,-8.600,0,0
$CH,15.000,L1CA,5,691,36.3,0.895711408,4697.899,3305.916,0,0
$LOG,15.009,L1CA,15,SIGNAL FOUND (35.8,-5000.0,0.5974400)
$LOG,15.109,L1CA,19,SIGNAL FOUND (36.6,1463.1,0.9396800)
$LOG,15.909,L1CA,18,SIGNAL LOST (L1CA, 31.5)
$TIME,16.000,2025,4,14,12,27,6.695000,UTC
$LOG,15.962,L1CA,18,SIGNAL FOUND (36.3,-1004.3,0.5704000)
$CH,16.000,L1CA,22,1591,34.1,0.771612405,-179.990,-239.246,0,0
$CH,16.000,L1CA,17,4191,33.2,0.285688553,-247.458,-1035.160,0,0
$CH,16.000,L1CA,27,10591,45.8,0.537987185,1938.930,20540.239,0,0
$CH,16.000,L1CA,10,2691,33.1,0.395806934,790.990,2207.297,0,0
$CH,16.000,L1CA,25,3491,32.2,0.048438523,1367.612,4639.968,0,0
$CH,16.000,L1CA,30,2791,33.0,0.559153947,1300.780,3655.001,0,0
$CH,16.000,L1CA,23,1491,33.3,0.991596900,4137.923,6296.865,0,0
$CH,16.000,L1CA,29,8091,32.6,0.233289219,-138.919,-1060.113,0,0
$CH,16.000,L1CA,28,8791,32.1,0.804444801,-133.453,-1131.347,0,0
$CH,16.000,L1CA,24,1791,33.5,0.250953936,837.062,1499.531,0,0
$CH,16.000,L1CA,16,11791,53.3,0.186160715,-133.428,-1520.012,1,0
$CH,16.000,L1CA,3,15091,53.1,0.568586020,856.746,13005.400,1,0
$CH,16.000,L1CA,13,1091,35.5,0.254582292,-119.282,-212.462,0,0
$CH,16.000,L1CA,20,2891,32.9,0.475955209,1378.011,3984.852,0,0
$CH,16.000,L1CA,11,1291,34.1,0.441818900,-654.908,-831.766,0,0
$CH,16.000,L1CA,5,1691,32.9,0.892740334,4702.565,8007.726,0,0
$CH,16.000,L1CA,8,13291,44.1,0.760053160,2097.169,27849.868,1,0
$CH,16.000,L1CA,26,10691,50.8,0.402010969,-2457.332,-26239.030,0,0
$CH,16.000,L1CA,15,991,35.8,0.600597636,-5138.924,-5059.846,0,0
$CH,16.000,L1CA,32,10091,33.3,0.688235749,823.438,8363.711,0,0
$CH,16.000,L1CA,14,2291,32.8,0.523141668,-170.032,-351.723,0,0
$CH,16.000,L1CA,21,11191,44.8,0.209036800,-1421.338,-15909.093,0,0
$CH,16.000,L1CA,1,15891,46.6,0.249858784,-2100.063,-33377.290,1,0
$CH,16.000,L1CA,7,13491,44.5,0.286144406,1356.693,18334.313,1,0
$CH,16.000,L1CA,9,13091,43.2,0.217826652,2265.700,29643.620,1,0
$CH,16.000,L1CA,19,891,36.6,0.938900234,1375.016,1212.868,0,0
$CH,16.000,L1CA,2,15491,45.9,0.954541064,-1682.469,-26069.847,1,0
$CH,16.000,L1CA,31,10191,45.7,0.600704435,-2597.187,-26476.810,0,0
$CH,16.000,L1CA,4,14591,47.7,0.769616899,1853.831,27037.011,1,0
$CH,16.000,L1CA,12,1191,33.2,0.111015257,-4181.307,-5102.048,0,0
$CH,16.000,L1CA,18,38,36.3,0.570425703,-1062.708,-39.505,0,0
$CH,16.000,L1CA,6,1391,33.9,0.387448414,-3241.660,-4539.350,0,0
$LOG,16.109,L1CA,20,SIGNAL LOST (L1CA, 30.2)
$LOG,16.209,L1CA,24,SIGNAL LOST (L1CA, 31.5)
$LOG,16.209,L1CA,30,SIGNAL LOST (L1CA, 31.6)
$LOG,16.209,L1CA,20,SIGNAL FOUND (36.4,122.5,0.0630400)
$LOG,16.309,L1CA,5,SIGNAL LOST (L1CA, 31.3)
$LOG,16.309,L1CA,10,SIGNAL LOST (L1CA, 31.8)
$LOG,16.309,L1CA,24,SIGNAL FOUND (35.8,-2677.9,0.6779200)
$LOG,16.409,L1CA,30,SIGNAL FOUND (35.9,-572.6,0.5392000)
$LOG,16.509,L1CA,25,SIGNAL LOST (L1CA, 30.3)
$LOG,16.509,L1CA,23,SIGNAL LOST (L1CA, 31.6)
$LOG,16.509,L1CA,5,SIGNAL FOUND (36.8,2526.5,0.4627200)
$LOG,16.609,L1CA,6,SIGNAL LOST (L1CA, 31.9)
$LOG,16.609,L1CA,10,SIGNAL FOUND (35.6,-5000.0,0.2369600)
$LOG,16.709,L1CA,23,SIGNAL FOUND (35.8,2496.6,0.9496000)
$LOG,16.809,L1CA,25,SIGNAL FOUND (36.1,-1433.1,0.6600000)
$TIME,17.000,2025,4,14,12,27,13.264000,UTC
$LOG,16.909,L1CA,6,SIGNAL FOUND (37.1,-482.2,0.8467200)
$CH,17.000,L1CA,7,14491,44.4,0.285298897,1356.433,19691.445,1,0
$CH,17.000,L1CA,28,9791,32.5,0.804510664,-132.365,-1265.079,0,0
$CH,17.000,L1CA,15,1991,33.4,0.603819209,-5126.942,-10192.028,0,0
$CH,17.000,L1CA,32,11091,33.3,0.687711974,832.959,9193.265,0,0
$CH,17.000,L1CA,23,291,35.8,0.949185378,2307.247,691.758,0,0
$CH,17.000,L1CA,4,15591,48.0,0.768437499,1853.706,28890.589,1,0
$CH,17.000,L1CA,19,1891,35.0,0.938078222,1356.298,2571.658,0,0
$CH,17.000,L1CA,21,12191,45.5,0.209941010,-1420.754,-17329.550,0,0
$CH,17.000,L1CA,13,2091,33.9,0.254741695,-122.537,-328.392,0,0
$CH,17.000,L1CA,17,5191,33.2,0.285681714,-237.586,-1280.270,0,0
$CH,17.000,L1CA,24,691,35.8,0.679079522,-2749.261,-1878.965,0,0
$CH,17.000,L1CA,3,16091,53.2,0.568045839,856.541,13862.102,1,0
$CH,17.000,L1CA,22,2591,32.7,0.771633456,-187.877,-425.486,0,0
$CH,17.000,L1CA,31,11191,45.1,0.602351091,-2597.378,-29074.309,0,0
$CH,17.000,L1CA,18,1038,34.2,0.571129518,-1351.096,-1286.112,0,0
$CH,17.000,L1CA,27,11591,45.4,0.536762849,1939.712,22479.883,0,0
$CH,17.000,L1CA,25,191,36.1,0.660156548,-1646.404,-291.485,0,0
$CH,17.000,L1CA,5,491,36.8,0.462019893,2380.911,1180.255,0,0
$CH,17.000,L1CA,8,14291,44.0,0.758741271,2097.799,29947.108,1,0
$CH,17.000,L1CA,26,11691,50.8,0.403568507,-2457.202,-28696.030,0,0
$CH,17.000,L1CA,20,791,36.4,0.063135419,-113.849,-90.492,0,0
$CH,17.000,L1CA,6,91,37.1,0.846740981,-631.271,-53.976,0,0
$CH,17.000,L1CA,29,9091,32.6,0.233358507,-131.594,-1197.229,0,0
$CH,17.000,L1CA,11,2291,33.3,0.442023291,-657.055,-1482.867,0,0
$CH,17.000,L1CA,14,3291,32.3,0.523339756,-159.966,-518.793,0,0
$CH,17.000,L1CA,30,591,35.9,0.539444898,-651.995,-385.514,0,0
$CH,17.000,L1CA,1,16891,46.3,0.251203365,-2101.130,-35477.511,1,0
$CH,17.000,L1CA,16,12791,52.7,0.186253400,-133.879,-1653.577,1,0
$CH,17.000,L1CA,9,14091,42.8,0.216395045,2266.616,31909.285,1,0
$CH,17.000,L1CA,2,16491,45.9,0.955613691,-1682.162,-27751.731,1,0
$CH,17.000,L1CA,10,391,35.6,0.238205757,-5184.903,-1997.282,0,0
$CH,17.000,L1CA,12,2191,32.1,0.113656323,-4175.149,-9282.375,0,0
$LOG,17.409,L1CA,22,SIGNAL LOST (L1CA, 31.8)
$LOG,17.509,L1CA,22,SIGNAL FOUND (36.6,3086.6,0.5432000)
$LOG,17.809,L1CA,12,SIGNAL LOST (L1CA, 31.0)
$TIME,18.000,2025,4,14,12,27,20.078000,UTC
$LOG,17.962,L1CA,18,SIGNAL LOST (L1CA, 31.5)
$LOG,17.909,L1CA,12,SIGNAL FOUND (35.6,1024.1,0.5105600)
$CH,18.000,L1CA,27,12591,44.8,0.535532271,1939.185,24419.570,0,0
$CH,18.000,L1CA,31,12191,45.2,0.604001964,-2597.177,-31671.712,0,0
$CH,18.000,L1CA,5,1491,34.6,0.460629724,2394.760,3585.326,0,0
$CH,18.000,L1CA,23,1291,34.1,0.947708687,2602.124,3142.553,0,0
$CH,18.000,L1CA,22,491,36.6,0.542289453,3250.866,1553.841,0,0
$CH,18.000,L1CA,1,17891,46.0,0.252541382,-2100.239,-37577.713,1,0
$CH,18.000,L1CA,32,12091,33.8,0.687184770,827.500,10025.509,0,0
$CH,18.000,L1CA,25,1191,33.8,0.661270924,-1978.981,-2144.012,0,0
$CH,18.000,L1CA,6,1091,34.8,0.846932835,-535.775,-667.228,0,0
$CH,18.000,L1CA,3,17091,53.2,0.567506349,855.920,14718.179,1,0
$CH,18.000,L1CA,11,3291,32.6,0.442289578,-650.686,-2133.737,0,0
$CH,18.000,L1CA,17,6191,32.9,0.285678316,-243.081,-1523.209,0,0
$CH,18.000,L1CA,12,91,35.6,0.510499907,921.485,87.484,0,0
$CH,18.000,L1CA,20,1791,35.7,0.063171176,-118.886,-209.202,0,0
$CH,18.000,L1CA,14,4291,32.8,0.523492633,-171.700,-683.620,0,0
$CH,18.000,L1CA,26,12691,50.8,0.405125922,-2457.620,-31153.496,0,0
$CH,18.000,L1CA,15,2991,32.1,0.607074568,-5140.497,-15324.718,0,0
$CH,18.000,L1CA,21,13191,45.7,0.210850386,-1420.695,-18749.841,0,0
$CH,18.000,L1CA,19,2891,34.0,0.937342345,1351.701,3927.949,0,0
$CH,18.000,L1CA,9,15091,42.2,0.214953006,2265.948,34175.095,1,0
$CH,18.000,L1CA,30,1591,34.2,0.539806012,-730.997,-1086.302,0,0
$LOG,18.009,L1CA,15,SIGNAL LOST (L1CA, 30.6)
$CH,18.000,L1CA,16,13791,52.4,0.186322155,-134.294,-1787.851,1,0
$CH,18.000,L1CA,10,1391,32.8,0.241517558,-5257.041,-7222.936,0,0
$CH,18.000,L1CA,4,16591,47.7,0.767253048,1853.303,30744.252,1,0
$CH,18.000,L1CA,8,15291,43.1,0.757390659,2097.118,32044.609,1,0
$CH,18.000,L1CA,29,10091,32.6,0.233561303,-130.030,-1332.372,0,0
$CH,18.000,L1CA,7,15491,44.5,0.284433479,1355.908,21048.350,1,0
$CH,18.000,L1CA,24,1691,34.0,0.680832556,-2757.126,-4643.189,0,0
$CH,18.000,L1CA,28,10791,32.7,0.804580479,-129.937,-1399.304,0,0
$CH,18.000,L1CA,13,3091,33.5,0.254931829,-125.633,-448.047,0,0
$CH,18.000,L1CA,2,17491,45.7,0.956675635,-1682.262,-29433.486,1,0
$LOG,18.009,L1CA,18,SIGNAL FOUND (35.4,-1864.1,0.8561600)
$LOG,18.109,L1CA,15,SIGNAL FOUND (36.6,989.5,0.4297600)
$LOG,18.227,L1CA,16,FRAME SYNC (N)
$LNAV,18.067,L1CA,16,8B55567E918EFFA8BD5FEE95005727436AD4267F20538147FFA31902003C
$LOG,18.238,L1CA,1,FRAME SYNC (R)
$LNAV,18.078,L1CA,1,8B55567E918E005B0FE62318FFCB285C23AF17B3286FFB0BFFAEBC02130A
$LOG,18.237,L1CA,31,FRAME SYNC (R)
$LNAV,18.077,L1CA,31,8B55567E918EFFA49007C4C3FFC126E7250313F217C45689FFA9C3020A14
$LOG,18.227,L1CA,3,FRAME SYNC (N)
$LNAV,18.067,L1CA,3,8B55567E918EFFF539D93AD0FFC527EFC2612AB32D2C2CEEFFA6700203D1
$LOG,18.238,L1CA,2,FRAME SYNC (N)
$LNAV,18.078,L1CA,2,8B55567E918EFF960BC91110FFA3276F73F71596C9272FAFFFA71F0209F9
$LOG,18.234,L1CA,4,FRAME SYNC (R)
$LNAV,18.074,L1CA,4,8B55567E918E001365E2DB3DFFFC27424FEB1AD784181729FFA82302E94A
$LOG,18.231,L1CA,26,FRAME SYNC (R)
$LNAV,18.071,L1CA,26,8B55567E918EFFDCB6DF60AF003025FFFB7F245213149BEAFFA06302063A
$LOG,18.241,L1CA,9,FRAME SYNC (R)
$LNAV,18.081,L1CA,9,8B55567E918EFFEF638A90D5000F26FCAD431BDD4F18AEF4FFA61202E975
$LOG,18.241,L1CA,7,FRAME SYNC (R)
$LNAV,18.081,L1CA,7,8B55567E918E001F8F328FD0FFA826BCF49A11FEA775E7BBFFAC86020EBD
$LOG,18.239,L1CA,21,FRAME SYNC (N)
$LNAV,18.079,L1CA,21,8B55567E918EFFD50B8DF721FF012733E1391641E331A9F5FFA5CF020F75
$LOG,18.238,L1CA,27,FRAME SYNC (N)
$LNAV,18.078,L1CA,27,8B55567E918E0016E449881E0057275B63281B681E3CFCFDFFA65A02EEE0
$LOG,18.240,L1CA,8,FRAME SYNC (N)
$LNAV,18.080,L1CA,8,8B55567E918E0049E34C61ED002626FE02571AD00B1094CCFFA61902EE09
$LOG,18.509,L1CA,5,SIGNAL LOST (L1CA, 31.8)
$LOG,18.609,L1CA,10,SIGNAL LOST (L1CA, 31.5)
$LOG,18.609,L1CA,5,SIGNAL FOUND (35.4,497.3,0.7963200)
$LOG,18.709,L1CA,10,SIGNAL FOUND (36.3,-3016.9,0.5222400)
$LOG,18.809,L1CA,25,SIGNAL LOST (L1CA, 31.6)
$TIME,19.000,2025,4,14,12,27,26.689000,UTC
$LOG,18.909,L1CA,25,SIGNAL FOUND (35.7,-122.2,0.4155200)
$CH,19.000,L1CA,17,7191,32.3,0.285765516,-241.200,-1767.823,0,0
$CH,19.000,L1CA,26,13691,50.7,0.406688153,-2457.608,-33611.421,1,0
$CH,19.000,L1CA,21,14191,44.7,0.211765202,-1419.446,-20169.965,1,0
$CH,19.000,L1CA,15,891,36.6,0.429284276,861.713,763.847,0,0
$CH,19.000,L1CA,14,5291,32.9,0.523577999,-171.221,-849.549,0,0
$CH,19.000,L1CA,4,17591,47.6,0.766076615,1853.539,32597.993,2,0
$CH,19.000,L1CA,9,16091,41.8,0.213516112,2267.401,36441.082,2,0
$CH,19.000,L1CA,11,4291,32.1,0.442670453,-653.020,-2782.536,0,0
$CH,19.000,L1CA,3,18091,53.6,0.566952174,854.800,15573.628,2,0
$CH,19.000,L1CA,28,11791,32.1,0.804679400,-129.513,-1534.336,0,0
$CH,19.000,L1CA,32,13091,33.4,0.686674375,829.313,10855.580,0,0
$CH,19.000,L1CA,18,991,35.4,0.857130809,-1694.103,-1659.288,0,0
$CH,19.000,L1CA,23,2291,32.1,0.946154144,2611.260,5746.730,0,0
$CH,19.000,L1CA,13,4091,34.2,0.255154935,-117.633,-569.650,0,0
$CH,19.000,L1CA,29,11091,32.9,0.233598405,-141.651,-1467.343,0,0
$CH,19.000,L1CA,16,14791,52.2,0.186441538,-135.405,-1922.842,2,0
$CH,19.000,L1CA,12,1091,34.7,0.509966551,856.841,967.122,0,0
$CH,19.000,L1CA,8,16291,43.7,0.756066057,2097.963,34142.364,2,0
$CH,19.000,L1CA,27,13591,45.4,0.534297383,1939.995,26359.297,1,0
$CH,19.000,L1CA,2,18491,45.3,0.957739684,-1680.731,-31115.124,2,0
$CH,19.000,L1CA,25,91,35.7,0.415540555,-161.726,-13.875,0,0
$CH,19.000,L1CA,5,391,35.4,0.796232316,473.127,166.878,0,0
$CH,19.000,L1CA,19,3891,33.2,0.936726288,1352.599,5283.179,0,0
$CH,19.000,L1CA,6,2091,33.1,0.847230313,-533.156,-1201.081,0,0
$CH,19.000,L1CA,20,2791,35.2,0.063366734,-113.201,-325.508,0,0
$CH,19.000,L1CA,22,1491,34.0,0.540231950,3320.031,4862.040,0,0
$CH,19.000,L1CA,24,2691,32.5,0.682513636,-2769.826,-7408.568,0,0
$CH,19.000,L1CA,30,2591,32.7,0.540077101,-720.515,-1809.760,0,0
$CH,19.000,L1CA,31,13191,45.3,0.605655873,-2596.945,-34269.005,1,0
$CH,19.000,L1CA,1,18891,45.8,0.253863181,-2100.904,-39677.879,2,0
$CH,19.000,L1CA,10,291,36.3,0.522803838,-3115.657,-902.176,0,0
$CH,19.000,L1CA,7,16491,43.1,0.283579596,1355.986,22405.009,2,0
$LOG,19.209,L1CA,28,SIGNAL LOST (L1CA, 31.5)
$LOG,19.241,L1CA,28,SIGNAL FOUND (35.8,4131.5,0.8592000)
$LOG,19.409,L1CA,30,SIGNAL LOST (L1CA, 31.6)
$LOG,19.509,L1CA,30,SIGNAL FOUND (36.1,2555.9,0.0944000)
$LOG,19.709,L1CA,11,SIGNAL LOST (L1CA, 30.8)
$LOG,19.709,L1CA,23,SIGNAL LOST (L1CA, 30.3)
$LOG,19.809,L1CA,17,SIGNAL LOST (L1CA, 31.8)
$LOG,19.809,L1CA,11,SIGNAL FOUND (36.4,4628.3,0.8782400)
$TIME,20.000,2025,4,14,12,27,33.095000,UTC
$LOG,19.909,L1CA,6,SIGNAL LOST (L1CA, 31.7)
$LOG,19.909,L1CA,17,SIGNAL FOUND (35.2,-233.5,0.9984000)
$CH,20.000,L1CA,3,19091,53.6,0.566424112,854.482,16428.459,2,0
$CH,20.000,L1CA,11,191,36.4,0.877681593,4792.526,898.235,0,0
$CH,20.000,L1CA,4,18591,48.1,0.764897181,1853.747,34451.812,2,0
$CH,20.000,L1CA,26,14691,50.4,0.408254057,-2458.453,-36069.810,1,0
$CH,20.000,L1CA,19,4891,32.3,0.936098257,1355.398,6638.019,0,0
$CH,20.000,L1CA,31,14191,45.3,0.607299989,-2596.807,-36866.186,1,0
$CH,20.000,L1CA,15,1891,33.6,0.428770104,827.702,1599.672,0,0
$CH,20.000,L1CA,12,2091,34.3,0.509353747,853.958,1821.965,0,0
$LOG,20.006,L1CA,12,SYMBOL SYNC (-82.886)
$CH,20.000,L1CA,21,15191,45.1,0.212635900,-1420.256,-21589.904,1,0
$CH,20.000,L1CA,22,2491,32.3,0.538064979,3318.733,8182.109,0,0
$CH,20.000,L1CA,2,19491,45.6,0.958817976,-1680.600,-32796.636,2,0
$CH,20.000,L1CA,18,1991,33.1,0.858105266,-1679.070,-3336.075,0,0
$LOG,20.009,L1CA,18,SIGNAL LOST (L1CA, 32.0)
$CH,20.000,L1CA,1,19891,45.9,0.255198550,-2100.774,-41778.038,2,0
$CH,20.000,L1CA,27,14591,45.4,0.533069659,1939.825,28299.069,1,0
$CH,20.000,L1CA,16,15791,52.5,0.186483894,-136.356,-2058.540,2,0
$CH,20.000,L1CA,14,6291,32.6,0.523657417,-172.393,-1016.193,0,0
$CH,20.000,L1CA,7,17491,43.1,0.282715625,1355.912,23761.445,2,0
$CH,20.000,L1CA,28,759,35.8,0.857234519,4256.855,3241.750,0,0
$CH,20.000,L1CA,13,5091,34.7,0.255207033,-127.510,-695.866,0,0
$CH,20.000,L1CA,17,91,35.2,0.998403987,-203.112,-19.538,0,0
$CH,20.000,L1CA,29,12091,33.2,0.233625500,-133.715,-1603.040,0,0
$CH,20.000,L1CA,25,1091,34.6,0.415679850,-163.197,-170.814,0,0
$CH,20.000,L1CA,5,1391,33.9,0.796015122,156.765,455.778,0,0
$CH,20.000,L1CA,32,14091,33.6,0.686126935,827.063,11684.700,0,0
$CH,20.000,L1CA,24,3691,32.0,0.684277338,-2772.300,-10175.183,0,0
$CH,20.000,L1CA,9,17091,42.4,0.212080410,2267.121,38707.218,2,0
$CH,20.000,L1CA,8,17291,44.0,0.754731292,2098.448,36240.390,2,0
$CH,20.000,L1CA,20,3791,34.7,0.063555533,-123.568,-441.859,0,0
$CH,20.000,L1CA,10,1291,34.1,0.524645032,-3119.649,-4028.990,0,0
$CH,20.000,L1CA,30,491,36.1,0.093710599,2317.783,1182.267,0,0
$LOG,20.009,L1CA,23,SIGNAL FOUND (35.3,-499.4,0.5752000)
$LOG,20.109,L1CA,19,SIGNAL LOST (L1CA, 31.6)
$LOG,20.109,L1CA,15,SIGNAL LOST (L1CA, 31.7)
$LOG,20.109,L1CA,6,SIGNAL FOUND (35.4,-24.3,0.1419200)
$LOG,20.209,L1CA,15,SIGNAL FOUND (35.4,-3525.6,0.8643200)
$LOG,20.309,L1CA,24,SIGNAL LOST (L1CA, 31.0)
$LOG,20.309,L1CA,18,SIGNAL FOUND (35.3,-179.2,0.0265600)
$LOG,20.409,L1CA,19,SIGNAL FOUND (37.3,-1469.3,0.4016000)
$LOG,20.509,L1CA,22,SIGNAL LOST (L1CA, 31.5)
$LOG,20.509,L1CA,24,SIGNAL FOUND (35.7,876.3,0.7476800)
$LOG,20.609,L1CA,5,SIGNAL LOST (L1CA, 31.8)
$LOG,20.609,L1CA,22,SIGNAL FOUND (35.7,2932.4,0.6060800)
$LOG,20.709,L1CA,14,SIGNAL LOST (L1CA, 32.0)
$LOG,20.709,L1CA,10,SIGNAL LOST (L1CA, 31.6)
$LOG,20.709,L1CA,5,SIGNAL FOUND (36.1,-3089.3,0.4604800)
$LOG,20.809,L1CA,10,SIGNAL FOUND (35.9,1023.5,0.1544000)
$TIME,21.000,2025,4,14,12,27,38.702000,UTC
$LOG,20.909,L1CA,14,SIGNAL FOUND (35.3,-3507.0,0.1632000)
$CH,21.000,L1CA,16,16791,52.0,0.186641381,-136.873,-2194.953,2,0
$CH,21.000,L1CA,13,6091,34.2,0.255236532,-131.964,-825.108,0,0
$CH,21.000,L1CA,4,19591,48.1,0.763731452,1853.532,36305.715,2,0
$CH,21.000,L1CA,17,1091,34.4,0.998449778,-181.393,-188.303,0,0
$CH,21.000,L1CA,12,3091,33.6,0.508753118,849.057,2676.183,0,0
$CH,21.000,L1CA,11,1191,33.9,0.874674736,4845.009,5725.807,0,0
$CH,21.000,L1CA,19,591,37.3,0.402158948,-1667.504,-967.828,0,0
$CH,21.000,L1CA,22,391,35.7,0.605362200,2801.838,1118.522,0,0
$CH,21.000,L1CA,25,2091,33.7,0.415780750,-158.675,-326.127,0,0
$CH,21.000,L1CA,24,491,35.7,0.747403772,867.200,416.518,0,0
$CH,21.000,L1CA,32,15091,33.6,0.685578629,822.345,12511.136,0,0
$CH,21.000,L1CA,1,20891,46.8,0.256535156,-2100.644,-43878.166,2,0
$CH,21.000,L1CA,27,15591,45.1,0.531840204,1939.705,30238.883,1,0
$CH,21.000,L1CA,29,13091,32.7,0.233692616,-135.197,-1739.453,0,0
$CH,21.000,L1CA,26,15691,50.3,0.409811961,-2459.113,-38528.663,1,0
$CH,21.000,L1CA,30,1491,33.2,0.092453105,2142.888,3372.622,0,0
$CH,21.000,L1CA,9,18091,42.1,0.210642277,2266.285,40973.526,2,0
$CH,21.000,L1CA,3,20091,53.3,0.565867249,854.209,17282.659,2,0
$CH,21.000,L1CA,2,20491,45.9,0.959882155,-1681.217,-34478.031,2,0
$CH,21.000,L1CA,20,4791,34.3,0.063711810,-111.474,-559.569,0,0
$CH,21.000,L1CA,31,15191,45.1,0.608949326,-2597.147,-39463.270,1,0
$CH,21.000,L1CA,23,991,35.3,0.575562972,-800.441,-734.139,0,0
$CH,21.000,L1CA,5,291,36.1,0.461000862,-3195.383,-913.653,0,0
$CH,21.000,L1CA,21,16191,44.2,0.213545368,-1420.163,-23009.661,1,0
$CH,21.000,L1CA,15,791,35.4,0.865996124,-3329.673,-2681.118,0,0
$CH,21.000,L1CA,7,18491,43.1,0.281837135,1356.244,25117.638,2,0
$CH,21.000,L1CA,6,891,35.4,0.142016280,-148.269,-120.354,0,0
$CH,21.000,L1CA,14,91,35.3,0.163398464,-3520.155,-321.740,0,0
$CH,21.000,L1CA,28,1759,33.3,0.854446243,4400.914,7616.695,0,0
$CH,21.000,L1CA,8,18291,44.1,0.753401777,2099.420,38338.662,2,0
$CH,21.000,L1CA,18,691,35.3,0.026577839,-76.107,-110.968,0,0
$CH,21.000,L1CA,10,191,35.9,0.154309969,825.730,171.240,0,0
$LOG,21.406,L1CA,13,SYMBOL SYNC (62.499)
$LOG,21.509,L1CA,30,SIGNAL LOST (L1CA, 31.7)
$LOG,21.519,L1CA,30,SIGNAL FOUND (35.7,2532.7,0.8484800)
$LOG,21.809,L1CA,11,SIGNAL LOST (L1CA, 31.9)
$LOG,21.840,L1CA,11,SIGNAL FOUND (35.9,-1047.9,0.8161600)
$TIME,22.000,2025,4,14,12,27,42.686000,UTC
$CH,22.000,L1CA,22,1391,33.4,0.603623148,2877.367,3979.045,0,0
$CH,22.000,L1CA,8,19291,44.0,0.752064762,2098.371,40437.194,2,0
$CH,22.000,L1CA,29,14091,32.6,0.233886360,-134.810,-1876.603,0,0
$CH,22.000,L1CA,28,2759,32.3,0.851685369,4399.516,12012.246,0,0
$CH,22.000,L1CA,30,481,35.7,0.847775030,2533.669,1221.725,0,0
$CH,22.000,L1CA,1,21891,47.1,0.257866969,-2100.265,-45978.279,2,0
$CH,22.000,L1CA,10,1191,34.9,0.153923069,849.975,995.204,0,0
$CH,22.000,L1CA,25,3091,33.0,0.415862367,-142.517,-478.234,0,0
$CH,22.000,L1CA,31,16191,45.2,0.610599124,-2597.272,-42060.246,1,0
$CH,22.000,L1CA,23,1991,33.5,0.576038542,-759.555,-1495.044,0,0
$CH,22.000,L1CA,32,16091,33.1,0.685000309,817.794,13335.194,0,0
$CH,22.000,L1CA,6,1891,34.0,0.142164853,-119.050,-240.901,0,0
$CH,22.000,L1CA,2,21491,45.8,0.960939263,-1681.433,-36159.309,2,0
$CH,22.000,L1CA,14,1091,34.0,0.165639779,-3848.005,-4044.334,0,0
$CH,22.000,L1CA,18,1691,34.8,0.026493819,14.575,-120.414,0,0
$CH,22.000,L1CA,21,17191,45.0,0.214450348,-1419.658,-24429.250,1,0
$CH,22.000,L1CA,15,1791,32.9,0.868038127,-3290.877,-5967.416,0,0
$CH,22.000,L1CA,13,7091,34.1,0.255393482,-138.288,-960.111,0,0
$CH,22.000,L1CA,24,1491,34.3,0.746962304,791.869,1205.669,0,0
$CH,22.000,L1CA,12,4091,32.6,0.508127940,853.746,3529.805,0,0
$CH,22.000,L1CA,11,160,35.9,0.816247444,-1141.231,-174.540,0,0
$CH,22.000,L1CA,16,17791,51.9,0.186651234,-137.324,-2332.082,2,0
$CH,22.000,L1CA,27,16591,45.4,0.530602225,1939.887,32178.736,1,0
$CH,22.000,L1CA,20,5791,34.1,0.063848812,-120.037,-676.987,0,0
$CH,22.000,L1CA,3,21091,53.3,0.565334306,853.143,18136.243,2,0
$CH,22.000,L1CA,19,1591,35.1,0.403085186,-1690.464,-2649.807,0,0
$CH,22.000,L1CA,4,20591,48.4,0.762553854,1853.799,38159.693,2,0
$CH,22.000,L1CA,26,16691,50.3,0.411366983,-2459.319,-40987.978,1,0
$CH,22.000,L1CA,5,1291,33.5,0.463089979,-3241.626,-4126.960,0,0
$CH,22.000,L1CA,17,2091,34.0,0.998518812,-183.306,-366.245,0,0
$CH,22.000,L1CA,7,19491,43.0,0.280981835,1355.976,26473.593,2,0
$CH,22.000,L1CA,9,19091,42.7,0.209193776,2266.234,43239.999,2,0
$LOG,22.209,L1CA,15,SIGNAL LOST (L1CA, 31.8)
$LOG,22.241,L1CA,28,SIGNAL LOST (L1CA, 31.4)
$LOG,22.244,L1CA,15,SIGNAL FOUND (36.3,4403.7,0.5044800)
$LOG,22.309,L1CA,28,SIGNAL FOUND (36.1,1471.9,0.0830400)
$LOG,22.609,L1CA,22,SIGNAL LOST (L1CA, 31.5)
$LOG,22.709,L1CA,22,SIGNAL FOUND (36.8,-58.4,0.2297600)
$TIME,23.000,2025,4,14,12,27,46.385000,UTC
$LOG,22.906,L1CA,25,SYMBOL SYNC (58.852)
$LOG,22.909,L1CA,29,SIGNAL LOST (L1CA, 31.7)
$LOG,22.909,L1CA,14,SIGNAL LOST (L1CA, 31.6)
$CH,23.000,L1CA,2,22491,45.3,0.962023093,-1680.768,-37840.458,2,0
$CH,23.000,L1CA,19,2591,32.5,0.404153661,-1695.576,-4341.967,0,0
$CH,23.000,L1CA,1,22891,46.7,0.259190791,-2100.001,-48078.362,2,0
$CH,23.000,L1CA,4,21591,48.6,0.761370480,1854.352,40013.748,2,0
$CH,23.000,L1CA,30,1481,33.4,0.846197571,2566.629,3758.842,0,0
$CH,23.000,L1CA,21,18191,45.2,0.215345601,-1418.427,-25848.674,1,0
$CH,23.000,L1CA,15,756,36.3,0.502452489,4268.750,3263.301,0,0
$CH,23.000,L1CA,9,20091,42.9,0.207760444,2266.861,45506.617,2,0
$CH,23.000,L1CA,11,1160,33.9,0.816800984,-1036.230,-1273.508,0,0
$CH,23.000,L1CA,27,17591,45.6,0.529372811,1940.956,34118.632,1,0
$CH,23.000,L1CA,18,2691,32.5,0.026488464,5.957,-110.783,0,0
$CH,23.000,L1CA,7,20491,43.8,0.280124382,1355.493,27829.314,2,0
$CH,23.000,L1CA,13,8091,33.3,0.255583776,-138.649,-1097.895,0,0
$CH,23.000,L1CA,31,17191,45.1,0.612252926,-2596.672,-44657.110,1,0
$CH,23.000,L1CA,10,2191,33.4,0.153501642,854.218,1844.716,0,0
$CH,23.000,L1CA,24,2491,33.5,0.746396473,795.567,1998.469,0,0
$CH,23.000,L1CA,16,18791,52.4,0.186799242,-138.167,-2469.920,2,0
$CH,23.000,L1CA,25,4091,33.1,0.415930441,-147.575,-624.563,0,0
$CH,23.000,L1CA,22,291,36.8,0.229756169,-170.191,-38.221,0,0
$CH,23.000,L1CA,8,20291,43.6,0.750734715,2098.590,42535.984,2,0
$CH,23.000,L1CA,17,3091,32.9,0.998625441,-181.350,-544.742,0,0
$CH,23.000,L1CA,20,6791,33.2,0.063963993,-115.041,-794.206,0,0
$CH,23.000,L1CA,32,17091,33.4,0.684474928,822.234,14158.777,0,0
$CH,23.000,L1CA,3,22091,53.3,0.564792405,852.557,18989.199,2,0
$CH,23.000,L1CA,6,2891,32.4,0.142283425,-116.680,-358.924,0,0
$CH,23.000,L1CA,26,17691,50.6,0.412932300,-2460.211,-43447.756,1,0
$CH,23.000,L1CA,12,5091,32.5,0.507538305,847.062,4382.721,0,0
$CH,23.000,L1CA,28,691,36.1,0.082491516,1317.409,933.172,0,0
$CH,23.000,L1CA,23,2991,32.3,0.576518424,-762.805,-2256.918,0,0
$LOG,23.009,L1CA,23,SIGNAL LOST (L1CA, 30.4)
$CH,23.000,L1CA,5,2291,32.0,0.465079811,-3250.525,-7374.345,0,0
$LOG,23.009,L1CA,29,SIGNAL FOUND (35.6,3003.9,0.9430400)
$LOG,23.109,L1CA,6,SIGNAL LOST (L1CA, 31.8)
$LOG,23.106,L1CA,10,SYMBOL SYNC (87.664)
$LOG,23.109,L1CA,14,SIGNAL FOUND (36.3,3954.1,0.4065600)
$LOG,23.209,L1CA,23,SIGNAL FOUND (36.5,-4458.6,0.3793600)
$LOG,23.309,L1CA,18,SIGNAL LOST (L1CA, 31.8)
$LOG,23.309,L1CA,6,SIGNAL NOT FOUND (34.9)
$LOG,23.409,L1CA,18,SIGNAL FOUND (36.5,-1568.6,0.3129600)
$LOG,23.519,L1CA,30,SIGNAL LOST (L1CA, 31.3)
$LOG,23.509,L1CA,6,SIGNAL FOUND (35.2,-3796.1,0.2972800)
$LOG,23.609,L1CA,30,SIGNAL FOUND (36.3,-5.4,0.2038400)
$LOG,23.709,L1CA,5,SIGNAL LOST (L1CA, 31.2)
$LOG,23.840,L1CA,11,SIGNAL LOST (L1CA, 31.0)
$LOG,23.809,L1CA,5,SIGNAL FOUND (36.0,-5000.0,0.8780800)
$TIME,24.000,2025,4,14,12,27,50.188000,UTC
$LOG,23.909,L1CA,17,SIGNAL LOST (L1CA, 31.7)
$LOG,23.909,L1CA,11,SIGNAL FOUND (36.8,888.5,0.5262400)
$CH,24.000,L1CA,7,21491,44.3,0.279264218,1355.036,29184.805,2,0
$CH,24.000,L1CA,4,22591,48.7,0.760198875,1854.416,41867.895,2,0
$CH,24.000,L1CA,29,991,35.6,0.941315136,2837.967,2887.045,0,0
$CH,24.000,L1CA,8,21291,43.2,0.749411939,2098.804,44635.036,2,0
$CH,24.000,L1CA,5,191,36.0,0.878692927,-5185.564,-973.222,0,0
$CH,24.000,L1CA,6,491,35.2,0.298385169,-3655.425,-1808.102,0,0
$CH,24.000,L1CA,28,1691,32.6,0.081589780,1398.088,2320.881,0,0
$CH,24.000,L1CA,24,3491,33.5,0.745811622,788.955,2791.231,0,0
$CH,24.000,L1CA,15,1756,34.1,0.499729315,4273.639,7534.988,0,0
$CH,24.000,L1CA,25,5091,32.0,0.416042300,-140.012,-768.630,0,0
$CH,24.000,L1CA,14,891,36.3,0.404487349,3770.120,3356.916,0,0
$CH,24.000,L1CA,20,7791,32.4,0.064083353,-117.578,-912.964,0,0
$CH,24.000,L1CA,32,18091,33.4,0.683955599,826.227,14982.506,0,0
$CH,24.000,L1CA,31,18191,45.2,0.613887381,-2597.186,-47253.881,1,0
$CH,24.000,L1CA,21,19191,45.4,0.216260544,-1419.317,-27267.902,1,0
$CH,24.000,L1CA,16,19791,52.4,0.186829161,-139.263,-2608.477,2,0
$CH,24.000,L1CA,30,391,36.3,0.203857509,-146.482,-46.378,0,0
$CH,24.000,L1CA,22,1291,35.2,0.229684530,-146.592,-171.259,0,0
$CH,24.000,L1CA,27,18591,45.7,0.528147518,1939.546,36058.570,1,0
$CH,24.000,L1CA,12,6091,32.9,0.507027213,849.336,5235.042,0,0
$CH,24.000,L1CA,23,791,36.5,0.381620407,-4622.305,-3656.973,0,0
$CH,24.000,L1CA,1,23891,46.7,0.260525000,-2100.294,-50178.406,2,0
$CH,24.000,L1CA,18,591,36.5,0.313465801,-1704.698,-963.856,0,0
$CH,24.000,L1CA,13,9091,32.9,0.255716776,-139.073,-1236.474,0,0
$CH,24.000,L1CA,10,3191,32.7,0.153043500,850.501,2697.060,0,0
$CH,24.000,L1CA,26,18691,50.6,0.414497742,-2460.783,-45907.997,1,0
$CH,24.000,L1CA,19,3591,32.4,0.405150432,-1692.851,-6034.257,0,0
$CH,24.000,L1CA,11,91,36.8,0.526187591,870.765,79.716,0,0
$CH,24.000,L1CA,9,21091,43.3,0.206325471,2267.443,47773.415,2,0
$CH,24.000,L1CA,2,23491,44.8,0.963086103,-1681.516,-39521.481,2,0
$CH,24.000,L1CA,3,23091,53.4,0.564240212,851.919,19841.526,2,0
$LOG,24.009,L1CA,17,SIGNAL FOUND (36.5,-961.0,0.2220800)
$LOG,24.231,L1CA,26,FRAME SYNC (R)
$LNAV,24.071,L1CA,26,8B55567E9211795555555555555555555555555555555555555555555554
$LOG,24.241,L1CA,9,FRAME SYNC (R)
$LNAV,24.081,L1CA,9,8B55567E9211795555555555555555555555555555555555555555555554
$LOG,24.227,L1CA,16,FRAME SYNC (N)
$LNAV,24.067,L1CA,16,8B55567E9211795555555555555555555555555555555555555555555554
$LOG,24.234,L1CA,4,FRAME SYNC (R)
$LOG,24.227,L1CA,3,FRAME SYNC (N)
$LNAV,24.067,L1CA,3,8B55567E9211795555555555555555555555555555555555555555555554
$LOG,24.238,L1CA,1,FRAME SYNC (R)
$LNAV,24.078,L1CA,1,8B55567E9211795555555555555555555555555555555555555555555554
$LOG,24.237,L1CA,31,FRAME SYNC (R)
$LNAV,24.077,L1CA,31,8B55567E9211795555555555555555555555555555555555555555555554
$LOG,24.239,L1CA,21,FRAME SYNC (N)
$LNAV,24.079,L1CA,21,8B55567E9211795555555555555555555555555555555555555555555554
$LOG,24.240,L1CA,8,FRAME SYNC (N)
$LNAV,24.080,L1CA,8,8B55567E9211795555555555555555555555555555555555555555555554
$LOG,24.241,L1CA,7,FRAME SYNC (R)
$LNAV,24.081,L1CA,7,8B55567E9211795555555555555555555555555555555555555555555554
$LOG,24.238,L1CA,27,FRAME SYNC (N)
$LNAV,24.074,L1CA,4,8B55567E9211795555555555555555555555555555555555555555555554
$LNAV,24.078,L1CA,27,8B55567E9211795555555555555555555555555555555555555555555554
$LOG,24.238,L1CA,2,FRAME SYNC (N)
$LNAV,24.078,L1CA,2,8B55567E9211795555555555555555555555555555555555555555555554
$LOG,24.309,L1CA,28,SIGNAL LOST (L1CA, 31.7)
$LOG,24.407,L1CA,22,SYMBOL SYNC (-71.894)
$LOG,24.409,L1CA,19,SIGNAL LOST (L1CA, 30.9)
$LOG,24.409,L1CA,28,SIGNAL FOUND (35.5,950.1,0.7076800)
$LOG,24.509,L1CA,19,SIGNAL FOUND (36.1,2511.3,0.0744000)
$LOG,24.790,L1CA,20,SYMBOL SYNC (82.726)
$TIME,25.000,2025,4,14,12,27,53.818000,UTC
$LOG,24.909,L1CA,25,SIGNAL LOST (L1CA, 31.2)
$CH,25.000,L1CA,5,1191,33.0,0.881940164,-5168.912,-6110.723,0,0
$CH,25.000,L1CA,29,1991,32.9,0.939474699,2846.921,5733.805,0,0
$CH,25.000,L1CA,31,19191,45.4,0.615546040,-2596.544,-49850.535,2,0
$LOG,25.009,L1CA,29,SIGNAL LOST (L1CA, 31.5)
$CH,25.000,L1CA,1,24891,47.1,0.261862249,-2099.688,-52278.445,3,0
$CH,25.000,L1CA,10,4191,32.6,0.152550736,855.725,3548.738,0,0
$CH,25.000,L1CA,17,991,36.5,0.222855717,-1409.744,-1211.581,0,0
$CH,25.000,L1CA,4,23591,49.1,0.759018256,1853.718,43722.114,3,0
$CH,25.000,L1CA,27,19591,45.8,0.526911239,1940.684,37998.545,2,0
$CH,25.000,L1CA,18,1591,34.3,0.314256015,-1640.192,-2604.974,0,0
$CH,25.000,L1CA,7,22491,44.6,0.278399911,1355.852,30540.057,3,0
$CH,25.000,L1CA,19,491,36.1,0.073732580,2279.021,1141.887,0,0
$CH,25.000,L1CA,32,19091,32.4,0.683451023,827.394,15807.843,0,0
$CH,25.000,L1CA,20,8791,32.2,0.064167959,-122.372,-1031.651,0,0
$CH,25.000,L1CA,14,1891,33.8,0.402182411,3637.029,7007.957,0,0
$CH,25.000,L1CA,28,591,35.5,0.707401068,860.303,516.048,0,0
$CH,25.000,L1CA,2,24491,45.3,0.964148444,-1681.791,-41202.387,3,0
$CH,25.000,L1CA,26,19691,50.6,0.416059813,-2460.907,-48368.696,2,0
$CH,25.000,L1CA,24,4491,33.3,0.745252973,790.355,3584.252,0,0
$CH,25.000,L1CA,23,1791,33.5,0.384554955,-4580.138,-8245.090,0,0
$CH,25.000,L1CA,22,2291,33.3,0.229749397,-145.015,-310.742,0,0
$CH,25.000,L1CA,11,1091,35.4,0.525767121,854.103,900.486,0,0
$CH,25.000,L1CA,9,22091,43.5,0.204874144,2266.123,50040.361,3,0
$CH,25.000,L1CA,6,1491,32.7,0.300629411,-3615.077,-5461.186,0,0
$CH,25.000,L1CA,8,22291,43.3,0.748069192,2099.998,46734.339,3,0
$CH,25.000,L1CA,30,1391,34.8,0.203919783,-206.485,-237.796,0,0
$CH,25.000,L1CA,3,24091,52.9,0.563716116,851.116,20693.232,3,0
$CH,25.000,L1CA,13,10091,33.3,0.255869030,-140.483,-1375.745,0,0
$CH,25.000,L1CA,12,7091,32.6,0.506516049,851.585,6086.686,0,0
$CH,25.000,L1CA,16,20791,52.4,0.186962767,-139.471,-2747.742,3,0
$CH,25.000,L1CA,21,20191,45.5,0.217148692,-1418.796,-28686.962,2,0
$CH,25.000,L1CA,15,2756,32.0,0.497054620,4268.761,11807.401,0,0
$LOG,25.009,L1CA,25,SIGNAL FOUND (35.9,-1954.7,0.0764800)
$LOG,25.109,L1CA,29,SIGNAL FOUND (36.5,-1366.7,0.9582400)
$LOG,25.209,L1CA,23,SIGNAL LOST (L1CA, 31.1)
$LOG,25.244,L1CA,15,SIGNAL LOST (L1CA, 30.6)
$LOG,25.309,L1CA,15,SIGNAL FOUND (35.9,-2476.1,0.0219200)
$LOG,25.409,L1CA,18,SIGNAL LOST (L1CA, 31.2)
$LOG,25.409,L1CA,23,SIGNAL FOUND (36.0,697.7,0.8723200)
$LOG,25.509,L1CA,6,SIGNAL LOST (L1CA, 30.8)
$LOG,25.509,L1CA,18,SIGNAL FOUND (36.4,-4366.7,0.4627200)
$LOG,25.609,L1CA,6,SIGNAL FOUND (35.5,2423.6,0.2876800)
$LOG,25.809,L1CA,5,SIGNAL LOST (L1CA, 31.4)
$TIME,26.000,2025,4,14,12,27,58.238000,UTC
$LOG,25.909,L1CA,32,SIGNAL LOST (L1CA, 31.9)
$LOG,25.986,L1CA,28,SYMBOL SYNC (75.654)
$LOG,25.909,L1CA,5,SIGNAL FOUND (36.4,671.7,0.1118400)
$CH,26.000,L1CA,11,2091,33.5,0.525367514,849.065,1750.260,0,0
$CH,26.000,L1CA,29,891,36.5,0.958764350,-1198.329,-1084.931,0,0
$CH,26.000,L1CA,30,2391,33.2,0.204034145,-208.210,-446.039,0,0
$CH,26.000,L1CA,10,5191,32.9,0.152053863,851.470,4399.787,0,0
$CH,26.000,L1CA,19,1491,33.6,0.072306542,2330.363,3479.330,0,0
$CH,26.000,L1CA,22,3291,32.4,0.229960291,-140.905,-451.242,0,0
$CH,26.000,L1CA,7,23491,44.7,0.277546384,1355.970,31895.066,3,0
$CH,26.000,L1CA,24,5491,32.1,0.744658515,794.727,4377.811,0,0
$CH,26.000,L1CA,6,391,35.5,0.287143656,2115.086,892.433,0,0
$CH,26.000,L1CA,26,20691,50.9,0.417617614,-2461.548,-50829.865,2,0
$CH,26.000,L1CA,5,91,36.4,0.111796670,818.921,67.894,0,0
$CH,26.000,L1CA,1,25891,47.1,0.263200222,-2100.122,-54378.449,3,0
$CH,26.000,L1CA,12,8091,32.9,0.505966875,850.909,6937.830,0,0
$CH,26.000,L1CA,13,11091,33.2,0.255955891,-146.084,-1515.703,0,0
$CH,26.000,L1CA,31,20191,45.3,0.617192881,-2596.680,-52447.083,2,0
$CH,26.000,L1CA,28,1591,34.9,0.707026569,855.366,1370.394,0,0
$CH,26.000,L1CA,17,1991,33.5,0.223770117,-1406.421,-2620.999,0,0
$CH,26.000,L1CA,2,25491,45.2,0.965216759,-1681.478,-42883.168,3,0
$LOG,26.009,L1CA,17,SIGNAL LOST (L1CA, 29.9)
$CH,26.000,L1CA,4,24591,49.0,0.757836614,1854.030,45576.410,3,0
$CH,26.000,L1CA,16,21791,52.8,0.187015761,-140.387,-2887.720,3,0
$CH,26.000,L1CA,9,23091,43.8,0.203442553,2266.773,52307.473,3,0
$CH,26.000,L1CA,20,9791,32.2,0.064252348,-120.235,-1149.733,0,0
$CH,26.000,L1CA,23,591,36.0,0.872068339,830.367,483.958,0,0
$CH,26.000,L1CA,8,23291,43.8,0.746742724,2098.175,48833.903,3,0
$CH,26.000,L1CA,3,25091,52.8,0.563171377,850.679,21544.312,3,0
$CH,26.000,L1CA,27,20591,45.7,0.525668205,1940.213,39938.574,2,0
$CH,26.000,L1CA,15,691,35.9,0.023006731,-2647.749,-1826.574,0,0
$CH,26.000,L1CA,18,491,36.4,0.463961505,-4204.633,-2057.298,0,0
$CH,26.000,L1CA,21,21191,45.8,0.218049562,-1418.385,-30105.845,2,0
$CH,26.000,L1CA,14,2891,32.1,0.399864378,3645.170,10652.966,0,0
$CH,26.000,L1CA,25,991,35.9,0.077720906,-2186.350,-2141.015,0,0
$LOG,26.009,L1CA,32,SIGNAL FOUND (35.8,-24.1,0.9508800)
$LOG,26.109,L1CA,14,SIGNAL LOST (L1CA, 31.5)
$LOG,26.109,L1CA,17,SIGNAL FOUND (35.6,-3085.1,0.1595200)
$LOG,26.209,L1CA,14,SIGNAL FOUND (36.5,2049.0,0.5102400)
$LOG,26.509,L1CA,24,SIGNAL LOST (L1CA, 31.5)
$LOG,26.509,L1CA,19,SIGNAL LOST (L1CA, 31.8)
$LOG,26.541,L1CA,19,SIGNAL FOUND (37.6,1976.8,0.7864000)
$LOG,26.609,L1CA,24,SIGNAL FOUND (36.4,3491.4,0.0601600)
$TIME,27.000,2025,4,14,12,28,5.428000,UTC
$CH,27.000,L1CA,1,26891,47.5,0.264536822,-2099.587,-56478.441,3,0
$CH,27.000,L1CA,8,24291,43.9,0.745414037,2100.051,50933.725,3,0
$CH,27.000,L1CA,4,25591,48.9,0.756669549,1854.404,47430.789,3,0
$CH,27.000,L1CA,13,12091,32.7,0.256071228,-138.509,-1656.390,0,0
$CH,27.000,L1CA,26,21691,50.7,0.419180099,-2462.004,-53291.494,2,0
$CH,27.000,L1CA,15,1691,33.4,0.024611558,-2611.825,-4452.389,0,0
$CH,27.000,L1CA,22,4291,32.6,0.230167171,-144.394,-591.981,0,0
$CH,27.000,L1CA,17,891,35.6,0.161238268,-3078.183,-2802.449,0,0
$CH,27.000,L1CA,21,22191,44.9,0.218949020,-1418.391,-31524.552,2,0
$CH,27.000,L1CA,27,21591,45.7,0.524449605,1941.564,41878.629,2,0
$CH,27.000,L1CA,14,791,36.5,0.509311859,1819.058,1474.400,0,0
$CH,27.000,L1CA,19,459,37.6,0.785937079,1798.762,842.463,0,0
$CH,27.000,L1CA,32,991,35.8,0.950956865,-110.358,-151.480,0,0
$CH,27.000,L1CA,11,3091,32.1,0.524762158,848.799,2600.794,0,0
$CH,27.000,L1CA,10,6191,32.7,0.151558282,854.737,5250.250,0,0
$CH,27.000,L1CA,2,26491,45.5,0.966280560,-1680.170,-44563.833,3,0
$CH,27.000,L1CA,5,1091,35.4,0.111328011,859.420,928.735,0,0
$CH,27.000,L1CA,12,9091,33.2,0.505429367,850.309,7788.282,0,0
$CH,27.000,L1CA,9,24091,43.9,0.202004644,2267.757,54574.742,3,0
$CH,27.000,L1CA,24,391,36.4,0.059408289,3250.881,1299.670,0,0
$CH,27.000,L1CA,29,1891,34.2,0.959466884,-1325.519,-2406.642,0,0
$CH,27.000,L1CA,6,1391,33.5,0.285683043,2290.061,3118.567,0,0
$CH,27.000,L1CA,30,3391,33.3,0.204196128,-202.552,-653.952,0,0
$CH,27.000,L1CA,28,2591,33.3,0.706543527,856.270,2225.386,0,0
$CH,27.000,L1CA,18,1491,34.0,0.466560411,-4114.774,-6161.799,0,0
$CH,27.000,L1CA,25,1991,33.5,0.079062735,-2212.214,-4351.539,0,0
$LOG,27.009,L1CA,25,SIGNAL LOST (L1CA, 31.5)
$CH,27.000,L1CA,7,24491,44.4,0.276686560,1353.724,33249.850,3,0
$CH,27.000,L1CA,20,10791,32.6,0.064373141,-118.725,-1266.895,0,0
$CH,27.000,L1CA,3,26091,53.1,0.562625858,850.056,22394.769,3,0
$CH,27.000,L1CA,31,21191,45.1,0.618841874,-2596.442,-55043.536,2,0
$CH,27.000,L1CA,16,22791,53.3,0.187120370,-141.111,-3028.411,3,0
$CH,27.000,L1CA,23,1591,35.3,0.871708661,866.382,1346.551,0,0
$LOG,27.109,L1CA,25,SIGNAL FOUND (35.8,21.9,0.0611200)
$LOG,27.309,L1CA,15,SIGNAL LOST (L1CA, 31.6)
$LOG,27.397,L1CA,15,SIGNAL FOUND (35.4,-2530.4,0.7595200)
$LOG,27.509,L1CA,18,SIGNAL LOST (L1CA, 31.8)
$LOG,27.507,L1CA,5,SYMBOL SYNC (94.480)
$LOG,27.627,L1CA,11,SYMBOL SYNC (-52.036)
$LOG,27.609,L1CA,18,SIGNAL FOUND (37.1,-430.6,0.5235200)
$TIME,28.000,2025,4,14,12,28,10.653000,UTC
$LOG,27.909,L1CA,11,SIGNAL LOST (L1CA, 31.0)
$CH,28.000,L1CA,24,1391,33.7,0.057361416,3205.741,4520.974,0,0
$CH,28.000,L1CA,29,2891,32.4,0.960449080,-1326.892,-3736.166,0,0
$CH,28.000,L1CA,18,391,37.1,0.523688812,-645.041,-246.806,0,0
$CH,28.000,L1CA,22,5291,33.4,0.230158807,-140.467,-733.275,0,0
$CH,28.000,L1CA,26,22691,50.8,0.420746070,-2462.243,-55753.581,2,0
$CH,28.000,L1CA,12,10091,33.4,0.504886680,848.658,8638.120,0,0
$CH,28.000,L1CA,8,25291,43.8,0.744065436,2099.534,53033.799,3,0
$CH,28.000,L1CA,5,2091,34.2,0.110935778,856.085,1782.867,0,0
$CH,28.000,L1CA,13,13091,32.6,0.256205672,-135.182,-1797.825,0,0
$CH,28.000,L1CA,27,22591,45.9,0.523220544,1940.084,43818.730,2,0
$CH,28.000,L1CA,9,25091,43.4,0.200564619,2267.364,56842.179,3,0
$CH,28.000,L1CA,10,7191,33.3,0.151012758,847.687,6100.110,0,0
$CH,28.000,L1CA,3,27091,53.2,0.562098828,849.604,23244.601,3,0
$CH,28.000,L1CA,4,26591,48.6,0.755480166,1854.533,49285.256,3,0
$CH,28.000,L1CA,30,4391,33.5,0.204388716,-203.244,-861.998,0,0
$CH,28.000,L1CA,32,1991,34.8,0.950980432,-121.187,-274.507,0,0
$CH,28.000,L1CA,31,22191,45.3,0.620480269,-2595.285,-57639.866,2,0
$CH,28.000,L1CA,14,1791,34.0,0.508188487,1795.717,3263.965,0,0
$CH,28.000,L1CA,15,603,35.4,0.760504857,-2764.091,-1592.294,0,0
$CH,28.000,L1CA,17,1891,33.9,0.163152298,-3054.935,-5855.536,0,0
$CH,28.000,L1CA,2,27491,46.0,0.967347526,-1680.919,-46244.368,3,0
$CH,28.000,L1CA,20,11791,32.8,0.064460347,-117.518,-1385.599,0,0
$CH,28.000,L1CA,25,891,35.8,0.061207514,-174.038,-133.122,0,0
$CH,28.000,L1CA,1,27891,47.7,0.265861875,-2099.460,-58578.411,3,0
$CH,28.000,L1CA,19,1459,34.5,0.784989691,1731.528,2623.558,0,0
$CH,28.000,L1CA,23,2591,33.6,0.871273857,858.831,2206.881,0,0
$CH,28.000,L1CA,16,23791,52.8,0.187216769,-141.563,-3169.816,3,0
$CH,28.000,L1CA,7,25491,44.2,0.275835585,1353.022,34604.392,3,0
$CH,28.000,L1CA,21,23191,44.7,0.219850305,-1418.639,-32943.082,2,0
$CH,28.000,L1CA,28,3591,32.3,0.705978715,852.084,3079.671,0,0
$CH,28.000,L1CA,6,2391,32.3,0.284201377,2289.076,5407.647,0,0
$LOG,28.009,L1CA,11,SIGNAL FOUND (35.1,-1900.9,0.5961600)
$LOG,28.109,L1CA,29,SIGNAL LOST (L1CA, 31.1)
$LOG,28.109,L1CA,17,SIGNAL LOST (L1CA, 32.0)
$LOG,28.209,L1CA,17,SIGNAL FOUND (36.7,-3440.6,0.0944000)
$LOG,28.309,L1CA,29,SIGNAL FOUND (35.6,4.8,0.3916800)
$LOG,28.409,L1CA,23,SIGNAL LOST (L1CA, 31.7)
$LOG,28.541,L1CA,19,SIGNAL LOST (L1CA, 31.8)
$LOG,28.500,L1CA,23,SIGNAL FOUND (35.8,-5000.0,0.9968000)
$LOG,28.609,L1CA,19,SIGNAL FOUND (35.1,-3482.5,0.5049600)
$TIME,29.000,2025,4,14,12,28,15.302000,UTC
$CH,29.000,L1CA,29,691,35.6,0.391732631,-149.460,-89.190,0,0
$CH,29.000,L1CA,20,12791,33.5,0.064564438,-113.820,-1506.169,0,0
$CH,29.000,L1CA,32,2991,34.1,0.951117974,-131.005,-398.964,0,0
$CH,29.000,L1CA,13,14091,33.0,0.256274186,-141.451,-1939.881,0,0
$CH,29.000,L1CA,10,8191,33.6,0.150419342,848.703,6949.312,0,0
$CH,29.000,L1CA,23,500,35.8,0.998407986,-5162.643,-2573.294,0,0
$CH,29.000,L1CA,17,791,36.7,0.096220332,-3797.984,-2944.351,0,0
$CH,29.000,L1CA,30,5391,32.7,0.204470869,-199.277,-1068.210,0,0
$CH,29.000,L1CA,9,26091,43.6,0.199116158,2268.581,59109.773,3,0
$CH,29.000,L1CA,31,23191,45.1,0.622137070,-2596.617,-60236.098,2,0
$CH,29.000,L1CA,2,28491,45.5,0.968419613,-1680.115,-47924.788,3,0
$CH,29.000,L1CA,21,24191,44.0,0.220749322,-1417.342,-34361.443,2,0
$CH,29.000,L1CA,1,28891,47.1,0.267197294,-2099.933,-60678.343,3,0
$CH,29.000,L1CA,8,26291,43.8,0.742745563,2101.407,55134.134,3,0
$CH,29.000,L1CA,11,991,35.1,0.597427761,-2113.324,-2078.046,0,0
$CH,29.000,L1CA,14,2791,32.2,0.507076575,1791.860,5055.511,0,0
$CH,29.000,L1CA,6,3391,32.4,0.282795469,2288.067,7696.296,0,0
$CH,29.000,L1CA,16,24791,52.7,0.187285011,-142.769,-3311.934,3,0
$CH,29.000,L1CA,4,27591,48.3,0.754305761,1854.346,51139.787,3,0
$CH,29.000,L1CA,22,6291,33.0,0.230184174,-136.357,-875.469,0,0
$CH,29.000,L1CA,12,11091,33.1,0.504324984,846.270,9487.333,0,0
$CH,29.000,L1CA,19,391,35.1,0.505843547,-3778.701,-1459.193,0,0
$CH,29.000,L1CA,24,2391,32.1,0.055328145,3210.033,7729.568,0,0
$CH,29.000,L1CA,28,4591,32.1,0.705417512,851.550,3933.280,0,0
$CH,29.000,L1CA,25,1891,34.2,0.061163782,-110.792,-243.063,0,0
$CH,29.000,L1CA,26,23691,50.2,0.422310026,-2462.937,-58216.137,2,0
$CH,29.000,L1CA,27,23591,45.4,0.521989468,1940.427,45758.874,2,0
$CH,29.000,L1CA,18,1391,34.2,0.524123518,-637.588,-940.502,0,0
$CH,29.000,L1CA,7,26491,44.8,0.274964482,1353.127,35958.704,3,0
$CH,29.000,L1CA,15,1603,33.6,0.762341152,-2726.331,-4332.326,0,0
$CH,29.000,L1CA,5,3091,33.8,0.110426695,850.361,2636.394,0,0
$CH,29.000,L1CA,3,28091,53.4,0.561547951,848.806,24093.809,3,0
$LOG,29.209,L1CA,14,SIGNAL LOST (L1CA, 30.1)
$LOG,29.229,L1CA,14,SIGNAL FOUND (35.7,-1480.0,0.9595200)
$LOG,29.409,L1CA,28,SIGNAL LOST (L1CA, 31.8)
$LOG,29.433,L1CA,28,SIGNAL FOUND (36.8,-164.1,0.8115200)
$LOG,29.609,L1CA,24,SIGNAL LOST (L1CA, 31.2)
$LOG,29.605,L1CA,11,SYMBOL SYNC (-57.129)
$LOG,29.609,L1CA,6,SIGNAL LOST (L1CA, 31.4)
$LOG,29.680,L1CA,6,SIGNAL FOUND (35.7,549.6,0.7865600)
$LOG,29.709,L1CA,24,SIGNAL FOUND (36.3,448.0,0.6547200)
$TIME,30.000,2025,4,14,12,28,20.794000,UTC
$CH,30.000,L1CA,19,1391,33.4,0.508141431,-3688.387,-5182.600,0,0
$CH,30.000,L1CA,7,27491,45.0,0.274108851,1353.651,37312.776,3,0
$CH,30.000,L1CA,21,25191,44.7,0.221636609,-1417.236,-35779.622,2,0
$CH,30.000,L1CA,10,9191,34.1,0.149879510,847.860,7797.922,0,0
$CH,30.000,L1CA,20,13791,33.7,0.064618023,-124.262,-1626.190,0,0
$CH,30.000,L1CA,4,28591,48.8,0.753134253,1854.373,52994.407,3,0
$CH,30.000,L1CA,13,15091,33.9,0.256354762,-149.307,-2082.848,0,0
$CH,30.000,L1CA,8,27291,44.0,0.741412767,2100.981,57234.730,3,0
$CH,30.000,L1CA,15,2603,32.6,0.764141100,-2728.739,-7060.658,0,0
$CH,30.000,L1CA,24,291,36.3,0.654652044,352.839,107.610,0,0
$CH,30.000,L1CA,22,7291,32.3,0.230340881,-138.808,-1018.686,0,0
$CH,30.000,L1CA,6,320,35.7,0.786407785,764.844,218.943,0,0
$CH,30.000,L1CA,23,1499,33.6,0.001697768,-5190.822,-7771.183,0,0
$CH,30.000,L1CA,9,27091,43.2,0.197679764,2267.665,61377.534,3,0
$CH,30.000,L1CA,17,1791,34.2,0.098623686,-3777.248,-6731.807,0,0
$CH,30.000,L1CA,26,24691,50.4,0.423871633,-2463.316,-60679.147,2,0
$CH,30.000,L1CA,29,1691,32.3,0.391842359,-154.019,-242.356,0,0
$CH,30.000,L1CA,25,2891,32.6,0.061208098,-101.818,-348.988,0,0
$CH,30.000,L1CA,14,771,35.7,0.960045409,-1372.215,-1042.514,0,0
$CH,30.000,L1CA,32,3991,33.1,0.951258694,-122.307,-525.993,0,0
$CH,30.000,L1CA,30,6391,32.3,0.204565555,-208.877,-1273.218,0,0
$CH,30.000,L1CA,11,1991,33.3,0.598805632,-2115.938,-4200.629,0,0
$CH,30.000,L1CA,27,24591,44.6,0.520754767,1940.278,47699.058,2,0
$CH,30.000,L1CA,12,12091,32.9,0.503743132,851.375,10335.840,0,0
$LOG,30.009,L1CA,11,SIGNAL LOST (L1CA, 31.6)
$CH,30.000,L1CA,1,29891,46.5,0.268529727,-2101.007,-62778.255,3,0
$CH,30.000,L1CA,18,2391,32.3,0.524381985,-639.706,-1581.380,0,0
$CH,30.000,L1CA,2,29491,44.8,0.969479031,-1680.780,-49605.077,3,0
$CH,30.000,L1CA,3,29091,53.2,0.561014027,847.954,24942.390,3,0
$CH,30.000,L1CA,28,567,36.8,0.811589568,-166.710,-82.928,0,0
$CH,30.000,L1CA,31,24191,44.7,0.623782559,-2595.683,-62832.232,2,0
$CH,30.000,L1CA,5,4091,33.5,0.109880859,844.327,3484.928,0,0
$CH,30.000,L1CA,16,25791,53.2,0.187439551,-142.943,-3454.765,3,0
$LOG,30.026,L1CA,11,SIGNAL FOUND (36.9,1474.5,0.6449600)
$LOG,30.109,L1CA,25,SIGNAL LOST (L1CA, 31.5)
$LOG,30.183,L1CA,25,SIGNAL FOUND (37.3,1487.3,0.7465600)
$LOG,30.227,L1CA,10,FRAME SYNC (R)
$LOG,30.067,L1CA,10,LNAV PARITY ERROR
$LOG,30.209,L1CA,17,SIGNAL LOST (L1CA, 31.7)
$LOG,30.227,L1CA,12,FRAME SYNC (N)
$LNAV,30.067,L1CA,12,8B55567E92974B095E6A0F5EFD4C00A10CCA1120AA8FD1A7BAF551CFFF75
$LOG,30.227,L1CA,3,FRAME SYNC (N)
$LNAV,30.067,L1CA,3,8B55567E92974B095E6A0F5EFD4C00A10CCA1120AA8FD1A7BAF551CFFF75
$LOG,30.227,L1CA,13,FRAME SYNC (N)
$LOG,30.067,L1CA,13,LNAV PARITY ERROR
$LOG,30.231,L1CA,26,FRAME SYNC (R)
$LNAV,30.071,L1CA,26,8B55567E92974B095E6A0F5EFD4C00A10CCA1120AA8FD1A7BAF551CFFF75
$LOG,30.227,L1CA,16,FRAME SYNC (N)
$LNAV,30.067,L1CA,16,8B55567E92974B095E6A0F5EFD4C00A10CCA1120AA8FD1A7BAF551CFFF75
$LOG,30.241,L1CA,7,FRAME SYNC (R)
$LNAV,30.081,L1CA,7,8B55567E92974B095E6A0F5EFD4C00A10CCA1120AA8FD1A7BAF551CFFF75
$LOG,30.241,L1CA,9,FRAME SYNC (R)
$LNAV,30.081,L1CA,9,8B55567E92974B095E6A0F5EFD4C00A10CCA1120AA8FD1A7BAF551CFFF75
$LOG,30.238,L1CA,2,FRAME SYNC (N)
$LNAV,30.078,L1CA,2,8B55567E92974B095E6A0F5EFD4C00A10CCA1120AA8FD1A7BAF551CFFF75
$LOG,30.246,L1CA,10,SYMBOL SYNC (91.913)
$LOG,30.240,L1CA,8,FRAME SYNC (N)
$LNAV,30.080,L1CA,8,8B55567E92974B095E6A0F5EFD4C00A10CCA1120AA8FD1A7BAF551CFFF75
$LOG,30.234,L1CA,4,FRAME SYNC (R)
$LNAV,30.074,L1CA,4,8B55567E92974B095E6A0F5EFD4C00A10CCA1120AA8FD1A7BAF551CFFF75
$LOG,30.238,L1CA,27,FRAME SYNC (N)
$LNAV,30.078,L1CA,27,8B55567E92974B095E6A0F5EFD4C00A10CCA1120AA8FD1A7BAF551CFFF75
$LOG,30.238,L1CA,1,FRAME SYNC (R)
$LNAV,30.078,L1CA,1,8B55567E92974B095E6A0F5EFD4C00A10CCA1120AA8FD1A7BAF551CFFF75
$LOG,30.237,L1CA,31,FRAME SYNC (R)
$LNAV,30.077,L1CA,31,8B55567E92974B095E6A0F5EFD4C00A10CCA1120AA8FD1A7BAF551CFFF75
$LOG,30.239,L1CA,21,FRAME SYNC (N)
$LNAV,30.079,L1CA,21,8B55567E92974B095E6A0F5EFD4C00A10CCA1120AA8FD1A7BAF551CFFF75
$LOG,30.241,L1CA,17,SIGNAL FOUND (36.4,-10.2,0.8219200)
$LOG,30.307,L1CA,13,SYMBOL SYNC (87.384)
$LOG,30.309,L1CA,29,SIGNAL LOST (L1CA, 31.2)
$LOG,30.403,L1CA,29,SIGNAL FOUND (37.2,2048.5,0.4748800)
$LOG,30.501,L1CA,23,SIGNAL LOST (L1CA, 31.8)
$LOG,30.534,L1CA,23,SIGNAL FOUND (35.2,-1392.3,0.9596800)
$LOG,30.609,L1CA,19,SIGNAL LOST (L1CA, 31.1)
$LOG,30.609,L1CA,18,SIGNAL LOST (L1CA, 30.1)
$LOG,30.691,L1CA,19,SIGNAL NOT FOUND (35.0)
$LOG,30.709,L1CA,18,SIGNAL FOUND (37.0,941.0,0.0612800)
$LOG,30.809,L1CA,19,SIGNAL NOT FOUND (34.8)
$TIME,31.000,2025,4,14,12,28,28.872000,UTC
$LOG,30.909,L1CA,19,SIGNAL FOUND (35.1,502.7,0.4720000)
$CH,31.000,L1CA,8,28291,43.4,0.740068666,2100.699,59335.580,4,0
$CH,31.000,L1CA,6,1320,34.1,0.785861579,861.776,1095.686,0,0
$CH,31.000,L1CA,30,7391,32.3,0.204680261,-202.157,-1477.315,0,0
$CH,31.000,L1CA,21,26191,44.7,0.222544407,-1417.852,-37197.621,3,0
$CH,31.000,L1CA,2,30491,45.7,0.970545906,-1679.447,-51285.249,4,0
$CH,31.000,L1CA,9,28091,42.8,0.196247843,2268.800,63645.453,4,0
$CH,31.000,L1CA,5,5091,33.3,0.109337924,847.758,4332.870,0,0
$CH,31.000,L1CA,25,817,37.3,0.745927952,1272.730,1083.181,0,0
$CH,31.000,L1CA,14,1771,34.6,0.960825746,-1351.204,-2394.824,0,0
$CH,31.000,L1CA,27,25591,45.0,0.519528823,1940.841,49639.280,3,0
$CH,31.000,L1CA,12,13091,32.8,0.503230097,849.147,11183.876,1,0
$CH,31.000,L1CA,18,291,37.0,0.061186613,871.481,247.427,0,0
$CH,31.000,L1CA,7,28491,44.7,0.273238072,1353.679,38666.607,4,0
$CH,31.000,L1CA,13,16091,33.9,0.256372555,-143.175,-2226.332,0,1
$CH,31.000,L1CA,4,29591,49.1,0.751954928,1853.909,54849.107,4,0
$CH,31.000,L1CA,10,10191,34.4,0.149367584,852.221,8648.130,0,1
$CH,31.000,L1CA,28,1567,35.1,0.811707377,-198.620,-271.219,0,0
$CH,31.000,L1CA,23,466,35.2,0.960119720,-1723.773,-758.618,0,0
$CH,31.000,L1CA,26,25691,50.0,0.425431423,-2463.903,-63142.624,3,0
$CH,31.000,L1CA,29,597,37.2,0.474218644,1906.899,1113.478,0,0
$CH,31.000,L1CA,3,30091,53.1,0.560482604,847.770,25790.347,4,0
$CH,31.000,L1CA,11,974,36.9,0.644204930,1403.005,1359.749,0,0
$CH,31.000,L1CA,31,25191,44.8,0.625432542,-2595.417,-65428.248,3,0
$CH,31.000,L1CA,17,759,36.4,0.821985481,-126.746,-88.451,0,0
$CH,31.000,L1CA,24,1291,33.9,0.654573738,274.402,418.185,0,0
$CH,31.000,L1CA,32,4991,32.5,0.951364033,-125.784,-654.830,0,0
$CH,31.000,L1CA,1,30891,46.9,0.269861397,-2100.270,-64878.141,4,0
$CH,31.000,L1CA,16,26791,53.0,0.187458367,-144.109,-3598.308,4,0
$CH,31.000,L1CA,20,14791,33.3,0.064746979,-117.913,-1746.132,0,0
$CH,31.000,L1CA,19,91,35.1,0.471959050,377.935,38.412,0,0
$CH,31.000,L1CA,15,3603,32.6,0.765902445,-2732.327,-9789.014,0,0
$CH,31.000,L1CA,22,8291,32.5,0.230377082,-138.750,-1162.329,0,0
$LOG,31.526,L1CA,6,SYMBOL SYNC (64.050)
$TIME,32.000,2025,4,14,12,28,33.885000,UTC
$CH,32.000,L1CA,27,26591,45.6,0.518291131,1940.326,51579.546,3,0
$CH,32.000,L1CA,6,2320,34.2,0.785268811,853.150,1949.990,0,0
$CH,32.000,L1CA,14,2771,32.9,0.961742941,-1358.970,-3748.935,0,0
$CH,32.000,L1CA,28,2567,34.0,0.811889786,-204.464,-472.784,0,0
$CH,32.000,L1CA,24,2291,32.4,0.654438978,264.178,689.951,0,0
$CH,32.000,L1CA,13,17091,33.5,0.256466334,-141.422,-2370.563,0,1
$CH,32.000,L1CA,23,1466,32.5,0.961148356,-1678.055,-2424.423,0,0
$CH,32.000,L1CA,12,14091,32.3,0.502754264,842.409,12031.175,1,0
$CH,32.000,L1CA,19,1091,34.1,0.471606376,363.679,385.414,0,0
$CH,32.000,L1CA,10,11191,33.9,0.148877254,851.965,9499.673,0,1
$CH,32.000,L1CA,1,31891,47.1,0.271182514,-2100.102,-66978.010,4,0
$CH,32.000,L1CA,17,1759,35.1,0.822085409,-150.397,-228.084,0,0
$CH,32.000,L1CA,26,26691,50.0,0.426999155,-2463.940,-65606.564,3,0
$CH,32.000,L1CA,7,29491,44.9,0.272395490,1353.306,40020.212,4,0
$CH,32.000,L1CA,3,31091,52.7,0.559932749,846.581,26637.680,4,0
$CH,32.000,L1CA,4,30591,49.4,0.750782622,1855.183,56703.886,4,0
$CH,32.000,L1CA,9,29091,42.9,0.194807900,2268.128,65913.536,4,0
$CH,32.000,L1CA,15,4603,32.2,0.767621499,-2725.235,-12518.874,0,0
$CH,32.000,L1CA,22,9291,32.8,0.230459559,-146.206,-1306.483,0,0
$CH,32.000,L1CA,16,27791,53.3,0.187601810,-144.652,-3742.565,4,0
$CH,32.000,L1CA,20,15791,32.7,0.064848097,-117.321,-1866.041,0,0
$CH,32.000,L1CA,25,1817,35.5,0.745162586,1337.272,2408.004,0,0
$CH,32.000,L1CA,18,1291,35.5,0.060918274,839.991,1057.513,0,0
$CH,32.000,L1CA,8,29291,43.7,0.738741016,2102.028,61436.691,4,0
$CH,32.000,L1CA,29,1597,35.1,0.473154651,1805.185,2935.383,0,0
$CH,32.000,L1CA,21,27191,44.4,0.223447534,-1418.441,-38615.443,3,0
$CH,32.000,L1CA,32,5991,32.0,0.951450206,-131.574,-783.962,0,0
$CH,32.000,L1CA,5,6091,33.1,0.108795103,848.335,5180.144,0,0
$LOG,32.009,L1CA,32,SIGNAL LOST (L1CA, 31.8)
$CH,32.000,L1CA,2,31491,44.9,0.971608638,-1679.498,-52965.297,4,0
$CH,32.000,L1CA,30,8391,32.4,0.204841727,-200.569,-1681.705,0,0
$CH,32.000,L1CA,31,26191,45.0,0.627073327,-2595.501,-68024.166,3,0
$CH,32.000,L1CA,11,1974,34.7,0.643461251,1379.437,2746.070,0,0
$LOG,32.066,L1CA,17,SYMBOL SYNC (85.228)
$LOG,32.044,L1CA,32,SIGNAL FOUND (36.2,952.7,0.3556800)
$LOG,32.397,L1CA,15,SIGNAL LOST (L1CA, 31.9)
$LOG,32.409,L1CA,15,SIGNAL FOUND (36.7,-2659.7,0.0044800)
$LOG,32.534,L1CA,23,SIGNAL LOST (L1CA, 31.3)
$LOG,32.609,L1CA,23,SIGNAL FOUND (35.4,2074.5,0.6916800)
$LOG,32.709,L1CA,24,SIGNAL LOST (L1CA, 31.8)
$LOG,32.747,L1CA,24,SIGNAL FOUND (36.4,2052.9,0.3636800)
$TIME,33.000,2025,4,14,12,28,39.077000,UTC
$CH,33.000,L1CA,25,2817,34.4,0.744469584,1326.745,3740.332,0,0
$CH,33.000,L1CA,27,27591,45.4,0.517055985,1940.828,53519.852,3,0
$CH,33.000,L1CA,32,956,36.2,0.355290445,821.085,817.032,0,0
$CH,33.000,L1CA,18,2291,33.4,0.060500209,838.026,1897.210,0,0
$CH,33.000,L1CA,26,27691,50.5,0.428567601,-2464.372,-68070.966,3,0
$CH,33.000,L1CA,29,2597,33.5,0.472146715,1803.218,4743.085,0,0
$CH,33.000,L1CA,22,10291,32.0,0.230597762,-150.502,-1451.452,0,0
$CH,33.000,L1CA,15,591,36.7,0.005400801,-2784.828,-1578.943,0,0
$CH,33.000,L1CA,3,32091,52.8,0.559402027,846.601,27484.381,4,0
$CH,33.000,L1CA,17,2759,34.1,0.822179508,-150.833,-373.159,0,0
$CH,33.000,L1CA,20,16791,32.6,0.064892903,-128.162,-1986.859,0,0
$CH,33.000,L1CA,14,3771,32.3,0.962629611,-1357.698,-5103.787,0,0
$CH,33.000,L1CA,28,3567,33.1,0.812038641,-202.489,-671.887,0,0
$CH,33.000,L1CA,2,32491,45.3,0.972679629,-1679.918,-54645.221,4,0
$CH,33.000,L1CA,8,30291,43.8,0.737410239,2101.878,63538.050,4,0
$CH,33.000,L1CA,1,32891,47.5,0.272521408,-2100.297,-69077.859,4,0
$CH,33.000,L1CA,11,2974,32.7,0.642713069,1380.169,4132.020,0,0
$CH,33.000,L1CA,7,30491,44.6,0.271545932,1353.525,41373.574,4,0
$CH,33.000,L1CA,16,28791,53.5,0.187645152,-145.585,-3887.532,4,0
$CH,33.000,L1CA,5,7091,33.2,0.108240492,848.848,6026.878,0,0
$CH,33.000,L1CA,10,12191,32.9,0.148403538,855.677,10350.510,0,1
$CH,33.000,L1CA,30,9391,32.7,0.204939658,-204.633,-1886.090,0,0
$CH,33.000,L1CA,19,2091,33.5,0.471369667,355.248,740.789,0,0
$CH,33.000,L1CA,21,28191,44.8,0.224361251,-1417.256,-40033.090,3,0
$CH,33.000,L1CA,13,18091,32.7,0.256622931,-145.902,-2515.529,0,1
$CH,33.000,L1CA,23,391,35.4,0.691276183,1840.435,749.875,0,0
$CH,33.000,L1CA,24,253,36.4,0.363323981,2335.434,560.454,0,0
$CH,33.000,L1CA,6,3320,33.1,0.784632520,853.070,2800.909,0,0
$CH,33.000,L1CA,4,31591,49.3,0.749612325,1855.253,58558.752,4,0
$CH,33.000,L1CA,9,30091,43.0,0.193371987,2268.021,68181.774,4,0
$CH,33.000,L1CA,12,15091,32.1,0.502212778,848.738,12877.873,1,0
$CH,33.000,L1CA,31,27191,45.0,0.628728784,-2596.016,-70619.965,3,0
$LOG,33.026,L1CA,11,SIGNAL LOST (L1CA, 31.3)
$LOG,33.093,L1CA,11,SIGNAL FOUND (36.9,-3571.9,0.6627200)
$LOG,33.229,L1CA,14,SIGNAL LOST (L1CA, 31.7)
$LOG,33.287,L1CA,14,SIGNAL FOUND (36.6,952.7,0.5387200)
$LOG,33.403,L1CA,29,SIGNAL LOST (L1CA, 31.7)
$LOG,33.454,L1CA,29,SIGNAL FOUND (35.4,-16.9,0.6089600)
$LOG,33.709,L1CA,22,SIGNAL LOST (L1CA, 31.7)
$LOG,33.764,L1CA,22,SIGNAL FOUND (36.0,-1027.8,0.0840000)
$TIME,34.000,2025,4,14,12,28,46.020000,UTC
$CH,34.000,L1CA,15,1591,34.0,0.007075348,-2836.537,-4403.381,0,0
$CH,34.000,L1CA,11,907,36.9,0.664750668,-3679.749,-3332.770,0,0
$CH,34.000,L1CA,28,4567,32.9,0.812166366,-195.961,-869.315,0,0
$CH,34.000,L1CA,1,33891,47.3,0.273859341,-2099.823,-71177.670,4,0
$CH,34.000,L1CA,4,32591,48.8,0.748425890,1854.398,60413.681,4,0
$CH,34.000,L1CA,16,29791,53.4,0.187761995,-146.271,-4033.217,4,0
$CH,34.000,L1CA,31,28191,44.9,0.630374348,-2595.740,-73215.669,3,0
$CH,34.000,L1CA,5,8091,33.5,0.107743349,844.971,6872.979,0,0
$CH,34.000,L1CA,3,33091,53.4,0.558862929,845.890,28330.469,4,0
$CH,34.000,L1CA,32,1956,34.9,0.354922026,797.173,1612.895,0,0
$CH,34.000,L1CA,30,10391,32.9,0.204972962,-207.767,-2090.089,0,0
$CH,34.000,L1CA,21,29191,44.6,0.225252460,-1417.335,-41450.568,3,0
$CH,34.000,L1CA,24,1253,34.6,0.362026670,2408.751,2910.191,0,0
$CH,34.000,L1CA,19,3091,33.0,0.471221107,356.562,1095.058,0,0
$CH,34.000,L1CA,7,31491,44.3,0.270675819,1353.115,42726.709,4,0
$CH,34.000,L1CA,14,713,36.6,0.538374914,785.992,609.566,0,0
$CH,34.000,L1CA,25,3817,33.3,0.743856364,1339.926,5075.321,0,0
$CH,34.000,L1CA,10,13191,32.7,0.147881742,845.945,11200.628,0,1
$CH,34.000,L1CA,29,546,35.4,0.608972870,-134.827,-72.352,0,0
$CH,34.000,L1CA,26,28691,50.4,0.430127483,-2464.578,-70535.825,3,0
$CH,34.000,L1CA,17,3759,33.6,0.822212829,-140.312,-518.718,0,0
$CH,34.000,L1CA,20,17791,32.6,0.064958331,-125.436,-2106.895,0,0
$CH,34.000,L1CA,22,236,36.0,0.084163914,-1174.880,-257.590,0,0
$CH,34.000,L1CA,12,16091,32.5,0.501633866,850.360,13723.968,1,0
$CH,34.000,L1CA,18,3291,32.3,0.060006538,837.334,2739.680,0,0
$CH,34.000,L1CA,27,28591,45.6,0.515830042,1941.081,55460.196,3,0
$CH,34.000,L1CA,23,1391,33.6,0.690197643,1889.999,2627.419,0,0
$CH,34.000,L1CA,6,4320,32.6,0.784154063,846.039,3651.152,0,0
$CH,34.000,L1CA,13,19091,32.7,0.256676258,-143.946,-2661.219,0,1
$CH,34.000,L1CA,2,33491,45.6,0.973744889,-1679.724,-56325.020,4,0
$CH,34.000,L1CA,8,31291,44.2,0.736080640,2102.309,65639.675,4,0
$CH,34.000,L1CA,9,31091,43.1,0.191921707,2267.053,70450.177,4,0
$LOG,34.409,L1CA,15,SIGNAL LOST (L1CA, 31.4)
$LOG,34.493,L1CA,15,SIGNAL FOUND (35.5,147.4,0.3620800)
$LOG,34.609,L1CA,23,SIGNAL LOST (L1CA, 31.4)
$LOG,34.655,L1CA,23,SIGNAL FOUND (35.7,316.1,0.7507200)
$LOG,34.909,L1CA,13,SIGNAL LOST (L1CA, 31.8)
$LOG,34.909,L1CA,19,SIGNAL LOST (L1CA, 31.9)
$TIME,35.000,2025,4,14,12,28,51.728000,UTC
$LOG,34.975,L1CA,13,SIGNAL FOUND (35.9,545.8,0.0774400)
$CH,35.000,L1CA,32,2956,32.9,0.354503154,794.943,2409.068,0,0
$CH,35.000,L1CA,7,32491,44.5,0.269815508,1353.535,44079.605,4,0
$CH,35.000,L1CA,22,1236,33.3,0.084712939,-1017.062,-1363.398,0,0
$CH,35.000,L1CA,31,29191,45.0,0.632019988,-2595.378,-75811.261,3,0
$CH,35.000,L1CA,14,1713,35.0,0.537983168,840.355,1437.018,0,0
$CH,35.000,L1CA,18,4291,32.4,0.059495487,849.408,3584.948,0,0
$CH,35.000,L1CA,1,34891,46.5,0.275194533,-2099.308,-73277.465,4,0
$CH,35.000,L1CA,16,30791,53.1,0.187863437,-146.871,-4179.612,4,0
$CH,35.000,L1CA,28,5567,32.7,0.812275864,-194.394,-1064.207,0,0
$CH,35.000,L1CA,29,1546,34.1,0.609019064,-249.334,-280.054,0,0
$CH,35.000,L1CA,10,14191,32.8,0.147323234,849.119,12046.415,0,1
$CH,35.000,L1CA,30,11391,33.2,0.205003125,-208.187,-2293.821,0,0
$CH,35.000,L1CA,8,32291,43.5,0.734742145,2102.064,67741.554,4,0
$CH,35.000,L1CA,3,34091,53.3,0.558316726,845.085,29175.928,4,0
$CH,35.000,L1CA,26,29691,50.0,0.431689723,-2466.145,-73001.151,3,0
$CH,35.000,L1CA,15,507,35.5,0.362021599,399.199,165.396,0,0
$CH,35.000,L1CA,27,29591,45.7,0.514594160,1940.943,57400.586,3,0
$CH,35.000,L1CA,24,2253,32.2,0.360536462,2410.776,5323.900,0,0
$CH,35.000,L1CA,23,345,35.7,0.750631459,360.402,121.999,0,0
$CH,35.000,L1CA,17,4759,33.7,0.822240586,-147.649,-665.111,0,0
$CH,35.000,L1CA,9,32091,43.8,0.190482926,2268.255,72718.744,4,0
$CH,35.000,L1CA,4,33591,48.4,0.747245671,1855.513,62268.696,4,0
$CH,35.000,L1CA,25,4817,32.1,0.743196117,1342.639,6412.505,0,0
$CH,35.000,L1CA,6,5320,33.2,0.783561817,848.137,4500.841,0,0
$CH,35.000,L1CA,11,1907,33.9,0.667110522,-3665.694,-6994.440,0,0
$CH,35.000,L1CA,12,17091,32.8,0.501137398,845.818,14569.443,1,0
$CH,35.000,L1CA,2,34491,44.9,0.974817479,-1678.679,-58004.702,4,0
$CH,35.000,L1CA,13,25,35.9,0.077433531,530.271,13.411,0,1
$CH,35.000,L1CA,20,18791,32.2,0.065106474,-117.137,-2226.550,0,0
$CH,35.000,L1CA,5,9091,33.2,0.107259078,847.510,7718.416,0,0
$CH,35.000,L1CA,21,30191,44.6,0.226153316,-1417.075,-42867.854,3,0
$LOG,35.044,L1CA,32,SIGNAL LOST (L1CA, 31.6)
$LOG,35.009,L1CA,19,SIGNAL FOUND (36.9,-4011.1,0.2710400)
$LOG,35.183,L1CA,25,SIGNAL LOST (L1CA, 31.0)
$LOG,35.109,L1CA,32,SIGNAL FOUND (36.0,-1331.3,0.1664000)
$LOG,35.209,L1CA,25,SIGNAL FOUND (35.6,2449.9,0.2240000)
$LOG,35.486,L1CA,18,SYMBOL SYNC (85.270)
$LOG,35.747,L1CA,24,SIGNAL LOST (L1CA, 31.6)
$LOG,35.764,L1CA,22,SIGNAL LOST (L1CA, 31.6)
$LOG,35.769,L1CA,24,SIGNAL FOUND (36.5,-3478.4,0.2235200)
$LOG,35.809,L1CA,22,SIGNAL FOUND (36.4,-3586.0,0.0369600)
$TIME,36.000,2025,4,14,12,28,59.685000,UTC
$CH,36.000,L1CA,24,231,36.5,0.224040004,-3666.559,-824.968,0,0
$CH,36.000,L1CA,11,2907,32.3,0.669487060,-3656.535,-10656.735,0,0
$CH,36.000,L1CA,14,2713,33.4,0.537446251,841.010,2281.345,0,0
$CH,36.000,L1CA,4,34591,48.8,0.746066260,1855.277,64123.797,4,0
$CH,36.000,L1CA,9,33091,43.4,0.189051641,2269.134,74987.462,4,0
$CH,36.000,L1CA,19,991,36.9,0.273632362,-4204.589,-4181.122,0,0
$CH,36.000,L1CA,22,191,36.4,0.037383629,-3648.746,-692.288,0,0
$CH,36.000,L1CA,29,2546,33.1,0.609218847,-243.512,-522.562,0,0
$CH,36.000,L1CA,31,30191,44.7,0.633672051,-2594.590,-78406.758,3,0
$CH,36.000,L1CA,27,30591,46.0,0.513357707,1940.330,59341.014,3,0
$CH,36.000,L1CA,17,5759,33.5,0.822391045,-141.358,-812.217,0,0
$CH,36.000,L1CA,6,6320,34.1,0.782991936,852.688,5349.987,0,0
$CH,36.000,L1CA,16,31791,53.6,0.187926940,-147.363,-4326.720,4,0
$CH,36.000,L1CA,23,1345,34.0,0.750392709,317.169,444.727,0,0
$CH,36.000,L1CA,3,35091,53.4,0.557796580,844.630,30020.757,4,0
$CH,36.000,L1CA,2,35491,44.7,0.975874687,-1679.957,-59684.253,4,0
$CH,36.000,L1CA,20,19791,32.0,0.065220106,-113.859,-2345.818,0,0
$CH,36.000,L1CA,12,18091,33.0,0.500609885,846.408,15414.261,1,0
$CH,36.000,L1CA,7,33491,44.3,0.268958429,1352.154,45432.258,4,0
$CH,36.000,L1CA,15,1507,34.2,0.361759208,345.404,527.116,0,0
$CH,36.000,L1CA,1,35891,46.5,0.276523926,-2100.259,-75377.233,4,0
$CH,36.000,L1CA,25,791,35.6,0.222901139,2342.622,1852.614,0,0
$CH,36.000,L1CA,5,10091,33.0,0.106715538,847.892,8563.245,0,0
$CH,36.000,L1CA,18,5291,32.4,0.058927655,840.849,4429.784,0,0
$CH,36.000,L1CA,8,33291,43.2,0.733401657,2102.055,69843.684,4,0
$CH,36.000,L1CA,32,891,36.0,0.166951246,-1274.511,-1033.396,0,0
$CH,36.000,L1CA,21,31191,45.1,0.227045203,-1416.857,-44284.980,3,0
$CH,36.000,L1CA,28,6567,33.1,0.812409354,-199.182,-1258.438,0,0
$CH,36.000,L1CA,26,30691,49.8,0.433256995,-2466.191,-75466.936,3,0
$CH,36.000,L1CA,13,1025,33.7,0.077393261,-125.682,160.184,0,1
$CH,36.000,L1CA,10,15191,32.3,0.146734194,839.450,12891.275,0,1
$CH,36.000,L1CA,30,12391,32.8,0.205118306,-202.341,-2498.319,0,0
$LOG,36.093,L1CA,11,SIGNAL LOST (L1CA, 31.5)
$LOG,36.109,L1CA,11,SIGNAL FOUND (36.0,-523.1,0.4158400)
$LOG,36.227,L1CA,16,FRAME SYNC (N)
$LNAV,36.067,L1CA,16,8B55567E930739D0002AAAAAAAAAAAAAAAAAAAAAEA0260AE000031C474FA
$LOG,36.227,L1CA,3,FRAME SYNC (N)
$LNAV,36.067,L1CA,3,8B55567E930739D0002AAAAAAAAAAAAAAAAAAAAA040260AE0000B4EE382D
$LOG,36.209,L1CA,20,SIGNAL LOST (L1CA, 30.5)
$LOG,36.227,L1CA,12,FRAME SYNC (N)
$LOG,36.067,L1CA,12,LNAV PARITY ERROR
$LOG,36.227,L1CA,10,FRAME SYNC (R)
$LOG,36.067,L1CA,10,LNAV PARITY ERROR
$LOG,36.231,L1CA,26,FRAME SYNC (R)
$LNAV,36.071,L1CA,26,8B55567E930739D0002AAAAAAAAAAAAAAAAAAAAA0F0260AE00FFF01DF426
$LOG,36.980,PNTPOS ERROR,no observation data
$LOG,36.238,L1CA,27,FRAME SYNC (N)
$LNAV,36.078,L1CA,27,8B55567E930739D0002AAAAAAAAAAAAAAAAAAAAA030260AE00FFC9FAD82F
$LOG,36.228,L1CA,5,FRAME SYNC (N)
$LNAV,36.068,L1CA,5,8B55567E930739D0002AAAAAAAAAAAAAAAAAAAAA040260AE0000B4EE382D
$LOG,36.238,L1CA,1,FRAME SYNC (R)
$LNAV,36.078,L1CA,1,8B55567E930739D1FC2AAAAAAAAAAAAAAAAAAAAA0B0260AE00FFF815B212
$LOG,36.241,L1CA,9,FRAME SYNC (R)
$LNAV,36.081,L1CA,9,8B55567E930739D0002AAAAAAAAAAAAAAAAAAAAA020260AE00005AF8245E
$LOG,36.239,L1CA,21,FRAME SYNC (N)
$LNAV,36.079,L1CA,21,8B55567E930739D1002AAAAAAAAAAAAAAAAAAAAAEA0260AE00FFF91384F1
$LOG,36.237,L1CA,31,FRAME SYNC (R)
$LNAV,36.077,L1CA,31,8B55567E930739D0002AAAAAAAAAAAAAAAAAAAAAE40260AE00FFFBE2B95A
$LOG,36.241,L1CA,7,FRAME SYNC (R)
$LNAV,36.081,L1CA,7,8B55567E930739D0002AAAAAAAAAAAAAAAAAAAAAE80260AE00FFA408D90F
$LOG,36.234,L1CA,4,FRAME SYNC (R)
$LNAV,36.074,L1CA,4,8B55567E930739D0002AAAAAAAAAAAAAAAAAAAAAF70260AE000062146A2E
$LOG,36.240,L1CA,8,FRAME SYNC (N)
$LNAV,36.080,L1CA,8,8B55567E930739D1002AAAAAAAAAAAAAAAAAAAAA0B0260AE00FFEFED5C15
$LOG,36.238,L1CA,2,FRAME SYNC (N)
$LNAV,36.078,L1CA,2,8B55567E930739D0002AAAAAAAAAAAAAAAAAAAAADA0260AE000027B76176
$LOG,36.241,L1CA,20,SIGNAL FOUND (36.1,1522.4,0.5878400)
$LOG,36.606,L1CA,10,SYMBOL SYNC (-69.642)
$LOG,36.609,L1CA,30,SIGNAL LOST (L1CA, 32.0)
$LOG,36.692,L1CA,30,SIGNAL FOUND (35.2,597.0,0.6260800)
$LOG,36.906,L1CA,14,SYMBOL SYNC (55.013)
$TIME,37.000,2025,4,14,12,29,7.097000,UTC
$CH,37.000,L1CA,2,36491,44.6,0.976947000,-1678.961,-61363.689,5,0
$CH,37.000,L1CA,32,1891,34.2,0.167679373,-1257.680,-2287.069,0,0
$CH,37.000,L1CA,6,7320,34.0,0.782463855,852.978,6198.113,0,0
$CH,37.000,L1CA,22,1191,33.3,0.039597848,-3593.282,-4306.976,0,0
$CH,37.000,L1CA,21,32191,45.1,0.227953980,-1416.979,-45701.917,4,0
$CH,37.000,L1CA,7,34491,44.5,0.268090782,1352.049,46784.680,5,0
$CH,37.000,L1CA,23,2345,33.5,0.750158102,308.079,758.033,0,0
$CH,37.000,L1CA,16,32791,53.7,0.188081246,-148.272,-4474.540,5,0
$CH,37.000,L1CA,12,19091,32.4,0.500029142,847.057,16258.524,1,1
$CH,37.000,L1CA,13,2025,32.2,0.077486314,-127.210,32.338,0,1
$CH,37.000,L1CA,30,308,35.2,0.625945113,896.289,243.093,0,0
$CH,37.000,L1CA,4,35591,48.3,0.744896957,1855.113,65978.968,5,0
$CH,37.000,L1CA,8,34291,43.7,0.732074347,2103.261,71946.072,5,0
$CH,37.000,L1CA,20,759,36.1,0.587212219,1386.395,1018.884,0,0
$CH,37.000,L1CA,26,31691,49.6,0.434823001,-2466.111,-77933.183,4,0
$CH,37.000,L1CA,27,31591,46.0,0.512135000,1939.742,61281.479,4,0
$CH,37.000,L1CA,28,7567,32.8,0.812506744,-188.334,-1452.023,0,0
$CH,37.000,L1CA,25,1791,34.0,0.221533785,2271.751,4133.332,0,0
$CH,37.000,L1CA,5,11091,33.1,0.106183688,844.875,9407.437,1,0
$CH,37.000,L1CA,14,3713,32.5,0.536857980,841.273,3125.458,0,0
$CH,37.000,L1CA,10,16191,32.3,0.146193992,846.827,13735.477,0,2
$CH,37.000,L1CA,18,6291,32.3,0.058412029,838.755,5273.934,0,0
$CH,37.000,L1CA,24,1231,33.6,0.226389137,-3683.981,-4545.208,0,0
$CH,37.000,L1CA,9,34091,43.2,0.187614541,2269.061,77256.352,5,0
$CH,37.000,L1CA,31,31191,44.9,0.635309738,-2594.923,-81002.137,4,0
$CH,37.000,L1CA,15,2507,33.1,0.361457759,345.450,874.697,0,0
$CH,37.000,L1CA,19,1991,34.0,0.276253217,-4214.316,-8395.092,0,0
$CH,37.000,L1CA,11,891,36.0,0.416111386,-695.063,-546.392,0,0
$CH,37.000,L1CA,1,36891,46.2,0.277856346,-2099.622,-77476.975,5,0
$CH,37.000,L1CA,29,3546,32.8,0.609398410,-242.880,-764.246,0,0
$CH,37.000,L1CA,17,6759,33.1,0.822500894,-149.838,-960.057,0,0
$CH,37.000,L1CA,3,36091,53.2,0.557257566,843.948,30864.964,5,0
$LOG,37.109,L1CA,32,SIGNAL LOST (L1CA, 31.5)
$LOG,37.106,L1CA,12,SYMBOL SYNC (94.710)
$LOG,37.209,L1CA,25,SIGNAL LOST (L1CA, 31.2)
$LOG,37.206,L1CA,32,SIGNAL FOUND (36.7,-458.0,0.6358400)
$LOG,37.309,L1CA,25,SIGNAL FOUND (36.3,-462.4,0.1454400)
$LOG,37.493,L1CA,15,SIGNAL LOST (L1CA, 31.7)
$LOG,37.509,L1CA,15,SIGNAL FOUND (35.6,-2978.0,0.5673600)
$LOG,37.769,L1CA,24,SIGNAL LOST (L1CA, 31.4)
$LOG,37.798,L1CA,24,SIGNAL FOUND (36.1,548.3,0.5636800)
$LOG,37.809,L1CA,22,SIGNAL LOST (L1CA, 31.7)
$LOG,37.824,L1CA,22,SIGNAL FOUND (36.5,5000.0,0.0356800)
$TIME,38.000,2025,4,14,12,29,12.465000,UTC
$LOG,37.975,L1CA,13,SIGNAL LOST (L1CA, 31.0)
$OBS,37.980,2279,388838.000,G01,1C,46.8,29163559.917,79537.297,-2099.840,0
$OBS,37.980,2279,388838.000,G26,1C,49.9,27112137.396,80353.519,-2467.000,0
$OBS,37.980,2279,388838.000,G03,1C,53.8,25949051.416,-31692.521,843.164,0
$OBS,37.980,2279,388838.000,G09,1C,43.5,30035066.684,-79481.782,2270.622,0
$OBS,37.980,2279,388838.000,G04,1C,48.2,28103663.305,-67798.480,1855.027,0
$OBS,37.980,2279,388838.000,G31,1C,44.7,28971023.359,83548.599,-2595.007,0
$OBS,37.980,2279,388838.000,G07,1C,43.4,30059365.798,-48110.681,1351.236,0
$OBS,37.980,2279,388838.000,G21,1C,45.1,29448262.209,47091.759,-1416.253,0
$OBS,37.980,2279,388838.000,G16,1C,53.7,25838545.521,4620.245,-149.050,0
$OBS,37.980,2279,388838.000,G02,1C,44.6,29373065.190,63011.091,-1679.679,0
$OBS,37.980,2279,388838.000,G27,1C,45.6,29233038.622,-63185.118,1941.093,0
$OBS,37.980,2279,388838.000,G08,1C,43.5,29898529.357,-74008.771,2102.685,0
$POS,37.980,2023,9,14,12,0,37.981999990,15.391015588,73.878067045,15.367,7,12
$CH,38.000,L1CA,4,36591,48.2,0.743710872,1855.143,67834.230,5,0
$CH,38.000,L1CA,14,4713,32.2,0.536299916,848.999,3968.994,0,0
$CH,38.000,L1CA,21,33191,45.1,0.228846526,-1416.327,-47118.676,4,0
$CH,38.000,L1CA,24,202,36.1,0.563649770,376.268,86.160,0,0
$CH,38.000,L1CA,19,2991,32.1,0.278912748,-4218.890,-12610.576,0,0
$CH,38.000,L1CA,11,1891,33.2,0.416385335,-665.015,-1212.375,0,0
$CH,38.000,L1CA,26,32691,49.9,0.436389126,-2467.249,-80399.892,4,0
$CH,38.000,L1CA,32,794,36.7,0.636062163,-674.934,-495.810,0,0
$CH,38.000,L1CA,3,37091,53.8,0.556712114,843.715,31708.545,5,0
$CH,38.000,L1CA,16,33791,53.7,0.188113001,-148.762,-4623.075,5,0
$CH,38.000,L1CA,9,35091,43.5,0.186168274,2268.163,79525.399,5,0
$CH,38.000,L1CA,18,7291,32.6,0.057969273,843.283,6117.583,0,0
$CH,38.000,L1CA,20,1759,34.4,0.586454852,1332.907,2356.183,0,0
$CH,38.000,L1CA,27,32591,45.6,0.510898479,1940.471,63221.988,4,0
$CH,38.000,L1CA,8,35291,43.5,0.730734746,2102.963,74048.722,5,0
$CH,38.000,L1CA,31,32191,44.7,0.636963859,-2596.051,-83597.407,4,0
$CH,38.000,L1CA,6,8320,33.8,0.781935633,845.007,7044.010,0,0
$CH,38.000,L1CA,2,37491,44.6,0.978016205,-1678.513,-63042.997,5,0
$CH,38.000,L1CA,25,691,36.3,0.145687233,-703.140,-440.708,0,0
$CH,38.000,L1CA,12,20091,32.9,0.499520943,839.160,17102.043,1,1
$CH,38.000,L1CA,15,491,35.6,0.568243629,-3217.310,-1544.152,0,0
$CH,38.000,L1CA,30,1308,34.6,0.625512056,850.199,1095.054,0,0
$CH,38.000,L1CA,1,37891,46.8,0.279188747,-2099.981,-79576.691,5,0
$CH,38.000,L1CA,7,35491,43.4,0.267237048,1352.771,48136.870,5,0
$CH,38.000,L1CA,5,12091,33.4,0.105665656,845.807,10251.059,1,0
$CH,38.000,L1CA,17,7759,33.2,0.822656638,-147.504,-1108.579,0,0
$CH,38.000,L1CA,22,176,36.5,0.035135795,4899.869,862.699,0,0
$CH,38.000,L1CA,10,17191,32.6,0.145665182,839.902,14579.073,0,2
$CH,38.000,L1CA,29,4546,32.6,0.609518629,-244.848,-1003.757,0,0
$CH,38.000,L1CA,28,8567,32.8,0.812626738,-193.139,-1642.879,0,0
$CH,38.000,L1CA,23,3345,32.8,0.749920395,317.880,1070.543,0,0
$LOG,38.009,L1CA,19,SIGNAL LOST (L1CA, 31.2)
$LOG,38.009,L1CA,13,SIGNAL FOUND (36.8,1683.5,0.0171200)
$LOG,38.109,L1CA,11,SIGNAL LOST (L1CA, 31.8)
$LOG,38.109,L1CA,19,SIGNAL FOUND (35.4,-2972.5,0.2420800)
$LOG,38.266,L1CA,30,SYMBOL SYNC (-80.545)
$LOG,38.287,L1CA,14,SIGNAL LOST (L1CA, 31.5)
$LOG,38.209,L1CA,11,SIGNAL FOUND (35.9,3927.3,0.7307200)
$LOG,38.309,L1CA,14,SIGNAL FOUND (36.9,-387.5,0.1577600)
$LOG,38.655,L1CA,23,SIGNAL LOST (L1CA, 31.6)
$LOG,38.709,L1CA,23,SIGNAL NOT FOUND (35.0)
$LOG,38.809,L1CA,23,SIGNAL FOUND (35.5,-2975.1,0.4944000)
$TIME,39.000,2025,4,14,12,29,16.954000,UTC
$CH,39.000,L1CA,5,13091,33.8,0.105136740,837.061,11093.952,1,0
$CH,39.000,L1CA,17,8759,32.8,0.822744036,-148.849,-1255.736,0,0
$CH,39.000,L1CA,23,191,35.5,0.494734143,-2707.914,-540.183,0,0
$CH,39.000,L1CA,3,38091,54.1,0.556191635,842.891,32551.504,5,0
$CH,39.000,L1CA,32,1794,34.5,0.636339528,-653.342,-1158.616,0,0
$CH,39.000,L1CA,25,1691,34.6,0.145965595,-659.287,-1107.185,0,0
$CH,39.000,L1CA,7,36491,42.9,0.266379303,1351.218,49488.824,5,0
$CH,39.000,L1CA,31,33191,45.4,0.638615863,-2595.350,-86192.577,4,0
$CH,39.000,L1CA,8,36291,43.5,0.729394601,2101.550,76151.629,5,0
$CH,39.000,L1CA,11,791,35.9,0.728894932,3630.818,3002.016,0,0
$CH,39.000,L1CA,1,38891,46.8,0.280524701,-2099.933,-81676.384,5,0
$CH,39.000,L1CA,15,1491,33.1,0.570289247,-3217.658,-4748.824,0,0
$CH,39.000,L1CA,9,36091,43.8,0.184721618,2270.175,81794.610,5,0
$CH,39.000,L1CA,26,33691,50.0,0.437955994,-2467.247,-82867.059,4,0
$CH,39.000,L1CA,27,33591,45.2,0.509666092,1940.888,65162.533,4,0
$CH,39.000,L1CA,21,34191,44.9,0.229750061,-1416.757,-48535.268,4,0
$CH,39.000,L1CA,19,891,35.4,0.243664731,-2757.243,-2603.825,0,0
$CH,39.000,L1CA,12,21091,33.0,0.499026426,845.374,17945.015,1,1
$CH,39.000,L1CA,13,991,36.8,0.016027681,1899.585,1806.926,0,1
$CH,39.000,L1CA,4,37591,48.9,0.742536175,1855.689,69689.558,5,0
$CH,39.000,L1CA,18,8291,32.7,0.057479374,842.326,6960.469,0,0
$CH,39.000,L1CA,29,5546,32.3,0.609547479,-237.508,-1243.168,0,0
$CH,39.000,L1CA,24,1202,34.9,0.563514779,286.398,406.646,0,0
$CH,39.000,L1CA,28,9567,32.5,0.812719339,-184.503,-1832.378,0,0
$CH,39.000,L1CA,14,691,36.9,0.157947076,-150.898,-151.110,0,0
$CH,39.000,L1CA,10,18191,32.6,0.145176399,843.306,15422.003,0,2
$CH,39.000,L1CA,30,2308,33.8,0.625110176,848.595,1944.917,0,0
$CH,39.000,L1CA,20,2759,33.4,0.585769150,1333.640,3688.785,0,0
$CH,39.000,L1CA,16,34791,53.7,0.188240090,-149.877,-4772.322,5,0
$CH,39.000,L1CA,6,9320,33.5,0.781388618,837.177,7887.049,0,0
$CH,39.000,L1CA,2,38491,45.1,0.979077860,-1679.605,-64722.177,5,0
$CH,39.000,L1CA,22,1176,33.1,0.031899380,5270.266,6011.125,0,0
$OBS,39.000,2279,388839.000,G03,1C,54.1,19953044.117,-32552.347,843.066,0
$OBS,39.000,2279,388839.000,G07,1C,42.9,24063254.896,-49489.675,1353.338,0
$OBS,39.000,2279,388839.000,G31,1C,45.4,22975679.516,86195.672,-2595.067,0
$OBS,39.000,2279,388839.000,G08,1C,43.5,23902270.775,-76153.731,2102.666,0
$OBS,39.000,2279,388839.000,G01,1C,46.8,23168118.860,81678.984,-2100.575,0
$OBS,39.000,2279,388839.000,G09,1C,43.8,24038774.352,-81796.381,2268.358,0
$OBS,39.000,2279,388839.000,G26,1C,50.0,21116768.443,82870.026,-2466.986,0
$OBS,39.000,2279,388839.000,G27,1C,45.2,23236812.951,-65164.473,1940.936,0
$OBS,39.000,2279,388839.000,G21,1C,44.9,23452689.315,48536.685,-1416.621,0
$OBS,39.000,2279,388839.000,G04,1C,48.9,22107455.816,-69690.914,1855.144,0
$OBS,39.000,2279,388839.000,G16,1C,53.7,19842735.218,4772.472,-149.374,0
$OBS,39.000,2279,388839.000,G02,1C,45.1,23377539.743,64723.857,-1678.552,0
$POS,39.000,2023,9,14,12,0,39.002000007,15.391019833,73.878049110,1.896,7,12
$LOG,39.454,L1CA,29,SIGNAL LOST (L1CA, 32.0)
$LOG,39.433,L1CA,28,SIGNAL LOST (L1CA, 31.9)
$LOG,39.502,L1CA,28,SIGNAL FOUND (36.7,1016.4,0.8472000)
$LOG,39.609,L1CA,29,SIGNAL FOUND (37.0,2666.5,0.4112000)
$LOG,39.824,L1CA,22,SIGNAL LOST (L1CA, 31.3)
$LOG,39.885,L1CA,22,SIGNAL FOUND (36.4,-2979.3,0.1804800)
$TIME,40.000,2025,4,14,12,29,21.510000,UTC
$CH,40.000,L1CA,9,37091,43.6,0.183291770,2270.236,84063.979,5,0
$CH,40.000,L1CA,28,498,36.7,0.846931090,771.698,428.953,0,0
$CH,40.000,L1CA,20,3759,32.3,0.585148513,1333.073,5021.971,0,0
$CH,40.000,L1CA,2,39491,45.1,0.980137118,-1680.190,-66401.245,5,0
$CH,40.000,L1CA,17,9759,32.6,0.822843992,-146.700,-1403.730,0,0
$CH,40.000,L1CA,22,115,36.4,0.180724474,-3163.148,-357.795,0,0
$CH,40.000,L1CA,18,9291,32.6,0.056981591,840.648,7802.799,0,0
$CH,40.000,L1CA,31,34191,44.8,0.640260626,-2595.521,-88787.640,4,0
$CH,40.000,L1CA,32,2794,32.0,0.636649234,-661.226,-1817.606,0,0
$CH,40.000,L1CA,8,37291,43.3,0.728068051,2104.164,78254.791,5,0
$CH,40.000,L1CA,3,39091,53.8,0.555651054,841.982,33393.834,5,0
$CH,40.000,L1CA,14,1691,35.5,0.158114995,-157.359,-311.865,0,0
$CH,40.000,L1CA,5,14091,33.6,0.104556751,835.433,11936.298,1,0
$CH,40.000,L1CA,11,1791,33.7,0.726586897,3605.344,6608.584,0,0
$CH,40.000,L1CA,7,37491,42.8,0.265518904,1350.632,50840.543,5,0
$CH,40.000,L1CA,6,10320,33.4,0.780777600,837.662,8728.669,0,0
$CH,40.000,L1CA,23,1191,33.4,0.496369576,-2928.153,-3331.179,0,0
$CH,40.000,L1CA,21,35191,45.0,0.230651529,-1414.734,-49951.676,4,0
$CH,40.000,L1CA,15,2491,32.4,0.572278259,-3216.744,-7969.214,0,0
$CH,40.000,L1CA,19,1891,33.3,0.245331963,-2783.346,-5387.932,0,0
$CH,40.000,L1CA,13,1991,35.2,0.014918746,1923.412,3730.132,0,1
$CH,40.000,L1CA,29,391,37.0,0.410512858,2882.515,1107.451,0,0
$CH,40.000,L1CA,26,34691,50.0,0.439519567,-2467.973,-85334.688,4,0
$CH,40.000,L1CA,16,35791,53.3,0.188319877,-149.999,-4922.285,5,0
$CH,40.000,L1CA,24,2202,33.1,0.563464702,290.368,692.882,0,0
$CH,40.000,L1CA,1,39891,46.3,0.281861892,-2100.431,-83776.049,5,0
$CH,40.000,L1CA,10,19191,32.4,0.144670623,841.910,16264.313,0,2
$CH,40.000,L1CA,25,2691,32.5,0.146407651,-658.548,-1770.021,0,0
$CH,40.000,L1CA,12,22091,32.7,0.498521935,841.270,18787.322,1,1
$CH,40.000,L1CA,27,34591,45.4,0.508443752,1941.061,67103.119,4,0
$CH,40.000,L1CA,30,3308,33.1,0.624547009,842.169,2791.971,0,0
$CH,40.000,L1CA,4,38591,48.9,0.741351481,1855.438,71544.981,5,0
$OBS,40.000,2279,388840.000,G02,1C,45.1,23377857.302,66402.925,-1678.645,0
$OBS,40.000,2279,388840.000,G09,1C,43.6,24038345.705,-84065.750,2268.941,0
$OBS,40.000,2279,388840.000,G31,1C,44.8,22976172.607,88790.735,-2595.147,0
$OBS,40.000,2279,388840.000,G08,1C,43.3,23901873.084,-78256.896,2103.822,0
$OBS,40.000,2279,388840.000,G03,1C,53.8,19952882.056,-33394.676,842.048,0
$OBS,40.000,2279,388840.000,G07,1C,42.8,24062996.947,-50841.394,1350.998,0
$OBS,40.000,2279,388840.000,G21,1C,45.0,23452959.584,49953.090,-1415.707,0
$OBS,40.000,2279,388840.000,G26,1C,50.0,21117237.190,85337.656,-2468.079,0
$OBS,40.000,2279,388840.000,G16,1C,53.3,19842759.124,4922.435,-150.546,0
$OBS,40.000,2279,388840.000,G01,1C,46.3,23168519.726,83778.649,-2099.875,0
$OBS,40.000,2279,388840.000,G27,1C,45.4,23236446.496,-67105.060,1940.904,0
$OBS,40.000,2279,388840.000,G04,1C,48.9,22107100.652,-71546.336,1855.172,0
$POS,40.000,2023,9,14,12,0,40.002000003,15.391022114,73.878043069,6.603,7,12
$LOG,40.109,L1CA,19,SIGNAL LOST (L1CA, 31.5)
$LOG,40.152,L1CA,19,SIGNAL FOUND (35.8,3596.3,0.4436800)
$LOG,40.209,L1CA,11,SIGNAL LOST (L1CA, 31.9)
$LOG,40.206,L1CA,32,SIGNAL LOST (L1CA, 30.3)
$LOG,40.268,L1CA,32,SIGNAL FOUND (35.8,-3939.4,0.2363200)
$LOG,40.309,L1CA,25,SIGNAL LOST (L1CA, 31.4)
$LOG,40.309,L1CA,11,SIGNAL FOUND (35.3,-2950.6,0.5123200)
$LOG,40.409,L1CA,25,SIGNAL FOUND (36.7,1465.0,0.9929600)
$LOG,40.509,L1CA,15,SIGNAL LOST (L1CA, 30.7)
$LOG,40.551,L1CA,15,SIGNAL NOT FOUND (34.8)
$LOG,40.609,L1CA,15,SIGNAL FOUND (35.9,967.7,0.1684800)
$LOG,40.798,L1CA,24,SIGNAL LOST (L1CA, 31.6)
$LOG,40.809,L1CA,23,SIGNAL LOST (L1CA, 30.6)
$LOG,40.809,L1CA,24,SIGNAL FOUND (36.1,2458.4,0.6371200)
$TIME,41.000,2025,4,14,12,29,28.814000,UTC
$LOG,40.909,L1CA,23,SIGNAL FOUND (35.6,-4005.2,0.6979200)
$CH,41.000,L1CA,26,35691,49.8,0.441083194,-2468.880,-87802.780,4,0
$CH,41.000,L1CA,6,11320,33.5,0.780280914,837.003,9567.511,0,0
$CH,41.000,L1CA,27,35591,45.3,0.507205622,1941.172,69043.746,4,0
$CH,41.000,L1CA,25,591,36.7,0.992570851,1368.455,796.926,0,0
$CH,41.000,L1CA,32,732,35.8,0.238172836,-4138.278,-3028.429,0,0
$CH,41.000,L1CA,28,1498,34.9,0.846546495,850.711,1273.164,0,0
$CH,41.000,L1CA,7,38491,43.5,0.264668738,1351.922,52192.026,5,0
$CH,41.000,L1CA,9,38091,43.3,0.181845814,2269.370,86333.514,5,0
$CH,41.000,L1CA,23,91,35.6,0.698156508,-4126.912,-369.575,0,0
$CH,41.000,L1CA,5,15091,33.7,0.104011155,840.116,12778.038,1,0
$CH,41.000,L1CA,1,40891,46.1,0.283181860,-2099.398,-85875.696,5,0
$CH,41.000,L1CA,2,40491,44.8,0.981222202,-1679.710,-68080.182,5,0
$CH,41.000,L1CA,30,4308,32.9,0.623975785,840.027,3636.769,0,0
$CH,41.000,L1CA,29,1391,34.5,0.408798766,2863.507,3936.028,0,0
$CH,41.000,L1CA,21,36191,44.3,0.231553255,-1417.081,-51367.906,4,0
$CH,41.000,L1CA,13,2991,33.9,0.013846559,1922.312,5652.682,0,1
$CH,41.000,L1CA,12,23091,33.3,0.497960812,836.828,19629.009,1,1
$CH,41.000,L1CA,14,2691,35.1,0.158313397,-151.316,-472.241,0,0
$CH,41.000,L1CA,4,39591,48.5,0.740183543,1855.579,73400.473,5,0
$CH,41.000,L1CA,3,40091,53.7,0.555109862,841.558,34235.543,5,0
$CH,41.000,L1CA,10,20191,32.7,0.144098856,840.562,17106.037,0,2
$CH,41.000,L1CA,18,10291,32.9,0.056529997,837.592,8644.578,0,0
$CH,41.000,L1CA,20,4759,32.3,0.584488880,1338.482,6356.934,0,0
$CH,41.000,L1CA,11,691,35.3,0.513601185,-3251.482,-2143.147,0,0
$CH,41.000,L1CA,24,191,36.1,0.636838189,2379.832,453.137,0,0
$CH,41.000,L1CA,8,38291,43.5,0.726738513,2104.199,80358.206,5,0
$CH,41.000,L1CA,15,391,35.9,0.168280818,931.129,363.964,0,0
$CH,41.000,L1CA,16,36791,53.2,0.188404972,-151.243,-5072.958,5,0
$CH,41.000,L1CA,22,1115,34.3,0.182687146,-3381.736,-3597.241,0,0
$CH,41.000,L1CA,17,10759,32.4,0.822935595,-147.081,-1554.547,0,0
$CH,41.000,L1CA,19,848,35.8,0.441841140,3591.177,3095.446,0,0
$CH,41.000,L1CA,31,35191,45.4,0.641901751,-2594.818,-91382.594,4,0
$OBS,41.000,2279,388841.000,G26,1C,49.8,21117705.938,87805.749,-2468.053,0
$OBS,41.000,2279,388841.000,G27,1C,45.3,23236075.313,-69045.687,1940.842,0
$OBS,41.000,2279,388841.000,G07,1C,43.5,24062742.087,-52192.878,1351.018,0
$OBS,41.000,2279,388841.000,G09,1C,43.3,24037912.224,-86335.284,2269.946,0
$OBS,41.000,2279,388841.000,G01,1C,46.1,23168915.445,85878.295,-2099.935,0
$OBS,41.000,2279,388841.000,G02,1C,44.8,23378182.592,68081.862,-1678.690,0
$OBS,41.000,2279,388841.000,G21,1C,44.3,23453229.906,51369.323,-1416.863,0
$OBS,41.000,2279,388841.000,G04,1C,48.5,22106750.513,-73401.828,1855.536,0
$OBS,41.000,2279,388841.000,G03,1C,53.7,19952719.822,-34236.384,841.317,0
$OBS,41.000,2279,388841.000,G08,1C,43.5,23901474.504,-80360.310,2102.701,0
$OBS,41.000,2279,388841.000,G31,1C,45.4,22976664.599,91385.689,-2594.757,0
$OBS,41.000,2279,388841.000,G16,1C,53.2,19842784.637,5073.109,-151.070,0
$POS,41.000,2023,9,14,12,0,41.001999988,15.391022124,73.878082234,13.786,7,12
$LOG,41.241,L1CA,20,SIGNAL LOST (L1CA, 31.7)
$LOG,41.251,L1CA,20,SIGNAL NOT FOUND (34.9)
$LOG,41.346,L1CA,28,SYMBOL SYNC (-53.087)
$LOG,41.309,L1CA,20,SIGNAL FOUND (36.3,-1449.4,0.7670400)
$TIME,42.000,2025,4,14,12,29,34.705000,UTC
$CH,42.000,L1CA,9,39091,43.6,0.180400374,2270.354,88603.209,5,0
$CH,42.000,L1CA,21,37191,44.4,0.232442051,-1416.484,-52783.967,4,0
$CH,42.000,L1CA,8,39291,44.1,0.725393889,2103.203,82461.879,5,0
$CH,42.000,L1CA,32,1732,33.4,0.240789360,-4109.783,-7136.356,0,0
$CH,42.000,L1CA,7,39491,44.2,0.263806857,1350.716,53543.271,5,0
$CH,42.000,L1CA,14,3691,33.3,0.158472398,-157.726,-627.424,0,0
$CH,42.000,L1CA,29,2391,32.3,0.406989265,2865.337,6806.012,0,0
$CH,42.000,L1CA,12,24091,33.5,0.497360763,838.391,20470.081,1,1
$CH,42.000,L1CA,22,2115,32.4,0.184852637,-3377.985,-6976.626,0,0
$CH,42.000,L1CA,18,11291,32.8,0.055961664,843.294,9485.646,0,0
$CH,42.000,L1CA,30,5308,33.4,0.623457492,846.764,4478.146,0,0
$CH,42.000,L1CA,11,1691,33.3,0.515709808,-3236.222,-5385.156,0,0
$CH,42.000,L1CA,20,691,36.3,0.767507719,-1141.685,-830.173,0,0
$CH,42.000,L1CA,23,1091,32.5,0.700764841,-4320.624,-4622.305,0,0
$CH,42.000,L1CA,25,1591,34.9,0.992011271,1186.195,2017.211,0,0
$CH,42.000,L1CA,13,3991,32.6,0.012768268,1927.832,7577.316,0,1
$CH,42.000,L1CA,28,2498,33.7,0.846097126,846.683,2124.744,0,0
$CH,42.000,L1CA,2,41491,44.8,0.982271677,-1679.274,-69759.001,5,0
$CH,42.000,L1CA,27,36591,45.6,0.505971963,1940.332,70984.414,4,0
$CH,42.000,L1CA,15,1391,34.3,0.167829301,818.293,1197.874,0,0
$CH,42.000,L1CA,4,40591,48.1,0.739008945,1855.845,75256.047,5,0
$CH,42.000,L1CA,1,41891,46.4,0.284519686,-2098.798,-87975.306,5,0
$CH,42.000,L1CA,26,36691,49.8,0.442657271,-2468.777,-90271.334,4,0
$CH,42.000,L1CA,24,1191,34.4,0.635432298,2246.349,2771.647,0,0
$CH,42.000,L1CA,31,36191,45.3,0.643546700,-2595.216,-93977.447,4,0
$CH,42.000,L1CA,3,41091,54.0,0.554585050,840.474,35076.618,5,0
$CH,42.000,L1CA,17,11759,32.5,0.823012146,-150.332,-1705.837,0,0
$CH,42.000,L1CA,16,37791,53.1,0.188559842,-151.491,-5224.341,5,0
$CH,42.000,L1CA,6,12320,33.4,0.779860766,847.666,10410.124,0,0
$CH,42.000,L1CA,10,21191,32.7,0.143544772,837.386,17947.165,0,2
$CH,42.000,L1CA,5,16091,32.7,0.103423908,837.891,13619.089,1,0
$CH,42.000,L1CA,19,1848,33.6,0.439551251,3540.490,6641.280,0,0
$OBS,42.000,2279,388842.000,G21,1C,44.4,23453496.353,52785.384,-1415.261,0
$OBS,42.000,2279,388842.000,G08,1C,44.1,23901071.386,-82463.982,2104.817,0
$OBS,42.000,2279,388842.000,G07,1C,44.2,24062483.702,-53544.122,1350.462,0
$OBS,42.000,2279,388842.000,G02,1C,44.8,23378497.219,69760.680,-1679.409,0
$OBS,42.000,2279,388842.000,G27,1C,45.6,23235705.473,-70986.355,1940.562,0
$OBS,42.000,2279,388842.000,G04,1C,48.1,22106398.386,-75257.403,1855.272,0
$OBS,42.000,2279,388842.000,G01,1C,46.4,23169316.521,87977.905,-2099.365,0
$OBS,42.000,2279,388842.000,G26,1C,49.8,21118177.844,90274.303,-2469.044,0
$OBS,42.000,2279,388842.000,G31,1C,45.3,22977157.742,93980.542,-2594.842,0
$OBS,42.000,2279,388842.000,G03,1C,54.0,19952562.473,-35077.459,840.685,0
$OBS,42.000,2279,388842.000,G16,1C,53.1,19842831.072,5224.492,-151.596,0
$OBS,42.000,2279,388842.000,G09,1C,43.6,24037478.883,-88604.980,2270.528,0
$POS,42.000,2023,9,14,12,0,42.002000023,15.391037466,73.878017695,-7.977,7,12
$LOG,42.231,L1CA,26,FRAME SYNC (R)
$LNAV,42.071,L1CA,26,8B55567E938A02046A3BBF3BCE192F0406042F75F1083CA10DFACB60AE7F
$LOG,42.240,L1CA,8,FRAME SYNC (N)
$LNAV,42.080,L1CA,8,8B55567E938A02F8B43253F0A48CD0F9D3046AA54B1186A10DFF5C60AE7C
$LOG,42.227,L1CA,16,FRAME SYNC (N)
$LNAV,42.067,L1CA,16,8B55567E938A0201C5340C18D95CD401E106D9C9E50801A10D36B960AE7F
$LOG,42.227,L1CA,17,FRAME SYNC (N)
$LOG,42.067,L1CA,17,LNAV PARITY ERROR
$LOG,42.241,L1CA,9,FRAME SYNC (R)
$LNAV,42.081,L1CA,9,8B55567E938A02F44732E607C2795AF5AA0165FC4E10E0A10C659C60AE7D
$LOG,42.239,L1CA,21,FRAME SYNC (N)
$LNAV,42.079,L1CA,21,8B55567E938A0207B13120F16C7FDD06350CB0B95116A3A10C958360AE7C
$LOG,42.227,L1CA,3,FRAME SYNC (N)
$LNAV,42.067,L1CA,3,8B55567E938A02033E319A67FA0FC40287029FBC0204FAA10CC49560AE7C
$LOG,42.241,L1CA,7,FRAME SYNC (R)
$LNAV,42.081,L1CA,7,8B55567E938A0204B02F117CAA84A403B508FBB21F186FA10DD8C260AE7D
$LOG,42.228,L1CA,5,FRAME SYNC (N)
$LNAV,42.068,L1CA,5,8B55567E938A02033E319A67FA0FC40287029FBC0204FAA10CC49560AE7C
$LOG,42.227,L1CA,18,FRAME SYNC (N)
$LOG,42.067,L1CA,18,LNAV PARITY ERROR
$LOG,42.234,L1CA,4,FRAME SYNC (R)
$LNAV,42.074,L1CA,4,8B55567E938A02F4C8307AE314F10DF5E5014CEC221234A10D069A60AE7F
$LOG,42.268,L1CA,32,SIGNAL LOST (L1CA, 31.8)
$LOG,42.238,L1CA,1,FRAME SYNC (R)
$LNAV,42.078,L1CA,1,8B55567E938A020A7628C299006BDA088E06965F0E1633A10D18A660AE7D
$LOG,42.238,L1CA,2,FRAME SYNC (N)
$LOG,42.237,L1CA,31,FRAME SYNC (R)
$LNAV,42.078,L1CA,2,8B55567E938A0208282F330695ECBE06E4082DF0241780A10E011860AE7D
$LOG,42.238,L1CA,27,FRAME SYNC (N)
$LNAV,42.078,L1CA,27,8B55567E938A02F97D3079F392B45EFA9405F30C8A121BA10D5C5960AE7D
$LOG,42.241,L1CA,17,SIGNAL LOST (L1CA, 31.7)
$LNAV,42.077,L1CA,31,8B55567E938A0203362FA55A1DF3980267055A86481826A10D0E6E60AE7C
$LOG,42.297,L1CA,32,SIGNAL FOUND (35.6,-3106.7,0.6316800)
$LOG,42.309,L1CA,11,SIGNAL LOST (L1CA, 32.0)
$LOG,42.309,L1CA,17,SIGNAL FOUND (36.3,2507.8,0.1796800)
$LOG,42.409,L1CA,11,SIGNAL FOUND (36.0,509.3,0.4260800)
$LOG,42.609,L1CA,29,SIGNAL LOST (L1CA, 31.6)
$LOG,42.626,L1CA,14,SYMBOL SYNC (69.477)
$LOG,42.653,L1CA,29,SIGNAL FOUND (35.3,-3142.8,0.9060800)
$LOG,42.885,L1CA,22,SIGNAL LOST (L1CA, 31.2)
$LOG,42.909,L1CA,23,SIGNAL LOST (L1CA, 31.3)
$TIME,43.000,2025,4,14,12,29,41.585000,UTC
$LOG,42.909,L1CA,22,SIGNAL FOUND (36.5,1500.9,0.8915200)
$CH,43.000,L1CA,28,3498,32.7,0.845571134,849.022,2974.587,0,0
$CH,43.000,L1CA,11,591,36.0,0.425961704,339.439,219.007,0,0
$CH,43.000,L1CA,14,4691,32.8,0.158668091,-148.672,-779.410,0,0
$CH,43.000,L1CA,31,37191,45.6,0.645201133,-2594.592,-96572.186,5,0
$CH,43.000,L1CA,30,6308,33.1,0.622931838,836.650,5318.599,0,0
$CH,43.000,L1CA,4,41591,48.0,0.737819909,1855.276,77111.701,6,0
$CH,43.000,L1CA,25,2591,32.5,0.991428268,1180.653,3200.056,0,0
$CH,43.000,L1CA,3,42091,53.8,0.554047481,840.398,35917.075,6,0
$CH,43.000,L1CA,18,12291,33.2,0.055419656,837.632,10326.077,0,1
$CH,43.000,L1CA,9,40091,43.4,0.178962509,2270.663,90873.059,6,0
$CH,43.000,L1CA,22,91,36.5,0.891440994,1352.212,128.234,0,0
$CH,43.000,L1CA,2,42491,45.3,0.983339414,-1678.773,-71437.686,6,0
$CH,43.000,L1CA,29,347,35.3,0.906763464,-3263.048,-1117.130,0,0
$CH,43.000,L1CA,5,17091,32.6,0.102892141,836.605,14459.554,2,0
$CH,43.000,L1CA,20,1691,33.3,0.768005426,-1050.131,-1906.093,0,0
$CH,43.000,L1CA,19,2848,32.4,0.437307696,3546.598,10184.520,0,0
$CH,43.000,L1CA,7,40491,44.2,0.262947366,1350.630,54894.280,6,0
$CH,43.000,L1CA,24,2191,32.7,0.633948099,2246.559,5011.826,0,0
$CH,43.000,L1CA,15,2391,33.4,0.167343473,820.324,2021.895,0,0
$CH,43.000,L1CA,1,42891,46.7,0.285856308,-2099.721,-90074.899,6,0
$CH,43.000,L1CA,26,37691,49.9,0.444221054,-2469.250,-92740.346,5,0
$CH,43.000,L1CA,32,703,35.6,0.633023831,-2961.095,-2174.872,0,0
$CH,43.000,L1CA,8,40291,44.6,0.724060361,2104.016,84565.812,6,0
$CH,43.000,L1CA,16,38791,53.4,0.188591758,-152.763,-5376.441,6,0
$CH,43.000,L1CA,21,38191,44.5,0.233346433,-1415.627,-54199.848,5,0
$CH,43.000,L1CA,12,25091,33.7,0.496840823,836.735,21310.626,1,1
$CH,43.000,L1CA,10,22191,32.9,0.143083656,838.682,18787.611,0,2
$CH,43.000,L1CA,13,4991,32.5,0.011615442,1930.229,9502.660,0,1
$CH,43.000,L1CA,6,13320,33.3,0.779403381,845.555,11254.030,0,0
$CH,43.000,L1CA,17,691,36.3,0.178514615,2909.492,1922.876,0,1
$CH,43.000,L1CA,27,37591,45.3,0.504743296,1940.906,72925.121,5,0
$LOG,43.009,L1CA,23,SIGNAL FOUND (36.4,-2395.1,0.5611200)
$OBS,43.000,2279,388843.000,G31,1C,45.6,22977653.729,96575.281,-2595.485,0
$OBS,43.000,2279,388843.000,G03,1C,53.8,19952401.320,-35917.915,840.105,0
$OBS,43.000,2279,388843.000,G04,1C,48.0,22106041.912,-77113.056,1855.818,0
$OBS,43.000,2279,388843.000,G09,1C,43.4,24037047.828,-90874.830,2269.557,0
$OBS,43.000,2279,388843.000,G05,1C,32.6,20116940.802,-14460.391,841.465,0
$OBS,43.000,2279,388843.000,G02,1C,45.3,23378817.326,71439.365,-1678.176,0
$OBS,43.000,2279,388843.000,G07,1C,44.2,24062226.032,-54895.131,1350.695,0
$OBS,43.000,2279,388843.000,G01,1C,46.7,23169717.230,90077.499,-2100.283,0
$OBS,43.000,2279,388843.000,G26,1C,49.9,21118646.662,92743.315,-2469.096,0
$OBS,43.000,2279,388843.000,G08,1C,44.6,23900671.602,-84567.916,2103.849,0
$OBS,43.000,2279,388843.000,G16,1C,53.4,19842840.634,5376.594,-152.577,0
$OBS,43.000,2279,388843.000,G21,1C,44.5,23453767.494,54201.264,-1414.968,0
$OBS,43.000,2279,388843.000,G27,1C,45.3,23235337.134,-72927.062,1941.385,0
$POS,43.000,2023,9,14,12,0,43.001999994,15.391011540,73.878067240,12.315,7,13
$LOG,43.309,L1CA,20,SIGNAL LOST (L1CA, 31.6)
$LOG,43.319,L1CA,20,SIGNAL FOUND (35.4,-90.6,0.1568000)
$LOG,43.409,L1CA,25,SIGNAL LOST (L1CA, 31.8)
$LOG,43.492,L1CA,25,SIGNAL NOT FOUND (34.7)
$LOG,43.509,L1CA,25,SIGNAL FOUND (36.3,930.3,0.5025600)
$LOG,43.680,L1CA,6,SIGNAL LOST (L1CA, 31.9)
$LOG,43.709,L1CA,6,SIGNAL FOUND (36.2,15.4,0.0041600)
$TIME,44.000,2025,4,14,12,29,46.603000,UTC
$CH,44.000,L1CA,5,18091,33.4,0.102403039,841.660,15299.426,2,0
$CH,44.000,L1CA,1,43891,47.3,0.287185467,-2099.070,-92174.464,6,0
$CH,44.000,L1CA,13,5991,32.1,0.010443852,1925.766,11426.248,0,1
$LOG,44.009,L1CA,13,SIGNAL LOST (L1CA, 31.7)
$CH,44.000,L1CA,16,39791,53.8,0.188720558,-153.236,-5529.256,6,0
$CH,44.000,L1CA,12,26091,33.4,0.496329624,836.549,22150.853,1,1
$CH,44.000,L1CA,23,991,36.4,0.562718455,-2629.651,-2562.659,0,0
$CH,44.000,L1CA,10,23191,32.7,0.142551571,838.875,19627.362,0,2
$CH,44.000,L1CA,3,43091,53.5,0.553505308,839.521,36756.904,6,0
$CH,44.000,L1CA,25,491,36.3,0.502313971,814.271,406.483,0,0
$CH,44.000,L1CA,21,39191,43.6,0.234241958,-1416.299,-55615.554,5,0
$CH,44.000,L1CA,32,1703,33.9,0.634768383,-2749.441,-4952.403,0,0
$CH,44.000,L1CA,29,1347,33.0,0.908816530,-3372.852,-4434.799,0,0
$CH,44.000,L1CA,2,43491,45.1,0.984408955,-1678.612,-73116.257,6,0
$CH,44.000,L1CA,9,41091,43.9,0.177518875,2271.839,93143.080,6,0
$CH,44.000,L1CA,30,7308,33.0,0.622388570,836.790,6158.388,0,0
$CH,44.000,L1CA,24,3191,32.3,0.632533719,2240.338,7251.212,0,0
$CH,44.000,L1CA,28,4498,32.4,0.845048853,856.464,3826.747,0,0
$CH,44.000,L1CA,4,42591,48.0,0.736645707,1855.939,78967.433,6,0
$CH,44.000,L1CA,7,41491,44.8,0.262087327,1350.615,56245.056,6,0
$CH,44.000,L1CA,17,1691,33.4,0.176694604,2975.303,4884.331,0,1
$CH,44.000,L1CA,27,38591,44.9,0.503512666,1940.642,74865.866,5,0
$CH,44.000,L1CA,6,291,36.2,0.004197783,-121.437,-30.737,0,0
$CH,44.000,L1CA,20,681,35.4,0.156964483,-212.069,-76.931,0,0
$CH,44.000,L1CA,19,3848,32.1,0.435090881,3546.394,13728.228,0,0
$CH,44.000,L1CA,26,38691,50.3,0.445785919,-2470.040,-95209.821,5,0
$CH,44.000,L1CA,15,3391,32.9,0.166835919,827.383,2848.997,0,0
$CH,44.000,L1CA,31,38191,46.3,0.646843335,-2594.857,-99166.817,5,0
$CH,44.000,L1CA,8,41291,44.5,0.722725317,2104.277,86669.999,6,0
$CH,44.000,L1CA,22,1091,34.2,0.890799501,1353.051,1472.685,0,0
$CH,44.000,L1CA,11,1591,34.0,0.425776014,350.037,567.560,0,0
$CH,44.000,L1CA,18,13291,32.9,0.054924701,837.815,11165.960,0,1
$CH,44.000,L1CA,14,5691,32.6,0.158811709,-152.519,-932.270,0,0
$OBS,44.000,2279,388844.000,G05,1C,33.4,20116794.185,-15300.268,840.868,0
$OBS,44.000,2279,388844.000,G01,1C,47.3,23170115.706,92177.063,-2100.152,0
$OBS,44.000,2279,388844.000,G16,1C,53.8,19842879.252,5529.410,-153.112,0
$OBS,44.000,2279,388844.000,G03,1C,53.5,19952238.789,-36757.743,839.360,0
$OBS,44.000,2279,388844.000,G21,1C,43.6,23454035.966,55616.970,-1415.168,0
$OBS,44.000,2279,388844.000,G02,1C,45.1,23379137.956,73117.935,-1679.149,0
$OBS,44.000,2279,388844.000,G09,1C,43.9,24036615.028,-93144.851,2269.718,0
$OBS,44.000,2279,388844.000,G04,1C,48.0,22105689.907,-78968.789,1855.670,0
$OBS,44.000,2279,388844.000,G07,1C,44.8,24061968.187,-56245.907,1350.165,0
$OBS,44.000,2279,388844.000,G27,1C,44.9,23234968.201,-74867.807,1940.998,0
$OBS,44.000,2279,388844.000,G26,1C,50.3,21119115.794,95212.791,-2469.635,0
$OBS,44.000,2279,388844.000,G31,1C,46.3,22978146.052,99169.912,-2594.451,0
$OBS,44.000,2279,388844.000,G08,1C,44.5,23900271.364,-86672.103,2104.008,0
$POS,44.000,2023,9,14,12,0,44.002000004,15.391033293,73.878033742,5.594,7,13
$LOG,44.079,L1CA,13,SIGNAL FOUND (36.2,-3328.3,0.8105600)
$LOG,44.152,L1CA,19,SIGNAL LOST (L1CA, 31.6)
$LOG,44.209,L1CA,19,SIGNAL FOUND (35.7,1580.6,0.9435200)
$LOG,44.309,L1CA,14,SIGNAL LOST (L1CA, 31.9)
$LOG,44.309,L1CA,17,SIGNAL LOST (L1CA, 31.3)
$LOG,44.371,L1CA,14,SIGNAL FOUND (35.6,-4360.3,0.0158400)
$LOG,44.409,L1CA,17,SIGNAL FOUND (35.9,-946.1,0.4307200)
$LOG,44.502,L1CA,28,SIGNAL LOST (L1CA, 31.3)
$LOG,44.577,L1CA,28,SIGNAL FOUND (35.9,5000.0,0.8476800)
$LOG,44.653,L1CA,29,SIGNAL LOST (L1CA, 30.8)
$LOG,44.693,L1CA,29,SIGNAL FOUND (35.2,5000.0,0.9464000)
$LOG,44.809,L1CA,24,SIGNAL LOST (L1CA, 31.9)
$LOG,44.855,L1CA,24,SIGNAL FOUND (35.4,3399.6,0.6185600)
$LOG,44.966,L1CA,15,SYMBOL SYNC (-59.409)
$TIME,45.000,2025,4,14,12,29,51.013000,UTC
$CH,45.000,L1CA,1,44891,47.4,0.288515842,-2099.484,-94274.003,6,0
$CH,45.000,L1CA,24,145,35.4,0.618273462,3345.233,486.702,0,0
$CH,45.000,L1CA,8,42291,44.2,0.721391877,2104.410,88774.440,6,0
$CH,45.000,L1CA,20,1681,33.7,0.157219653,-299.411,-350.904,0,0
$CH,45.000,L1CA,4,43591,48.1,0.735464882,1856.461,80823.242,6,0
$CH,45.000,L1CA,12,27091,33.1,0.495808638,834.765,22990.140,1,1
$CH,45.000,L1CA,18,14291,32.6,0.054401586,844.779,12005.125,0,1
$CH,45.000,L1CA,26,39691,50.7,0.447354406,-2470.545,-97679.755,5,0
$CH,45.000,L1CA,11,2591,32.2,0.425729290,360.511,921.788,0,0
$CH,45.000,L1CA,9,42091,44.0,0.176067837,2269.865,95413.250,6,0
$CH,45.000,L1CA,27,39591,44.8,0.502272135,1939.847,76806.648,5,0
$CH,45.000,L1CA,16,40791,53.7,0.188804665,-153.984,-5682.778,6,0
$CH,45.000,L1CA,7,42491,44.9,0.261230091,1349.477,57595.597,6,0
$CH,45.000,L1CA,6,1291,34.9,0.004249596,-181.576,-200.589,0,0
$CH,45.000,L1CA,30,8308,33.1,0.621843231,839.836,6997.595,0,0
$CH,45.000,L1CA,5,19091,33.5,0.101865525,842.619,16138.602,2,0
$CH,45.000,L1CA,10,24191,32.5,0.141990318,836.013,20466.596,0,2
$CH,45.000,L1CA,21,40191,44.2,0.235143043,-1416.109,-57031.073,5,0
$CH,45.000,L1CA,13,921,36.2,0.812328321,-3167.915,-2965.965,0,1
$CH,45.000,L1CA,15,4391,32.8,0.166345629,827.650,3678.783,0,0
$CH,45.000,L1CA,25,1491,34.4,0.501814131,764.468,1176.648,0,0
$CH,45.000,L1CA,3,44091,53.5,0.552986735,839.189,37596.109,6,0
$CH,45.000,L1CA,17,591,35.9,0.431088600,-1190.981,-647.362,0,1
$CH,45.000,L1CA,29,307,35.2,0.945492143,4790.565,1485.106,0,0
$CH,45.000,L1CA,14,629,35.6,0.017499455,-4256.483,-2721.045,0,0
$CH,45.000,L1CA,2,44491,44.8,0.985476550,-1678.811,-74794.696,6,0
$CH,45.000,L1CA,32,2703,32.5,0.636486989,-2750.174,-7700.570,0,0
$CH,45.000,L1CA,23,1991,34.0,0.564374087,-2652.150,-5216.883,0,0
$CH,45.000,L1CA,28,423,35.9,0.846420078,4810.747,2052.677,0,0
$CH,45.000,L1CA,31,39191,46.6,0.648488198,-2594.493,-101761.349,5,0
$CH,45.000,L1CA,19,791,35.7,0.942686612,1805.381,1387.215,0,0
$CH,45.000,L1CA,22,2091,33.2,0.889998638,1353.868,2826.842,0,0
$OBS,45.000,2279,388845.000,G08,1C,44.2,23899871.614,-88776.545,2104.145,0
$OBS,45.000,2279,388845.000,G04,1C,48.1,22105335.894,-80824.599,1856.279,0
$OBS,45.000,2279,388845.000,G26,1C,50.7,21119586.007,97682.725,-2469.456,0
$OBS,45.000,2279,388845.000,G09,1C,44.0,24036180.029,-95415.020,2269.948,0
$OBS,45.000,2279,388845.000,G27,1C,44.8,23234596.285,-76808.588,1940.594,0
$OBS,45.000,2279,388845.000,G16,1C,53.7,19842904.467,5682.932,-154.055,0
$OBS,45.000,2279,388845.000,G07,1C,44.9,24061711.198,-57596.446,1351.117,0
$OBS,45.000,2279,388845.000,G05,1C,33.5,20116633.032,-16139.444,841.836,0
$OBS,45.000,2279,388845.000,G21,1C,44.2,23454306.095,57032.489,-1414.490,0
$OBS,45.000,2279,388845.000,G03,1C,53.5,19952083.325,-37596.948,839.048,0
$OBS,45.000,2279,388845.000,G02,1C,44.8,23379458.028,74796.375,-1679.702,0
$OBS,45.000,2279,388845.000,G31,1C,46.6,22978639.178,101764.444,-2594.094,0
$OBS,45.000,2279,388845.000,G01,1C,47.4,23170514.530,94276.603,-2100.045,0
$POS,45.000,2023,9,14,12,0,45.002000005,15.391027165,73.878069853,4.629,7,13
$LOG,45.297,L1CA,32,SIGNAL LOST (L1CA, 31.2)
$LOG,45.309,L1CA,32,SIGNAL NOT FOUND (34.7)
$LOG,45.409,L1CA,11,SIGNAL LOST (L1CA, 31.3)
$LOG,45.409,L1CA,32,SIGNAL FOUND (35.8,-2470.0,0.9640000)
$LOG,45.509,L1CA,11,SIGNAL NOT FOUND (34.6)
$LOG,45.609,L1CA,11,SIGNAL FOUND (35.9,-4015.6,0.0403200)
$LOG,45.746,L1CA,18,SYMBOL SYNC (-90.805)
$TIME,46.000,2025,4,14,12,29,55.684000,UTC
$CH,46.000,L1CA,22,3091,32.5,0.889071281,1354.492,4179.378,0,0
$CH,46.000,L1CA,28,1423,33.1,0.843317473,4920.395,6956.076,0,0
$CH,46.000,L1CA,9,43091,42.5,0.174631671,2270.735,97683.591,6,0
$CH,46.000,L1CA,29,1307,33.1,0.942464576,4837.667,6319.008,0,0
$CH,46.000,L1CA,10,25191,32.7,0.141453179,838.005,21305.183,0,2
$CH,46.000,L1CA,24,1145,32.8,0.616369752,3217.068,3756.428,0,0
$CH,46.000,L1CA,21,41191,44.5,0.236039313,-1414.951,-58446.412,5,0
$CH,46.000,L1CA,1,45891,47.5,0.289854259,-2099.775,-96373.515,6,0
$CH,46.000,L1CA,31,40191,47.2,0.650137767,-2594.287,-104355.769,5,0
$CH,46.000,L1CA,6,2291,33.2,0.004305897,-181.982,-378.893,0,0
$CH,46.000,L1CA,25,2491,33.1,0.501316609,776.920,1947.702,0,0
$CH,46.000,L1CA,19,1791,33.4,0.941472870,1785.001,3176.210,0,0
$CH,46.000,L1CA,7,43491,44.2,0.260374287,1349.980,58945.903,6,0
$CH,46.000,L1CA,23,2991,32.3,0.566099902,-2651.680,-7870.625,0,0
$LOG,46.009,L1CA,23,SIGNAL LOST (L1CA, 31.1)
$CH,46.000,L1CA,4,44591,49.0,0.734291663,1856.008,82679.133,6,0
$CH,46.000,L1CA,17,1591,33.8,0.431967405,-1390.808,-1991.531,0,1
$CH,46.000,L1CA,18,15291,33.4,0.053818479,838.381,12843.629,0,1
$CH,46.000,L1CA,30,9308,33.1,0.621310433,839.939,7836.215,0,0
$CH,46.000,L1CA,5,20091,33.1,0.101307481,842.254,16977.196,2,0
$CH,46.000,L1CA,15,5391,32.6,0.165849455,833.013,4512.556,0,0
$CH,46.000,L1CA,12,28091,33.5,0.495271226,841.825,23828.654,1,1
$CH,46.000,L1CA,14,1629,33.2,0.020073654,-4048.188,-6819.998,0,0
$CH,46.000,L1CA,26,40691,50.3,0.448925668,-2470.310,-100150.153,5,0
$CH,46.000,L1CA,16,41791,53.7,0.188885253,-154.738,-5837.018,6,0
$CH,46.000,L1CA,3,45091,53.1,0.552450469,838.691,38434.686,6,0
$CH,46.000,L1CA,11,391,35.9,0.041270590,-4153.957,-1598.425,0,0
$CH,46.000,L1CA,27,40591,45.1,0.501036568,1940.149,78747.471,5,0
$CH,46.000,L1CA,13,1921,33.5,0.814351798,-3225.899,-6184.490,0,1
$CH,46.000,L1CA,32,591,35.8,0.965004257,-2710.114,-1580.952,0,0
$CH,46.000,L1CA,20,2681,32.3,0.157351417,-292.864,-644.861,0,0
$CH,46.000,L1CA,2,45491,44.8,0.986533841,-1678.097,-76473.019,6,0
$CH,46.000,L1CA,8,43291,44.0,0.720052569,2105.145,90879.138,6,0
$OBS,46.000,2279,388846.000,G09,1C,42.5,24035749.479,-97685.361,2269.611,0
$OBS,46.000,2279,388846.000,G21,1C,44.5,23454574.794,58447.827,-1415.800,0
$OBS,46.000,2279,388846.000,G01,1C,47.5,23170915.781,96376.114,-2099.555,0
$OBS,46.000,2279,388846.000,G31,1C,47.2,22979133.700,104358.863,-2593.402,0
$OBS,46.000,2279,388846.000,G07,1C,44.2,24061454.627,-58946.753,1350.119,0
$OBS,46.000,2279,388846.000,G04,1C,49.0,22104984.168,-82680.489,1855.603,0
$OBS,46.000,2279,388846.000,G05,1C,33.1,20116465.737,-16978.039,836.526,0
$OBS,46.000,2279,388846.000,G26,1C,50.3,21120057.058,100153.123,-2470.338,0
$OBS,46.000,2279,388846.000,G16,1C,53.7,19842928.636,5837.172,-154.560,0
$OBS,46.000,2279,388846.000,G03,1C,53.1,19951922.556,-38435.525,838.444,0
$OBS,46.000,2279,388846.000,G27,1C,45.1,23234225.886,-78749.411,1940.012,0
$OBS,46.000,2279,388846.000,G02,1C,44.8,23379774.994,76474.697,-1677.858,0
$OBS,46.000,2279,388846.000,G08,1C,44.0,23899470.102,-90881.243,2104.604,0
$POS,46.000,2023,9,14,12,0,46.001999997,15.391000019,73.878080678,10.593,7,13
$LOG,46.079,L1CA,13,SIGNAL LOST (L1CA, 31.5)
$LOG,46.087,L1CA,23,SIGNAL FOUND (35.5,934.7,0.1243200)
$LOG,46.109,L1CA,13,SIGNAL FOUND (35.8,2573.7,0.6638400)
$LOG,46.319,L1CA,20,SIGNAL LOST (L1CA, 31.2)
$LOG,46.371,L1CA,14,SIGNAL LOST (L1CA, 31.2)
$LOG,46.355,L1CA,20,SIGNAL FOUND (36.3,90.8,0.5825600)
$LOG,46.409,L1CA,14,SIGNAL FOUND (36.0,2965.0,0.9208000)
$LOG,46.577,L1CA,28,SIGNAL LOST (L1CA, 31.0)
$LOG,46.601,L1CA,28,SIGNAL FOUND (36.3,-827.6,0.8566400)
$LOG,46.693,L1CA,29,SIGNAL LOST (L1CA, 31.6)
$LOG,46.709,L1CA,29,SIGNAL FOUND (35.9,8.5,0.3180800)
$LOG,46.809,L1CA,10,SIGNAL LOST (L1CA, 31.9)
$LOG,46.855,L1CA,24,SIGNAL LOST (L1CA, 30.3)
$LOG,46.900,L1CA,10,SIGNAL FOUND (36.3,-1347.7,0.4667200)
$TIME,47.000,2025,4,14,12,30,6.156000,UTC
$LOG,46.984,L1CA,24,SIGNAL FOUND (35.5,-4400.6,0.6299200)
$CH,47.000,L1CA,15,6391,32.8,0.165336086,837.641,5349.637,0,0
$CH,47.000,L1CA,18,16291,33.8,0.053333041,842.664,13681.694,0,1
$CH,47.000,L1CA,24,16,35.5,0.629962722,-4377.870,-70.350,0,0
$CH,47.000,L1CA,1,46891,46.9,0.291183130,-2100.858,-98473.003,6,0
$CH,47.000,L1CA,21,42191,45.0,0.236935990,-1415.076,-59861.584,5,0
$CH,47.000,L1CA,17,2591,32.5,0.432884746,-1398.261,-3383.720,0,1
$CH,47.000,L1CA,9,44091,43.3,0.173204256,2270.300,99954.087,6,0
$CH,47.000,L1CA,12,29091,33.2,0.494705150,834.760,24666.647,1,1
$CH,47.000,L1CA,11,1391,33.0,0.043877841,-4133.152,-5753.824,0,0
$CH,47.000,L1CA,16,42791,53.9,0.189038447,-155.581,-5991.966,6,0
$CH,47.000,L1CA,8,44291,44.4,0.718712258,2103.401,92984.092,6,0
$CH,47.000,L1CA,28,399,36.3,0.856834378,-652.699,-277.637,0,0
$CH,47.000,L1CA,14,591,36.0,0.919781117,2689.801,1648.355,0,0
$CH,47.000,L1CA,30,10308,32.7,0.620798022,842.781,8674.165,0,0
$CH,47.000,L1CA,27,41591,45.3,0.499814810,1940.258,80688.336,5,0
$CH,47.000,L1CA,5,21091,33.3,0.100827050,835.708,17815.302,2,0
$CH,47.000,L1CA,4,45591,49.2,0.733115830,1856.448,84535.098,6,0
$CH,47.000,L1CA,3,46091,52.8,0.551913650,837.587,39272.640,6,0
$CH,47.000,L1CA,23,913,35.5,0.123837889,803.275,747.505,0,0
$CH,47.000,L1CA,29,291,35.9,0.318067265,-140.020,-25.553,0,0
$CH,47.000,L1CA,13,891,35.8,0.662564138,2365.702,2161.655,0,1
$CH,47.000,L1CA,32,1591,33.5,0.966766740,-2796.654,-4353.024,0,0
$CH,47.000,L1CA,6,3291,32.8,0.004409382,-181.111,-555.827,0,0
$CH,47.000,L1CA,31,41191,47.5,0.651787018,-2594.901,-106950.081,5,0
$CH,47.000,L1CA,26,41691,49.6,0.450496630,-2470.790,-102621.008,5,0
$CH,47.000,L1CA,22,4091,32.1,0.888180522,1350.810,5532.198,0,0
$CH,47.000,L1CA,25,3491,33.2,0.500796520,780.177,2720.170,0,0
$CH,47.000,L1CA,2,46491,45.1,0.987610381,-1678.333,-78151.215,6,0
$CH,47.000,L1CA,20,645,36.3,0.582486352,-248.600,-88.525,0,0
$CH,47.000,L1CA,7,44491,43.0,0.259517983,1349.653,60295.975,6,0
$CH,47.000,L1CA,19,2791,32.3,0.940295849,1784.689,4961.907,0,0
$CH,47.000,L1CA,10,100,36.3,0.466802741,-1279.566,-125.554,0,2
$OBS,47.000,2279,388847.000,G01,1C,46.9,23171314.169,98475.604,-2098.959,0
$OBS,47.000,2279,388847.000,G21,1C,45.0,23454843.614,59862.999,-1415.185,0
$OBS,47.000,2279,388847.000,G09,1C,43.3,24035321.548,-99955.857,2270.776,0
$OBS,47.000,2279,388847.000,G16,1C,53.9,19842974.547,5992.122,-155.195,0
$OBS,47.000,2279,388847.000,G08,1C,44.4,23899068.293,-92986.196,2105.149,0
$OBS,47.000,2279,388847.000,G27,1C,45.3,23233859.606,-80690.276,1940.696,0
$OBS,47.000,2279,388847.000,G05,1C,33.3,20116321.703,-17816.138,832.734,1
$OBS,47.000,2279,388847.000,G04,1C,49.2,22104631.673,-84536.455,1855.806,0
$OBS,47.000,2279,388847.000,G03,1C,52.8,19951761.613,-39273.477,837.546,0
$OBS,47.000,2279,388847.000,G31,1C,47.5,22979628.134,106953.176,-2594.199,0
$OBS,47.000,2279,388847.000,G26,1C,49.6,21120528.022,102623.979,-2471.510,0
$OBS,47.000,2279,388847.000,G02,1C,45.1,23380097.718,78152.893,-1677.861,0
$OBS,47.000,2279,388847.000,G07,1C,43.0,24061197.917,-60296.824,1349.438,0
$POS,47.000,2023,9,14,12,0,47.002000010,15.391040361,73.878016713,-1.186,7,13
$LOG,47.209,L1CA,19,SIGNAL LOST (L1CA, 31.9)
$LOG,47.304,L1CA,19,SIGNAL FOUND (36.2,3585.7,0.5468800)
$LOG,47.409,L1CA,17,SIGNAL LOST (L1CA, 31.6)
$LOG,47.409,L1CA,32,SIGNAL LOST (L1CA, 31.6)
$LOG,47.503,L1CA,32,SIGNAL FOUND (36.4,937.2,0.3219200)
$LOG,47.609,L1CA,11,SIGNAL LOST (L1CA, 30.8)
$LOG,47.609,L1CA,17,SIGNAL FOUND (35.3,2002.7,0.8059200)
$LOG,47.709,L1CA,11,SIGNAL FOUND (36.0,1109.2,0.7286400)
$LOG,47.909,L1CA,22,SIGNAL LOST (L1CA, 31.3)
$TIME,48.000,2025,4,14,12,30,11.067000,UTC
$LOG,47.964,L1CA,22,SIGNAL FOUND (35.5,-998.1,0.6788800)
$CH,48.000,L1CA,13,1891,33.9,0.661029095,2381.580,4543.373,0,1
$CH,48.000,L1CA,20,1645,35.0,0.582325755,-173.994,-263.818,0,0
$CH,48.000,L1CA,15,7391,32.6,0.164768187,840.228,6187.030,0,0
$CH,48.000,L1CA,27,42591,45.5,0.498584620,1941.297,82629.239,5,0
$CH,48.000,L1CA,3,47091,52.6,0.551393274,837.081,40109.969,6,0
$CH,48.000,L1CA,18,17291,33.6,0.052857710,840.697,14518.982,0,1
$CH,48.000,L1CA,31,42191,47.2,0.653432282,-2593.616,-109544.285,5,0
$CH,48.000,L1CA,8,45291,44.3,0.717378515,2104.165,95089.307,6,0
$CH,48.000,L1CA,28,1399,35.6,0.857140601,-673.497,-937.538,0,0
$CH,48.000,L1CA,23,1913,33.7,0.123271145,829.692,1576.897,0,0
$CH,48.000,L1CA,4,46591,49.0,0.731933617,1855.224,86391.151,6,0
$CH,48.000,L1CA,7,45491,42.9,0.258651679,1349.087,61645.813,6,0
$CH,48.000,L1CA,25,4491,33.2,0.500262364,773.443,3492.824,0,0
$CH,48.000,L1CA,24,1016,33.6,0.632547262,-4177.463,-4283.786,0,0
$CH,48.000,L1CA,11,291,36.0,0.728408360,1347.892,372.577,0,0
$CH,48.000,L1CA,9,45091,42.2,0.171754395,2271.037,102224.751,6,0
$CH,48.000,L1CA,26,42691,49.9,0.452062755,-2471.476,-105092.322,5,0
$CH,48.000,L1CA,30,11308,32.6,0.620250918,838.142,9511.429,0,0
$CH,48.000,L1CA,1,47891,47.2,0.292514200,-2100.316,-100572.466,6,0
$CH,48.000,L1CA,2,47491,45.0,0.988657660,-1677.196,-79829.286,6,0
$CH,48.000,L1CA,29,1291,34.7,0.318189025,-116.461,-140.932,0,0
$CH,48.000,L1CA,21,43191,45.1,0.237836136,-1415.361,-61276.577,5,0
$CH,48.000,L1CA,6,4291,32.3,0.004499525,-179.380,-730.944,0,0
$CH,48.000,L1CA,5,22091,33.4,0.100335658,840.182,18652.490,2,0
$CH,48.000,L1CA,14,1591,34.4,0.918090824,2758.996,4389.394,0,0
$CH,48.000,L1CA,22,36,35.5,0.678900965,-1097.033,-37.949,0,0
$CH,48.000,L1CA,19,696,36.2,0.545258833,3899.759,2613.844,0,0
$CH,48.000,L1CA,32,497,36.4,0.321594318,819.225,422.627,0,0
$CH,48.000,L1CA,17,391,35.3,0.805443059,1759.545,722.266,0,1
$CH,48.000,L1CA,16,43791,53.4,0.189074172,-156.146,-6147.634,6,0
$CH,48.000,L1CA,12,30091,33.3,0.494197009,843.005,25503.950,1,1
$CH,48.000,L1CA,10,1100,34.0,0.467418499,-1252.160,-1337.370,0,2
$OBS,48.000,2279,388848.000,G27,1C,45.5,23233490.796,-82631.180,1940.795,0
$OBS,48.000,2279,388848.000,G03,1C,52.6,19951605.608,-40110.806,837.232,0
$OBS,48.000,2279,388848.000,G31,1C,47.2,22980121.365,109547.378,-2594.483,0
$OBS,48.000,2279,388848.000,G08,1C,44.3,23898668.439,-95091.411,2104.610,0
$OBS,48.000,2279,388848.000,G04,1C,49.0,22104277.259,-86392.506,1856.591,0
$OBS,48.000,2279,388848.000,G07,1C,42.9,24060938.206,-61646.662,1349.751,0
$OBS,48.000,2279,388848.000,G26,1C,49.9,21120997.538,105095.294,-2471.677,0
$OBS,48.000,2279,388848.000,G09,1C,42.2,24034886.880,-102226.522,2270.243,0
$OBS,48.000,2279,388848.000,G02,1C,45.0,23380411.700,79830.963,-1677.817,0
$OBS,48.000,2279,388848.000,G01,1C,47.2,23171713.221,100575.067,-2099.766,0
$OBS,48.000,2279,388848.000,G21,1C,45.1,23455113.465,61277.992,-1415.073,0
$OBS,48.000,2279,388848.000,G05,1C,33.4,20116174.388,-18653.331,836.754,0
$OBS,48.000,2279,388848.000,G16,1C,53.4,19842985.262,6147.790,-155.824,0
$POS,48.000,2023,9,14,12,0,48.001999995,15.391001200,73.878082309,11.761,7,13
$LOG,48.165,L1CA,23,SYMBOL SYNC (67.677)
$LOG,48.237,L1CA,31,FRAME SYNC (R)
$LNAV,48.077,L1CA,31,8B55567E940DFFA49007C4C3FFC126E7250313F217C45689FFA9C3020A14
$LOG,48.227,L1CA,3,FRAME SYNC (N)
$LNAV,48.067,L1CA,3,8B55567E940DFFF539D93AD0FFC527EFC2612AB32D2C2CEEFFA6700203D1
$LOG,48.231,L1CA,26,FRAME SYNC (R)
$LNAV,48.071,L1CA,26,8B55567E940DFFDCB6DF60AF003025FFFB7F245213149BEAFFA06302063A
$LOG,48.227,L1CA,16,FRAME SYNC (N)
$LNAV,48.067,L1CA,16,8B55567E940DFFA8BD5FEE95005727436AD4267F20538147FFA31902003C
$LOG,48.227,L1CA,30,FRAME SYNC (N)
$LNAV,48.067,L1CA,30,8B55567E940DFFF539D93AD0FFC527EFC2612AB32D2C2CEEFFA6700203D1
$LOG,48.240,L1CA,8,FRAME SYNC (N)
$LNAV,48.080,L1CA,8,8B55567E940D0049E34C61ED002626FE02571AD00B1094CCFFA61902EE09
$LOG,48.238,L1CA,1,FRAME SYNC (R)
$LNAV,48.078,L1CA,1,8B55567E940D005B0FE62318FFCB285C23AF17B3286FFB0BFFAEBC02130A
$LOG,48.238,L1CA,2,FRAME SYNC (N)
$LNAV,48.078,L1CA,2,8B55567E940DFF960BC91110FFA3276F73F71596C9272FAFFFA71F0209F9
$LOG,48.241,L1CA,9,FRAME SYNC (R)
$LNAV,48.081,L1CA,9,8B55567E940DFFEF638A90D5000F26FCAD431BDD4F18AEF4FFA61202E975
$LOG,48.238,L1CA,27,FRAME SYNC (N)
$LNAV,48.078,L1CA,27,8B55567E940D0016E449881E0057275B63281B681E3CFCFDFFA65A02EEE0
$LOG,48.228,L1CA,5,FRAME SYNC (N)
$LOG,48.068,L1CA,5,LNAV PARITY ERROR
$LOG,48.241,L1CA,7,FRAME SYNC (R)
$LNAV,48.081,L1CA,7,8B55567E940D001F8F328FD0FFA826BCF49A11FEA775E7BBFFAC86020EBD
$LOG,48.239,L1CA,21,FRAME SYNC (N)
$LNAV,48.079,L1CA,21,8B55567E940DFFD50B8DF721FF012733E1391641E331A9F5FFA5CF020F75
$LOG,48.234,L1CA,4,FRAME SYNC (R)
$LNAV,48.074,L1CA,4,8B55567E940D001365E2DB3DFFFC27424FEB1AD784181729FFA82302E94A
$LOG,48.707,L1CA,5,SYMBOL SYNC (-73.459)
$TIME,49.000,2025,4,14,12,30,16.012000,UTC
$CH,49.000,L1CA,23,2913,32.5,0.122600134,836.242,2412.146,0,0
$CH,49.000,L1CA,27,43591,45.7,0.497350863,1940.550,84570.181,6,0
$CH,49.000,L1CA,20,2645,33.5,0.582199655,-161.233,-431.841,0,0
$CH,49.000,L1CA,31,43191,46.8,0.655086490,-2594.769,-112138.385,6,0
$CH,49.000,L1CA,25,5491,32.9,0.499735588,769.255,4263.887,0,0
$CH,49.000,L1CA,5,23091,33.4,0.099801438,835.948,19489.173,2,1
$CH,49.000,L1CA,28,2399,34.0,0.857354158,-678.754,-1608.743,0,0
$CH,49.000,L1CA,22,1036,33.3,0.679483279,-1124.614,-1207.221,0,0
$CH,49.000,L1CA,7,46491,43.8,0.257805238,1350.463,62995.406,7,0
$CH,49.000,L1CA,29,2291,34.0,0.318287030,-110.735,-251.642,0,0
$CH,49.000,L1CA,4,47591,48.8,0.730757650,1855.938,88247.278,7,0
$CH,49.000,L1CA,26,43691,49.7,0.453627441,-2472.203,-107564.102,6,0
$CH,49.000,L1CA,21,44191,45.5,0.238732929,-1414.563,-62691.390,6,0
$CH,49.000,L1CA,2,48491,44.7,0.989730647,-1678.052,-81507.235,7,0
$CH,49.000,L1CA,6,5291,33.6,0.004595685,-168.896,-903.816,0,0
$CH,49.000,L1CA,14,2591,32.6,0.916420754,2755.034,7142.428,0,0
$CH,49.000,L1CA,32,1497,35.2,0.321117444,662.125,1132.622,0,0
$CH,49.000,L1CA,16,44791,53.0,0.189200142,-156.485,-6304.009,7,0
$CH,49.000,L1CA,18,18291,33.5,0.052364451,835.029,15355.666,0,1
$CH,49.000,L1CA,3,48091,52.6,0.550856404,836.455,40946.668,7,0
$CH,49.000,L1CA,12,31091,33.9,0.493679963,836.981,26340.648,1,1
$CH,49.000,L1CA,9,46091,42.1,0.170312785,2272.060,104495.573,7,0
$CH,49.000,L1CA,8,46291,44.5,0.716047631,2106.146,97194.773,7,0
$CH,49.000,L1CA,13,2891,32.5,0.659579398,2388.535,6925.662,0,1
$CH,49.000,L1CA,17,1391,33.3,0.804280609,1867.460,2566.071,0,1
$CH,49.000,L1CA,24,2016,32.1,0.635241493,-4180.780,-8466.221,0,0
$CH,49.000,L1CA,11,1291,34.1,0.727716129,1341.759,1700.794,0,0
$CH,49.000,L1CA,19,1696,33.0,0.542684623,4063.859,6646.753,0,0
$CH,49.000,L1CA,30,12308,32.9,0.619730221,837.942,10348.142,1,0
$CH,49.000,L1CA,1,48891,47.0,0.293851459,-2098.690,-102671.902,7,0
$CH,49.000,L1CA,15,8391,32.7,0.164213221,833.715,7023.718,0,0
$CH,49.000,L1CA,10,2100,32.6,0.468157755,-1259.591,-2594.151,0,2
$OBS,49.000,2279,388849.000,G27,1C,45.7,23233120.938,-84572.121,1941.646,0
$OBS,49.000,2279,388849.000,G31,1C,46.8,22980617.282,112141.480,-2594.415,0
$OBS,49.000,2279,388849.000,G07,1C,43.8,24060684.462,-62996.257,1349.618,0
$OBS,49.000,2279,388849.000,G04,1C,48.8,22103924.712,-88248.634,1856.048,0
$OBS,49.000,2279,388849.000,G26,1C,49.7,21121466.617,107567.074,-2472.023,0
$OBS,49.000,2279,388849.000,G21,1C,45.5,23455382.320,62692.804,-1414.134,0
$OBS,49.000,2279,388849.000,G02,1C,44.7,23380733.360,81508.913,-1677.365,0
$OBS,49.000,2279,388849.000,G16,1C,53.0,19843023.024,6304.165,-157.038,0
$OBS,49.000,2279,388849.000,G03,1C,52.6,19951444.664,-40947.504,836.088,0
$OBS,49.000,2279,388849.000,G09,1C,42.1,24034454.708,-104497.345,2269.912,0
$OBS,49.000,2279,388849.000,G08,1C,44.5,23898269.457,-97196.879,2105.643,0
$OBS,49.000,2279,388849.000,G01,1C,47.1,23172114.122,102674.500,-2099.414,0
$POS,49.000,2023,9,14,12,0,49.001999999,15.391014516,73.878056340,7.703,7,12
$LOG,49.087,L1CA,23,SIGNAL LOST (L1CA, 31.6)
$LOG,49.109,L1CA,13,SIGNAL LOST (L1CA, 31.9)
$LOG,49.109,L1CA,23,SIGNAL FOUND (36.5,958.3,0.1246400)
$LOG,49.209,L1CA,13,SIGNAL FOUND (36.6,-2990.7,0.8078400)
$LOG,49.304,L1CA,19,SIGNAL LOST (L1CA, 31.8)
$LOG,49.343,L1CA,19,SIGNAL FOUND (35.5,2177.0,0.0011200)
$LOG,49.409,L1CA,14,SIGNAL LOST (L1CA, 31.0)
$LOG,49.453,L1CA,14,SIGNAL FOUND (35.9,-211.1,0.6454400)
$LOG,49.900,L1CA,10,SIGNAL LOST (L1CA, 31.2)
$TIME,50.000,2025,4,14,12,30,21.970000,UTC
$LOG,49.964,L1CA,22,SIGNAL LOST (L1CA, 30.9)
$LOG,49.984,L1CA,24,SIGNAL LOST (L1CA, 30.9)
$LOG,49.941,L1CA,10,SIGNAL FOUND (36.0,493.9,0.5617600)
$CH,50.000,L1CA,16,45791,53.0,0.189319913,-157.496,-6461.100,7,0
$CH,50.000,L1CA,5,24091,33.3,0.099212069,837.426,20325.227,2,1
$CH,50.000,L1CA,23,891,36.5,0.124356710,835.967,743.121,0,0
$CH,50.000,L1CA,15,9391,33.2,0.163681442,833.554,7859.747,0,0
$CH,50.000,L1CA,19,657,35.5,0.000272372,2288.248,1459.237,0,0
$CH,50.000,L1CA,7,47491,43.8,0.256962613,1349.531,64344.775,7,0
$CH,50.000,L1CA,20,3645,32.9,0.582268428,-164.168,-598.863,0,0
$CH,50.000,L1CA,10,59,36.0,0.561742312,394.986,27.024,0,2
$CH,50.000,L1CA,18,19291,32.4,0.051826566,835.206,16191.736,0,1
$CH,50.000,L1CA,6,6291,33.9,0.004753040,-167.021,-1076.770,0,0
$CH,50.000,L1CA,12,32091,33.8,0.493156355,836.149,27176.765,1,1
$CH,50.000,L1CA,9,47091,43.1,0.168869099,2271.088,106766.558,7,0
$CH,50.000,L1CA,29,3291,33.3,0.318315939,-114.270,-362.944,0,0
$CH,50.000,L1CA,11,2291,32.9,0.726935764,1343.996,3047.915,0,0
$CH,50.000,L1CA,25,6491,33.2,0.499140734,768.416,5036.342,0,0
$CH,50.000,L1CA,3,49091,53.3,0.550313907,835.781,41782.747,7,0
$CH,50.000,L1CA,27,44591,45.5,0.496117904,1941.444,86511.159,6,0
$CH,50.000,L1CA,26,44691,49.7,0.455198832,-2472.350,-110036.339,6,0
$CH,50.000,L1CA,4,48591,48.7,0.729577840,1856.343,90103.488,7,0
$CH,50.000,L1CA,31,44191,46.7,0.656727370,-2593.612,-114732.378,6,0
$CH,50.000,L1CA,2,49491,44.2,0.990806354,-1677.816,-83185.053,7,0
$CH,50.000,L1CA,14,547,35.9,0.645434901,-247.120,-92.428,0,0
$CH,50.000,L1CA,28,3399,32.8,0.857595108,-669.011,-2282.597,0,0
$CH,50.000,L1CA,32,2497,33.5,0.320621070,674.484,1800.652,0,0
$CH,50.000,L1CA,8,47291,44.7,0.714699259,2105.770,99300.498,7,0
$CH,50.000,L1CA,1,49891,46.7,0.295180470,-2100.007,-104771.311,7,0
$CH,50.000,L1CA,13,791,36.6,0.809313684,-3033.841,-2449.558,0,1
$CH,50.000,L1CA,21,45191,44.7,0.239633274,-1415.436,-64106.025,6,0
$CH,50.000,L1CA,30,13308,32.0,0.619190026,835.518,11184.285,1,0
$CH,50.000,L1CA,17,2391,32.2,0.802999819,1870.676,4437.172,0,1
$LOG,50.009,L1CA,22,SIGNAL FOUND (35.0,953.1,0.2872000)
$OBS,50.000,2279,388850.000,G16,1C,53.0,19843058.937,6461.257,-157.019,0
$OBS,50.000,2279,388850.000,G07,1C,43.8,24060431.835,-64345.625,1348.624,0
$OBS,50.000,2279,388850.000,G09,1C,43.1,24034021.890,-106768.329,2270.818,0
$OBS,50.000,2279,388850.000,G03,1C,53.3,19951282.028,-41783.582,835.827,0
$OBS,50.000,2279,388850.000,G27,1C,45.5,23232751.308,-86513.100,1941.007,0
$OBS,50.000,2279,388850.000,G26,1C,49.7,21121937.703,110039.311,-2472.606,0
$OBS,50.000,2279,388850.000,G04,1C,48.7,22103571.014,-90104.844,1856.376,0
$OBS,50.000,2279,388850.000,G31,1C,46.7,22981109.221,114735.471,-2595.146,0
$OBS,50.000,2279,388850.000,G02,1C,44.2,23381055.857,83186.730,-1678.058,0
$OBS,50.000,2279,388850.000,G21,1C,44.7,23455652.240,64107.440,-1414.661,0
$OBS,50.000,2279,388850.000,G01,1C,46.7,23172512.546,104773.911,-2099.596,0
$OBS,50.000,2279,388850.000,G08,1C,44.7,23897865.223,-99302.604,2104.883,0
$POS,50.000,2023,9,14,12,0,50.002000003,15.391035595,73.878027413,4.831,7,12
$LOG,50.109,L1CA,24,SIGNAL FOUND (35.9,2634.0,0.6558400)
$LOG,50.609,L1CA,17,SIGNAL LOST (L1CA, 30.8)
$LOG,50.692,L1CA,30,SIGNAL LOST (L1CA, 31.5)
$LOG,50.683,L1CA,17,SIGNAL FOUND (35.7,-36.6,0.7180800)
$LOG,50.709,L1CA,11,SIGNAL LOST (L1CA, 31.8)
$LOG,50.709,L1CA,18,SIGNAL LOST (L1CA, 32.0)
$LOG,50.709,L1CA,30,SIGNAL FOUND (35.5,4403.4,0.3857600)
$LOG,50.809,L1CA,11,SIGNAL FOUND (35.5,3001.4,0.6478400)
$TIME,51.000,2025,4,14,12,30,27.629000,UTC
$LOG,50.909,L1CA,18,SIGNAL NOT FOUND (35.0)
$CH,51.000,L1CA,1,50891,46.8,0.296519136,-2099.405,-106870.693,7,0
$CH,51.000,L1CA,13,1791,33.7,0.811407010,-3260.771,-5694.399,0,1
$CH,51.000,L1CA,25,7491,33.0,0.498556078,775.503,5811.218,0,0
$CH,51.000,L1CA,27,45591,45.1,0.494886648,1940.987,88452.178,6,0
$CH,51.000,L1CA,11,191,35.5,0.647494249,2851.056,555.658,0,0
$CH,51.000,L1CA,29,4291,32.8,0.318380167,-116.593,-477.917,0,0
$CH,51.000,L1CA,19,1658,33.5,0.998862031,2252.404,3720.370,0,0
$CH,51.000,L1CA,17,317,35.7,0.718116580,-163.151,-46.337,0,1
$CH,51.000,L1CA,22,991,35.0,0.286588966,819.662,845.443,0,0
$CH,51.000,L1CA,32,3497,33.3,0.320162242,663.110,2469.771,0,0
$CH,51.000,L1CA,10,1059,33.5,0.561578041,352.319,378.883,0,2
$CH,51.000,L1CA,23,1891,35.4,0.124004747,843.567,1587.237,0,0
$CH,51.000,L1CA,4,49591,49.4,0.728397376,1856.503,91959.775,7,0
$CH,51.000,L1CA,30,291,35.5,0.385002307,4219.356,1250.149,1,0
$CH,51.000,L1CA,5,25091,33.0,0.098693905,833.047,21160.706,2,1
$CH,51.000,L1CA,20,4645,32.4,0.582441405,-161.682,-763.428,0,0
$CH,51.000,L1CA,8,48291,44.3,0.713362554,2107.166,101406.478,7,0
$CH,51.000,L1CA,6,7291,33.5,0.004871426,-173.243,-1249.467,0,0
$CH,51.000,L1CA,7,48491,43.4,0.256093118,1348.313,65693.902,7,0
$CH,51.000,L1CA,24,891,35.9,0.654373342,2869.311,2517.352,0,0
$CH,51.000,L1CA,9,48091,43.7,0.167433929,2271.690,109037.696,7,0
$CH,51.000,L1CA,28,4399,32.0,0.857814500,-676.110,-2955.814,0,0
$CH,51.000,L1CA,26,45691,50.1,0.456765293,-2473.252,-112509.035,6,0
$CH,51.000,L1CA,14,1547,35.0,0.645379829,-162.587,-262.519,0,0
$CH,51.000,L1CA,2,50491,44.4,0.991857296,-1676.465,-84862.754,7,0
$CH,51.000,L1CA,16,46791,53.6,0.189380220,-158.196,-6618.906,7,0
$CH,51.000,L1CA,15,10391,33.2,0.163142064,832.144,8695.162,0,0
$CH,51.000,L1CA,12,33091,33.6,0.492580489,841.457,28012.198,1,1
$CH,51.000,L1CA,31,45191,46.8,0.658373343,-2594.596,-117326.263,6,0
$CH,51.000,L1CA,21,46191,44.4,0.240528679,-1413.948,-65520.483,6,0
$CH,51.000,L1CA,3,50091,53.2,0.549796733,835.168,42618.196,7,0
$LOG,51.009,L1CA,18,SIGNAL FOUND (35.7,-4418.4,0.6862400)
$OBS,51.000,2279,388851.000,G01,1C,46.8,23172913.866,106873.292,-2099.840,0
$OBS,51.000,2279,388851.000,G27,1C,45.1,23232382.183,-88454.119,1940.949,0
$OBS,51.000,2279,388851.000,G04,1C,49.4,22103217.106,-91961.132,1856.697,0
$OBS,51.000,2279,388851.000,G08,1C,44.3,23897464.479,-101408.585,2106.009,0
$OBS,51.000,2279,388851.000,G07,1C,43.4,24060171.181,-65694.750,1349.501,0
$OBS,51.000,2279,388851.000,G09,1C,43.7,24033591.638,-109039.468,2271.458,0
$OBS,51.000,2279,388851.000,G26,1C,50.1,21122407.323,112512.008,-2472.709,0
$OBS,51.000,2279,388851.000,G02,1C,44.4,23381370.921,84864.430,-1678.249,0
$OBS,51.000,2279,388851.000,G16,1C,53.6,19843077.015,6619.064,-158.151,0
$OBS,51.000,2279,388851.000,G31,1C,46.8,22981602.661,117329.357,-2593.431,0
$OBS,51.000,2279,388851.000,G03,1C,53.2,19951126.983,-42619.032,835.141,0
$OBS,51.000,2279,388851.000,G21,1C,44.4,23455920.677,65521.897,-1414.605,0
$POS,51.000,2023,9,14,12,0,51.001999996,15.391009815,73.878076508,11.207,7,12
$LOG,51.305,L1CA,14,SYMBOL SYNC (-73.757)
$LOG,51.406,L1CA,20,SYMBOL SYNC (74.671)
$LOG,51.601,L1CA,28,SIGNAL LOST (L1CA, 31.1)
$LOG,51.638,L1CA,28,SIGNAL FOUND (36.9,-2436.4,0.6929600)
$TIME,52.000,2025,4,14,12,30,32.258000,UTC
$CH,52.000,L1CA,23,2891,33.8,0.123494569,851.112,2432.643,0,0
$CH,52.000,L1CA,24,1891,33.8,0.652554528,2913.978,5421.537,0,0
$CH,52.000,L1CA,30,1291,32.8,0.382332498,4371.866,5526.464,1,0
$CH,52.000,L1CA,10,2059,32.2,0.561398162,349.800,735.306,0,2
$CH,52.000,L1CA,21,47191,44.7,0.241423561,-1414.593,-66934.763,6,0
$CH,52.000,L1CA,13,2791,32.4,0.813373596,-3265.862,-8956.574,0,1
$CH,52.000,L1CA,29,5291,32.6,0.318533643,-119.740,-593.318,0,0
$CH,52.000,L1CA,16,47791,53.8,0.189520601,-158.782,-6777.417,7,0
$CH,52.000,L1CA,32,4497,33.1,0.319717172,667.846,3137.750,0,0
$CH,52.000,L1CA,14,2547,34.0,0.645417406,-166.594,-424.330,0,0
$CH,52.000,L1CA,15,11391,33.5,0.162628666,832.008,9529.965,0,0
$CH,52.000,L1CA,3,51091,52.5,0.549268203,834.805,43453.017,7,0
$CH,52.000,L1CA,5,26091,33.2,0.098157365,838.428,21995.579,2,1
$CH,52.000,L1CA,18,991,35.7,0.688849319,-4289.895,-4201.116,0,1
$CH,52.000,L1CA,8,49291,43.5,0.712030487,2107.172,103512.711,7,0
$CH,52.000,L1CA,11,1191,33.9,0.645857981,2763.673,3377.472,0,0
$CH,52.000,L1CA,7,49491,43.2,0.255249278,1349.191,67042.799,7,0
$CH,52.000,L1CA,17,1317,34.9,0.718035895,-163.655,-220.872,0,1
$CH,52.000,L1CA,27,46591,45.0,0.493653657,1941.125,90393.234,6,0
$CH,52.000,L1CA,2,51491,44.8,0.992928421,-1677.950,-86540.330,7,0
$CH,52.000,L1CA,12,34091,34.1,0.492044769,830.108,28847.071,1,1
$CH,52.000,L1CA,25,8491,32.5,0.498056486,772.911,6587.433,0,0
$CH,52.000,L1CA,20,5645,32.1,0.582526716,-152.732,-924.907,0,0
$CH,52.000,L1CA,31,46191,46.7,0.660017257,-2593.068,-119920.042,6,0
$CH,52.000,L1CA,6,8291,33.1,0.004866832,-172.104,-1421.451,0,0
$CH,52.000,L1CA,19,2658,32.1,0.997442384,2251.240,5975.528,0,0
$CH,52.000,L1CA,9,49091,43.5,0.165997864,2271.248,111309.001,7,0
$CH,52.000,L1CA,26,46691,49.8,0.458338148,-2473.535,-114982.192,6,0
$CH,52.000,L1CA,22,1991,34.4,0.286042279,841.576,1689.422,0,0
$CH,52.000,L1CA,4,50591,48.9,0.727221945,1856.624,93816.139,7,0
$CH,52.000,L1CA,1,51891,46.0,0.297850000,-2098.865,-108970.046,7,0
$CH,52.000,L1CA,28,362,36.9,0.693417505,-2165.172,-809.461,0,0
$OBS,52.000,2279,388852.000,G21,1C,44.7,23456188.956,66936.177,-1413.595,0
$OBS,52.000,2279,388852.000,G16,1C,53.8,19843119.105,6777.576,-158.944,0
$OBS,52.000,2279,388852.000,G03,1C,52.5,19950968.535,-43453.852,834.733,0
$OBS,52.000,2279,388852.000,G07,1C,43.2,24059918.188,-67043.649,1349.589,0
$OBS,52.000,2279,388852.000,G08,1C,43.5,23897065.148,-103514.818,2107.277,0
$OBS,52.000,2279,388852.000,G27,1C,45.0,23232012.535,-90395.175,1940.093,0
$OBS,52.000,2279,388852.000,G02,1C,44.8,23381692.040,86542.008,-1678.100,0
$OBS,52.000,2279,388852.000,G31,1C,46.7,22982095.490,119923.135,-2594.213,0
$OBS,52.000,2279,388852.000,G09,1C,43.5,24033161.123,-111310.773,2270.752,0
$OBS,52.000,2279,388852.000,G26,1C,49.8,21122878.846,114985.165,-2473.501,0
$OBS,52.000,2279,388852.000,G04,1C,48.9,22102864.734,-93817.496,1855.951,0
$OBS,52.000,2279,388852.000,G01,1C,46.0,23173312.847,108972.645,-2098.765,0
$POS,52.000,2023,9,14,12,0,52.002000011,15.391033662,73.878042791,-0.188,7,12
$LOG,52.047,L1CA,22,SYMBOL SYNC (68.843)
$LOG,52.209,L1CA,13,SIGNAL LOST (L1CA, 30.3)
$LOG,52.240,L1CA,13,SIGNAL FOUND (35.7,-1983.8,0.2406400)
$LOG,52.342,L1CA,19,SIGNAL LOST (L1CA, 31.5)
$LOG,52.409,L1CA,19,SIGNAL FOUND (35.6,546.4,0.4305600)
$LOG,52.709,L1CA,30,SIGNAL LOST (L1CA, 31.2)
$LOG,52.743,L1CA,30,SIGNAL FOUND (35.4,-164.8,0.5268800)
$LOG,52.809,L1CA,11,SIGNAL LOST (L1CA, 31.7)
$LOG,52.885,L1CA,11,SIGNAL FOUND (35.3,2026.3,0.4273600)
$LOG,52.906,L1CA,17,SYMBOL SYNC (-52.794)
$LOG,52.941,L1CA,10,SIGNAL LOST (L1CA, 31.5)
$TIME,53.000,2025,4,14,12,30,37.029000,UTC
$CH,53.000,L1CA,27,47591,45.1,0.492416875,1940.405,92334.328,6,0
$CH,53.000,L1CA,23,3891,32.8,0.122949648,839.136,3275.459,0,0
$CH,53.000,L1CA,11,115,35.3,0.427208543,2082.746,235.957,0,0
$CH,53.000,L1CA,9,50091,44.1,0.164555472,2271.949,113580.464,7,0
$CH,53.000,L1CA,6,9291,33.1,0.004908013,-164.416,-1590.920,0,0
$CH,53.000,L1CA,20,6645,32.3,0.582591955,-158.561,-1084.179,0,0
$CH,53.000,L1CA,3,52091,52.2,0.548723378,834.187,44287.222,7,0
$CH,53.000,L1CA,15,12391,33.5,0.162101304,829.252,10364.230,0,0
$CH,53.000,L1CA,31,47191,47.0,0.661667277,-2594.023,-122513.714,6,0
$CH,53.000,L1CA,29,6291,32.7,0.318528565,-111.474,-709.275,0,0
$CH,53.000,L1CA,18,1991,33.7,0.691579777,-4318.853,-8517.258,0,1
$CH,53.000,L1CA,1,52891,46.7,0.299179280,-2099.105,-111069.380,7,0
$CH,53.000,L1CA,25,9491,32.4,0.497527000,781.249,7363.631,0,0
$CH,53.000,L1CA,17,2317,33.4,0.718034555,-164.860,-383.461,0,1
$CH,53.000,L1CA,32,5497,32.2,0.319247978,672.456,3804.443,0,0
$CH,53.000,L1CA,12,35091,33.5,0.491558739,839.609,29681.222,1,1
$CH,53.000,L1CA,30,257,35.4,0.526895116,-129.417,-41.467,1,0
$CH,53.000,L1CA,5,27091,33.3,0.097621194,832.797,22829.752,2,1
$CH,53.000,L1CA,26,47691,50.1,0.459909254,-2473.284,-117455.811,6,0
$CH,53.000,L1CA,4,51591,48.9,0.726045629,1855.769,95672.582,7,0
$CH,53.000,L1CA,28,1362,33.3,0.694706088,-2132.409,-2919.058,0,0
$CH,53.000,L1CA,19,591,35.6,0.430248668,835.519,459.205,0,0
$CH,53.000,L1CA,2,52491,44.9,0.993995321,-1677.464,-88217.772,7,0
$CH,53.000,L1CA,13,760,35.7,0.241562512,-2142.605,-1624.800,0,1
$CH,53.000,L1CA,8,50291,43.8,0.710698364,2106.203,105619.208,7,0
$CH,53.000,L1CA,22,2991,33.6,0.285388933,834.117,2529.916,0,0
$CH,53.000,L1CA,21,48191,45.2,0.242335175,-1414.458,-68348.865,6,0
$CH,53.000,L1CA,16,48791,53.4,0.189596458,-159.173,-6936.651,7,0
$CH,53.000,L1CA,24,2891,32.0,0.650667665,2907.239,8329.510,0,0
$CH,53.000,L1CA,7,50491,43.5,0.254383535,1348.634,68391.454,7,0
$CH,53.000,L1CA,14,3547,33.5,0.645560344,-161.301,-584.629,0,0
$LOG,53.005,L1CA,10,SIGNAL FOUND (35.9,-512.3,0.5398400)
$OBS,53.000,2279,388853.000,G27,1C,45.1,23231641.753,-92336.268,1941.393,0
$OBS,53.000,2279,388853.000,G03,1C,52.2,19950805.201,-44288.056,833.952,0
$OBS,53.000,2279,388853.000,G09,1C,44.1,24032728.707,-113582.236,2271.490,0
$OBS,53.000,2279,388853.000,G31,1C,47.0,22982590.169,122516.808,-2593.742,0
$OBS,53.000,2279,388853.000,G01,1C,46.7,23173711.358,111071.979,-2099.609,0
$OBS,53.000,2279,388853.000,G26,1C,50.1,21123349.862,117458.785,-2474.689,0
$OBS,53.000,2279,388853.000,G02,1C,44.9,23382011.885,88219.450,-1677.590,0
$OBS,53.000,2279,388853.000,G08,1C,43.8,23896665.782,-105621.314,2107.289,0
$OBS,53.000,2279,388853.000,G21,1C,45.2,23456462.244,68350.280,-1414.459,0
$OBS,53.000,2279,388853.000,G04,1C,48.9,22102512.082,-95673.938,1856.232,0
$OBS,53.000,2279,388853.000,G16,1C,53.4,19843141.843,6936.811,-159.740,0
$OBS,53.000,2279,388853.000,G07,1C,43.5,24059658.651,-68392.303,1348.508,0
$POS,53.000,2023,9,14,12,0,53.001999994,15.391010080,73.878054449,11.908,7,12
$LOG,53.109,L1CA,24,SIGNAL LOST (L1CA, 30.7)
$LOG,53.109,L1CA,23,SIGNAL LOST (L1CA, 32.0)
$LOG,53.178,L1CA,23,SIGNAL NOT FOUND (34.8)
$LOG,53.209,L1CA,24,SIGNAL FOUND (35.9,-32.0,0.2161600)
$LOG,53.355,L1CA,20,SIGNAL LOST (L1CA, 31.9)
$LOG,53.309,L1CA,23,SIGNAL FOUND (35.7,5000.0,0.1792000)
$LOG,53.409,L1CA,20,SIGNAL FOUND (36.3,3559.2,0.5220800)
$LOG,53.503,L1CA,32,SIGNAL LOST (L1CA, 31.9)
$LOG,53.561,L1CA,32,SIGNAL FOUND (36.2,5000.0,0.3529600)
$LOG,53.638,L1CA,28,SIGNAL LOST (L1CA, 30.5)
$LOG,53.683,L1CA,17,SIGNAL LOST (L1CA, 31.5)
$LOG,53.687,L1CA,28,SIGNAL FOUND (37.1,5000.0,0.4888000)
$LOG,53.709,L1CA,6,SIGNAL LOST (L1CA, 32.0)
$LOG,53.709,L1CA,17,SIGNAL FOUND (36.3,5000.0,0.5326400)
$LOG,53.809,L1CA,6,SIGNAL FOUND (35.8,-2660.8,0.2812800)
$TIME,54.000,2025,4,14,12,30,43.622000,UTC
$CH,54.000,L1CA,22,3991,32.7,0.284808425,831.110,3365.834,0,0
$CH,54.000,L1CA,13,1760,33.7,0.242904104,-2109.716,-3738.249,0,1
$CH,54.000,L1CA,21,49191,44.7,0.243221064,-1414.258,-69762.786,6,0
$CH,54.000,L1CA,24,791,35.9,0.216134910,-149.201,-130.848,0,0
$CH,54.000,L1CA,27,48591,45.5,0.491193502,1941.310,94275.468,6,0
$CH,54.000,L1CA,14,4547,32.8,0.645700100,-167.793,-744.727,0,0
$CH,54.000,L1CA,5,28091,33.2,0.097097014,834.410,23663.291,2,1
$CH,54.000,L1CA,7,51491,43.7,0.253516889,1347.746,69739.881,7,0
$CH,54.000,L1CA,32,439,36.2,0.351687102,4537.769,2082.786,0,0
$CH,54.000,L1CA,16,49791,53.0,0.189685260,-160.379,-7096.591,7,0
$CH,54.000,L1CA,9,51091,44.1,0.163116200,2270.612,115852.089,7,0
$CH,54.000,L1CA,3,53091,52.6,0.548206510,833.418,45120.792,7,0
$CH,54.000,L1CA,29,7291,32.8,0.318512566,-113.891,-826.039,0,0
$CH,54.000,L1CA,8,51291,43.6,0.709355366,2106.437,107725.952,7,0
$CH,54.000,L1CA,23,691,35.7,0.177136947,4770.027,3350.349,0,0
$CH,54.000,L1CA,15,13391,33.6,0.161614184,837.219,11197.789,0,0
$CH,54.000,L1CA,1,53891,47.0,0.300512653,-2099.382,-113168.683,7,0
$CH,54.000,L1CA,18,2991,32.2,0.694365829,-4321.448,-12832.949,0,1
$LOG,54.009,L1CA,18,SIGNAL LOST (L1CA, 31.5)
$CH,54.000,L1CA,25,10491,32.7,0.496981796,771.448,8140.045,0,0
$CH,54.000,L1CA,12,36091,33.2,0.491000899,834.667,30514.780,1,1
$CH,54.000,L1CA,17,291,36.3,0.531777578,4924.707,1434.718,0,1
$CH,54.000,L1CA,26,48691,49.8,0.461482566,-2474.277,-119929.887,6,0
$CH,54.000,L1CA,2,53491,44.8,0.995050105,-1677.708,-89895.101,7,0
$CH,54.000,L1CA,20,591,36.3,0.520887726,3225.766,1967.071,0,0
$CH,54.000,L1CA,31,48191,46.8,0.663314391,-2594.445,-125107.272,6,0
$CH,54.000,L1CA,4,52591,48.8,0.724862771,1856.748,97529.107,7,0
$CH,54.000,L1CA,6,191,35.8,0.281605379,-2622.672,-507.647,0,0
$CH,54.000,L1CA,30,1257,34.1,0.527010119,-157.503,-221.772,1,0
$CH,54.000,L1CA,10,995,35.9,0.540266932,-988.709,-757.631,0,2
$CH,54.000,L1CA,11,1115,33.5,0.426223545,1835.552,2081.129,0,0
$CH,54.000,L1CA,19,1591,34.0,0.429952854,669.324,1170.090,0,0
$CH,54.000,L1CA,28,313,37.1,0.487880617,4941.025,1530.581,0,0
$OBS,54.000,2279,388854.000,G21,1C,44.7,23456727.819,69764.201,-1413.406,0
$OBS,54.000,2279,388854.000,G27,1C,45.5,23231275.002,-94277.409,1941.089,0
$OBS,54.000,2279,388854.000,G07,1C,43.7,24059398.835,-69740.729,1349.188,0
$OBS,54.000,2279,388854.000,G16,1C,53.0,19843168.472,7096.752,-160.783,0
$OBS,54.000,2279,388854.000,G09,1C,44.1,24032297.216,-115853.860,2271.830,0
$OBS,54.000,2279,388854.000,G03,1C,52.6,19950650.243,-45121.625,833.181,0
$OBS,54.000,2279,388854.000,G08,1C,43.6,23896263.153,-107728.058,2107.133,0
$OBS,54.000,2279,388854.000,G01,1C,47.0,23174111.090,113171.282,-2098.918,0
$OBS,54.000,2279,388854.000,G26,1C,49.8,21123821.524,119932.861,-2474.630,0
$OBS,54.000,2279,388854.000,G02,1C,44.8,23382328.100,89896.778,-1678.132,0
$OBS,54.000,2279,388854.000,G31,1C,46.8,22983083.958,125110.367,-2593.446,0
$OBS,54.000,2279,388854.000,G04,1C,48.8,22102157.459,-97530.464,1856.248,0
$POS,54.000,2023,9,14,12,0,54.001999994,15.391006047,73.878061974,11.666,7,12
$LOG,54.085,L1CA,18,SIGNAL FOUND (36.6,-2551.8,0.1252800)
$LOG,54.237,L1CA,31,FRAME SYNC (R)
$LOG,54.238,L1CA,2,FRAME SYNC (N)
$LNAV,54.078,L1CA,2,8B55567E94907E5555555555555555555555555555555555555555555554
$LNAV,54.077,L1CA,31,8B55567E94907E5555555555555555555555555555555555555555555554
$LOG,54.227,L1CA,15,FRAME SYNC (N)
$LNAV,54.067,L1CA,15,8B55567E94907E5555555555555555555555555555555555555555555554
$LOG,54.227,L1CA,12,FRAME SYNC (R)
$LNAV,54.067,L1CA,12,8B55567E94907E5555555555555555555555555555555555555555555554
$LOG,54.234,L1CA,4,FRAME SYNC (R)
$LNAV,54.074,L1CA,4,8B55567E94907E5555555555555555555555555555555555555555555554
$LOG,54.245,L1CA,30,SYMBOL SYNC (80.955)
$LOG,54.231,L1CA,26,FRAME SYNC (R)
$LOG,54.241,L1CA,7,FRAME SYNC (R)
$LNAV,54.081,L1CA,7,8B55567E94907E5555555555555555555555555555555555555555555554
$LOG,54.240,L1CA,8,FRAME SYNC (N)
$LNAV,54.080,L1CA,8,8B55567E94907E5555555555555555555555555555555555555555555554
$LOG,54.227,L1CA,16,FRAME SYNC (N)
$LNAV,54.067,L1CA,16,8B55567E94907E5555555555555555555555555555555555555555555554
$LOG,54.238,L1CA,27,FRAME SYNC (N)
$LNAV,54.078,L1CA,27,8B55567E94907E5555555555555555555555555555555555555555555554
$LOG,54.239,L1CA,21,FRAME SYNC (N)
$LNAV,54.079,L1CA,21,8B55567E94907E5555555555555555555555555555555555555555555554
$LOG,54.238,L1CA,1,FRAME SYNC (R)
$LOG,54.227,L1CA,3,FRAME SYNC (N)
$LNAV,54.078,L1CA,1,8B55567E94907E5555555555555555555555555555555555555555555554
$LOG,54.241,L1CA,9,FRAME SYNC (R)
$LNAV,54.071,L1CA,26,8B55567E94907E5555555555555555555555555555555555555555555554
$LNAV,54.067,L1CA,3,8B55567E94907E5555555555555555555555555555555555555555555554
$LNAV,54.081,L1CA,9,8B55567E94907E5555555555555555555555555555555555555555555554
$LOG,54.885,L1CA,11,SIGNAL LOST (L1CA, 31.6)
$TIME,55.000,2025,4,14,12,30,48.508000,UTC
$LOG,54.909,L1CA,11,SIGNAL FOUND (35.4,4587.5,0.2142400)
$CH,55.000,L1CA,18,915,36.6,0.126734248,-2742.164,-2466.880,0,1
$CH,55.000,L1CA,4,53591,48.1,0.723690201,1856.766,99385.710,8,0
$CH,55.000,L1CA,17,1291,33.8,0.528662200,4897.263,6359.046,0,1
$CH,55.000,L1CA,5,29091,32.3,0.096560051,834.765,24496.224,2,1
$CH,55.000,L1CA,26,49691,50.4,0.463048559,-2474.830,-122404.427,7,0
$CH,55.000,L1CA,27,49591,45.8,0.489952480,1941.073,96216.640,7,0
$CH,55.000,L1CA,30,2257,33.3,0.527052033,-156.419,-385.370,1,0
$CH,55.000,L1CA,6,1191,33.2,0.283162020,-2700.286,-3182.190,0,0
$CH,55.000,L1CA,8,52291,42.9,0.708018077,2107.045,109832.947,8,0
$CH,55.000,L1CA,12,37091,33.0,0.490469112,832.673,31347.750,2,1
$CH,55.000,L1CA,15,14391,33.9,0.161092191,834.198,12030.752,1,0
$CH,55.000,L1CA,29,8291,32.0,0.318619963,-115.487,-943.985,0,0
$CH,55.000,L1CA,28,1313,34.2,0.484838386,4716.858,6352.990,0,0
$CH,55.000,L1CA,9,52091,43.9,0.161674176,2271.826,118123.882,8,0
$CH,55.000,L1CA,1,54891,46.8,0.301847849,-2099.864,-115267.962,8,0
$CH,55.000,L1CA,24,1791,34.5,0.216102369,-161.489,-289.127,0,0
$CH,55.000,L1CA,13,2760,32.7,0.244151308,-2109.705,-5844.888,0,1
$CH,55.000,L1CA,2,54491,44.9,0.996122902,-1677.512,-91572.305,8,0
$CH,55.000,L1CA,23,1691,33.0,0.174169497,4717.393,8055.827,0,0
$CH,55.000,L1CA,11,91,35.4,0.213976699,4618.284,418.397,0,0
$CH,55.000,L1CA,20,1591,34.1,0.518872930,3292.109,5236.786,0,0
$CH,55.000,L1CA,31,49191,46.9,0.664956369,-2593.236,-127700.732,7,0
$CH,55.000,L1CA,19,2591,32.8,0.429666381,666.154,1837.390,0,0
$CH,55.000,L1CA,21,50191,44.4,0.244117806,-1414.089,-71176.537,7,0
$CH,55.000,L1CA,3,54091,52.7,0.547681891,832.765,45953.741,8,0
$CH,55.000,L1CA,7,52491,43.3,0.252670797,1347.282,71088.068,8,0
$CH,55.000,L1CA,14,5547,32.6,0.645780519,-166.476,-908.676,0,0
$CH,55.000,L1CA,32,1439,33.1,0.348811280,4437.004,6540.453,0,0
$CH,55.000,L1CA,16,50791,52.9,0.189839480,-160.745,-7257.248,8,0
$CH,55.000,L1CA,25,11491,32.3,0.496457419,774.055,8916.182,0,0
$CH,55.000,L1CA,10,1995,34.2,0.540976565,-989.160,-1748.430,0,2
$CH,55.000,L1CA,22,4991,32.2,0.284248093,832.438,4198.746,0,0
$OBS,55.000,2279,388855.000,G04,1C,48.1,22101805.942,-99387.067,1856.810,0
$OBS,55.000,2279,388855.000,G26,1C,50.4,21124291.005,122407.401,-2474.876,0
$OBS,55.000,2279,388855.000,G27,1C,45.8,23230902.946,-96218.581,1941.725,0
$OBS,55.000,2279,388855.000,G08,1C,42.9,23895862.252,-109835.054,2106.711,0
$OBS,55.000,2279,388855.000,G09,1C,43.9,24031864.904,-118125.653,2272.106,0
$OBS,55.000,2279,388855.000,G01,1C,46.8,23174511.363,115270.562,-2099.688,0
$OBS,55.000,2279,388855.000,G02,1C,44.9,23382649.708,91573.983,-1675.829,0
$OBS,55.000,2279,388855.000,G31,1C,46.9,22983576.211,127703.825,-2593.677,0
$OBS,55.000,2279,388855.000,G21,1C,44.4,23456996.657,71177.951,-1414.145,0
$OBS,55.000,2279,388855.000,G03,1C,52.7,19950492.965,-45954.574,832.689,0
$OBS,55.000,2279,388855.000,G07,1C,43.3,24059145.196,-71088.915,1347.207,0
$OBS,55.000,2279,388855.000,G16,1C,52.9,19843214.697,7257.409,-160.998,0
$POS,55.000,2023,9,14,12,0,55.002000017,15.391035434,73.878036934,-4.501,7,12
$LOG,55.240,L1CA,13,SIGNAL LOST (L1CA, 31.6)
$LOG,55.254,L1CA,13,SIGNAL FOUND (36.6,-4533.8,0.9180800)
$LOG,55.309,L1CA,23,SIGNAL LOST (L1CA, 31.2)
$LOG,55.359,L1CA,23,SIGNAL FOUND (35.9,-3036.1,0.5065600)
$LOG,55.409,L1CA,19,SIGNAL LOST (L1CA, 31.9)
$LOG,55.485,L1CA,19,SIGNAL FOUND (35.9,5000.0,0.9384000)
$LOG,55.509,L1CA,25,SIGNAL LOST (L1CA, 31.9)
$LOG,55.561,L1CA,32,SIGNAL LOST (L1CA, 31.4)
$LOG,55.687,L1CA,28,SIGNAL LOST (L1CA, 31.6)
$LOG,55.600,L1CA,25,SIGNAL FOUND (35.7,-119.3,0.5121600)
$LOG,55.709,L1CA,17,SIGNAL LOST (L1CA, 32.0)
$LOG,55.709,L1CA,29,SIGNAL LOST (L1CA, 31.6)
$LOG,55.743,L1CA,30,SIGNAL LOST (L1CA, 31.9)
$LOG,55.709,L1CA,28,SIGNAL FOUND (35.8,-916.7,0.8688000)
$LOG,55.809,L1CA,6,SIGNAL LOST (L1CA, 31.5)
$LOG,55.809,L1CA,29,SIGNAL FOUND (36.1,-29.2,0.7622400)
$TIME,56.000,2025,4,14,12,30,54.461000,UTC
$LOG,55.909,L1CA,30,SIGNAL FOUND (37.5,-3490.7,0.1694400)
$CH,56.000,L1CA,27,50591,45.1,0.488722909,1940.840,98157.850,7,0
$CH,56.000,L1CA,25,400,35.7,0.512185341,-221.231,-65.697,0,0
$CH,56.000,L1CA,16,51791,53.6,0.189889503,-162.021,-7418.618,8,0
$CH,56.000,L1CA,1,55891,47.1,0.303173724,-2098.945,-117367.206,8,0
$CH,56.000,L1CA,21,51191,44.0,0.245019715,-1412.580,-72590.099,7,0
$CH,56.000,L1CA,15,15391,33.6,0.160532853,834.652,12863.032,1,0
$CH,56.000,L1CA,18,1915,33.9,0.128469359,-2652.707,-5116.892,0,1
$CH,56.000,L1CA,31,50191,46.7,0.666606050,-2593.139,-130294.084,7,0
$CH,56.000,L1CA,20,2591,32.0,0.516746601,3284.457,8522.672,0,0
$CH,56.000,L1CA,13,746,36.6,0.920216224,-4719.234,-3459.727,0,1
$CH,56.000,L1CA,19,515,35.9,0.936867030,4738.318,2471.019,0,0
$CH,56.000,L1CA,5,30091,32.5,0.096009333,830.357,25328.623,2,1
$CH,56.000,L1CA,11,1091,33.6,0.211025093,4755.325,5180.045,0,0
$CH,56.000,L1CA,29,191,36.1,0.762267167,-154.210,-27.382,0,0
$CH,56.000,L1CA,14,6547,32.7,0.645871867,-165.495,-1072.121,0,0
$CH,56.000,L1CA,3,55091,52.7,0.547141130,832.183,46786.061,8,0
$CH,56.000,L1CA,30,91,37.5,0.169634400,-3641.568,-324.799,1,0
$CH,56.000,L1CA,12,38091,33.0,0.489881375,831.825,32180.079,2,1
$CH,56.000,L1CA,7,53491,42.9,0.251818255,1347.316,72436.025,8,0
$CH,56.000,L1CA,2,55491,45.1,0.997191901,-1676.744,-93249.381,8,0
$CH,56.000,L1CA,9,53091,44.1,0.160220901,2272.481,120395.825,8,0
$CH,56.000,L1CA,23,641,35.9,0.507846206,-3252.611,-2055.640,0,0
$CH,56.000,L1CA,24,2791,33.9,0.216087742,-161.024,-443.661,0,0
$CH,56.000,L1CA,22,5991,32.3,0.283685458,838.696,5031.175,0,0
$CH,56.000,L1CA,10,2995,33.6,0.541541942,-993.292,-2739.067,0,2
$CH,56.000,L1CA,4,54591,48.4,0.722504920,1856.875,101242.389,8,0
$CH,56.000,L1CA,26,50691,50.4,0.464622982,-2475.784,-124879.422,7,0
$CH,56.000,L1CA,28,291,35.8,0.869005756,-1167.971,-316.130,0,0
$CH,56.000,L1CA,8,53291,42.9,0.706682673,2107.498,111940.208,8,0
$LOG,56.009,L1CA,32,SIGNAL FOUND (36.1,1041.6,0.4920000)
$OBS,56.000,2279,388856.000,G27,1C,45.1,23230534.328,-98159.791,1941.620,0
$OBS,56.000,2279,388856.000,G16,1C,53.6,19843229.704,7418.780,-161.511,0
$OBS,56.000,2279,388856.000,G01,1C,47.1,23174908.862,117369.804,-2099.158,0
$OBS,56.000,2279,388856.000,G21,1C,44.0,23457267.048,72591.512,-1414.434,0
$OBS,56.000,2279,388856.000,G31,1C,46.7,22984070.768,130297.177,-2593.698,0
$OBS,56.000,2279,388856.000,G03,1C,52.7,19950330.852,-46786.893,831.925,0
$OBS,56.000,2279,388856.000,G07,1C,42.9,24058889.602,-72436.872,1347.721,0
$OBS,56.000,2279,388856.000,G02,1C,45.1,23382970.199,93251.057,-1676.595,0
$OBS,56.000,2279,388856.000,G09,1C,44.1,24031429.224,-120397.597,2271.251,0
$OBS,56.000,2279,388856.000,G04,1C,48.4,22101450.603,-101243.746,1856.406,0
$OBS,56.000,2279,388856.000,G26,1C,50.4,21124762.998,124882.397,-2474.991,0
$OBS,56.000,2279,388856.000,G08,1C,42.9,23895461.909,-111942.315,2107.725,0
$POS,56.000,2023,9,14,12,0,56.001999989,15.391011476,73.878065691,14.560,7,12
$LOG,56.109,L1CA,6,SIGNAL FOUND (36.7,4520.4,0.8355200)
$LOG,56.209,L1CA,17,SIGNAL FOUND (35.7,-252.2,0.0456000)
$LOG,56.409,L1CA,20,SIGNAL LOST (L1CA, 31.0)
$LOG,56.484,L1CA,20,SIGNAL FOUND (36.9,-2969.1,0.5547200)
$LOG,56.909,L1CA,11,SIGNAL LOST (L1CA, 31.7)
$TIME,57.000,2025,4,14,12,31,1.934000,UTC
$CH,57.000,L1CA,17,791,35.7,0.045631766,-233.289,-145.775,0,1
$CH,57.000,L1CA,30,1091,34.3,0.171784159,-3760.721,-3985.604,1,0
$CH,57.000,L1CA,27,51591,44.2,0.487495445,1941.520,100099.098,7,0
$CH,57.000,L1CA,14,7547,32.7,0.645995563,-159.598,-1234.192,0,0
$CH,57.000,L1CA,32,991,36.1,0.491339323,1187.723,1190.441,0,0
$CH,57.000,L1CA,24,3791,33.5,0.216135559,-158.185,-599.527,0,0
$CH,57.000,L1CA,12,39091,33.2,0.489358635,825.380,33011.805,2,1
$CH,57.000,L1CA,4,55591,48.9,0.721331501,1857.177,103099.147,8,0
$CH,57.000,L1CA,25,1400,34.4,0.512222805,-133.429,-216.586,0,0
$CH,57.000,L1CA,8,54291,42.4,0.705344039,2108.684,114047.721,8,0
$CH,57.000,L1CA,20,516,36.9,0.555674204,-3263.090,-1624.015,0,0
$CH,57.000,L1CA,15,16391,33.6,0.160008341,829.394,13694.753,1,0
$CH,57.000,L1CA,22,6991,32.7,0.283146094,829.822,5862.784,0,0
$CH,57.000,L1CA,29,1191,35.0,0.762326914,-219.724,-218.015,0,0
$CH,57.000,L1CA,21,52191,44.3,0.245912956,-1413.801,-74003.493,7,0
$CH,57.000,L1CA,28,1291,34.4,0.869659928,-1274.294,-1546.694,0,0
$CH,57.000,L1CA,3,56091,53.2,0.546616354,831.009,47617.753,8,0
$CH,57.000,L1CA,10,3995,33.1,0.542122855,-984.135,-3727.899,0,2
$CH,57.000,L1CA,26,51691,50.1,0.466196029,-2476.355,-127354.874,7,0
$CH,57.000,L1CA,19,1515,33.0,0.933809022,4873.543,7322.667,0,0
$CH,57.000,L1CA,1,56891,47.2,0.304512460,-2099.406,-119466.432,8,0
$CH,57.000,L1CA,13,1746,34.2,0.923257967,-4776.280,-8239.168,0,1
$CH,57.000,L1CA,31,51191,46.7,0.668252965,-2593.896,-132887.324,7,0
$CH,57.000,L1CA,7,54491,43.1,0.250951830,1346.774,73783.741,8,0
$CH,57.000,L1CA,9,54091,44.2,0.158785519,2271.665,122667.939,8,0
$CH,57.000,L1CA,6,891,36.7,0.833170576,4519.190,3907.625,0,0
$CH,57.000,L1CA,18,2915,32.0,0.130102900,-2643.865,-7761.612,0,1
$CH,57.000,L1CA,23,1641,33.4,0.509897748,-3250.580,-5334.089,0,0
$CH,57.000,L1CA,16,52791,53.4,0.190001690,-162.363,-7580.696,8,0
$CH,57.000,L1CA,2,56491,45.1,0.998249189,-1677.268,-94926.326,8,0
$CH,57.000,L1CA,5,31091,32.8,0.095482724,827.097,26160.278,2,1
$LOG,57.085,L1CA,18,SIGNAL LOST (L1CA, 31.2)
$LOG,57.003,L1CA,11,SIGNAL FOUND (36.2,-2595.5,0.3513600)
$OBS,57.000,2279,388857.000,G27,1C,44.2,23230166.355,-100101.040,1940.934,0
$OBS,57.000,2279,388857.000,G04,1C,48.9,22101098.824,-103100.504,1857.315,0
$OBS,57.000,2279,388857.000,G08,1C,42.4,23895060.589,-114049.829,2107.380,0
$OBS,57.000,2279,388857.000,G03,1C,53.2,19950173.521,-47618.584,831.079,0
$OBS,57.000,2279,388857.000,G26,1C,50.1,21125234.590,127357.850,-2475.943,0
$OBS,57.000,2279,388857.000,G01,1C,47.2,23175310.199,119469.032,-2099.399,0
$OBS,57.000,2279,388857.000,G31,1C,46.7,22984564.504,132890.417,-2593.045,0
$OBS,57.000,2279,388857.000,G07,1C,43.1,24058629.856,-73784.588,1346.634,0
$OBS,57.000,2279,388857.000,G09,1C,44.2,24030998.919,-122669.711,2271.212,0
$OBS,57.000,2279,388857.000,G16,1C,53.4,19843263.331,7580.858,-162.235,0
$OBS,57.000,2279,388857.000,G02,1C,45.1,23383287.164,94928.004,-1677.029,0
$OBS,57.000,2279,388857.000,G21,1C,44.3,23457534.839,74004.907,-1412.988,0
$POS,57.000,2023,9,14,12,0,57.001999993,15.391008926,73.878055424,11.534,7,12
$LOG,57.109,L1CA,18,SIGNAL NOT FOUND (34.6)
$LOG,57.209,L1CA,18,SIGNAL FOUND (35.6,976.9,0.9921600)
$LOG,57.485,L1CA,19,SIGNAL LOST (L1CA, 31.4)
$LOG,57.506,L1CA,19,SIGNAL FOUND (35.8,-1430.3,0.3811200)
$LOG,57.706,L1CA,24,SYMBOL SYNC (-58.446)
$LOG,57.909,L1CA,30,SIGNAL LOST (L1CA, 31.9)
$TIME,58.000,2025,4,14,12,31,9.373000,UTC
$LOG,57.999,L1CA,30,SIGNAL FOUND (36.0,5000.0,0.5011200)
$CH,58.000,L1CA,2,57491,45.3,0.999318730,-1676.925,-96603.155,8,0
$CH,58.000,L1CA,9,55091,44.0,0.157341747,2272.072,124940.204,8,0
$CH,58.000,L1CA,30,1,36.0,0.501116826,5000.000,5.000,1,0
$CH,58.000,L1CA,12,40091,33.2,0.488867040,836.421,33844.554,2,1
$CH,58.000,L1CA,21,53191,44.8,0.246809966,-1412.504,-75416.705,7,0
$CH,58.000,L1CA,8,55291,43.2,0.704010596,2109.171,116155.489,8,0
$CH,58.000,L1CA,23,2641,32.3,0.511947726,-3251.350,-8590.361,0,0
$CH,58.000,L1CA,5,32091,33.2,0.094956285,831.826,26991.331,2,1
$CH,58.000,L1CA,22,7991,32.7,0.282634895,833.129,6693.831,0,0
$LOG,58.009,L1CA,22,SIGNAL LOST (L1CA, 31.8)
$CH,58.000,L1CA,31,52191,46.7,0.669896035,-2593.709,-135480.461,7,0
$CH,58.000,L1CA,28,2291,32.3,0.870445336,-1269.207,-2815.956,0,0
$CH,58.000,L1CA,10,4995,32.1,0.542792022,-984.978,-4714.631,0,2
$LOG,58.005,L1CA,10,SIGNAL LOST (L1CA, 30.5)
$CH,58.000,L1CA,17,1791,35.1,0.045802361,-250.132,-388.269,0,1
$CH,58.000,L1CA,25,2400,34.0,0.512266232,-129.733,-352.228,0,0
$CH,58.000,L1CA,16,53791,53.5,0.190155458,-163.601,-7743.494,8,0
$CH,58.000,L1CA,18,791,35.6,0.991749074,795.617,653.826,0,1
$CH,58.000,L1CA,15,17391,33.4,0.159504212,832.635,14525.833,1,0
$CH,58.000,L1CA,1,57891,46.7,0.305845627,-2099.407,-121565.628,8,0
$CH,58.000,L1CA,11,997,36.2,0.352964862,-2694.462,-2654.301,0,0
$CH,58.000,L1CA,26,52691,49.9,0.467767491,-2475.929,-129830.790,7,0
$CH,58.000,L1CA,27,52591,44.9,0.486265155,1941.202,102040.383,7,0
$CH,58.000,L1CA,13,2746,32.0,0.926310115,-4774.524,-13016.942,0,1
$CH,58.000,L1CA,3,57091,53.3,0.546099035,830.578,48448.827,8,0
$CH,58.000,L1CA,29,2191,34.1,0.762463688,-213.349,-431.488,0,0
$CH,58.000,L1CA,4,56591,48.8,0.720153911,1857.041,104955.986,8,0
$CH,58.000,L1CA,14,8547,32.8,0.646147403,-168.129,-1396.956,0,0
$CH,58.000,L1CA,20,1516,33.8,0.557747311,-3126.381,-4805.037,0,0
$CH,58.000,L1CA,24,4791,32.9,0.216195153,-167.557,-758.985,0,0
$CH,58.000,L1CA,19,494,35.8,0.381510837,-1251.104,-650.963,0,0
$CH,58.000,L1CA,7,55491,43.8,0.250101864,1347.147,75131.228,8,0
$CH,58.000,L1CA,6,1891,33.8,0.830236737,4612.083,8522.689,0,0
$CH,58.000,L1CA,32,1991,34.3,0.490650609,1208.960,2397.117,0,0
$OBS,58.000,2279,388858.000,G09,1C,44.0,24030566.084,-124941.976,2272.589,0
$OBS,58.000,2279,388858.000,G02,1C,45.3,23383607.795,96604.832,-1677.181,0
$OBS,58.000,2279,388858.000,G21,1C,44.8,23457803.747,75418.118,-1413.817,0
$OBS,58.000,2279,388858.000,G08,1C,43.2,23894660.839,-116157.598,2109.184,0
$OBS,58.000,2279,388858.000,G31,1C,46.7,22985057.089,135483.555,-2593.074,0
$OBS,58.000,2279,388858.000,G16,1C,53.5,19843309.434,7743.657,-163.146,0
$OBS,58.000,2279,388858.000,G01,1C,46.7,23175709.879,121568.228,-2098.885,0
$OBS,58.000,2279,388858.000,G26,1C,49.9,21125705.694,129833.766,-2476.324,0
$OBS,58.000,2279,388858.000,G27,1C,44.9,23229797.527,-102042.324,1941.555,0
$OBS,58.000,2279,388858.000,G03,1C,53.3,19950018.441,-48449.658,830.987,0
$OBS,58.000,2279,388858.000,G04,1C,48.8,22100745.789,-104957.343,1857.630,0
$OBS,58.000,2279,388858.000,G07,1C,43.8,24058375.048,-75132.075,1346.729,0
$POS,58.000,2023,9,14,12,0,58.002000016,15.391045151,73.878019778,-5.490,7,12
$LOG,58.072,L1CA,22,SIGNAL FOUND (36.1,2510.9,0.2449600)
$LOG,58.109,L1CA,6,SIGNAL LOST (L1CA, 31.9)
$LOG,58.109,L1CA,10,SIGNAL FOUND (37.5,-3923.0,0.5470400)
$LOG,58.209,L1CA,24,SIGNAL LOST (L1CA, 32.0)
$LOG,58.254,L1CA,13,SIGNAL LOST (L1CA, 30.8)
$LOG,58.209,L1CA,6,SIGNAL FOUND (35.5,-2023.5,0.3484800)
$LOG,58.359,L1CA,23,SIGNAL LOST (L1CA, 32.0)
$LOG,58.309,L1CA,13,SIGNAL FOUND (35.9,-4582.7,0.9185600)
$LOG,58.409,L1CA,23,SIGNAL FOUND (35.8,1530.2,0.7020800)
$LOG,58.509,L1CA,24,SIGNAL FOUND (35.4,-1030.2,0.0982400)
$LOG,58.709,L1CA,28,SIGNAL LOST (L1CA, 30.3)
$LOG,58.801,L1CA,28,SIGNAL FOUND (37.0,-31.4,0.5020800)
$TIME,59.000,2025,4,14,12,31,17.072000,UTC
$CH,59.000,L1CA,15,18391,33.6,0.159010775,835.305,15356.284,1,0
$CH,59.000,L1CA,23,591,35.8,0.701518322,1388.114,890.481,0,0
$CH,59.000,L1CA,14,9547,32.7,0.646230609,-164.416,-1560.498,0,0
$CH,59.000,L1CA,24,491,35.4,0.098558823,-1240.164,-582.884,0,0
$CH,59.000,L1CA,30,1001,33.9,0.498136048,4819.672,4804.762,1,0
$CH,59.000,L1CA,13,691,35.9,0.920495671,-4614.264,-3188.189,0,1
$CH,59.000,L1CA,22,928,36.1,0.243700984,2135.545,2124.823,0,0
$CH,59.000,L1CA,11,1997,33.9,0.354838390,-2698.276,-5351.458,0,0
$LOG,59.003,L1CA,11,SIGNAL LOST (L1CA, 31.9)
$CH,59.000,L1CA,32,2991,32.5,0.489906031,1202.535,3602.703,0,0
$LOG,59.009,L1CA,32,SIGNAL LOST (L1CA, 30.9)
$CH,59.000,L1CA,4,57591,49.0,0.718970716,1857.331,106812.900,8,0
$CH,59.000,L1CA,1,58891,47.3,0.307174084,-2098.374,-123664.794,8,0
$CH,59.000,L1CA,3,58091,53.4,0.545564242,829.874,49279.269,8,0
$CH,59.000,L1CA,10,891,37.5,0.549152236,-3690.925,-3463.373,0,2
$CH,59.000,L1CA,17,2791,34.4,0.045945970,-250.050,-632.837,0,1
$CH,59.000,L1CA,27,53591,45.0,0.485026242,1941.174,103981.710,7,0
$CH,59.000,L1CA,6,791,35.5,0.349577967,-2262.789,-1780.879,0,0
$CH,59.000,L1CA,28,199,37.0,0.502123752,-157.106,-28.086,0,0
$CH,59.000,L1CA,16,54791,53.7,0.190197893,-163.951,-7907.001,8,0
$CH,59.000,L1CA,5,33091,32.5,0.094458552,829.490,27821.786,2,1
$CH,59.000,L1CA,2,58490,45.2,0.000373351,-1676.997,-98279.854,8,0
$CH,59.000,L1CA,25,3400,33.4,0.512309396,-131.384,-487.140,0,0
$CH,59.000,L1CA,19,1494,33.5,0.382214930,-1161.130,-1824.803,0,0
$CH,59.000,L1CA,18,1791,33.5,0.991365558,787.228,1432.645,0,1
$CH,59.000,L1CA,29,3191,33.5,0.762569060,-210.818,-645.070,0,0
$CH,59.000,L1CA,8,56291,43.6,0.702677835,2107.902,118263.515,8,0
$CH,59.000,L1CA,21,54191,44.9,0.247702324,-1414.478,-76829.737,7,0
$CH,59.000,L1CA,9,56091,44.1,0.155885224,2272.678,127212.636,8,0
$CH,59.000,L1CA,12,41091,33.3,0.488388156,834.168,34678.111,2,1
$CH,59.000,L1CA,20,2516,32.4,0.559673673,-3125.847,-7931.485,0,0
$CH,59.000,L1CA,26,53691,49.7,0.469337132,-2476.623,-132307.164,7,0
$CH,59.000,L1CA,7,56491,43.9,0.249240564,1346.529,76478.478,8,0
$CH,59.000,L1CA,31,53191,46.2,0.671536865,-2592.785,-138073.487,7,0
$OBS,59.000,2279,388859.000,G04,1C,49.0,22100391.078,-106814.258,1856.466,0
$OBS,59.000,2279,388859.000,G01,1C,47.3,23176108.128,123667.393,-2099.181,0
$OBS,59.000,2279,388859.000,G03,1C,53.4,19949858.108,-49280.099,830.300,0
$OBS,59.000,2279,388859.000,G27,1C,45.0,23229426.099,-103983.651,1941.279,0
$OBS,59.000,2279,388859.000,G16,1C,53.7,19843322.156,7907.165,-164.009,0
$OBS,59.000,2279,388859.000,G02,1C,45.2,23383923.958,98281.531,-1676.074,0
$OBS,59.000,2279,388859.000,G08,1C,43.6,23894261.282,-118265.623,2108.005,0
$OBS,59.000,2279,388859.000,G09,1C,44.1,24030129.427,-127214.409,2272.246,0
$OBS,59.000,2279,388859.000,G21,1C,44.9,23458071.277,76831.152,-1412.778,0
$OBS,59.000,2279,388859.000,G26,1C,49.7,21126176.274,132310.141,-2476.843,0
$OBS,59.000,2279,388859.000,G07,1C,43.9,24058116.837,-76479.325,1348.103,0
$OBS,59.000,2279,388859.000,G31,1C,46.2,22985548.993,138076.580,-2593.208,0
$POS,59.000,2023,9,14,12,0,59.001999997,15.391006823,73.878072337,11.210,7,12
$LOG,59.100,L1CA,32,SIGNAL FOUND (35.4,-69.6,0.2094400)
$LOG,59.209,L1CA,11,SIGNAL FOUND (35.5,-125.9,0.8964800)
$LOG,59.484,L1CA,20,SIGNAL LOST (L1CA, 31.1)
$LOG,59.506,L1CA,19,SIGNAL LOST (L1CA, 31.8)
$LOG,59.504,L1CA,20,SIGNAL FOUND (37.0,-1089.1,0.3195200)
$LOG,59.609,L1CA,19,SIGNAL FOUND (35.7,4615.3,0.8414400)
$TIME,60.000,2025,4,14,12,31,24.673000,UTC
$LOG,59.999,L1CA,30,SIGNAL LOST (L1CA, 31.9)
$CH,60.000,L1CA,15,19391,33.7,0.158502023,833.323,16186.081,1,0
$CH,60.000,L1CA,1,59891,47.5,0.308510600,-2099.332,-125763.936,8,0
$CH,60.000,L1CA,29,4191,33.0,0.762731622,-209.249,-859.817,0,0
$CH,60.000,L1CA,31,54191,46.8,0.673191892,-2592.818,-140666.406,7,0
$CH,60.000,L1CA,2,59490,45.6,0.001446161,-1675.591,-99956.437,8,0
$CH,60.000,L1CA,13,1691,33.1,0.923489243,-4647.172,-7836.574,0,1
$CH,60.000,L1CA,8,57291,43.2,0.701330667,2108.157,120371.790,8,0
$CH,60.000,L1CA,24,1491,33.7,0.099406883,-1295.147,-1873.268,0,0
$CH,60.000,L1CA,3,59091,52.8,0.545031378,830.009,50109.083,8,0
$CH,60.000,L1CA,16,55791,53.6,0.190321074,-164.818,-8071.220,8,0
$CH,60.000,L1CA,18,2791,32.0,0.990933611,787.898,2215.842,0,1
$CH,60.000,L1CA,32,900,35.4,0.209507545,-193.267,-154.718,0,0
$CH,60.000,L1CA,10,1891,34.6,0.551389950,-3670.290,-7135.710,0,2
$CH,60.000,L1CA,26,54691,49.7,0.470909498,-2476.973,-134784.000,7,0
$CH,60.000,L1CA,7,57491,43.9,0.248395629,1346.267,77825.494,8,0
$CH,60.000,L1CA,22,1928,33.7,0.242326796,2132.312,4262.422,0,0
$CH,60.000,L1CA,5,34091,32.4,0.093925148,828.395,28651.558,2,1
$CH,60.000,L1CA,27,54591,45.2,0.483784795,1941.421,105923.074,7,0
$CH,60.000,L1CA,19,391,35.7,0.840310003,4751.692,1862.362,0,0
$CH,60.000,L1CA,25,4400,33.2,0.512409720,-135.292,-621.605,0,0
$CH,60.000,L1CA,20,496,37.0,0.319813025,-1212.263,-587.847,0,0
$CH,60.000,L1CA,4,58591,48.7,0.717798906,1857.224,108669.899,8,0
$CH,60.000,L1CA,28,1199,34.0,0.502270731,-168.537,-191.061,0,0
$CH,60.000,L1CA,12,42091,33.2,0.487880360,825.339,35510.856,2,1
$CH,60.000,L1CA,6,1791,34.2,0.350994590,-2271.421,-4046.506,0,0
$CH,60.000,L1CA,17,3791,32.8,0.046132198,-243.281,-879.067,0,1
$CH,60.000,L1CA,21,55191,45.4,0.248605443,-1413.003,-78242.587,7,0
$CH,60.000,L1CA,23,1591,33.5,0.700504728,1495.430,2337.665,0,0
$CH,60.000,L1CA,14,10547,32.9,0.646374918,-163.767,-1724.730,0,0
$CH,60.000,L1CA,11,791,35.5,0.896579331,-180.831,-130.173,0,0
$CH,60.000,L1CA,9,57091,43.7,0.154467249,2272.615,129485.235,8,0
$LOG,60.072,L1CA,22,SIGNAL LOST (L1CA, 31.6)
$LOG,60.009,L1CA,30,SIGNAL FOUND (35.6,5000.0,0.5001600)
$OBS,60.000,2279,388860.000,G01,1C,47.5,23176508.820,125766.535,-2098.746,0
$OBS,60.000,2279,388860.000,G31,1C,46.8,22986045.155,140669.499,-2593.367,0
$OBS,60.000,2279,388860.000,G02,1C,45.6,23384245.583,99958.112,-1677.158,0
$OBS,60.000,2279,388860.000,G08,1C,43.2,23893857.414,-120373.898,2108.859,0
$OBS,60.000,2279,388860.000,G03,1C,52.8,19949698.369,-50109.913,829.544,0
$OBS,60.000,2279,388860.000,G16,1C,53.6,19843359.080,8071.385,-164.660,0
$OBS,60.000,2279,388860.000,G07,1C,43.9,24057863.530,-77826.340,1347.028,0
$OBS,60.000,2279,388860.000,G26,1C,49.7,21126647.657,134786.977,-2476.743,0
$OBS,60.000,2279,388860.000,G27,1C,45.2,23229053.921,-105925.016,1941.546,0
$OBS,60.000,2279,388860.000,G04,1C,48.7,22100039.771,-108671.256,1857.143,0
$OBS,60.000,2279,388860.000,G21,1C,45.4,23458342.017,78244.000,-1412.998,0
$OBS,60.000,2279,388860.000,G09,1C,43.7,24029704.323,-129487.007,2271.932,0
$POS,60.000,2023,9,14,12,1,0.001999996,15.391002733,73.878059755,9.896,7,12
$LOG,60.109,L1CA,22,SIGNAL FOUND (35.4,-1515.7,0.4944000)
$LOG,60.227,L1CA,15,FRAME SYNC (N)
$LNAV,60.067,L1CA,15,8B55567E95154C462F6A0E10FD3700A10E40BC9F3638AB3D456ADEC8FFEC
$LOG,60.209,L1CA,18,SIGNAL LOST (L1CA, 29.8)
$LOG,60.227,L1CA,16,FRAME SYNC (N)
$LNAV,60.067,L1CA,16,8B55567E95154C462F6A0E10FD3700A10E40BC9F3638AB3D456ADEC8FFEC
$LOG,60.240,L1CA,8,FRAME SYNC (N)
$LNAV,60.080,L1CA,8,8B55567E95154C462F6A0E10FD3700A10E40BC9F3638AB3D456ADEC8FFEC
$LOG,60.227,L1CA,3,FRAME SYNC (N)
$LNAV,60.067,L1CA,3,8B55567E95154C462F6A0E10FD3700A10E40BC9F3638AB3D456ADEC8FFEC
$LOG,60.238,L1CA,1,FRAME SYNC (R)
$LNAV,60.078,L1CA,1,8B55567E95154C462F6A0E10FD3700A10E40BC9F3638AB3D456ADEC8FFEC
$LOG,60.241,L1CA,9,FRAME SYNC (R)
$LNAV,60.081,L1CA,9,8B55567E95154C462F6A0E10FD3700A10E40BC9F3638AB3D456ADEC8FFEC
$LOG,60.239,L1CA,2,FRAME SYNC (N)
$LNAV,60.079,L1CA,2,8B55567E95154C462F6A0E10FD3700A10E40BC9F3638AB3D456ADEC8FFEC
$LOG,60.231,L1CA,26,FRAME SYNC (R)
$LNAV,60.071,L1CA,26,8B55567E95154C462F6A0E10FD3700A10E40BC9F3638AB3D456ADEC8FFEC
$LOG,60.238,L1CA,27,FRAME SYNC (N)
$LNAV,60.078,L1CA,27,8B55567E95154C462F6A0E10FD3700A10E40BC9F3638AB3D456ADEC8FFEC
$LOG,60.241,L1CA,7,FRAME SYNC (R)
$LNAV,60.081,L1CA,7,8B55567E95154C462F6A0E10FD3700A10E40BC9F3638AB3D456ADEC8FFEC
$LOG,60.234,L1CA,4,FRAME SYNC (R)
$LNAV,60.074,L1CA,4,8B55567E95154C462F6A0E10FD3700A10E40BC9F3638AB3D456ADEC8FFEC
$LOG,60.237,L1CA,31,FRAME SYNC (R)
$LNAV,60.077,L1CA,31,8B55567E95154C462F6A0E10FD3700A10E40BC9F3638AB3D456ADEC8FFEC
$LOG,60.239,L1CA,21,FRAME SYNC (N)
$LNAV,60.079,L1CA,21,8B55567E95154C462F6A0E10FD3700A10E40BC9F3638AB3D456ADEC8FFEC
$LOG,60.228,L1CA,5,FRAME SYNC (N)
$LNAV,60.068,L1CA,5,8B55567E95154C462F6A0E10FD3700A10E40BC9F3638AB3D456ADEC8FFEC
$LOG,60.264,L1CA,18,SIGNAL FOUND (35.7,-2109.5,0.4496000)
$LOG,60.309,L1CA,13,SIGNAL LOST (L1CA, 31.7)
$LOG,60.369,L1CA,13,SIGNAL FOUND (35.8,4124.6,0.8483200)
$LOG,60.509,L1CA,24,SIGNAL LOST (L1CA, 31.9)
$LOG,60.599,L1CA,24,SIGNAL FOUND (36.3,2036.4,0.4025600)
$LOG,60.626,L1CA,32,SYMBOL SYNC (-90.312)
$LOG,60.845,L1CA,11,SYMBOL SYNC (-55.903)
$LOG,60.946,L1CA,28,SYMBOL SYNC (-68.633)
$TIME,61.000,2025,4,14,12,31,32.278000,UTC
$CH,61.000,L1CA,22,891,35.4,0.495260124,-1672.498,-1491.828,0,0
$CH,61.000,L1CA,20,1496,34.3,0.320356088,-1107.733,-1717.393,0,0
$CH,61.000,L1CA,18,736,35.7,0.450545348,-2189.166,-1617.656,0,1
$CH,61.000,L1CA,21,56191,44.7,0.249501356,-1412.650,-79655.270,8,0
$CH,61.000,L1CA,16,56791,53.2,0.190456454,-165.362,-8236.153,9,0
$CH,61.000,L1CA,19,1391,32.7,0.837306060,4712.186,6614.603,0,0
$CH,61.000,L1CA,2,60490,44.6,0.002502349,-1676.504,-101632.886,9,0
$CH,61.000,L1CA,4,59591,48.7,0.716614453,1857.081,110526.972,9,0
$CH,61.000,L1CA,5,35091,32.5,0.093341347,826.282,29480.740,3,1
$CH,61.000,L1CA,26,55691,49.4,0.472481809,-2477.552,-137261.293,8,0
$CH,61.000,L1CA,15,20391,33.0,0.157991219,826.413,17015.287,2,0
$CH,61.000,L1CA,31,55191,46.1,0.674830458,-2592.714,-143259.219,8,0
$CH,61.000,L1CA,3,60091,53.0,0.544515584,829.073,50938.273,9,0
$CH,61.000,L1CA,29,5191,32.4,0.762864860,-209.300,-1073.289,0,0
$CH,61.000,L1CA,7,58491,43.7,0.247541437,1346.700,79172.275,9,0
$CH,61.000,L1CA,14,11547,32.9,0.646427529,-169.839,-1889.677,0,0
$CH,61.000,L1CA,1,60891,47.2,0.309846212,-2098.470,-127863.047,9,0
$CH,61.000,L1CA,13,631,35.8,0.846607437,4323.493,2700.699,0,1
$CH,61.000,L1CA,27,55591,45.2,0.482561828,1940.850,107864.472,8,0
$CH,61.000,L1CA,10,2891,32.3,0.553713349,-3666.729,-10806.124,0,2
$CH,61.000,L1CA,30,991,35.6,0.497154312,4790.654,4747.288,1,0
$CH,61.000,L1CA,32,1900,35.0,0.209374167,-174.095,-325.840,0,0
$CH,61.000,L1CA,9,58091,43.8,0.153009419,2272.473,131757.991,9,0
$CH,61.000,L1CA,17,4791,32.8,0.046306954,-242.073,-1126.409,0,1
$CH,61.000,L1CA,25,5400,32.2,0.512514590,-138.448,-756.064,0,0
$CH,61.000,L1CA,8,58291,42.8,0.699998625,2108.995,122480.326,9,0
$CH,61.000,L1CA,11,1791,33.3,0.896703488,-169.837,-293.134,0,0
$CH,61.000,L1CA,23,2591,32.6,0.699521873,1487.481,3833.413,0,0
$CH,61.000,L1CA,24,401,36.3,0.402088114,2199.665,865.090,0,0
$CH,61.000,L1CA,12,43091,32.8,0.487380099,832.787,36343.088,2,1
$CH,61.000,L1CA,6,2791,32.4,0.352502814,-2268.939,-6314.945,0,0
$CH,61.000,L1CA,28,2199,32.5,0.502522137,-163.880,-358.121,0,0
$OBS,61.000,2279,388861.000,G21,1C,44.7,23458610.610,79656.683,-1412.657,0
$OBS,61.000,2279,388861.000,G16,1C,53.2,19843399.669,8236.318,-165.289,0
$OBS,61.000,2279,388861.000,G02,1C,44.6,23384562.217,101634.563,-1676.244,0
$OBS,61.000,2279,388861.000,G04,1C,48.7,22099684.676,-110528.329,1857.240,0
$OBS,61.000,2279,388861.000,G26,1C,49.4,21127119.022,137264.271,-2477.758,0
$OBS,61.000,2279,388861.000,G31,1C,46.1,22986536.379,143262.311,-2593.106,0
$OBS,61.000,2279,388861.000,G03,1C,53.0,19949543.725,-50939.103,828.963,0
$OBS,61.000,2279,388861.000,G07,1C,43.7,24057607.448,-79173.122,1345.713,0
$OBS,61.000,2279,388861.000,G01,1C,47.2,23176909.215,127865.646,-2099.152,0
$OBS,61.000,2279,388861.000,G27,1C,45.2,23228687.292,-107866.413,1941.253,0
$OBS,61.000,2279,388861.000,G09,1C,43.8,24029267.282,-131759.764,2272.970,0
$OBS,61.000,2279,388861.000,G08,1C,42.8,23893458.083,-122482.435,2108.167,0
$POS,61.000,2023,9,14,12,1,1.002000019,15.391033116,73.878025354,-4.012,7,13
$LOG,61.109,L1CA,10,SIGNAL LOST (L1CA, 31.0)
$LOG,61.129,L1CA,10,SIGNAL FOUND (36.5,566.3,0.7009600)
$LOG,61.209,L1CA,6,SIGNAL LOST (L1CA, 31.2)
$LOG,61.239,L1CA,6,SIGNAL FOUND (35.8,5000.0,0.9646400)
$LOG,61.609,L1CA,19,SIGNAL LOST (L1CA, 30.9)
$LOG,61.685,L1CA,19,SIGNAL FOUND (36.9,1016.8,0.6656000)
$LOG,61.801,L1CA,28,SIGNAL LOST (L1CA, 31.3)
$LOG,61.900,L1CA,28,SIGNAL FOUND (36.1,515.5,0.8582400)
$TIME,62.000,2025,4,14,12,31,40.000000,UTC
$CH,62.000,L1CA,4,60591,48.0,0.715432030,1857.865,112384.124,9,0
$CH,62.000,L1CA,9,59091,43.1,0.151572334,2272.150,134030.903,9,0
$CH,62.000,L1CA,5,36091,32.4,0.092813330,829.132,30310.087,3,1
$CH,62.000,L1CA,32,2900,34.3,0.209244475,-166.545,-494.814,0,0
$CH,62.000,L1CA,22,1891,32.8,0.496326787,-1629.659,-3119.028,0,0
$CH,62.000,L1CA,19,315,36.9,0.665415653,875.892,271.397,0,0
$CH,62.000,L1CA,26,56691,49.6,0.474052391,-2477.896,-139739.045,8,0
$CH,62.000,L1CA,30,1991,33.4,0.494155111,4794.617,9550.313,1,0
$CH,62.000,L1CA,7,59491,43.7,0.246685565,1346.521,80518.818,9,0
$LOG,62.009,L1CA,30,SIGNAL LOST (L1CA, 31.8)
$CH,62.000,L1CA,28,100,36.1,0.858200462,348.755,43.545,0,0
$CH,62.000,L1CA,3,61091,53.7,0.543989977,828.097,51766.838,9,0
$CH,62.000,L1CA,2,61490,44.3,0.003575549,-1675.836,-103309.210,9,0
$CH,62.000,L1CA,18,1736,33.1,0.451886102,-2201.113,-3819.150,0,1
$CH,62.000,L1CA,11,2791,32.2,0.896857536,-165.288,-459.510,0,0
$CH,62.000,L1CA,31,56191,46.0,0.676481695,-2592.998,-145851.918,8,0
$CH,62.000,L1CA,24,1401,34.0,0.400792734,2156.458,3047.418,0,0
$CH,62.000,L1CA,1,61891,46.8,0.311174276,-2099.533,-129962.131,9,0
$CH,62.000,L1CA,25,6400,32.0,0.512661879,-139.745,-889.896,0,0
$CH,62.000,L1CA,27,56591,44.9,0.481330304,1940.730,109805.907,8,0
$CH,62.000,L1CA,17,5791,32.2,0.046439362,-242.499,-1373.689,0,1
$CH,62.000,L1CA,20,2496,32.2,0.321012718,-1109.489,-2824.980,0,0
$CH,62.000,L1CA,6,761,35.8,0.962183136,5365.738,3909.377,0,0
$CH,62.000,L1CA,16,57791,52.7,0.190509312,-165.885,-8401.801,9,0
$CH,62.000,L1CA,13,1631,32.7,0.843854570,4387.875,7075.587,0,1
$CH,62.000,L1CA,12,44091,32.9,0.486855075,832.369,37174.659,2,1
$CH,62.000,L1CA,14,12547,32.7,0.646543625,-164.584,-2055.296,0,0
$CH,62.000,L1CA,10,871,36.5,0.700548608,828.835,637.955,0,2
$CH,62.000,L1CA,8,59291,42.9,0.698660552,2109.341,124589.115,9,0
$CH,62.000,L1CA,21,57191,44.9,0.250397293,-1412.188,-81067.764,8,0
$CH,62.000,L1CA,15,21391,32.7,0.157437656,822.612,17843.873,2,0
$CH,62.000,L1CA,23,3591,32.3,0.698601619,1492.720,5328.483,0,0
$CH,62.000,L1CA,29,6191,32.1,0.762977782,-217.680,-1287.194,0,0
$OBS,62.000,2279,388862.000,G04,1C,48.0,22099330.192,-112385.482,1856.859,0
$OBS,62.000,2279,388862.000,G09,1C,43.1,24028836.453,-134032.675,2272.310,0
$OBS,62.000,2279,388862.000,G26,1C,49.6,21127589.864,139742.023,-2478.174,0
$OBS,62.000,2279,388862.000,G07,1C,43.7,24057350.860,-80519.665,1345.988,0
$OBS,62.000,2279,388862.000,G03,1C,53.7,19949386.167,-51767.666,828.222,0
$OBS,62.000,2279,388862.000,G02,1C,44.3,23384883.964,103310.886,-1675.988,0
$OBS,62.000,2279,388862.000,G31,1C,46.0,22987031.407,145855.011,-2592.466,0
$OBS,62.000,2279,388862.000,G01,1C,46.8,23177307.359,129964.731,-2099.742,0
$OBS,62.000,2279,388862.000,G27,1C,44.9,23228318.080,-109807.848,1940.867,0
$OBS,62.000,2279,388862.000,G16,1C,52.7,19843415.514,8401.966,-165.907,0
$OBS,62.000,2279,388862.000,G08,1C,42.9,23893056.937,-124591.225,2108.187,0
$OBS,62.000,2279,388862.000,G21,1C,44.9,23458879.204,81069.176,-1412.621,0
$POS,62.000,2023,9,14,12,1,2.001999991,15.391012264,73.878083418,12.994,7,13
$LOG,62.065,L1CA,12,SYMBOL SYNC (-72.334)
$LOG,62.036,L1CA,30,SIGNAL FOUND (35.4,2011.0,0.2331200)
$LOG,62.109,L1CA,22,SIGNAL LOST (L1CA, 30.8)
$LOG,62.130,L1CA,22,SIGNAL FOUND (35.4,-5000.0,0.0235200)
$LOG,62.264,L1CA,18,SIGNAL LOST (L1CA, 30.8)
$LOG,62.369,L1CA,13,SIGNAL LOST (L1CA, 31.3)
$LOG,62.309,L1CA,18,SIGNAL FOUND (35.5,4547.5,0.5737600)
$LOG,62.409,L1CA,13,SIGNAL FOUND (36.4,2450.1,0.6768000)
$LOG,62.504,L1CA,20,SIGNAL LOST (L1CA, 31.1)
$LOG,62.524,L1CA,20,SIGNAL FOUND (36.3,-2341.8,0.1329600)
$TIME,63.000,2025,4,14,12,31,46.334000,UTC
$CH,63.000,L1CA,30,964,35.4,0.232080665,1881.353,1783.437,1,0
$CH,63.000,L1CA,20,476,36.3,0.133585190,-2372.221,-1100.648,0,0
$CH,63.000,L1CA,31,57191,46.0,0.678124189,-2592.331,-148444.516,8,0
$CH,63.000,L1CA,3,62091,53.9,0.543456479,827.490,52594.778,9,0
$CH,63.000,L1CA,19,1315,34.9,0.664898133,911.144,1122.658,0,0
$CH,63.000,L1CA,6,1761,33.1,0.958770601,5355.476,9259.950,0,0
$CH,63.000,L1CA,28,1100,35.5,0.858015121,292.441,361.933,0,0
$CH,63.000,L1CA,9,60091,43.0,0.150135214,2272.076,136303.968,9,0
$CH,63.000,L1CA,32,3900,33.8,0.209182933,-169.907,-663.142,0,0
$CH,63.000,L1CA,25,7400,32.5,0.512768357,-134.545,-1026.414,0,0
$CH,63.000,L1CA,21,58191,45.1,0.251298029,-1412.825,-82480.078,8,0
$CH,63.000,L1CA,22,870,35.4,0.026414896,-5346.512,-4546.154,0,0
$CH,63.000,L1CA,29,7191,32.0,0.763059468,-208.153,-1501.007,0,0
$CH,63.000,L1CA,15,22391,33.0,0.156906031,829.140,18671.805,2,0
$CH,63.000,L1CA,1,62891,46.8,0.312505672,-2097.673,-132061.191,9,0
$CH,63.000,L1CA,27,57591,44.9,0.480099011,1942.049,111747.385,8,0
$CH,63.000,L1CA,12,45091,33.1,0.486317240,834.353,38005.539,2,1
$CH,63.000,L1CA,5,37091,32.3,0.092354475,829.387,31140.876,3,1
$CH,63.000,L1CA,14,13547,32.1,0.646644487,-165.868,-2221.633,0,0
$CH,63.000,L1CA,23,4591,32.5,0.697648170,1495.296,6825.429,0,0
$CH,63.000,L1CA,26,57691,49.8,0.475630115,-2478.453,-142217.258,8,0
$CH,63.000,L1CA,13,591,36.4,0.675905860,2337.100,1393.464,0,1
$CH,63.000,L1CA,8,60291,42.7,0.697303303,2111.096,126698.160,9,0
$CH,63.000,L1CA,10,1871,34.2,0.699970546,856.342,1493.702,0,2
$CH,63.000,L1CA,18,691,35.5,0.571919656,4252.485,3006.180,0,1
$CH,63.000,L1CA,17,6791,32.3,0.046557252,-239.476,-1619.095,0,1
$CH,63.000,L1CA,24,2401,32.2,0.399351397,2144.702,5198.476,0,0
$CH,63.000,L1CA,7,60491,43.6,0.245824014,1345.535,81865.129,9,0
$CH,63.000,L1CA,2,62490,44.8,0.004632307,-1677.451,-104985.411,9,0
$CH,63.000,L1CA,16,58791,53.0,0.190640846,-166.996,-8568.161,9,0
$CH,63.000,L1CA,4,61591,48.2,0.714255772,1857.382,114241.359,9,0
$CH,63.000,L1CA,11,3791,32.1,0.896937639,-168.134,-628.784,0,0
$OBS,63.000,2279,388863.000,G31,1C,46.0,22987523.817,148447.608,-2591.944,0
$OBS,63.000,2279,388863.000,G03,1C,53.9,19949226.218,-52595.606,827.896,0
$OBS,63.000,2279,388863.000,G21,1C,45.1,23459149.246,82481.491,-1412.547,0
$OBS,63.000,2279,388863.000,G01,1C,46.8,23177706.498,132063.789,-2099.644,0
$OBS,63.000,2279,388863.000,G27,1C,44.9,23227948.956,-111749.327,1941.910,0
$OBS,63.000,2279,388863.000,G26,1C,49.8,21128062.852,142220.237,-2478.562,0
$OBS,63.000,2279,388863.000,G08,1C,42.7,23892650.051,-126700.271,2109.368,0
$OBS,63.000,2279,388863.000,G09,1C,43.0,24028405.625,-136305.740,2273.128,0
$OBS,63.000,2279,388863.000,G07,1C,43.6,24057092.579,-81865.975,1346.100,0
$OBS,63.000,2279,388863.000,G02,1C,44.8,23385200.773,104987.088,-1675.291,0
$OBS,63.000,2279,388863.000,G16,1C,53.0,19843454.952,8568.328,-166.765,0
$OBS,63.000,2279,388863.000,G04,1C,48.2,22098977.558,-114242.716,1857.631,0
$POS,63.000,2023,9,14,12,1,3.002000003,15.391017981,73.878039461,6.408,7,13
$LOG,63.209,L1CA,17,SIGNAL LOST (L1CA, 31.8)
$LOG,63.239,L1CA,6,SIGNAL LOST (L1CA, 31.7)
$LOG,63.237,L1CA,17,SIGNAL FOUND (35.9,1641.0,0.5139200)
$LOG,63.309,L1CA,6,SIGNAL FOUND (35.4,3520.1,0.3107200)
$LOG,63.409,L1CA,23,SIGNAL LOST (L1CA, 31.8)
$LOG,63.483,L1CA,23,SIGNAL FOUND (36.0,-4531.5,0.7929600)
$LOG,63.599,L1CA,24,SIGNAL LOST (L1CA, 31.5)
$LOG,63.609,L1CA,24,SIGNAL FOUND (36.0,2475.5,0.0784000)
$TIME,64.000,2025,4,14,12,31,50.690000,UTC
$CH,64.000,L1CA,7,61491,43.2,0.244971409,1344.846,83211.203,9,0
$CH,64.000,L1CA,17,763,35.9,0.513089897,1840.415,1373.758,0,1
$CH,64.000,L1CA,11,4791,32.2,0.897041054,-168.276,-798.805,0,0
$CH,64.000,L1CA,10,2871,33.8,0.699454196,856.418,2349.761,0,2
$CH,64.000,L1CA,12,46091,32.2,0.485760080,826.134,38833.044,2,1
$CH,64.000,L1CA,4,62591,48.3,0.713080510,1857.230,116098.669,9,0
$CH,64.000,L1CA,19,2315,33.4,0.664289526,898.806,2026.622,0,0
$CH,64.000,L1CA,3,63091,53.5,0.542935397,826.989,53422.091,9,0
$CH,64.000,L1CA,22,1870,33.1,0.029649358,-5170.149,-9724.836,0,0
$CH,64.000,L1CA,1,63891,46.9,0.313839634,-2098.824,-134160.225,9,0
$CH,64.000,L1CA,15,23391,32.9,0.156406794,830.227,19499.079,2,0
$CH,64.000,L1CA,31,58191,46.1,0.679773350,-2592.428,-151037.007,8,0
$CH,64.000,L1CA,23,517,36.0,0.794434392,-4707.708,-2373.163,0,0
$CH,64.000,L1CA,18,1691,32.5,0.569205951,4188.163,7203.587,0,1
$CH,64.000,L1CA,5,38091,32.6,0.091839154,822.471,31970.172,3,1
$CH,64.000,L1CA,26,58691,50.2,0.477207610,-2478.914,-144695.928,8,0
$CH,64.000,L1CA,28,2100,34.6,0.857957951,300.360,657.597,0,0
$CH,64.000,L1CA,16,59791,52.9,0.190770495,-167.670,-8735.236,9,0
$CH,64.000,L1CA,20,1476,33.5,0.134878215,-2291.404,-3425.525,0,0
$CH,64.000,L1CA,29,8191,32.2,0.763163525,-211.189,-1714.492,0,0
$CH,64.000,L1CA,9,61091,43.0,0.148684211,2273.945,138577.208,9,0
$CH,64.000,L1CA,21,59191,45.2,0.252191522,-1412.735,-83892.226,8,0
$CH,64.000,L1CA,14,14547,32.1,0.646723689,-173.327,-2388.747,0,0
$CH,64.000,L1CA,27,58591,44.7,0.478864436,1941.029,113688.897,8,0
$CH,64.000,L1CA,8,61291,43.1,0.695983353,2109.549,128807.461,9,0
$CH,64.000,L1CA,32,4900,33.0,0.209280619,-170.102,-830.223,0,0
$CH,64.000,L1CA,30,1964,33.2,0.230879914,1826.089,3617.065,1,0
$CH,64.000,L1CA,13,1591,34.4,0.674570642,2362.865,3752.175,0,1
$CH,64.000,L1CA,24,391,36.0,0.077847772,2366.666,919.676,0,0
$CH,64.000,L1CA,2,63490,44.8,0.005696361,-1676.366,-106661.487,9,0
$CH,64.000,L1CA,25,8400,32.5,0.512865457,-146.379,-1165.673,0,0
$CH,64.000,L1CA,6,691,35.4,0.309263964,3250.594,2328.609,0,0
$OBS,64.000,2279,388864.000,G07,1C,43.2,24056836.968,-83212.048,1344.851,0
$OBS,64.000,2279,388864.000,G04,1C,48.3,22098625.238,-116100.027,1857.625,0
$OBS,64.000,2279,388864.000,G03,1C,53.5,19949070.004,-53422.918,826.681,0
$OBS,64.000,2279,388864.000,G01,1C,46.9,23178106.422,134162.824,-2099.484,0
$OBS,64.000,2279,388864.000,G31,1C,46.1,22988018.234,151040.100,-2592.065,0
$OBS,64.000,2279,388864.000,G26,1C,50.2,21128535.770,144698.907,-2478.510,0
$OBS,64.000,2279,388864.000,G16,1C,52.9,19843493.813,8735.404,-167.277,0
$OBS,64.000,2279,388864.000,G09,1C,43.0,24027970.609,-138578.982,2272.850,0
$OBS,64.000,2279,388864.000,G21,1C,45.2,23459417.107,83893.638,-1411.814,0
$OBS,64.000,2279,388864.000,G27,1C,44.7,23227578.837,-113690.838,1941.671,0
$OBS,64.000,2279,388864.000,G08,1C,43.1,23892254.332,-128809.570,2109.865,0
$OBS,64.000,2279,388864.000,G02,1C,44.8,23385519.763,106663.164,-1675.117,0
$POS,64.000,2023,9,14,12,1,4.002000012,15.391021750,73.878019147,-0.628,7,13
$LOG,64.036,L1CA,30,SIGNAL LOST (L1CA, 31.9)
$LOG,64.130,L1CA,22,SIGNAL LOST (L1CA, 31.4)
$LOG,64.109,L1CA,30,SIGNAL FOUND (35.9,4324.9,0.7520000)
$LOG,64.209,L1CA,22,SIGNAL FOUND (35.3,-1020.0,0.2113600)
$LOG,64.309,L1CA,18,SIGNAL LOST (L1CA, 31.6)
$LOG,64.359,L1CA,18,SIGNAL FOUND (36.5,-1390.1,0.3169600)
$LOG,64.524,L1CA,20,SIGNAL LOST (L1CA, 31.3)
$LOG,64.600,L1CA,20,SIGNAL FOUND (36.4,-93.5,0.7128000)
$TIME,65.000,2025,4,14,12,31,57.937000,UTC
$CH,65.000,L1CA,3,64091,53.5,0.542414920,826.194,54248.773,9,0
$CH,65.000,L1CA,19,3315,33.1,0.663585398,899.767,2928.077,0,0
$CH,65.000,L1CA,25,9400,32.4,0.512911585,-135.316,-1305.380,0,0
$CH,65.000,L1CA,21,60191,44.9,0.253089027,-1411.196,-85304.187,8,0
$CH,65.000,L1CA,2,64490,45.2,0.006762627,-1675.730,-108337.434,9,0
$CH,65.000,L1CA,10,3871,34.0,0.698927334,853.051,3204.216,0,2
$CH,65.000,L1CA,17,1763,34.1,0.512073205,1808.452,3174.678,0,1
$CH,65.000,L1CA,31,59191,46.4,0.681417992,-2591.999,-153629.387,8,0
$CH,65.000,L1CA,28,3100,33.5,0.857998523,296.324,954.548,0,0
$CH,65.000,L1CA,9,62091,43.2,0.147243273,2272.825,140850.608,9,0
$CH,65.000,L1CA,4,63591,48.2,0.711900619,1857.526,117956.056,9,0
$CH,65.000,L1CA,27,59591,44.7,0.477632835,1941.385,115630.452,8,0
$CH,65.000,L1CA,22,791,35.3,0.211744566,-775.818,-616.741,0,0
$CH,65.000,L1CA,29,9191,32.6,0.763313823,-209.061,-1926.479,0,0
$CH,65.000,L1CA,24,1391,34.1,0.076498786,2243.683,3184.265,0,0
$CH,65.000,L1CA,13,2591,32.4,0.673109919,2355.887,6109.978,0,1
$CH,65.000,L1CA,1,64891,47.4,0.315173424,-2098.935,-136259.231,9,0
$CH,65.000,L1CA,7,62491,43.5,0.244121130,1345.928,84557.046,9,0
$CH,65.000,L1CA,23,1517,33.1,0.797439368,-4792.034,-7124.247,0,0
$CH,65.000,L1CA,5,39091,32.8,0.091298044,828.239,32796.728,3,1
$CH,65.000,L1CA,14,15547,32.3,0.646861998,-167.219,-2556.510,0,0
$CH,65.000,L1CA,32,5900,32.8,0.209437928,-170.501,-998.034,0,0
$CH,65.000,L1CA,26,59691,50.4,0.478776973,-2479.726,-147175.058,8,0
$CH,65.000,L1CA,12,47091,32.3,0.485220631,829.899,39659.763,2,1
$CH,65.000,L1CA,30,891,35.9,0.749619893,4024.771,3763.718,1,0
$CH,65.000,L1CA,18,641,36.5,0.317343943,-1164.823,-757.130,0,1
$CH,65.000,L1CA,20,400,36.4,0.712868854,-137.083,-48.145,0,0
$CH,65.000,L1CA,11,5791,32.4,0.897155089,-175.900,-969.705,0,0
$CH,65.000,L1CA,6,1691,33.4,0.307229433,3264.305,5573.974,0,0
$CH,65.000,L1CA,15,24391,32.6,0.155905168,827.463,20325.790,2,0
$CH,65.000,L1CA,8,62291,42.5,0.694629275,2110.283,130917.011,9,0
$CH,65.000,L1CA,16,60791,52.8,0.190831265,-168.307,-8903.017,9,0
$OBS,65.000,2279,388865.000,G21,1C,44.9,23459686.172,85305.598,-1413.351,0
$OBS,65.000,2279,388865.000,G02,1C,45.2,23385839.416,108339.110,-1676.263,0
$OBS,65.000,2279,388865.000,G03,1C,53.5,19948913.964,-54249.599,826.291,0
$OBS,65.000,2279,388865.000,G31,1C,46.4,22988511.272,153632.479,-2592.546,0
$OBS,65.000,2279,388865.000,G09,1C,43.2,24027538.628,-140852.381,2274.105,0
$OBS,65.000,2279,388865.000,G04,1C,48.2,22098271.505,-117957.413,1857.498,0
$OBS,65.000,2279,388865.000,G01,1C,47.4,23178506.277,136261.830,-2098.514,0
$OBS,65.000,2279,388865.000,G07,1C,43.5,24056582.055,-84557.892,1344.828,0
$OBS,65.000,2279,388865.000,G26,1C,50.4,21129006.263,147178.038,-2479.186,0
$OBS,65.000,2279,388865.000,G08,1C,42.5,23891848.388,-130919.121,2109.203,0
$OBS,65.000,2279,388865.000,G16,1C,52.8,19843512.031,8903.185,-168.085,0
$OBS,65.000,2279,388865.000,G27,1C,44.7,23227209.607,-115632.393,1940.606,0
$POS,65.000,2023,9,14,12,1,5.001999992,15.391003552,73.878078735,11.944,7,13
$LOG,65.409,L1CA,13,SIGNAL LOST (L1CA, 31.6)
$LOG,65.483,L1CA,23,SIGNAL LOST (L1CA, 31.1)
$LOG,65.502,L1CA,13,SIGNAL FOUND (35.6,-23.9,0.2744000)
$LOG,65.609,L1CA,23,SIGNAL FOUND (35.3,-1564.5,0.0091200)
$TIME,66.000,2025,4,14,12,32,5.671000,UTC
$CH,66.000,L1CA,9,63091,43.3,0.145804003,2274.093,143124.163,9,0
$CH,66.000,L1CA,16,61791,52.3,0.190961765,-168.954,-9071.514,9,0
$CH,66.000,L1CA,1,65891,46.7,0.316502094,-2098.738,-138358.204,9,0
$CH,66.000,L1CA,10,4871,33.2,0.698330611,846.993,4058.443,0,2
$CH,66.000,L1CA,22,1791,33.9,0.212065455,-656.819,-1291.688,0,0
$CH,66.000,L1CA,28,4100,32.0,0.858018502,300.515,1251.971,0,0
$CH,66.000,L1CA,6,2691,32.1,0.305223769,3275.399,8843.672,0,0
$CH,66.000,L1CA,12,48091,32.5,0.484719940,826.218,40485.811,2,1
$CH,66.000,L1CA,13,498,35.6,0.274421583,-175.377,-68.557,0,1
$CH,66.000,L1CA,8,63291,43.3,0.693304511,2110.222,133026.822,9,0
$CH,66.000,L1CA,24,2391,32.3,0.075085099,2242.078,5433.218,0,0
$CH,66.000,L1CA,21,61191,44.5,0.253987539,-1411.592,-86715.966,8,0
$CH,66.000,L1CA,3,65091,53.5,0.541889316,825.693,55074.831,9,0
$CH,66.000,L1CA,7,63491,43.8,0.243262582,1345.966,85902.653,9,0
$CH,66.000,L1CA,30,1891,33.3,0.747044874,4158.901,7916.012,1,0
$CH,66.000,L1CA,17,2763,32.1,0.511041009,1805.190,4983.314,0,1
$CH,66.000,L1CA,23,391,35.3,0.009517293,-1664.344,-650.259,0,0
$CH,66.000,L1CA,29,10191,33.0,0.763395551,-211.703,-2138.006,0,0
$CH,66.000,L1CA,2,65490,45.4,0.007827821,-1676.672,-110013.261,9,0
$CH,66.000,L1CA,31,60191,47.2,0.683064651,-2591.394,-156221.658,8,0
$CH,66.000,L1CA,19,4315,33.8,0.662944913,894.481,3828.015,0,0
$CH,66.000,L1CA,5,40091,33.1,0.090746116,826.705,33622.797,3,1
$CH,66.000,L1CA,27,60591,44.4,0.476398410,1941.322,117572.040,8,0
$CH,66.000,L1CA,25,10400,33.0,0.513032354,-140.077,-1446.227,0,0
$CH,66.000,L1CA,14,16547,32.9,0.646996891,-168.696,-2724.976,0,0
$CH,66.000,L1CA,11,6791,32.9,0.897244316,-163.710,-1140.501,0,0
$CH,66.000,L1CA,20,1400,35.1,0.712951231,-227.783,-230.440,0,0
$CH,66.000,L1CA,18,1641,34.7,0.317935663,-1156.088,-1926.943,0,1
$CH,66.000,L1CA,32,6900,33.3,0.209563846,-170.190,-1166.489,0,0
$CH,66.000,L1CA,4,64591,48.8,0.710718248,1857.220,119813.524,9,0
$CH,66.000,L1CA,15,25391,32.6,0.155345657,821.716,21151.833,2,0
$CH,66.000,L1CA,26,60691,50.0,0.480348878,-2480.101,-149654.647,8,0
$OBS,66.000,2279,388866.000,G09,1C,43.3,24027107.154,-143125.937,2272.796,0
$OBS,66.000,2279,388866.000,G01,1C,46.7,23178904.595,138360.803,-2098.297,0
$OBS,66.000,2279,388866.000,G16,1C,52.3,19843551.155,9071.683,-169.186,0
$OBS,66.000,2279,388866.000,G08,1C,43.3,23891451.238,-133028.932,2109.952,0
$OBS,66.000,2279,388866.000,G21,1C,44.5,23459955.534,86717.377,-1411.242,0
$OBS,66.000,2279,388866.000,G07,1C,43.8,24056324.682,-85903.499,1345.444,0
$OBS,66.000,2279,388866.000,G03,1C,53.5,19948756.406,-55075.657,826.115,0
$OBS,66.000,2279,388866.000,G31,1C,47.2,22989004.939,156224.749,-2593.431,0
$OBS,66.000,2279,388866.000,G02,1C,45.4,23386158.755,110014.937,-1675.236,0
$OBS,66.000,2279,388866.000,G27,1C,44.4,23226839.541,-117573.982,1940.854,0
$OBS,66.000,2279,388866.000,G04,1C,48.8,22097917.039,-119814.881,1856.792,0
$OBS,66.000,2279,388866.000,G26,1C,50.0,21129477.506,149657.627,-2479.956,0
$POS,66.000,2023,9,14,12,1,6.002000004,15.391019273,73.878051481,4.936,7,13
$LOG,66.109,L1CA,30,SIGNAL LOST (L1CA, 32.0)
$LOG,66.120,L1CA,30,SIGNAL FOUND (35.8,-2468.7,0.5438400)
$LOG,66.226,L1CA,14,FRAME SYNC (R)
$LNAV,66.066,L1CA,14,8B55567E958639D0002AAAAAAAAAAAAAAAAAAAAAEA0260AE000031C474FA
$LOG,66.237,L1CA,31,FRAME SYNC (R)
$LNAV,66.077,L1CA,31,8B55567E958639D0002AAAAAAAAAAAAAAAAAAAAAE40260AE00FFFBE2B95A
$LOG,66.237,L1CA,17,SIGNAL LOST (L1CA, 30.8)
$LOG,66.227,L1CA,15,FRAME SYNC (N)
$LNAV,66.067,L1CA,15,8B55567E958639D0002AAAAAAAAAAAAAAAAAAAAA040260AE0000B4EE382D
$LOG,66.209,L1CA,22,SIGNAL LOST (L1CA, 32.0)
$LOG,66.238,L1CA,27,FRAME SYNC (N)
$LOG,66.241,L1CA,9,FRAME SYNC (R)
$LOG,66.241,L1CA,7,FRAME SYNC (R)
$LNAV,66.081,L1CA,9,8B55567E958639D0002AAAAAAAAAAAAAAAAAAAAA020260AE00005AF8245E
$LOG,66.231,L1CA,26,FRAME SYNC (R)
$LNAV,66.071,L1CA,26,8B55567E958639D0002AAAAAAAAAAAAAAAAAAAAA0F0260AE00FFF01DF426
$LOG,66.234,L1CA,4,FRAME SYNC (R)
$LNAV,66.074,L1CA,4,8B55567E958639D0002AAAAAAAAAAAAAAAAAAAAAF70260AE000062146A2E
$LOG,66.238,L1CA,1,FRAME SYNC (R)
$LNAV,66.081,L1CA,7,8B55567E958639D0002AAAAAAAAAAAAAAAAAAAAAE80260AE00FFA408D90F
$LOG,66.239,L1CA,2,FRAME SYNC (N)
$LNAV,66.079,L1CA,2,8B55567E958639D0002AAAAAAAAAAAAAAAAAAAAADA0260AE000027B76176
$LOG,66.227,L1CA,16,FRAME SYNC (N)
$LNAV,66.067,L1CA,16,8B55567E958639D0002AAAAAAAAAAAAAAAAAAAAAEA0260AE000031C474FA
$LOG,66.240,L1CA,8,FRAME SYNC (N)
$LNAV,66.080,L1CA,8,8B55567E958639D1002AAAAAAAAAAAAAAAAAAAAA0B0260AE00FFEFED5C15
$LOG,66.227,L1CA,3,FRAME SYNC (N)
$LNAV,66.067,L1CA,3,8B55567E958639D0002AAAAAAAAAAAAAAAAAAAAA040260AE0000B4EE382D
$LNAV,66.078,L1CA,27,8B55567E958639D0002AAAAAAAAAAAAAAAAAAAAA030260AE00FFC9FAD82F
$LNAV,66.078,L1CA,1,8B55567E958639D1FC2AAAAAAAAAAAAAAAAAAAAA0B0260AE00FFF815B212
$LOG,66.239,L1CA,21,FRAME SYNC (N)
$LNAV,66.079,L1CA,21,8B55567E958639D1002AAAAAAAAAAAAAAAAAAAAAEA0260AE00FFF91384F1
$LOG,66.298,L1CA,17,SIGNAL FOUND (36.6,2538.6,0.4920000)
$LOG,66.347,L1CA,5,SYMBOL SYNC (-81.463)
$LOG,66.309,L1CA,6,SIGNAL LOST (L1CA, 30.9)
$LOG,66.309,L1CA,22,SIGNAL FOUND (35.2,-5000.0,0.3676800)
$LOG,66.409,L1CA,6,SIGNAL FOUND (35.5,-1963.7,0.5350400)
$LOG,66.609,L1CA,24,SIGNAL LOST (L1CA, 30.3)
$LOG,66.660,L1CA,24,SIGNAL FOUND (36.1,2911.4,0.5395200)
$LOG,66.900,L1CA,28,SIGNAL LOST (L1CA, 31.4)
$TIME,67.000,2025,4,14,12,32,13.507000,UTC
$LOG,66.933,L1CA,28,SIGNAL FOUND (35.4,434.3,0.7174400)
$CH,67.000,L1CA,28,67,35.4,0.717422454,310.398,24.266,0,0
$CH,67.000,L1CA,6,591,35.5,0.535843206,-2174.909,-1281.411,0,0
$CH,67.000,L1CA,9,64091,43.5,0.144358164,2274.473,145397.885,10,0
$CH,67.000,L1CA,20,2400,34.2,0.713149626,-225.971,-462.174,0,0
$CH,67.000,L1CA,17,702,36.6,0.491040225,2248.818,1638.989,0,1
$CH,67.000,L1CA,23,1391,33.5,0.010478864,-1777.545,-2372.766,0,0
$CH,67.000,L1CA,29,11191,32.6,0.763454908,-203.709,-2348.656,0,0
$CH,67.000,L1CA,26,61691,49.7,0.481921712,-2480.148,-152134.692,9,0
$CH,67.000,L1CA,30,880,35.8,0.545284961,-2573.539,-2350.191,1,0
$CH,67.000,L1CA,19,5315,34.0,0.662339078,899.313,4727.831,0,0
$CH,67.000,L1CA,14,17547,32.9,0.647085428,-168.642,-2894.212,1,0
$CH,67.000,L1CA,2,66490,44.9,0.008886984,-1673.625,-111688.957,10,0
$CH,67.000,L1CA,31,61191,47.1,0.684708089,-2591.194,-158813.824,9,0
$CH,67.000,L1CA,4,65591,49.1,0.709531972,1857.632,121671.069,10,0
$CH,67.000,L1CA,18,2641,32.2,0.318519014,-1156.310,-3078.365,0,1
$CH,67.000,L1CA,16,62791,52.6,0.191090432,-169.572,-9240.734,10,0
$CH,67.000,L1CA,12,49091,33.4,0.484218323,819.497,41311.258,2,1
$CH,67.000,L1CA,15,26391,32.3,0.154802961,819.584,21977.340,3,0
$CH,67.000,L1CA,11,7791,32.7,0.897367751,-164.683,-1309.752,0,0
$CH,67.000,L1CA,25,11400,32.5,0.513114645,-139.379,-1587.656,0,0
$CH,67.000,L1CA,22,691,35.2,0.369856482,-5154.579,-3525.406,0,0
$CH,67.000,L1CA,24,340,36.1,0.538976019,2761.365,958.657,0,0
$CH,67.000,L1CA,13,1498,34.0,0.274526522,-171.881,-247.258,0,1
$CH,67.000,L1CA,3,66091,53.2,0.541354825,825.011,55900.270,10,0
$CH,67.000,L1CA,5,41091,33.1,0.090240116,834.062,34448.947,3,1
$CH,67.000,L1CA,32,7900,32.3,0.209664344,-173.683,-1335.705,0,0
$CH,67.000,L1CA,7,64491,44.3,0.242413242,1344.819,87248.028,10,0
$CH,67.000,L1CA,1,66891,46.5,0.317833698,-2098.673,-140457.153,10,0
$CH,67.000,L1CA,8,64291,43.8,0.691960781,2110.831,135136.889,10,0
$CH,67.000,L1CA,27,61591,44.6,0.475168220,1940.987,119513.662,9,0
$CH,67.000,L1CA,10,5871,32.2,0.697753710,856.401,4912.171,0,2
$CH,67.000,L1CA,21,62191,44.0,0.254876123,-1411.685,-88127.575,9,0
$OBS,67.000,2279,388867.000,G09,1C,43.5,24026673.708,-145399.660,2273.853,0
$OBS,67.000,2279,388867.000,G26,1C,49.7,21129949.028,152137.672,-2479.928,0
$OBS,67.000,2279,388867.000,G02,1C,44.9,23386476.279,111690.631,-1675.413,0
$OBS,67.000,2279,388867.000,G31,1C,47.1,22989497.628,158816.915,-2593.032,0
$OBS,67.000,2279,388867.000,G04,1C,49.1,22097561.403,-121672.426,1857.462,0
$OBS,67.000,2279,388867.000,G16,1C,52.6,19843589.720,9240.903,-169.465,0
$OBS,67.000,2279,388867.000,G15,1C,32.3,19832710.835,-21978.159,827.552,0
$OBS,67.000,2279,388867.000,G03,1C,53.2,19948596.161,-55901.095,825.363,0
$OBS,67.000,2279,388867.000,G07,1C,44.3,24056070.049,-87248.873,1345.581,0
$OBS,67.000,2279,388867.000,G01,1C,46.5,23179303.804,140459.752,-2098.763,0
$OBS,67.000,2279,388867.000,G08,1C,43.8,23891048.400,-135138.999,2109.801,0
$OBS,67.000,2279,388867.000,G27,1C,44.6,23226470.748,-119515.603,1941.934,0
$OBS,67.000,2279,388867.000,G21,1C,44.0,23460221.929,88128.986,-1412.180,0
$POS,67.000,2023,9,14,12,1,7.002000016,15.391036393,73.878004080,-0.475,7,13
$LOG,67.129,L1CA,10,SIGNAL LOST (L1CA, 31.7)
$LOG,67.100,L1CA,32,SIGNAL LOST (L1CA, 31.5)
$LOG,67.185,L1CA,32,SIGNAL FOUND (36.1,-424.0,0.3897600)
$LOG,67.209,L1CA,11,SIGNAL LOST (L1CA, 31.7)
$LOG,67.209,L1CA,10,SIGNAL FOUND (36.1,2987.5,0.4561600)
$LOG,67.359,L1CA,18,SIGNAL LOST (L1CA, 30.7)
$LOG,67.309,L1CA,11,SIGNAL FOUND (36.7,-1020.1,0.6212800)
$LOG,67.409,L1CA,18,SIGNAL FOUND (35.6,1585.0,0.1824000)
$LOG,67.609,L1CA,23,SIGNAL LOST (L1CA, 30.5)
$LOG,67.641,L1CA,23,SIGNAL FOUND (36.1,2975.5,0.6427200)
$TIME,68.000,2025,4,14,12,32,20.832000,UTC
$CH,68.000,L1CA,27,62591,44.4,0.473936633,1941.691,121455.320,9,0
$CH,68.000,L1CA,8,65291,44.2,0.690619647,2109.738,137247.208,10,0
$CH,68.000,L1CA,14,18547,33.1,0.647179450,-164.869,-3064.166,1,0
$CH,68.000,L1CA,28,1067,34.1,0.717256524,339.976,321.934,0,0
$CH,68.000,L1CA,2,67490,44.8,0.009949733,-1676.987,-113364.532,10,0
$CH,68.000,L1CA,4,66591,48.8,0.708360375,1857.351,123528.697,10,0
$CH,68.000,L1CA,15,27391,32.9,0.154328930,822.768,22802.089,3,0
$CH,68.000,L1CA,21,63191,45.0,0.255774788,-1410.271,-89539.001,9,0
$CH,68.000,L1CA,29,12191,32.7,0.763586121,-202.354,-2555.821,0,0
$CH,68.000,L1CA,16,63791,52.7,0.191152480,-170.133,-9410.657,10,0
$CH,68.000,L1CA,25,12400,32.9,0.513264090,-141.075,-1729.374,0,0
$CH,68.000,L1CA,18,591,35.6,0.181716363,1847.633,1063.527,0,1
$CH,68.000,L1CA,7,65491,44.5,0.241557103,1344.657,88593.158,10,0
$CH,68.000,L1CA,1,67891,45.8,0.319170272,-2099.532,-142556.071,10,0
$CH,68.000,L1CA,22,1691,32.9,0.373225250,-5302.065,-8802.737,0,0
$CH,68.000,L1CA,24,1340,33.9,0.537258532,2742.088,3696.202,0,0
$CH,68.000,L1CA,30,1880,33.2,0.546818572,-2460.056,-4813.898,1,0
$CH,68.000,L1CA,3,67091,53.2,0.540842420,824.495,56725.073,10,0
$CH,68.000,L1CA,31,62191,47.1,0.686346984,-2592.309,-161405.881,9,0
$CH,68.000,L1CA,10,791,36.1,0.454830550,2777.037,2230.103,0,2
$CH,68.000,L1CA,32,815,36.1,0.389754892,-143.105,-168.176,0,0
$CH,68.000,L1CA,19,6315,33.1,0.661737276,904.970,5627.273,0,0
$CH,68.000,L1CA,6,1591,33.3,0.537294496,-2145.108,-3423.196,0,0
$CH,68.000,L1CA,9,65091,43.1,0.142917876,2274.102,147671.763,10,0
$CH,68.000,L1CA,13,2498,32.9,0.274651340,-174.810,-417.208,0,1
$CH,68.000,L1CA,12,50091,33.6,0.483676346,820.167,42136.080,2,1
$CH,68.000,L1CA,26,62691,49.9,0.483497074,-2480.755,-154615.197,9,0
$CH,68.000,L1CA,17,1702,34.5,0.489785279,2227.935,3869.043,0,1
$CH,68.000,L1CA,5,42091,32.9,0.089748207,818.583,35275.064,3,1
$CH,68.000,L1CA,23,359,36.1,0.642124284,2817.839,1019.404,0,0
$CH,68.000,L1CA,20,3400,34.1,0.713263904,-231.835,-692.049,0,0
$CH,68.000,L1CA,11,691,36.7,0.621749065,-1191.494,-809.306,0,0
$OBS,68.000,2279,388868.000,G27,1C,44.4,23226101.519,-121457.262,1941.784,0
$OBS,68.000,2279,388868.000,G08,1C,44.2,23890646.329,-137249.317,2110.801,0
$OBS,68.000,2279,388868.000,G02,1C,44.8,23386794.885,113366.209,-1675.692,0
$OBS,68.000,2279,388868.000,G04,1C,48.8,22097210.165,-123530.054,1857.382,0
$OBS,68.000,2279,388868.000,G15,1C,32.9,19832568.721,-22802.912,822.539,0
$OBS,68.000,2279,388868.000,G21,1C,45.0,23460491.342,89540.411,-1411.586,0
$OBS,68.000,2279,388868.000,G16,1C,52.7,19843608.322,9410.827,-169.850,0
$OBS,68.000,2279,388868.000,G07,1C,44.6,24055813.391,-88594.003,1344.951,0
$OBS,68.000,2279,388868.000,G01,1C,45.8,23179704.496,142558.670,-2099.296,0
$OBS,68.000,2279,388868.000,G03,1C,53.2,19948442.546,-56725.897,824.568,0
$OBS,68.000,2279,388868.000,G31,1C,47.1,22989988.957,161408.974,-2591.938,0
$OBS,68.000,2279,388868.000,G09,1C,43.1,24026241.920,-147673.537,2272.415,0
$OBS,68.000,2279,388868.000,G26,1C,49.9,21130421.319,154618.177,-2481.106,0
$POS,68.000,2023,9,14,12,1,8.001999997,15.391010311,73.878078126,10.393,7,13
$LOG,68.126,L1CA,13,SYMBOL SYNC (-80.725)
$LOG,68.309,L1CA,22,SIGNAL LOST (L1CA, 31.1)
$LOG,68.338,L1CA,22,SIGNAL FOUND (35.3,100.2,0.4899200)
$TIME,69.000,2025,4,14,12,32,28.656000,UTC
$CH,69.000,L1CA,1,68891,45.5,0.320506753,-2097.994,-144654.959,10,0
$CH,69.000,L1CA,10,1791,34.1,0.453192362,2769.625,5008.474,0,2
$CH,69.000,L1CA,21,64191,45.8,0.256673971,-1411.879,-90950.240,9,0
$CH,69.000,L1CA,9,66091,43.4,0.141468285,2274.196,149945.805,10,0
$CH,69.000,L1CA,14,19547,33.1,0.647314274,-173.468,-3234.786,1,0
$CH,69.000,L1CA,26,63691,49.9,0.485074457,-2481.187,-157096.164,9,0
$CH,69.000,L1CA,15,28391,32.9,0.153794460,828.384,23626.260,3,0
$CH,69.000,L1CA,7,66491,44.3,0.240700817,1346.585,89938.064,10,0
$CH,69.000,L1CA,18,1591,33.8,0.180614239,1822.478,2893.849,0,1
$CH,69.000,L1CA,30,2880,32.5,0.548301795,-2453.473,-7269.469,1,0
$CH,69.000,L1CA,16,64791,52.9,0.191280179,-171.091,-9581.294,10,0
$CH,69.000,L1CA,8,66291,44.1,0.689270405,2112.156,139357.778,10,0
$CH,69.000,L1CA,3,68091,52.8,0.540322875,823.543,57549.252,10,0
$CH,69.000,L1CA,22,662,35.3,0.489774175,258.547,190.318,0,0
$CH,69.000,L1CA,5,43091,33.0,0.089245599,819.479,36099.302,3,1
$CH,69.000,L1CA,32,1815,34.4,0.389803894,-231.725,-394.524,0,0
$CH,69.000,L1CA,2,68490,44.9,0.011013444,-1674.223,-115039.982,10,0
$CH,69.000,L1CA,17,2702,32.6,0.488382760,2225.623,6093.348,0,1
$CH,69.000,L1CA,20,4400,33.7,0.713245308,-222.863,-921.430,0,0
$CH,69.000,L1CA,13,3498,33.2,0.274712515,-171.269,-587.789,0,1
$CH,69.000,L1CA,6,2591,32.9,0.538560076,-2142.330,-5567.560,0,0
$CH,69.000,L1CA,29,13191,32.1,0.763643301,-210.267,-2761.466,0,0
$CH,69.000,L1CA,31,63191,46.7,0.688005500,-2591.670,-163997.832,9,0
$CH,69.000,L1CA,28,2067,33.5,0.716979761,335.762,662.695,0,0
$CH,69.000,L1CA,4,67591,49.0,0.707183338,1857.833,125386.395,10,0
$CH,69.000,L1CA,19,7315,32.3,0.661195524,897.019,6524.125,0,0
$CH,69.000,L1CA,11,1691,32.8,0.622411349,-1131.871,-1937.287,0,0
$CH,69.000,L1CA,25,13400,33.5,0.513369459,-144.321,-1870.820,0,0
$CH,69.000,L1CA,24,2340,32.9,0.535560138,2745.381,6437.997,0,0
$CH,69.000,L1CA,23,1359,34.2,0.640461534,2814.273,3839.609,0,0
$CH,69.000,L1CA,27,63591,44.6,0.472703372,1941.492,123397.026,9,0
$CH,69.000,L1CA,12,51091,33.3,0.483091554,819.183,42960.243,2,1
$OBS,69.000,2279,388869.000,G01,1C,45.5,23180105.170,144657.557,-2099.106,0
$OBS,69.000,2279,388869.000,G09,1C,43.4,24025807.340,-149947.580,2275.445,0
$OBS,69.000,2279,388869.000,G21,1C,45.8,23460760.913,90951.652,-1411.488,0
$OBS,69.000,2279,388869.000,G26,1C,49.9,21130894.202,157099.146,-2481.344,0
$OBS,69.000,2279,388869.000,G15,1C,32.9,19832408.493,-23627.089,820.194,0
$OBS,69.000,2279,388869.000,G07,1C,44.3,24055556.681,-89938.910,1343.202,0
$OBS,69.000,2279,388869.000,G16,1C,52.9,19843646.608,9581.465,-171.248,0
$OBS,69.000,2279,388869.000,G08,1C,44.1,23890241.833,-139359.890,2111.623,0
$OBS,69.000,2279,388869.000,G03,1C,52.8,19948286.786,-57550.075,823.829,0
$OBS,69.000,2279,388869.000,G02,1C,44.9,23387113.788,115041.656,-1674.724,0
$OBS,69.000,2279,388869.000,G31,1C,46.7,22990486.166,164000.923,-2592.199,0
$OBS,69.000,2279,388869.000,G04,1C,49.0,22096857.304,-125387.753,1857.819,0
$OBS,69.000,2279,388869.000,G27,1C,44.6,23225731.801,-123398.967,1942.025,0
$POS,69.000,2023,9,14,12,1,9.002000001,15.391008061,73.878055463,6.223,7,13
$LOG,69.120,L1CA,30,SIGNAL LOST (L1CA, 31.9)
$LOG,69.166,L1CA,30,SIGNAL FOUND (36.5,-1011.1,0.5852800)
$LOG,69.298,L1CA,17,SIGNAL LOST (L1CA, 31.4)
$LOG,69.309,L1CA,11,SIGNAL LOST (L1CA, 29.7)
$LOG,69.308,L1CA,17,SIGNAL FOUND (36.0,1057.2,0.3800000)
$LOG,69.409,L1CA,6,SIGNAL LOST (L1CA, 31.6)
$LOG,69.409,L1CA,11,SIGNAL FOUND (35.7,-918.5,0.2667200)
$LOG,69.509,L1CA,6,SIGNAL FOUND (35.2,3995.8,0.9960000)
$LOG,69.641,L1CA,23,SIGNAL LOST (L1CA, 31.9)
$LOG,69.660,L1CA,24,SIGNAL LOST (L1CA, 31.6)
$LOG,69.685,L1CA,19,SIGNAL LOST (L1CA, 31.8)
$LOG,69.701,L1CA,23,SIGNAL FOUND (35.8,-2975.4,0.9334400)
$LOG,69.809,L1CA,24,SIGNAL FOUND (35.2,-4643.2,0.1686400)
$TIME,70.000,2025,4,14,12,32,36.109000,UTC
$LOG,69.909,L1CA,19,SIGNAL NOT FOUND (34.7)
$CH,70.000,L1CA,24,191,35.2,0.169187912,-4598.443,-884.841,0,0
$CH,70.000,L1CA,23,299,35.8,0.933991929,-3117.998,-935.549,0,0
$CH,70.000,L1CA,9,67091,43.3,0.140029059,2274.912,152220.006,10,0
$CH,70.000,L1CA,11,591,35.7,0.267031867,-1266.028,-674.144,0,0
$CH,70.000,L1CA,10,2791,32.3,0.451466108,2776.249,7779.631,0,2
$CH,70.000,L1CA,1,69891,46.0,0.321832822,-2098.884,-146753.826,10,0
$CH,70.000,L1CA,8,67291,44.2,0.687949629,2110.516,141468.610,10,0
$CH,70.000,L1CA,22,1662,33.8,0.489476794,426.471,584.498,0,0
$CH,70.000,L1CA,4,68591,49.4,0.706005432,1857.687,127244.179,10,0
$CH,70.000,L1CA,28,3067,33.0,0.716671061,336.506,1000.103,0,0
$CH,70.000,L1CA,17,692,36.0,0.379621526,781.455,586.148,0,1
$CH,70.000,L1CA,3,69091,52.9,0.539789708,823.008,58372.805,10,0
$CH,70.000,L1CA,21,65191,45.4,0.257569101,-1410.718,-92361.316,9,0
$CH,70.000,L1CA,25,14400,33.1,0.513488308,-140.742,-2011.066,0,0
$CH,70.000,L1CA,32,2815,32.9,0.390014236,-237.575,-630.919,0,0
$CH,70.000,L1CA,16,65791,52.9,0.191423518,-171.839,-9752.643,10,0
$CH,70.000,L1CA,6,491,35.2,0.994849257,3743.751,1888.706,0,0
$CH,70.000,L1CA,2,69490,46.0,0.012085811,-1675.702,-116715.299,10,0
$CH,70.000,L1CA,12,52091,33.1,0.482541621,817.958,43783.778,2,1
$CH,70.000,L1CA,30,834,36.5,0.585770631,-1114.437,-954.247,1,0
$CH,70.000,L1CA,7,67491,44.7,0.239858549,1344.453,91282.722,10,0
$CH,70.000,L1CA,31,64191,47.1,0.689643806,-2591.578,-166589.670,9,0
$CH,70.000,L1CA,5,44091,33.1,0.088703515,823.801,36922.842,3,1
$CH,70.000,L1CA,27,64591,44.8,0.471470253,1942.026,125338.756,9,0
$CH,70.000,L1CA,29,14191,32.7,0.763772875,-209.021,-2966.296,0,0
$CH,70.000,L1CA,26,64691,50.0,0.486646750,-2481.703,-159577.584,9,0
$CH,70.000,L1CA,13,4498,32.3,0.274800912,-168.617,-759.168,0,1
$CH,70.000,L1CA,14,20547,32.9,0.647428823,-166.100,-3406.100,1,0
$CH,70.000,L1CA,15,29391,33.1,0.153218951,829.060,24449.810,3,0
$CH,70.000,L1CA,20,5400,33.3,0.713300326,-224.848,-1151.109,0,0
$CH,70.000,L1CA,18,2591,33.4,0.179522226,1819.753,4714.825,0,1
$OBS,70.000,2279,388870.000,G09,1C,43.3,24025375.866,-152221.781,2274.097,0
$OBS,70.000,2279,388870.000,G01,1C,46.0,23180502.721,146756.425,-2098.776,0
$OBS,70.000,2279,388870.000,G08,1C,44.2,23889845.888,-141470.720,2111.265,0
$OBS,70.000,2279,388870.000,G04,1C,49.4,22096504.182,-127245.537,1858.078,0
$OBS,70.000,2279,388870.000,G03,1C,52.9,19948126.959,-58373.628,822.983,0
$OBS,70.000,2279,388870.000,G21,1C,45.4,23461029.263,92362.727,-1411.602,0
$OBS,70.000,2279,388870.000,G16,1C,52.9,19843689.587,9752.815,-171.276,0
$OBS,70.000,2279,388870.000,G02,1C,46.0,23387435.273,116716.975,-1674.052,0
$OBS,70.000,2279,388870.000,G07,1C,44.7,24055304.176,-91283.567,1344.830,0
$OBS,70.000,2279,388870.000,G31,1C,47.1,22990977.320,166592.761,-2591.985,0
$OBS,70.000,2279,388870.000,G27,1C,44.8,23225362.118,-125340.698,1941.500,0
$OBS,70.000,2279,388870.000,G26,1C,50.0,21131365.567,159580.566,-2481.802,0
$OBS,70.000,2279,388870.000,G15,1C,33.1,19832235.945,-24450.639,824.835,0
$POS,70.000,2023,9,14,12,1,10.002000012,15.391036994,73.878020151,-1.283,7,13
$LOG,70.009,L1CA,19,SIGNAL FOUND (35.9,-443.0,0.9659200)
$LOG,70.209,L1CA,10,SIGNAL LOST (L1CA, 30.8)
$LOG,70.257,L1CA,10,SIGNAL FOUND (35.3,5000.0,0.6216000)
$LOG,70.409,L1CA,18,SIGNAL LOST (L1CA, 31.6)
$LOG,70.453,L1CA,14,SIGNAL LOST (L1CA, 31.8)
$LOG,70.488,L1CA,18,SIGNAL FOUND (36.0,-2971.9,0.2022400)
$LOG,70.509,L1CA,14,SIGNAL FOUND (35.9,4506.7,0.6656000)
$TIME,71.000,2025,4,14,12,32,43.984000,UTC
$CH,71.000,L1CA,4,69591,48.8,0.704823066,1858.127,129102.042,10,0
$CH,71.000,L1CA,11,1591,33.0,0.267766706,-1245.334,-1933.102,0,0
$CH,71.000,L1CA,23,1299,33.4,0.935943669,-3188.313,-4090.645,0,0
$CH,71.000,L1CA,1,70891,46.5,0.323165697,-2099.966,-148852.662,10,0
$CH,71.000,L1CA,12,53091,32.6,0.482040741,825.297,44606.701,2,1
$CH,71.000,L1CA,31,65191,46.8,0.691286218,-2591.880,-169181.405,9,0
$CH,71.000,L1CA,28,4067,32.7,0.716353537,338.961,1338.623,0,0
$CH,71.000,L1CA,22,2662,32.4,0.489107017,419.925,1005.765,0,0
$CH,71.000,L1CA,26,65691,50.4,0.488222855,-2481.752,-162059.466,9,0
$CH,71.000,L1CA,17,1692,34.3,0.379071129,754.889,1333.790,0,1
$CH,71.000,L1CA,16,66791,53.1,0.191485775,-172.581,-9924.707,10,0
$CH,71.000,L1CA,3,70091,53.7,0.539264854,822.504,59195.730,10,0
$CH,71.000,L1CA,19,991,35.9,0.966248826,-748.530,-655.510,0,0
$CH,71.000,L1CA,8,68291,44.1,0.686588161,2110.573,143579.698,10,0
$CH,71.000,L1CA,30,1834,33.6,0.586452827,-1120.450,-2078.609,1,0
$CH,71.000,L1CA,25,15400,32.5,0.513565252,-136.595,-2152.435,0,0
$CH,71.000,L1CA,20,6400,32.8,0.713457778,-233.996,-1381.529,0,0
$CH,71.000,L1CA,7,68491,44.3,0.239000043,1344.431,92627.165,10,0
$CH,71.000,L1CA,13,5498,32.4,0.274889588,-166.810,-931.225,0,1
$CH,71.000,L1CA,10,743,35.3,0.619356749,4698.969,3573.056,0,2
$CH,71.000,L1CA,29,15191,33.2,0.763881681,-205.383,-3172.282,0,0
$CH,71.000,L1CA,5,45091,33.0,0.088202992,822.636,37745.706,3,1
$CH,71.000,L1CA,15,30391,33.1,0.152681840,818.737,25272.740,3,0
$CH,71.000,L1CA,18,512,36.0,0.203243989,-3186.149,-1588.973,0,1
$CH,71.000,L1CA,6,1491,32.6,0.992492894,3783.271,5641.627,0,0
$CH,71.000,L1CA,32,3815,33.3,0.390030764,-239.948,-865.845,0,0
$CH,71.000,L1CA,14,491,35.9,0.664177068,4788.479,2318.102,1,0
$CH,71.000,L1CA,9,68091,43.3,0.138576618,2275.508,154494.364,10,0
$CH,71.000,L1CA,27,65591,44.4,0.470241702,1941.916,127280.533,9,0
$CH,71.000,L1CA,2,70490,45.8,0.013134504,-1675.193,-118390.500,10,0
$CH,71.000,L1CA,21,66191,45.6,0.258471452,-1410.294,-93772.203,9,0
$CH,71.000,L1CA,24,1191,33.2,0.172173428,-4863.298,-5654.615,0,0
$OBS,71.000,2279,388871.000,G04,1C,48.8,22096149.716,-129103.400,1858.294,0
$OBS,71.000,2279,388871.000,G01,1C,46.5,23180902.296,148855.262,-2099.078,0
$OBS,71.000,2279,388871.000,G31,1C,46.8,22991469.695,169184.497,-2592.405,0
$OBS,71.000,2279,388871.000,G26,1C,50.4,21131838.067,162062.448,-2482.302,0
$OBS,71.000,2279,388871.000,G16,1C,53.1,19843708.242,9924.879,-172.473,0
$OBS,71.000,2279,388871.000,G03,1C,53.7,19947969.611,-59196.553,823.117,0
$OBS,71.000,2279,388871.000,G08,1C,44.1,23889437.727,-143581.809,2111.130,0
$OBS,71.000,2279,388871.000,G07,1C,44.3,24055046.803,-92628.009,1344.312,0
$OBS,71.000,2279,388871.000,G15,1C,33.1,19832074.932,-25273.559,822.829,0
$OBS,71.000,2279,388871.000,G09,1C,43.3,24024940.431,-154496.139,2273.536,0
$OBS,71.000,2279,388871.000,G27,1C,44.4,23224993.814,-127282.475,1941.381,0
$OBS,71.000,2279,388871.000,G02,1C,45.8,23387749.656,118392.175,-1674.370,0
$OBS,71.000,2279,388871.000,G21,1C,45.6,23461299.776,93773.614,-1409.651,0
$POS,71.000,2023,9,14,12,1,11.001999998,15.391007167,73.878051192,10.905,7,13
$LOG,71.166,L1CA,30,SIGNAL LOST (L1CA, 31.3)
$LOG,71.209,L1CA,30,SIGNAL FOUND (35.4,-2577.7,0.1638400)
$LOG,71.338,L1CA,22,SIGNAL LOST (L1CA, 31.3)
$LOG,71.358,L1CA,22,SIGNAL FOUND (36.0,-1544.6,0.8524800)
$LOG,71.409,L1CA,11,SIGNAL LOST (L1CA, 31.3)
$LOG,71.462,L1CA,11,SIGNAL FOUND (35.5,3536.3,0.5732800)
$LOG,71.509,L1CA,6,SIGNAL LOST (L1CA, 31.1)
$LOG,71.520,L1CA,6,SIGNAL FOUND (36.0,66.7,0.3932800)
$LOG,71.809,L1CA,24,SIGNAL LOST (L1CA, 31.1)
$LOG,71.819,L1CA,24,SIGNAL FOUND (36.3,4592.9,0.5259200)
$LOG,71.933,L1CA,28,SIGNAL LOST (L1CA, 31.9)
$TIME,72.000,2025,4,14,12,32,48.497000,UTC
$LOG,71.982,L1CA,28,SIGNAL FOUND (36.0,4489.5,0.2433600)
$CH,72.000,L1CA,12,54091,32.8,0.481500021,823.082,45429.063,2,1
$CH,72.000,L1CA,31,66191,46.4,0.692935546,-2591.389,-171773.027,9,0
$CH,72.000,L1CA,22,642,36.0,0.853056425,-1603.900,-1067.024,0,0
$CH,72.000,L1CA,9,69091,43.5,0.137137402,2274.893,156768.887,10,0
$CH,72.000,L1CA,32,4815,33.8,0.390029860,-227.581,-1098.858,0,0
$CH,72.000,L1CA,29,16191,33.4,0.763965262,-207.095,-3375.619,0,0
$CH,72.000,L1CA,8,69291,44.3,0.685258000,2110.983,145691.035,10,0
$CH,72.000,L1CA,28,18,36.0,0.243308508,4438.867,80.349,0,0
$CH,72.000,L1CA,10,1743,32.7,0.616312843,4797.199,8354.409,0,2
$CH,72.000,L1CA,30,791,35.4,0.165071741,-2530.061,-2038.536,1,0
$CH,72.000,L1CA,11,538,35.5,0.572184992,3313.966,1832.888,0,0
$CH,72.000,L1CA,23,2299,32.1,0.937932568,-3180.793,-7273.826,0,0
$CH,72.000,L1CA,15,31391,33.0,0.152141510,823.183,26094.999,3,0
$CH,72.000,L1CA,21,67191,45.4,0.259357972,-1410.118,-95182.911,9,0
$CH,72.000,L1CA,19,1991,33.0,0.966657976,-729.735,-1389.254,0,0
$LOG,72.009,L1CA,19,SIGNAL LOST (L1CA, 31.1)
$CH,72.000,L1CA,18,1512,33.1,0.205314385,-3307.394,-4873.826,0,1
$CH,72.000,L1CA,13,6498,32.3,0.275000301,-167.602,-1103.961,0,1
$CH,72.000,L1CA,20,7400,33.1,0.713649198,-234.811,-1612.310,0,0
$CH,72.000,L1CA,24,181,36.3,0.525393984,4821.017,858.841,0,0
$CH,72.000,L1CA,14,1491,33.4,0.661134668,4834.272,7147.207,1,0
$CH,72.000,L1CA,27,66591,44.5,0.469004005,1941.582,129222.338,9,0
$CH,72.000,L1CA,5,46091,32.8,0.087649207,820.706,38568.060,3,1
$CH,72.000,L1CA,3,71091,53.8,0.538752886,821.665,60018.031,10,0
$CH,72.000,L1CA,26,66691,50.2,0.489797106,-2482.155,-164541.806,9,0
$CH,72.000,L1CA,25,16400,32.5,0.513676557,-137.978,-2293.721,0,0
$CH,72.000,L1CA,2,71490,46.2,0.014205479,-1675.036,-120065.564,10,0
$CH,72.000,L1CA,7,69491,43.6,0.238142405,1343.646,93971.367,10,0
$CH,72.000,L1CA,4,70591,49.2,0.703643224,1857.170,130959.978,10,0
$CH,72.000,L1CA,6,480,36.0,0.393358102,-164.263,-77.264,0,0
$CH,72.000,L1CA,1,71891,46.3,0.324494304,-2098.822,-150951.460,10,0
$CH,72.000,L1CA,17,2692,34.3,0.378534138,755.207,2087.755,0,1
$CH,72.000,L1CA,16,67791,53.4,0.191601563,-173.070,-10097.487,10,0
$OBS,72.000,2279,388872.000,G31,1C,46.4,22991964.147,171776.118,-2592.062,0
$OBS,72.000,2279,388872.000,G09,1C,43.5,24024508.974,-156770.662,2274.165,0
$OBS,72.000,2279,388872.000,G08,1C,44.3,23889038.955,-145693.146,2110.483,0
$OBS,72.000,2279,388872.000,G15,1C,33.0,19831912.942,-26095.822,818.948,0
$OBS,72.000,2279,388872.000,G21,1C,45.4,23461565.543,95184.321,-1410.375,0
$OBS,72.000,2279,388872.000,G27,1C,44.5,23224622.752,-129224.280,1941.411,0
$OBS,72.000,2279,388872.000,G03,1C,53.8,19947816.119,-60018.853,822.039,0
$OBS,72.000,2279,388872.000,G26,1C,50.2,21132310.008,164544.788,-2482.671,0
$OBS,72.000,2279,388872.000,G02,1C,46.2,23388070.740,120067.239,-1675.345,0
$OBS,72.000,2279,388872.000,G07,1C,43.6,24054789.691,-93972.211,1344.020,0
$OBS,72.000,2279,388872.000,G04,1C,49.2,22095796.000,-130961.335,1857.666,0
$OBS,72.000,2279,388872.000,G01,1C,46.3,23181300.615,150954.058,-2097.670,0
$OBS,72.000,2279,388872.000,G16,1C,53.4,19843742.968,10097.660,-173.102,0
$POS,72.000,2023,9,14,12,1,12.002000000,15.391012389,73.878064716,7.654,7,13
$LOG,72.071,L1CA,19,SIGNAL FOUND (36.8,-3061.6,0.5806400)
$LOG,72.238,L1CA,27,FRAME SYNC (N)
$LNAV,72.078,L1CA,27,8B55567E960902F97D3079F392B45EFA9405F30C8A121BA10D5C5960AE7D
$LOG,72.231,L1CA,26,FRAME SYNC (R)
$LNAV,72.071,L1CA,26,8B55567E960902046A3BBF3BCE192F0406042F75F1083CA10DFACB60AE7F
$LOG,72.239,L1CA,21,FRAME SYNC (N)
$LNAV,72.079,L1CA,21,8B55567E96090207B13120F16C7FDD06350CB0B95116A3A10C958360AE7C
$LOG,72.234,L1CA,4,FRAME SYNC (R)
$LNAV,72.074,L1CA,4,8B55567E960902F4C8307AE314F10DF5E5014CEC221234A10D069A60AE7F
$LOG,72.227,L1CA,3,FRAME SYNC (N)
$LNAV,72.067,L1CA,3,8B55567E960902033E319A67FA0FC40287029FBC0204FAA10CC49560AE7C
$LOG,72.238,L1CA,1,FRAME SYNC (R)
$LNAV,72.078,L1CA,1,8B55567E9609020A7628C299006BDA088E06965F0E1633A10D18A660AE7D
$LOG,72.237,L1CA,31,FRAME SYNC (R)
$LNAV,72.077,L1CA,31,8B55567E96090203362FA55A1DF3980267055A86481826A10D0E6E60AE7C
$LOG,72.226,L1CA,12,FRAME SYNC (R)
$LNAV,72.066,L1CA,12,8B55567E960902033E319A67FA0FC40287029FBC0204FAA10CC49560AE7C
$LOG,72.227,L1CA,15,FRAME SYNC (N)
$LNAV,72.067,L1CA,15,8B55567E960902033E319A67FA0FC40287029FBC0204FAA10CC49560AE7C
$LOG,72.227,L1CA,16,FRAME SYNC (N)
$LNAV,72.067,L1CA,16,8B55567E96090201C5340C18D95CD401E106D9C9E50801A10D36B960AE7F
$LOG,72.241,L1CA,7,FRAME SYNC (R)
$LNAV,72.081,L1CA,7,8B55567E96090204B02F117CAA84A403B508FBB21F186FA10DD8C260AE7D
$LOG,72.239,L1CA,2,FRAME SYNC (N)
$LNAV,72.079,L1CA,2,8B55567E96090208282F330695ECBE06E4082DF0241780A10E011860AE7D
$LOG,72.241,L1CA,9,FRAME SYNC (R)
$LNAV,72.081,L1CA,9,8B55567E960902F44732E607C2795AF5AA0165FC4E10E0A10C659C60AE7D
$LOG,72.240,L1CA,8,FRAME SYNC (N)
$LNAV,72.080,L1CA,8,8B55567E960902F8B43253F0A48CD0F9D3046AA54B1186A10DFF5C60AE7C
$LOG,72.257,L1CA,10,SIGNAL LOST (L1CA, 31.6)
$LOG,72.286,L1CA,10,SIGNAL FOUND (35.8,-2938.7,0.6588800)
$LOG,72.509,L1CA,14,SIGNAL LOST (L1CA, 31.4)
$LOG,72.569,L1CA,14,SIGNAL FOUND (35.4,-5000.0,0.6080000)
$LOG,72.701,L1CA,23,SIGNAL LOST (L1CA, 30.8)
$LOG,72.789,L1CA,23,SIGNAL FOUND (35.2,-1946.9,0.2059200)
$TIME,73.000,2025,4,14,12,32,53.296000,UTC
$CH,73.000,L1CA,14,431,35.4,0.609342465,-4974.834,-2184.261,1,0
$CH,73.000,L1CA,1,72891,46.1,0.325833317,-2099.455,-153050.242,11,0
$CH,73.000,L1CA,17,3692,33.9,0.378037454,746.255,2840.368,0,1
$CH,73.000,L1CA,20,8400,32.1,0.713700326,-230.287,-1842.967,0,0
$CH,73.000,L1CA,29,17191,32.6,0.764048661,-205.143,-3577.773,0,0
$CH,73.000,L1CA,30,1791,33.2,0.166676045,-2451.653,-4510.598,1,0
$CH,73.000,L1CA,10,714,35.8,0.660002425,-2677.624,-1896.843,0,2
$CH,73.000,L1CA,24,1181,33.5,0.522372496,4836.345,5657.113,0,0
$CH,73.000,L1CA,15,32391,32.6,0.151623879,821.351,26916.709,4,0
$CH,73.000,L1CA,31,67191,45.9,0.694581026,-2591.658,-174364.546,10,0
$CH,73.000,L1CA,21,68191,45.4,0.260248014,-1410.326,-96593.437,10,0
$CH,73.000,L1CA,4,71591,49.0,0.702466892,1858.045,132817.988,11,0
$CH,73.000,L1CA,32,5815,33.8,0.390254714,-225.495,-1331.132,0,0
$CH,73.000,L1CA,11,1538,32.9,0.570037463,3450.215,5247.302,0,0
$CH,73.000,L1CA,7,70491,43.6,0.237294639,1344.516,95315.329,11,0
$CH,73.000,L1CA,25,17400,32.7,0.513805361,-138.391,-2434.494,0,0
$CH,73.000,L1CA,8,70291,44.4,0.683917000,2113.214,147802.623,11,0
$CH,73.000,L1CA,27,67591,44.8,0.467769688,1941.069,131164.185,10,0
$CH,73.000,L1CA,2,72490,45.8,0.015273043,-1675.067,-121740.510,11,0
$CH,73.000,L1CA,28,1018,33.0,0.240619350,4246.178,4363.112,0,0
$CH,73.000,L1CA,18,2512,32.1,0.207429710,-3309.839,-8183.393,0,1
$CH,73.000,L1CA,19,929,36.8,0.582478340,-3310.002,-2975.315,0,0
$CH,73.000,L1CA,22,1642,33.7,0.853691131,-1307.011,-2428.417,0,0
$CH,73.000,L1CA,13,7498,32.3,0.275123202,-178.116,-1279.414,0,1
$CH,73.000,L1CA,12,55091,32.7,0.481002629,821.910,46250.682,3,1
$CH,73.000,L1CA,5,47091,32.9,0.087091581,820.497,39389.710,3,1
$CH,73.000,L1CA,3,72091,53.4,0.538232388,821.385,60839.706,11,0
$CH,73.000,L1CA,6,1480,35.2,0.393431471,-192.714,-300.644,0,0
$CH,73.000,L1CA,23,211,35.2,0.206184999,-2085.470,-422.290,0,0
$CH,73.000,L1CA,16,68791,53.3,0.191761921,-174.059,-10270.978,11,0
$CH,73.000,L1CA,9,70091,43.4,0.135697417,2275.044,159043.575,11,0
$CH,73.000,L1CA,26,67691,50.0,0.491370350,-2482.901,-167024.600,10,0
$OBS,73.000,2279,388873.000,G01,1C,46.1,23181702.040,153052.842,-2099.356,0
$OBS,73.000,2279,388873.000,G31,1C,45.9,22992457.447,174367.637,-2591.271,0
$OBS,73.000,2279,388873.000,G15,1C,32.6,19831757.757,-26917.531,816.772,0
$OBS,73.000,2279,388873.000,G21,1C,45.4,23461832.374,96594.847,-1411.182,0
$OBS,73.000,2279,388873.000,G04,1C,49.0,22095443.348,-132819.346,1858.620,0
$OBS,73.000,2279,388873.000,G07,1C,43.6,24054535.529,-95316.174,1343.963,0
$OBS,73.000,2279,388873.000,G08,1C,44.4,23888636.937,-147804.737,2110.757,0
$OBS,73.000,2279,388873.000,G27,1C,44.8,23224252.720,-131166.126,1942.193,0
$OBS,73.000,2279,388873.000,G02,1C,45.8,23388390.777,121742.185,-1674.447,0
$OBS,73.000,2279,388873.000,G03,1C,53.4,19947660.079,-60840.527,821.603,0
$OBS,73.000,2279,388873.000,G16,1C,53.3,19843791.043,10271.152,-173.653,0
$OBS,73.000,2279,388873.000,G09,1C,43.4,24024077.273,-159045.350,2273.442,0
$OBS,73.000,2279,388873.000,G26,1C,50.0,21132781.652,167027.583,-2483.384,0
$POS,73.000,2023,9,14,12,1,13.002000020,15.391040510,73.878022341,-6.588,7,13
$LOG,73.209,L1CA,30,SIGNAL LOST (L1CA, 31.7)
$LOG,73.245,L1CA,30,SIGNAL FOUND (35.4,-1535.4,0.9876800)
$LOG,73.358,L1CA,22,SIGNAL LOST (L1CA, 31.1)
$LOG,73.462,L1CA,11,SIGNAL LOST (L1CA, 31.2)
$LOG,73.488,L1CA,18,SIGNAL LOST (L1CA, 31.1)
$LOG,73.403,L1CA,22,SIGNAL FOUND (36.6,1521.7,0.7137600)
$LOG,73.509,L1CA,11,SIGNAL FOUND (36.2,5000.0,0.5320000)
$LOG,73.609,L1CA,18,SIGNAL NOT FOUND (34.9)
$LOG,73.709,L1CA,18,SIGNAL NOT FOUND (34.9)
$LOG,73.809,L1CA,29,SIGNAL LOST (L1CA, 32.0)
$LOG,73.819,L1CA,24,SIGNAL LOST (L1CA, 31.8)
$LOG,73.809,L1CA,18,SIGNAL NOT FOUND (34.5)
$TIME,74.000,2025,4,14,12,32,59.988000,UTC
$LOG,73.909,L1CA,24,SIGNAL FOUND (36.1,-3432.4,0.1899200)
$CH,74.000,L1CA,11,491,36.2,0.530521567,4820.903,2378.053,0,0
$CH,74.000,L1CA,24,91,36.1,0.190111182,-3512.619,-313.006,0,0
$CH,74.000,L1CA,28,2018,32.1,0.237942456,4235.485,8604.600,0,0
$CH,74.000,L1CA,10,1714,33.4,0.661729776,-2734.051,-4623.463,0,2
$CH,74.000,L1CA,26,68691,50.2,0.492946687,-2483.472,-169507.858,10,0
$CH,74.000,L1CA,17,4692,33.6,0.377437832,757.460,3592.815,0,1
$CH,74.000,L1CA,30,755,35.4,0.988317221,-1749.745,-1262.609,1,0
$CH,74.000,L1CA,21,69191,45.7,0.261151276,-1410.345,-98003.785,10,0
$CH,74.000,L1CA,4,72591,47.9,0.701290938,1858.100,134676.090,11,0
$CH,74.000,L1CA,15,33391,33.0,0.151082752,820.532,27737.784,4,0
$CH,74.000,L1CA,13,8498,32.6,0.275192921,-173.612,-1455.027,0,1
$CH,74.000,L1CA,1,73891,45.9,0.327162287,-2098.361,-155148.995,11,0
$CH,74.000,L1CA,8,71291,44.2,0.682587670,2112.615,149914.468,11,0
$CH,74.000,L1CA,7,71491,43.7,0.236430839,1343.907,96659.056,11,0
$CH,74.000,L1CA,27,68591,44.7,0.466536971,1942.475,133106.072,10,0
$CH,74.000,L1CA,32,6815,33.4,0.390396729,-237.124,-1563.445,0,0
$CH,74.000,L1CA,19,1929,33.7,0.584545752,-3328.801,-6301.800,0,0
$CH,74.000,L1CA,12,56091,33.0,0.480482243,820.547,47071.706,3,1
$CH,74.000,L1CA,31,68191,46.2,0.696222525,-2592.014,-176955.953,10,0
$CH,74.000,L1CA,3,73091,53.2,0.537699606,820.676,61660.749,11,0
$CH,74.000,L1CA,25,18400,33.5,0.513888525,-142.608,-2575.550,0,0
$CH,74.000,L1CA,5,48091,33.2,0.086567480,825.230,40210.726,3,1
$CH,74.000,L1CA,14,1431,33.5,0.612593655,-5107.860,-7242.987,1,0
$CH,74.000,L1CA,2,73490,45.3,0.016336555,-1675.198,-123415.324,11,0
$CH,74.000,L1CA,6,2480,34.3,0.393587703,-194.934,-491.161,0,0
$CH,74.000,L1CA,20,9400,32.1,0.713801382,-222.309,-2071.440,0,0
$CH,74.000,L1CA,9,71091,43.9,0.134250755,2275.396,161318.420,11,0
$CH,74.000,L1CA,16,69791,53.2,0.191820208,-174.999,-10445.178,11,0
$CH,74.000,L1CA,23,1211,32.8,0.207571518,-2248.153,-2674.495,0,0
$CH,74.000,L1CA,22,597,36.6,0.713339712,1344.452,826.263,0,0
$OBS,74.000,2279,388874.000,G26,1C,50.2,21133254.239,169510.841,-2483.480,0
$OBS,74.000,2279,388874.000,G21,1C,45.7,23462103.167,98005.196,-1410.717,0
$OBS,74.000,2279,388874.000,G15,1C,33.0,19831595.539,-27738.604,820.324,0
$OBS,74.000,2279,388874.000,G04,1C,47.9,22095090.802,-134677.448,1858.526,0
$OBS,74.000,2279,388874.000,G01,1C,45.9,23182100.446,155151.593,-2098.359,0
$OBS,74.000,2279,388874.000,G08,1C,44.2,23888238.409,-149916.580,2111.616,0
$OBS,74.000,2279,388874.000,G07,1C,43.7,24054276.568,-96659.900,1343.836,0
$OBS,74.000,2279,388874.000,G27,1C,44.7,23223883.160,-133108.014,1940.982,0
$OBS,74.000,2279,388874.000,G03,1C,53.2,19947500.357,-61661.569,820.567,0
$OBS,74.000,2279,388874.000,G31,1C,46.2,22992949.561,176959.045,-2591.279,0
$OBS,74.000,2279,388874.000,G02,1C,45.3,23388709.610,123417.000,-1675.293,0
$OBS,74.000,2279,388874.000,G09,1C,43.9,24023643.583,-161320.195,2274.724,0
$OBS,74.000,2279,388874.000,G16,1C,53.2,19843808.511,10445.353,-174.384,0
$POS,74.000,2023,9,14,12,1,14.001999993,15.391009256,73.878070442,11.883,7,13
$LOG,74.071,L1CA,19,SIGNAL LOST (L1CA, 31.7)
$LOG,74.009,L1CA,29,SIGNAL FOUND (35.3,4148.3,0.1880000)
$LOG,74.109,L1CA,18,SIGNAL NOT FOUND (34.8)
$LOG,74.286,L1CA,10,SIGNAL LOST (L1CA, 31.2)
$LOG,74.209,L1CA,19,SIGNAL NOT FOUND (34.6)
$LOG,74.309,L1CA,10,SIGNAL FOUND (35.8,-4536.6,0.1436800)
$LOG,74.409,L1CA,18,SIGNAL FOUND (35.3,3339.3,0.1446400)
$LOG,74.509,L1CA,19,SIGNAL NOT FOUND (35.0)
$LOG,74.609,L1CA,19,SIGNAL FOUND (35.5,1438.1,0.0766400)
$LOG,74.789,L1CA,23,SIGNAL LOST (L1CA, 31.8)
$LOG,74.809,L1CA,23,SIGNAL FOUND (37.0,-2591.5,0.3387200)
$TIME,75.000,2025,4,14,12,33,6.578000,UTC
$LOG,74.982,L1CA,28,SIGNAL LOST (L1CA, 31.7)
$CH,75.000,L1CA,31,69191,45.7,0.697870393,-2591.019,-179547.253,10,0
$CH,75.000,L1CA,23,191,37.0,0.339059017,-2744.634,-513.867,0,0
$CH,75.000,L1CA,6,3480,33.9,0.393752443,-187.410,-676.347,0,0
$CH,75.000,L1CA,18,591,35.3,0.143446516,3356.335,1981.403,0,1
$CH,75.000,L1CA,7,72491,43.7,0.235573955,1343.411,98002.557,11,0
$CH,75.000,L1CA,4,73591,48.4,0.700107327,1858.445,136534.258,11,0
$CH,75.000,L1CA,27,69591,44.4,0.465321386,1942.668,135047.984,10,0
$CH,75.000,L1CA,9,72091,43.8,0.132800404,2274.569,163593.425,11,0
$CH,75.000,L1CA,25,19400,33.7,0.513976091,-139.832,-2719.888,0,0
$CH,75.000,L1CA,8,72291,44.1,0.681240748,2111.484,152026.572,11,0
$CH,75.000,L1CA,15,34391,32.6,0.150570241,814.497,28558.181,4,0
$CH,75.000,L1CA,14,2431,32.1,0.615804489,-5108.196,-12349.936,1,0
$CH,75.000,L1CA,17,5692,33.6,0.376893549,746.929,4346.232,0,1
$CH,75.000,L1CA,1,74891,45.9,0.328490750,-2099.412,-157247.715,11,0
$CH,75.000,L1CA,26,69691,49.7,0.494524055,-2483.910,-171991.571,10,0
$CH,75.000,L1CA,5,49091,33.4,0.086038081,822.285,41031.185,3,1
$CH,75.000,L1CA,30,1755,33.1,0.989295197,-1704.147,-2978.278,1,0
$CH,75.000,L1CA,3,74091,53.5,0.537183722,820.335,62481.171,11,0
$CH,75.000,L1CA,24,1091,33.7,0.192302263,-3562.234,-3926.664,0,0
$CH,75.000,L1CA,13,9498,33.2,0.275260350,-180.595,-1630.059,0,1
$CH,75.000,L1CA,19,391,35.5,0.076294521,1345.314,533.924,0,0
$CH,75.000,L1CA,22,1597,34.0,0.712593184,1330.024,2148.079,0,0
$CH,75.000,L1CA,29,991,35.3,0.185377835,4340.107,4181.969,0,0
$CH,75.000,L1CA,2,74490,44.7,0.017394860,-1674.854,-125090.022,11,0
$CH,75.000,L1CA,32,7815,33.4,0.390452088,-225.706,-1795.886,0,0
$CH,75.000,L1CA,21,70191,44.9,0.262041931,-1409.500,-99413.961,10,0
$CH,75.000,L1CA,10,691,35.8,0.145727731,-4806.898,-3246.680,0,2
$CH,75.000,L1CA,11,1491,34.3,0.527565248,4713.483,7126.901,0,0
$CH,75.000,L1CA,20,10400,32.2,0.714001827,-219.450,-2296.839,0,0
$CH,75.000,L1CA,12,57091,33.2,0.479989971,827.061,47892.245,3,1
$CH,75.000,L1CA,16,70791,53.3,0.191923364,-175.558,-10620.095,11,0
$LOG,75.009,L1CA,28,SIGNAL FOUND (36.8,-2516.2,0.4403200)
$OBS,75.000,2279,388875.000,G31,1C,45.7,22993443.576,179550.344,-2592.296,0
$OBS,75.000,2279,388875.000,G04,1C,48.4,22094735.969,-136535.617,1857.668,0
$OBS,75.000,2279,388875.000,G27,1C,44.4,23223518.729,-135049.926,1941.586,0
$OBS,75.000,2279,388875.000,G07,1C,43.7,24054019.683,-98003.401,1343.981,0
$OBS,75.000,2279,388875.000,G09,1C,43.8,24023208.776,-163595.199,2275.617,0
$OBS,75.000,2279,388875.000,G15,1C,32.6,19831441.890,-28558.995,816.617,0
$OBS,75.000,2279,388875.000,G08,1C,44.1,23887834.611,-152028.684,2112.570,0
$OBS,75.000,2279,388875.000,G01,1C,45.9,23182498.712,157250.314,-2098.791,0
$OBS,75.000,2279,388875.000,G26,1C,49.7,21133727.123,171994.554,-2484.117,0
$OBS,75.000,2279,388875.000,G03,1C,53.5,19947345.696,-62481.991,820.253,0
$OBS,75.000,2279,388875.000,G02,1C,44.7,23389026.890,125091.697,-1674.360,0
$OBS,75.000,2279,388875.000,G21,1C,44.9,23462370.173,99415.371,-1410.680,0
$OBS,75.000,2279,388875.000,G16,1C,53.3,19843839.432,10620.271,-175.488,0
$POS,75.000,2023,9,14,12,1,15.001999988,15.391016093,73.878063593,13.948,7,13
$LOG,75.245,L1CA,30,SIGNAL LOST (L1CA, 31.2)
$LOG,75.295,L1CA,30,SIGNAL FOUND (35.4,1966.7,0.5449600)
$LOG,75.403,L1CA,22,SIGNAL LOST (L1CA, 31.9)
$LOG,75.509,L1CA,11,SIGNAL LOST (L1CA, 31.6)
$LOG,75.500,L1CA,22,SIGNAL FOUND (35.7,-1487.1,0.8528000)
$LOG,75.569,L1CA,14,SIGNAL LOST (L1CA, 31.1)
$LOG,75.584,L1CA,11,SIGNAL FOUND (35.3,509.9,0.7099200)
$LOG,75.600,L1CA,20,SIGNAL LOST (L1CA, 31.6)
$LOG,75.609,L1CA,14,SIGNAL FOUND (35.2,2483.3,0.0278400)
$LOG,75.709,L1CA,20,SIGNAL FOUND (35.4,3970.6,0.4334400)
$LOG,75.909,L1CA,24,SIGNAL LOST (L1CA, 30.8)
$TIME,76.000,2025,4,14,12,33,11.123000,UTC
$LOG,75.982,L1CA,24,SIGNAL FOUND (35.9,3907.2,0.0649600)
$CH,76.000,L1CA,25,20400,34.1,0.514055259,-148.779,-2866.164,0,0
$CH,76.000,L1CA,13,10498,32.8,0.275332527,-179.125,-1805.751,0,1
$CH,76.000,L1CA,21,71191,44.5,0.262938096,-1409.205,-100823.956,10,0
$CH,76.000,L1CA,29,1991,33.1,0.182638182,4338.037,8526.581,0,0
$LOG,76.009,L1CA,29,SIGNAL LOST (L1CA, 31.7)
$CH,76.000,L1CA,9,73091,43.6,0.131366966,2274.168,165868.590,11,0
$CH,76.000,L1CA,2,75490,45.3,0.018456766,-1675.013,-126764.585,11,0
$CH,76.000,L1CA,17,6692,33.0,0.376385992,760.421,5100.549,0,1
$CH,76.000,L1CA,7,73491,43.4,0.234728976,1344.651,99345.811,11,0
$CH,76.000,L1CA,28,991,36.8,0.441943195,-2827.994,-2732.045,0,0
$CH,76.000,L1CA,31,70191,46.8,0.699515842,-2591.619,-182138.448,10,0
$CH,76.000,L1CA,8,73291,44.2,0.679891906,2112.227,154138.922,11,0
$CH,76.000,L1CA,16,71791,53.3,0.192080900,-176.067,-10795.723,11,0
$CH,76.000,L1CA,6,4480,33.3,0.393903487,-183.886,-859.574,0,0
$CH,76.000,L1CA,19,1391,33.6,0.075542008,1341.857,1853.429,0,0
$CH,76.000,L1CA,1,75891,45.9,0.329823271,-2098.327,-159346.406,11,0
$CH,76.000,L1CA,18,1591,33.3,0.141386160,3288.534,5304.471,0,1
$CH,76.000,L1CA,30,705,35.4,0.544235160,1730.158,1285.365,1,0
$CH,76.000,L1CA,32,8815,33.1,0.390564484,-223.077,-2026.163,0,0
$CH,76.000,L1CA,11,416,35.3,0.709832572,305.216,167.870,0,0
$CH,76.000,L1CA,10,1691,33.5,0.148740062,-4811.122,-8048.638,0,2
$CH,76.000,L1CA,5,50091,33.3,0.085551646,820.813,41850.959,3,1
$CH,76.000,L1CA,27,70591,44.4,0.464073558,1942.371,136989.939,10,0
$CH,76.000,L1CA,15,35391,32.5,0.150048859,818.605,29378.023,4,0
$CH,76.000,L1CA,4,74591,48.7,0.698928314,1858.488,138392.515,11,0
$CH,76.000,L1CA,3,75091,53.1,0.536667771,819.491,63300.961,11,0
$CH,76.000,L1CA,22,500,35.7,0.853271254,-1708.681,-838.303,0,0
$CH,76.000,L1CA,26,70691,50.2,0.496103348,-2484.676,-174475.739,10,0
$CH,76.000,L1CA,14,391,35.2,0.027288643,2291.969,910.340,1,0
$CH,76.000,L1CA,24,18,35.9,0.064918170,3865.448,69.972,0,0
$CH,76.000,L1CA,23,1191,34.8,0.340703147,-2819.482,-3300.003,0,0
$CH,76.000,L1CA,12,58091,33.4,0.479470827,820.518,48711.936,3,1
$CH,76.000,L1CA,20,291,35.4,0.432740937,3826.785,1121.757,0,0
$OBS,76.000,2279,388876.000,G21,1C,44.5,23462638.836,100825.365,-1410.488,0
$OBS,76.000,2279,388876.000,G09,1C,43.6,24022779.029,-165870.364,2275.903,0
$OBS,76.000,2279,388876.000,G02,1C,45.3,23389345.234,126766.260,-1674.187,0
$OBS,76.000,2279,388876.000,G07,1C,43.4,24053766.358,-99346.655,1342.505,0
$OBS,76.000,2279,388876.000,G31,1C,46.8,22993936.877,182141.540,-2591.365,0
$OBS,76.000,2279,388876.000,G08,1C,44.2,23887430.237,-154141.035,2111.703,0
$OBS,76.000,2279,388876.000,G16,1C,53.3,19843886.670,10795.899,-175.821,0
$OBS,76.000,2279,388876.000,G01,1C,45.9,23182898.200,159349.004,-2098.083,0
$OBS,76.000,2279,388876.000,G27,1C,44.4,23223144.649,-136991.881,1941.869,0
$OBS,76.000,2279,388876.000,G15,1C,32.5,19831285.589,-29378.842,816.149,0
$OBS,76.000,2279,388876.000,G04,1C,48.7,22094382.515,-138393.873,1858.515,0
$OBS,76.000,2279,388876.000,G03,1C,53.1,19947191.017,-63301.780,819.293,0
$OBS,76.000,2279,388876.000,G26,1C,50.2,21134200.582,174478.723,-2484.138,0
$POS,76.000,2023,9,14,12,1,16.002000015,15.391027676,73.878025789,-2.263,7,13
$LOG,76.071,L1CA,29,SIGNAL NOT FOUND (34.0)
$LOG,76.109,L1CA,29,SIGNAL FOUND (35.0,1002.4,0.1374400)
$LOG,76.409,L1CA,18,SIGNAL LOST (L1CA, 31.6)
$LOG,76.406,L1CA,6,SYMBOL SYNC (-99.764)
$LOG,76.443,L1CA,18,SIGNAL FOUND (35.3,-2598.6,0.1372800)
$LOG,76.609,L1CA,19,SIGNAL LOST (L1CA, 31.8)
$LOG,76.648,L1CA,19,SIGNAL FOUND (35.8,576.9,0.1902400)
$TIME,77.000,2025,4,14,12,33,19.944000,UTC
$CH,77.000,L1CA,15,36391,32.3,0.149531751,813.823,30197.180,4,0
$CH,77.000,L1CA,23,2191,32.7,0.342454107,-2821.837,-6119.809,0,0
$CH,77.000,L1CA,29,891,35.0,0.136999116,813.716,740.618,0,0
$CH,77.000,L1CA,27,71591,44.1,0.462845040,1942.181,138931.930,10,0
$CH,77.000,L1CA,17,7692,32.9,0.375890030,759.682,5854.664,0,1
$CH,77.000,L1CA,9,74091,43.1,0.129915494,2275.108,168143.914,11,0
$CH,77.000,L1CA,18,557,35.3,0.138190144,-2762.392,-1492.718,0,1
$CH,77.000,L1CA,7,74491,44.0,0.233878494,1342.597,100688.838,11,0
$CH,77.000,L1CA,11,1416,33.6,0.709656000,308.494,484.840,0,0
$CH,77.000,L1CA,20,1291,34.0,0.430451856,3746.338,4914.662,0,0
$CH,77.000,L1CA,26,71691,50.4,0.497684621,-2484.616,-176960.369,10,0
$CH,77.000,L1CA,25,21400,33.2,0.514170097,-147.282,-3011.082,0,0
$CH,77.000,L1CA,4,75591,49.0,0.697752287,1858.526,140250.837,11,0
$CH,77.000,L1CA,6,5480,33.0,0.394001956,-174.867,-1040.265,0,0
$CH,77.000,L1CA,5,51091,32.9,0.085064957,821.115,42670.095,3,1
$CH,77.000,L1CA,16,72791,53.6,0.192164626,-176.785,-10972.065,11,0
$CH,77.000,L1CA,10,2691,32.0,0.151731920,-4810.453,-12856.970,0,2
$CH,77.000,L1CA,12,59091,33.9,0.478955307,815.466,49531.156,3,1
$CH,77.000,L1CA,13,11498,33.0,0.275415328,-174.290,-1982.070,0,1
$CH,77.000,L1CA,19,352,35.8,0.190132538,329.257,157.176,0,0
$CH,77.000,L1CA,31,71191,46.6,0.701152439,-2590.744,-184729.534,10,0
$CH,77.000,L1CA,14,1391,33.2,0.025939409,2219.972,3174.435,1,0
$CH,77.000,L1CA,1,76891,45.9,0.331156826,-2098.685,-161445.066,11,0
$CH,77.000,L1CA,2,76490,44.5,0.019517329,-1675.044,-128439.018,11,0
$CH,77.000,L1CA,3,76091,53.4,0.536147531,818.621,64120.128,11,0
$CH,77.000,L1CA,22,1500,34.2,0.854175190,-1719.213,-2552.543,0,0
$CH,77.000,L1CA,8,74291,44.3,0.678550106,2112.133,156251.535,11,0
$CH,77.000,L1CA,30,1705,33.5,0.543235855,1772.510,3039.947,1,0
$CH,77.000,L1CA,24,1018,33.3,0.062688918,3702.629,3818.949,0,0
$CH,77.000,L1CA,32,9815,33.0,0.390603442,-224.623,-2256.219,0,0
$CH,77.000,L1CA,21,72191,44.3,0.263825373,-1409.678,-102233.767,10,0
$CH,77.000,L1CA,28,1991,34.0,0.443719483,-2826.751,-5558.596,0,0
$LOG,77.009,L1CA,28,SIGNAL LOST (L1CA, 31.8)
$OBS,77.000,2279,388877.000,G15,1C,32.3,19831130.561,-30197.994,817.023,0
$OBS,77.000,2279,388877.000,G27,1C,44.1,23222776.345,-138933.872,1942.322,0
$OBS,77.000,2279,388877.000,G09,1C,43.1,24022343.891,-168145.689,2275.249,0
$OBS,77.000,2279,388877.000,G07,1C,44.0,24053511.393,-100689.681,1342.705,0
$OBS,77.000,2279,388877.000,G26,1C,50.4,21134674.635,176963.353,-2485.013,0
$OBS,77.000,2279,388877.000,G04,1C,49.0,22094029.950,-140252.196,1858.166,0
$OBS,77.000,2279,388877.000,G16,1C,53.6,19843911.764,10972.242,-176.600,0
$OBS,77.000,2279,388877.000,G31,1C,46.6,22994427.507,184732.625,-2590.694,0
$OBS,77.000,2279,388877.000,G01,1C,45.9,23183297.984,161447.664,-2099.160,0
$OBS,77.000,2279,388877.000,G02,1C,44.5,23389663.177,128440.693,-1674.554,0
$OBS,77.000,2279,388877.000,G03,1C,53.4,19947035.064,-64120.947,818.747,0
$OBS,77.000,2279,388877.000,G08,1C,44.3,23887027.974,-156253.647,2112.967,0
$OBS,77.000,2279,388877.000,G21,1C,44.3,23462904.847,102235.176,-1408.715,0
$POS,77.000,2023,9,14,12,1,17.002000003,15.391013889,73.878056175,5.515,7,13
$LOG,77.099,L1CA,28,SIGNAL FOUND (36.3,5000.0,0.4129600)
$LOG,77.295,L1CA,30,SIGNAL LOST (L1CA, 31.4)
$LOG,77.309,L1CA,10,SIGNAL LOST (L1CA, 30.7)
$LOG,77.309,L1CA,30,SIGNAL NOT FOUND (34.8)
$LOG,77.409,L1CA,10,SIGNAL FOUND (35.3,506.0,0.7092800)
$LOG,77.500,L1CA,22,SIGNAL LOST (L1CA, 31.4)
$LOG,77.509,L1CA,30,SIGNAL FOUND (36.1,-1894.4,0.4644800)
$LOG,77.609,L1CA,14,SIGNAL LOST (L1CA, 31.5)
$LOG,77.609,L1CA,22,SIGNAL FOUND (35.7,828.4,0.6624000)
$LOG,77.709,L1CA,20,SIGNAL LOST (L1CA, 31.2)
$LOG,77.709,L1CA,14,SIGNAL FOUND (36.9,4064.0,0.5531200)
$LOG,77.809,L1CA,23,SIGNAL LOST (L1CA, 30.9)
$LOG,77.809,L1CA,20,SIGNAL FOUND (35.8,2116.6,0.3420800)
$TIME,78.000,2025,4,14,12,33,26.366000,UTC
$LOG,77.982,L1CA,24,SIGNAL LOST (L1CA, 31.8)
$LOG,77.909,L1CA,23,SIGNAL NOT FOUND (34.7)
$CH,78.000,L1CA,3,77091,53.5,0.535620981,818.192,64938.669,11,0
$CH,78.000,L1CA,19,1352,34.2,0.189950198,278.211,457.915,0,0
$CH,78.000,L1CA,22,391,35.7,0.662201210,795.271,314.725,0,0
$CH,78.000,L1CA,32,10815,32.7,0.390681044,-232.524,-2484.902,0,0
$CH,78.000,L1CA,2,77490,44.7,0.020586830,-1674.242,-130113.335,11,0
$CH,78.000,L1CA,18,1557,33.9,0.139784656,-2689.555,-4189.367,0,1
$CH,78.000,L1CA,4,76591,49.2,0.696564157,1859.165,142109.247,11,0
$CH,78.000,L1CA,17,8692,33.0,0.375387836,762.555,6609.866,0,1
$CH,78.000,L1CA,14,291,36.9,0.552379217,4266.971,1240.534,1,0
$CH,78.000,L1CA,7,75491,44.7,0.233024718,1342.568,102031.631,11,0
$CH,78.000,L1CA,6,6480,32.5,0.394090004,-177.229,-1218.113,0,0
$CH,78.000,L1CA,25,22400,32.8,0.514290732,-149.945,-3158.493,0,0
$CH,78.000,L1CA,21,73191,44.5,0.264734859,-1410.193,-103643.397,10,0
$CH,78.000,L1CA,27,72591,43.9,0.461615375,1941.270,140873.958,10,0
$CH,78.000,L1CA,12,60091,34.0,0.478446061,823.703,50350.211,3,1
$CH,78.000,L1CA,28,901,36.3,0.410293664,4804.752,4268.119,0,0
$CH,78.000,L1CA,29,1891,32.8,0.136601864,721.488,1465.218,0,0
$CH,78.000,L1CA,20,191,35.8,0.341845853,1850.887,385.181,0,0
$CH,78.000,L1CA,13,12498,33.7,0.275492794,-172.433,-2159.044,0,1
$CH,78.000,L1CA,16,73791,53.1,0.192252461,-177.359,-11149.123,11,0
$CH,78.000,L1CA,9,75091,43.3,0.128473432,2275.808,170419.403,11,0
$CH,78.000,L1CA,15,37391,32.7,0.148989480,820.467,31015.714,4,0
$CH,78.000,L1CA,5,52091,32.4,0.084512551,815.100,43488.664,3,1
$CH,78.000,L1CA,10,591,35.3,0.709192551,268.419,192.764,0,2
$CH,78.000,L1CA,30,491,36.1,0.465201569,-2177.637,-1027.457,1,0
$CH,78.000,L1CA,8,75291,44.0,0.677210735,2113.594,158364.395,11,0
$CH,78.000,L1CA,31,72191,46.8,0.702805948,-2589.868,-187320.508,10,0
$CH,78.000,L1CA,11,2416,32.6,0.709504457,315.065,795.136,0,0
$CH,78.000,L1CA,1,77891,46.8,0.332486228,-2098.349,-163543.698,11,0
$CH,78.000,L1CA,26,72691,50.3,0.499260543,-2485.125,-179445.456,10,0
$LOG,78.009,L1CA,24,SIGNAL NOT FOUND (34.6)
$OBS,78.000,2279,388878.000,G03,1C,53.5,19946877.192,-64939.487,818.333,0
$OBS,78.000,2279,388878.000,G02,1C,44.7,23389983.808,130115.009,-1673.706,0
$OBS,78.000,2279,388878.000,G04,1C,49.2,22093673.757,-142110.606,1858.668,0
$OBS,78.000,2279,388878.000,G07,1C,44.7,24053255.451,-102032.473,1344.711,0
$OBS,78.000,2279,388878.000,G21,1C,44.5,23463177.507,103644.807,-1408.916,0
$OBS,78.000,2279,388878.000,G27,1C,43.9,23222407.709,-140875.899,1942.541,0
$OBS,78.000,2279,388878.000,G16,1C,53.1,19843938.096,11149.301,-177.878,0
$OBS,78.000,2279,388878.000,G09,1C,43.3,24021911.579,-170421.179,2276.846,0
$OBS,78.000,2279,388878.000,G15,1C,32.7,19830967.995,-31016.534,821.991,0
$OBS,78.000,2279,388878.000,G08,1C,44.0,23886626.445,-158366.509,2113.825,0
$OBS,78.000,2279,388878.000,G31,1C,46.8,22994923.215,187323.598,-2591.664,0
$OBS,78.000,2279,388878.000,G01,1C,46.8,23183696.530,163546.296,-2098.582,0
$OBS,78.000,2279,388878.000,G26,1C,50.3,21135147.082,179448.441,-2485.162,0
$POS,78.000,2023,9,14,12,1,18.001999986,15.391008801,73.878063429,15.882,7,13
$LOG,78.109,L1CA,29,SIGNAL LOST (L1CA, 30.0)
$LOG,78.109,L1CA,23,SIGNAL FOUND (35.9,-40.9,0.0184000)
$LOG,78.227,L1CA,16,FRAME SYNC (N)
$LNAV,78.067,L1CA,16,8B55567E968FFFA8BD5FEE95005727436AD4267F20538147FFA31902003C
$LOG,78.228,L1CA,5,FRAME SYNC (R)
$LNAV,78.068,L1CA,5,8B55567E968FFFF539D93AD0FFC527EFC2612AB32D2C2CEEFFA6700203D1
$LOG,78.241,L1CA,9,FRAME SYNC (R)
$LNAV,78.081,L1CA,9,8B55567E968FFFEF638A90D5000F26FCAD431BDD4F18AEF4FFA61202E975
$LOG,78.227,L1CA,3,FRAME SYNC (N)
$LNAV,78.067,L1CA,3,8B55567E968FFFF539D93AD0FFC527EFC2612AB32D2C2CEEFFA6700203D1
$LOG,78.239,L1CA,21,FRAME SYNC (N)
$LNAV,78.079,L1CA,21,8B55567E968FFFD50B8DF721FF012733E1391641E331A9F5FFA5CF020F75
$LOG,78.239,L1CA,2,FRAME SYNC (N)
$LNAV,78.079,L1CA,2,8B55567E968FFF960BC91110FFA3276F73F71596C9272FAFFFA71F0209F9
$LOG,78.227,L1CA,15,FRAME SYNC (N)
$LNAV,78.067,L1CA,15,8B55567E968FFFF539D93AD0FFC527EFC2612AB32D2C2CEEFFA6700203D1
$LOG,78.234,L1CA,4,FRAME SYNC (R)
$LNAV,78.074,L1CA,4,8B55567E968F001365E2DB3DFFFC27424FEB1AD784181729FFA82302E94A
$LOG,78.238,L1CA,1,FRAME SYNC (R)
$LOG,78.238,L1CA,27,FRAME SYNC (N)
$LOG,78.237,L1CA,31,FRAME SYNC (R)
$LNAV,78.078,L1CA,27,8B55567E968F0016E449881E0057275B63281B681E3CFCFDFFA65A02EEE0
$LOG,78.240,L1CA,8,FRAME SYNC (N)
$LOG,78.241,L1CA,7,FRAME SYNC (R)
$LNAV,78.080,L1CA,8,8B55567E968F0049E34C61ED002626FE02571AD00B1094CCFFA61902EE09
$LNAV,78.081,L1CA,7,8B55567E968F001F8F328FD0FFA826BCF49A11FEA775E7BBFFAC86020EBD
$LNAV,78.077,L1CA,31,8B55567E968FFFA49007C4C3FFC126E7250313F217C45689FFA9C3020A14
$LOG,78.231,L1CA,26,FRAME SYNC (R)
$LNAV,78.071,L1CA,26,8B55567E968FFFDCB6DF60AF003025FFFB7F245213149BEAFFA06302063A
$LNAV,78.078,L1CA,1,8B55567E968F005B0FE62318FFCB285C23AF17B3286FFB0BFFAEBC02130A
$LOG,78.286,L1CA,12,SYMBOL SYNC (-61.515)
$LOG,78.209,L1CA,24,SIGNAL FOUND (36.8,441.3,0.6596800)
$LOG,78.309,L1CA,29,SIGNAL FOUND (35.9,3527.1,0.7046400)
$LOG,78.443,L1CA,18,SIGNAL LOST (L1CA, 32.0)
$LOG,78.453,L1CA,18,SIGNAL FOUND (36.2,2122.3,0.1873600)
$TIME,79.000,2025,4,14,12,33,32.833000,UTC
$CH,79.000,L1CA,7,76491,44.9,0.232182404,1340.912,103374.192,12,0
$CH,79.000,L1CA,19,2352,32.7,0.189746931,283.524,737.903,0,0
$CH,79.000,L1CA,5,53091,32.8,0.083967391,819.999,44307.238,4,1
$CH,79.000,L1CA,18,547,36.2,0.186634999,2288.321,1252.122,0,1
$CH,79.000,L1CA,10,1591,33.7,0.709019433,317.979,512.271,0,2
$CH,79.000,L1CA,11,3416,32.4,0.709378565,317.848,1106.105,0,0
$CH,79.000,L1CA,4,77591,49.0,0.695390330,1857.876,143967.728,12,0
$CH,79.000,L1CA,12,61091,33.4,0.477911932,814.356,51168.110,3,1
$CH,79.000,L1CA,2,78490,45.9,0.021649266,-1674.260,-131787.519,12,0
$CH,79.000,L1CA,17,9692,32.9,0.374885496,758.222,7365.983,0,1
$CH,79.000,L1CA,25,23400,32.9,0.514445696,-155.795,-3306.842,0,0
$CH,79.000,L1CA,3,78091,53.5,0.535104019,818.029,65756.577,12,0
$CH,79.000,L1CA,14,1291,33.9,0.549828168,4078.706,5384.481,1,0
$CH,79.000,L1CA,9,76091,43.3,0.127032648,2276.404,172695.053,12,0
$CH,79.000,L1CA,20,1191,33.6,0.340879606,1725.493,2173.323,0,0
$CH,79.000,L1CA,21,74191,45.5,0.265620923,-1409.407,-105052.853,11,0
$CH,79.000,L1CA,23,891,35.9,0.018476382,-211.827,-167.974,0,0
$CH,79.000,L1CA,8,76291,44.1,0.675878781,2113.728,160477.511,12,0
$CH,79.000,L1CA,32,11815,32.4,0.390825169,-226.018,-2712.636,0,0
$CH,79.000,L1CA,13,13498,33.0,0.275624057,-176.027,-2336.823,0,1
$CH,79.000,L1CA,28,1901,33.7,0.407268395,4751.064,9026.297,0,0
$CH,79.000,L1CA,6,7480,32.6,0.394243325,-183.033,-1395.852,0,0
$CH,79.000,L1CA,22,1391,35.0,0.661690222,762.054,1096.740,0,0
$CH,79.000,L1CA,30,1491,33.9,0.466489302,-2181.145,-3207.796,1,0
$CH,79.000,L1CA,1,78891,46.8,0.333826465,-2098.367,-165642.305,12,0
$CH,79.000,L1CA,31,73191,46.9,0.704447459,-2590.573,-189911.377,11,0
$CH,79.000,L1CA,27,73591,44.0,0.460376883,1942.048,142816.018,11,0
$CH,79.000,L1CA,26,73691,50.1,0.500835414,-2486.179,-181930.999,11,0
$CH,79.000,L1CA,24,791,36.8,0.659433349,314.737,245.882,0,0
$CH,79.000,L1CA,15,38391,32.7,0.148482562,816.386,31833.637,5,0
$CH,79.000,L1CA,16,74791,53.3,0.192400252,-177.906,-11326.886,12,0
$CH,79.000,L1CA,29,691,35.9,0.703208025,3250.746,2328.691,0,0
$OBS,79.000,2279,388879.000,G07,1C,44.9,24053002.928,-103375.033,1343.495,0
$OBS,79.000,2279,388879.000,G04,1C,49.0,22093321.855,-143969.085,1858.725,0
$OBS,79.000,2279,388879.000,G02,1C,45.9,23390302.326,131789.194,-1674.597,0
$OBS,79.000,2279,388879.000,G03,1C,53.5,19946722.217,-65757.395,817.447,0
$OBS,79.000,2279,388879.000,G09,1C,43.3,24021479.634,-172696.829,2276.426,0
$OBS,79.000,2279,388879.000,G21,1C,45.5,23463443.134,105054.262,-1409.745,0
$OBS,79.000,2279,388879.000,G08,1C,44.1,23886227.132,-160479.625,2113.511,0
$OBS,79.000,2279,388879.000,G01,1C,46.8,23184098.321,165644.903,-2099.289,0
$OBS,79.000,2279,388879.000,G31,1C,46.9,22995415.329,189914.467,-2590.683,0
$OBS,79.000,2279,388879.000,G27,1C,44.0,23222036.403,-142817.960,1941.927,0
$OBS,79.000,2279,388879.000,G26,1C,50.1,21135619.215,181933.985,-2485.634,0
$OBS,79.000,2279,388879.000,G15,1C,32.7,19830816.021,-31834.453,817.881,0
$OBS,79.000,2279,388879.000,G16,1C,53.3,19843982.402,11327.063,-178.336,0
$LOG,79.000,PNTPOS ERROR,chi-square error nv=8 vv=277127514.1 cs=18.5
$LOG,79.099,L1CA,28,SIGNAL LOST (L1CA, 31.8)
$LOG,79.109,L1CA,28,SIGNAL FOUND (35.9,3419.2,0.6873600)
$LOG,79.509,L1CA,30,SIGNAL LOST (L1CA, 31.7)
$LOG,79.584,L1CA,11,SIGNAL LOST (L1CA, 31.8)
$LOG,79.569,L1CA,30,SIGNAL FOUND (35.4,18.8,0.9075200)
$LOG,79.648,L1CA,19,SIGNAL LOST (L1CA, 31.4)
$LOG,79.609,L1CA,11,SIGNAL FOUND (35.9,562.6,0.3694400)
$LOG,79.709,L1CA,14,SIGNAL LOST (L1CA, 31.4)
$LOG,79.709,L1CA,19,SIGNAL FOUND (36.1,3616.5,0.1025600)
$LOG,79.809,L1CA,20,SIGNAL LOST (L1CA, 31.8)
$LOG,79.809,L1CA,14,SIGNAL FOUND (35.3,-2890.7,0.8504000)
$TIME,80.000,2025,4,14,12,33,38.794000,UTC
$LOG,79.909,L1CA,20,SIGNAL FOUND (36.4,540.3,0.1769600)
$CH,80.000,L1CA,17,10692,32.9,0.374431146,756.374,8121.283,0,1
$CH,80.000,L1CA,15,39391,32.1,0.147908699,820.529,32650.865,5,0
$CH,80.000,L1CA,1,79891,47.2,0.335153255,-2098.956,-167740.881,12,0
$CH,80.000,L1CA,11,391,35.9,0.369279737,852.766,298.985,0,0
$CH,80.000,L1CA,16,75791,53.3,0.192517831,-179.125,-11505.377,12,0
$CH,80.000,L1CA,12,62091,33.3,0.477402295,815.450,51985.377,3,1
$CH,80.000,L1CA,24,1791,34.9,0.659308746,279.962,534.003,0,0
$CH,80.000,L1CA,23,1891,34.5,0.018561041,-206.529,-381.069,0,0
$CH,80.000,L1CA,14,191,35.3,0.850727716,-2703.968,-522.697,1,0
$CH,80.000,L1CA,20,91,36.4,0.176925475,304.316,37.948,0,0
$CH,80.000,L1CA,7,77491,44.9,0.231331969,1342.211,104716.507,12,0
$CH,80.000,L1CA,4,78591,49.0,0.694212123,1858.633,145826.288,12,0
$CH,80.000,L1CA,5,54091,32.6,0.083406797,820.372,45125.867,4,1
$CH,80.000,L1CA,13,14498,33.2,0.275710716,-181.604,-2517.403,0,1
$CH,80.000,L1CA,31,74191,46.5,0.706087953,-2591.106,-192502.135,11,0
$CH,80.000,L1CA,18,1547,34.4,0.185181059,2467.790,3690.263,0,1
$CH,80.000,L1CA,28,891,35.9,0.685495156,3324.250,3050.407,0,0
$CH,80.000,L1CA,8,77291,43.7,0.674533267,2114.052,162590.888,12,0
$CH,80.000,L1CA,29,1691,33.3,0.701087088,3328.261,5639.829,0,0
$CH,80.000,L1CA,27,74591,44.2,0.459149249,1942.377,144758.121,11,0
$CH,80.000,L1CA,21,75191,45.5,0.266516589,-1409.600,-106462.129,11,0
$CH,80.000,L1CA,22,2391,33.9,0.661178220,762.713,1854.362,0,0
$CH,80.000,L1CA,10,2591,32.7,0.708909376,320.145,835.817,0,2
$CH,80.000,L1CA,30,431,35.4,0.907524915,-109.316,-13.075,1,0
$CH,80.000,L1CA,32,12815,32.4,0.391004146,-225.068,-2940.089,0,0
$CH,80.000,L1CA,6,8480,32.9,0.394328320,-174.827,-1576.493,0,0
$CH,80.000,L1CA,26,74691,50.2,0.502413351,-2486.223,-184417.000,11,0
$CH,80.000,L1CA,2,79490,45.4,0.022705241,-1673.823,-133461.579,12,0
$CH,80.000,L1CA,25,24400,33.3,0.514619485,-143.173,-3455.674,0,0
$CH,80.000,L1CA,3,79091,53.4,0.534594659,816.820,66573.871,12,0
$CH,80.000,L1CA,19,291,36.1,0.101896133,3787.753,1094.258,0,0
$CH,80.000,L1CA,9,77091,43.4,0.125580024,2276.271,174970.861,12,0
$OBS,80.000,2279,388880.000,G15,1C,32.1,19830643.979,-32651.685,816.828,0
$OBS,80.000,2279,388880.000,G01,1C,47.2,23184496.081,167743.480,-2098.776,0
$OBS,80.000,2279,388880.000,G16,1C,53.3,19844017.651,11505.556,-178.842,0
$OBS,80.000,2279,388880.000,G07,1C,44.9,24052747.963,-104717.349,1343.646,0
$OBS,80.000,2279,388880.000,G04,1C,49.0,22092968.628,-145827.647,1858.880,0
$OBS,80.000,2279,388880.000,G31,1C,46.5,22995907.146,192505.226,-2590.960,0
$OBS,80.000,2279,388880.000,G08,1C,43.7,23885823.752,-162593.002,2113.178,0
$OBS,80.000,2279,388880.000,G27,1C,44.2,23221668.378,-144760.063,1941.747,0
$OBS,80.000,2279,388880.000,G21,1C,45.5,23463711.658,106463.539,-1409.519,0
$OBS,80.000,2279,388880.000,G26,1C,50.2,21136092.273,184419.987,-2486.282,0
$OBS,80.000,2279,388880.000,G02,1C,45.4,23390618.891,133463.253,-1673.434,0
$OBS,80.000,2279,388880.000,G03,1C,53.4,19946569.510,-66574.688,817.100,0
$OBS,80.000,2279,388880.000,G09,1C,43.4,24021044.163,-174972.637,2275.394,0
$LOG,80.000,PNTPOS ERROR,chi-square error nv=8 vv=277220165.4 cs=18.5
$LOG,80.309,L1CA,29,SIGNAL LOST (L1CA, 31.6)
$LOG,80.397,L1CA,29,SIGNAL FOUND (35.7,3403.7,0.2440000)
$LOG,80.409,L1CA,10,SIGNAL LOST (L1CA, 31.7)
$LOG,80.486,L1CA,10,SIGNAL FOUND (35.7,-1973.1,0.2987200)
$LOG,80.609,L1CA,15,SIGNAL LOST (L1CA, 31.7)
$LOG,80.653,L1CA,15,SIGNAL NOT FOUND (34.8)
$LOG,80.709,L1CA,15,SIGNAL FOUND (35.4,2465.2,0.8174400)
$TIME,81.000,2025,4,14,12,33,45.013000,UTC
$CH,81.000,L1CA,14,1191,32.9,0.852364853,-2907.595,-3317.215,1,0
$CH,81.000,L1CA,13,15498,33.4,0.275800109,-178.739,-2698.079,0,1
$CH,81.000,L1CA,8,78291,43.7,0.673191162,2114.357,164704.518,12,0
$CH,81.000,L1CA,31,75191,47.1,0.707733508,-2591.095,-195092.785,11,0
$CH,81.000,L1CA,18,2547,32.6,0.183626440,2464.387,6152.015,0,1
$CH,81.000,L1CA,6,9480,32.6,0.394415791,-178.012,-1755.535,0,0
$CH,81.000,L1CA,10,514,35.7,0.299251304,-1650.037,-970.055,0,2
$CH,81.000,L1CA,4,79591,49.3,0.693024505,1858.580,147684.930,12,0
$CH,81.000,L1CA,2,80490,44.8,0.023773862,-1673.663,-135135.509,12,0
$CH,81.000,L1CA,1,80891,46.3,0.336483798,-2098.772,-169839.426,12,0
$CH,81.000,L1CA,27,75591,44.0,0.457914167,1942.206,146700.255,11,0
$CH,81.000,L1CA,25,25400,33.5,0.514714911,-144.366,-3603.801,0,0
$CH,81.000,L1CA,26,75691,50.3,0.503992013,-2486.564,-186903.456,11,0
$CH,81.000,L1CA,3,80091,53.3,0.534075181,816.333,67390.526,12,0
$CH,81.000,L1CA,5,55091,32.6,0.082861728,815.266,45943.635,4,1
$CH,81.000,L1CA,32,13815,32.2,0.391269677,-223.799,-3167.311,0,0
$CH,81.000,L1CA,16,76791,52.8,0.192593403,-179.655,-11684.568,12,0
$CH,81.000,L1CA,19,1291,33.7,0.099609089,3717.255,4833.682,0,0
$CH,81.000,L1CA,21,76191,45.1,0.267410007,-1408.460,-107871.215,11,0
$CH,81.000,L1CA,22,3391,33.5,0.660671431,754.302,2611.832,0,0
$CH,81.000,L1CA,7,78491,45.0,0.230472902,1341.430,106058.601,12,0
$CH,81.000,L1CA,15,291,35.4,0.817028311,2327.170,695.419,5,0
$CH,81.000,L1CA,20,1091,34.4,0.176771100,316.352,322.994,0,0
$CH,81.000,L1CA,28,1891,33.2,0.683358040,3351.618,6402.537,0,0
$CH,81.000,L1CA,17,11692,32.5,0.373972167,763.027,8878.151,0,1
$CH,81.000,L1CA,11,1391,34.7,0.368841177,843.162,1131.267,0,0
$CH,81.000,L1CA,30,1431,34.8,0.907627004,-199.601,-142.676,1,0
$CH,81.000,L1CA,29,603,35.7,0.242832644,3264.856,1980.119,0,0
$CH,81.000,L1CA,12,63091,32.8,0.476803792,817.169,52802.044,3,1
$CH,81.000,L1CA,9,78091,43.8,0.124139888,2274.191,177246.829,12,0
$CH,81.000,L1CA,24,2791,33.6,0.659263826,292.743,821.129,0,0
$CH,81.000,L1CA,23,2891,33.9,0.018686625,-211.413,-591.034,0,0
$OBS,81.000,2279,388881.000,G08,1C,43.7,23885421.403,-164706.632,2113.101,0
$OBS,81.000,2279,388881.000,G31,1C,47.1,22996400.463,195095.876,-2590.362,0
$OBS,81.000,2279,388881.000,G04,1C,49.3,22092612.591,-147686.288,1858.193,0
$OBS,81.000,2279,388881.000,G02,1C,44.8,23390939.259,135137.183,-1673.640,0
$OBS,81.000,2279,388881.000,G01,1C,46.3,23184894.976,169842.024,-2099.286,0
$OBS,81.000,2279,388881.000,G27,1C,44.0,23221298.102,-146702.197,1943.061,0
$OBS,81.000,2279,388881.000,G26,1C,50.3,21136565.540,186906.443,-2486.469,0
$OBS,81.000,2279,388881.000,G03,1C,53.3,19946413.784,-67391.343,816.284,0
$OBS,81.000,2279,388881.000,G16,1C,52.8,19844040.302,11684.748,-179.564,0
$OBS,81.000,2279,388881.000,G21,1C,45.1,23463979.484,107872.623,-1409.024,0
$OBS,81.000,2279,388881.000,G07,1C,45.0,24052490.433,-106059.442,1341.889,0
$OBS,81.000,2279,388881.000,G09,1C,43.8,24020612.410,-177248.603,2277.054,0
$POS,81.000,2023,9,14,12,1,21.001999994,15.391014563,73.878082007,11.454,7,12
$LOG,81.109,L1CA,28,SIGNAL LOST (L1CA, 31.9)
$LOG,81.125,L1CA,28,SIGNAL FOUND (35.7,798.4,0.9846400)
$LOG,81.209,L1CA,24,SIGNAL LOST (L1CA, 31.6)
$LOG,81.304,L1CA,24,SIGNAL FOUND (36.6,-2997.3,0.3617600)
$LOG,81.453,L1CA,18,SIGNAL LOST (L1CA, 31.4)
$LOG,81.471,L1CA,18,SIGNAL FOUND (36.1,535.1,0.4801600)
$LOG,81.709,L1CA,19,SIGNAL LOST (L1CA, 31.9)
$LOG,81.770,L1CA,19,SIGNAL FOUND (36.0,-1476.4,0.3686400)
$LOG,81.809,L1CA,14,SIGNAL LOST (L1CA, 30.7)
$LOG,81.849,L1CA,14,SIGNAL FOUND (35.5,1922.2,0.2259200)
$TIME,82.000,2025,4,14,12,33,50.045000,UTC
$CH,82.000,L1CA,8,79291,44.4,0.671855837,2114.826,166818.392,12,0
$CH,82.000,L1CA,27,76591,44.1,0.456679860,1942.887,148642.422,11,0
$CH,82.000,L1CA,23,3891,33.6,0.018807467,-203.483,-801.269,0,0
$CH,82.000,L1CA,22,4391,33.3,0.660111305,752.326,3368.980,0,0
$CH,82.000,L1CA,18,529,36.1,0.480080341,313.499,166.598,0,1
$CH,82.000,L1CA,10,1514,33.1,0.300190901,-1626.359,-2616.003,0,2
$CH,82.000,L1CA,29,1603,33.0,0.240716569,3379.507,5342.351,0,0
$CH,82.000,L1CA,24,696,36.6,0.363102263,-3162.309,-2210.837,0,0
$CH,82.000,L1CA,21,77191,44.7,0.268307883,-1408.607,-109280.131,11,0
$CH,82.000,L1CA,20,2091,33.6,0.176663746,311.169,637.324,0,0
$CH,82.000,L1CA,4,80591,49.3,0.691853362,1858.748,149543.651,12,0
$CH,82.000,L1CA,2,81490,44.8,0.024840393,-1672.992,-136809.313,12,0
$CH,82.000,L1CA,30,2431,34.5,0.907773657,-198.486,-338.907,1,0
$CH,82.000,L1CA,15,1291,33.4,0.815618413,2280.189,3065.101,5,0
$CH,82.000,L1CA,7,79491,44.8,0.229621100,1341.718,107400.456,12,0
$CH,82.000,L1CA,11,2391,33.8,0.368350270,838.346,1969.869,0,0
$CH,82.000,L1CA,6,10480,33.2,0.394529380,-182.281,-1935.473,0,0
$CH,82.000,L1CA,26,76691,50.1,0.505569802,-2486.910,-189390.376,11,0
$CH,82.000,L1CA,14,151,35.5,0.225752601,1730.081,274.690,1,0
$CH,82.000,L1CA,25,26400,33.8,0.514783814,-145.980,-3752.074,0,0
$CH,82.000,L1CA,16,77791,52.7,0.192724685,-180.267,-11864.476,12,0
$CH,82.000,L1CA,17,12692,32.3,0.373494419,763.379,9637.432,0,1
$CH,82.000,L1CA,9,79091,43.8,0.122693206,2275.566,179522.962,12,0
$CH,82.000,L1CA,31,76191,46.9,0.709380714,-2590.437,-197683.328,11,0
$CH,82.000,L1CA,19,230,36.0,0.368868636,-1682.352,-362.906,0,0
$CH,82.000,L1CA,13,16498,32.7,0.275938753,-179.527,-2877.944,0,1
$CH,82.000,L1CA,3,81091,52.8,0.533548387,815.712,68206.556,12,0
$CH,82.000,L1CA,12,64091,32.5,0.476302854,817.796,53618.040,3,1
$CH,82.000,L1CA,28,875,35.7,0.984245813,764.186,699.414,0,0
$CH,82.000,L1CA,5,56091,32.6,0.082329089,816.812,46761.591,4,1
$CH,82.000,L1CA,1,81891,46.8,0.337823354,-2098.635,-171937.942,12,0
$CH,82.000,L1CA,32,14815,32.8,0.391309179,-230.468,-3392.530,0,0
$OBS,82.000,2279,388882.000,G27,1C,44.1,23220928.070,-148644.365,1943.185,0
$OBS,82.000,2279,388882.000,G08,1C,44.4,23885021.077,-166820.507,2114.061,0
$OBS,82.000,2279,388882.000,G21,1C,44.7,23464248.671,109281.539,-1409.734,0
$OBS,82.000,2279,388882.000,G04,1C,49.3,22092261.493,-149545.009,1858.686,0
$OBS,82.000,2279,388882.000,G02,1C,44.8,23391259.000,136810.986,-1674.229,0
$OBS,82.000,2279,388882.000,G07,1C,44.8,24052235.067,-107401.298,1341.206,0
$OBS,82.000,2279,388882.000,G26,1C,50.1,21137038.546,189393.362,-2487.040,0
$OBS,82.000,2279,388882.000,G16,1C,52.7,19844079.670,11864.656,-180.318,0
$OBS,82.000,2279,388882.000,G09,1C,43.8,24020178.702,-179524.738,2276.049,0
$OBS,82.000,2279,388882.000,G31,1C,46.9,22996894.287,197686.418,-2589.951,0
$OBS,82.000,2279,388882.000,G03,1C,52.8,19946255.860,-68207.372,815.851,0
$OBS,82.000,2279,388882.000,G01,1C,46.8,23185296.558,171940.541,-2098.946,0
$POS,82.000,2023,9,14,12,1,22.001999993,15.391014684,73.878066274,10.780,7,12
$LOG,82.397,L1CA,29,SIGNAL LOST (L1CA, 30.8)
$LOG,82.486,L1CA,10,SIGNAL LOST (L1CA, 31.1)
$LOG,82.409,L1CA,29,SIGNAL FOUND (35.4,26.9,0.3190400)
$LOG,82.509,L1CA,10,SIGNAL FOUND (35.3,3479.3,0.5496000)
$TIME,83.000,2025,4,14,12,33,55.225000,UTC
$CH,83.000,L1CA,31,77191,46.6,0.711023026,-2590.153,-200273.759,11,0
$CH,83.000,L1CA,21,78191,44.6,0.269211198,-1409.038,-110688.869,11,0
$CH,83.000,L1CA,8,80291,44.7,0.670501646,2113.432,168932.525,12,0
$CH,83.000,L1CA,17,13692,32.1,0.372926999,755.709,10397.530,0,1
$CH,83.000,L1CA,13,17498,32.1,0.276044336,-179.981,-3058.584,0,1
$CH,83.000,L1CA,26,77691,50.3,0.507150536,-2487.492,-191877.746,11,0
$CH,83.000,L1CA,7,80491,44.8,0.228742549,1341.496,108742.077,12,0
$CH,83.000,L1CA,30,3431,34.3,0.907931369,-192.135,-533.553,1,0
$CH,83.000,L1CA,18,1529,33.7,0.479928428,287.971,462.912,0,1
$CH,83.000,L1CA,20,3091,32.8,0.176640527,314.160,953.739,0,0
$CH,83.000,L1CA,15,2291,32.7,0.814195546,2286.615,5347.017,5,0
$CH,83.000,L1CA,1,82891,46.5,0.339150653,-2098.630,-174036.430,12,0
$CH,83.000,L1CA,25,27400,33.8,0.514879916,-152.401,-3899.484,0,0
$CH,83.000,L1CA,16,78791,52.7,0.192879256,-181.001,-12045.097,12,0
$CH,83.000,L1CA,22,5391,33.7,0.659630655,757.659,4127.157,0,0
$CH,83.000,L1CA,10,491,35.3,0.548629497,3383.090,1646.170,0,2
$CH,83.000,L1CA,3,82091,53.5,0.533030118,815.507,69021.964,12,0
$CH,83.000,L1CA,28,1875,34.6,0.983815011,816.410,1506.616,0,0
$CH,83.000,L1CA,19,1230,34.4,0.369808065,-1666.519,-2059.786,0,0
$CH,83.000,L1CA,27,77591,43.9,0.455434301,1942.427,150584.630,11,0
$CH,83.000,L1CA,24,1696,34.0,0.365169032,-3298.339,-5492.305,0,0
$CH,83.000,L1CA,2,82490,44.3,0.025888816,-1674.797,-138482.989,12,0
$CH,83.000,L1CA,6,11480,33.0,0.394660465,-179.458,-2116.112,0,0
$CH,83.000,L1CA,14,1151,33.7,0.224761951,1834.940,2081.317,1,0
$CH,83.000,L1CA,5,57091,33.8,0.081871062,814.951,47579.003,4,1
$CH,83.000,L1CA,32,15815,33.0,0.391291628,-224.218,-3615.546,0,0
$CH,83.000,L1CA,12,65091,32.7,0.475774503,820.638,54433.481,3,1
$CH,83.000,L1CA,11,3391,32.9,0.367799695,840.547,2806.758,0,0
$CH,83.000,L1CA,4,81591,48.9,0.690667187,1858.469,151402.448,12,0
$CH,83.000,L1CA,9,80091,44.3,0.121253578,2277.372,181799.243,12,0
$CH,83.000,L1CA,29,591,35.4,0.318926056,228.507,112.828,0,0
$CH,83.000,L1CA,23,4891,33.3,0.018882679,-211.935,-1011.823,0,0
$OBS,83.000,2279,388883.000,G31,1C,46.6,22997386.645,200276.849,-2589.707,0
$OBS,83.000,2279,388883.000,G21,1C,44.6,23464519.481,110690.278,-1408.415,0
$OBS,83.000,2279,388883.000,G08,1C,44.7,23884615.115,-168934.638,2113.707,0
$OBS,83.000,2279,388883.000,G26,1C,50.3,21137512.441,191880.734,-2487.430,0
$OBS,83.000,2279,388883.000,G07,1C,44.8,24051971.673,-108742.919,1340.334,0
$OBS,83.000,2279,388883.000,G01,1C,46.5,23185694.475,174039.028,-2099.138,0
$OBS,83.000,2279,388883.000,G16,1C,52.7,19844126.000,12045.278,-181.171,0
$OBS,83.000,2279,388883.000,G03,1C,53.5,19946100.483,-69022.779,815.270,0
$OBS,83.000,2279,388883.000,G27,1C,43.9,23220554.670,-150586.573,1942.068,0
$OBS,83.000,2279,388883.000,G02,1C,44.3,23391573.313,138484.663,-1673.159,0
$OBS,83.000,2279,388883.000,G04,1C,48.9,22091905.892,-151403.806,1858.679,0
$OBS,83.000,2279,388883.000,G09,1C,44.3,24019747.124,-181801.020,2276.172,0
$POS,83.000,2023,9,14,12,1,23.002000025,15.391022648,73.878011103,-5.190,7,12
$LOG,83.106,L1CA,28,SYMBOL SYNC (72.358)
$LOG,83.304,L1CA,24,SIGNAL LOST (L1CA, 31.6)
$LOG,83.401,L1CA,24,SIGNAL FOUND (37.0,497.9,0.8459200)
$LOG,83.471,L1CA,18,SIGNAL LOST (L1CA, 31.7)
$LOG,83.509,L1CA,18,SIGNAL FOUND (35.2,-4423.7,0.5118400)
$LOG,83.770,L1CA,19,SIGNAL LOST (L1CA, 32.0)
$LOG,83.809,L1CA,19,SIGNAL FOUND (35.5,1527.4,0.9030400)
$LOG,83.909,L1CA,20,SIGNAL LOST (L1CA, 31.5)
$TIME,84.000,2025,4,14,12,34,1.548000,UTC
$LOG,83.930,L1CA,20,SIGNAL FOUND (36.0,-19.2,0.2708800)
$CH,84.000,L1CA,25,28400,32.6,0.514984719,-149.148,-4049.371,0,0
$CH,84.000,L1CA,12,66091,33.2,0.475273028,819.161,55249.232,3,1
$CH,84.000,L1CA,2,83490,44.6,0.026958558,-1673.303,-140156.549,12,0
$CH,84.000,L1CA,24,599,37.0,0.845797293,269.504,200.922,0,0
$CH,84.000,L1CA,15,3291,32.2,0.812811495,2290.849,7630.025,5,0
$CH,84.000,L1CA,9,81091,43.6,0.119803734,2276.620,184075.700,12,0
$CH,84.000,L1CA,26,78691,50.6,0.508731119,-2488.111,-194365.575,11,0
$CH,84.000,L1CA,23,5891,32.8,0.018999478,-211.418,-1221.505,0,0
$CH,84.000,L1CA,7,81491,44.5,0.227907170,1339.375,110083.464,12,0
$CH,84.000,L1CA,20,70,36.0,0.270876167,-166.154,-7.927,0,0
$CH,84.000,L1CA,30,4431,33.8,0.908096965,-184.174,-726.579,1,0
$CH,84.000,L1CA,1,83891,46.4,0.340482009,-2098.301,-176134.883,12,0
$CH,84.000,L1CA,13,18498,32.0,0.276120353,-187.226,-3239.869,0,1
$CH,84.000,L1CA,18,491,35.2,0.513131925,-4392.573,-2114.334,0,1
$CH,84.000,L1CA,8,81291,44.6,0.669170329,2114.991,171046.911,12,0
$CH,84.000,L1CA,10,1491,32.7,0.546541292,3312.076,4947.768,0,2
$CH,84.000,L1CA,6,12480,32.7,0.394799948,-179.765,-2297.447,0,0
$CH,84.000,L1CA,4,82591,48.1,0.689489111,1859.123,153261.323,12,0
$CH,84.000,L1CA,29,1591,34.2,0.318734114,380.995,444.084,0,0
$CH,84.000,L1CA,19,191,35.5,0.902884988,1342.798,265.138,0,0
$CH,84.000,L1CA,17,14692,32.4,0.372402035,754.608,11157.673,0,1
$CH,84.000,L1CA,14,2151,32.5,0.223683158,1835.936,3916.438,1,0
$CH,84.000,L1CA,3,83091,53.6,0.532522240,814.068,69836.737,12,0
$CH,84.000,L1CA,16,79791,52.8,0.192951893,-181.379,-12226.430,12,0
$CH,84.000,L1CA,22,6391,33.8,0.659190439,765.841,4887.152,0,0
$CH,84.000,L1CA,28,2875,33.6,0.983277413,820.844,2321.308,0,0
$CH,84.000,L1CA,27,78591,44.1,0.454210681,1943.066,152526.870,11,0
$CH,84.000,L1CA,21,79191,44.3,0.270096144,-1408.874,-112097.422,11,0
$CH,84.000,L1CA,31,78191,46.6,0.712667215,-2590.255,-202864.087,11,0
$CH,84.000,L1CA,11,4391,32.3,0.367301150,830.458,3640.583,0,0
$CH,84.000,L1CA,32,16815,33.5,0.391388719,-224.985,-3836.913,0,0
$CH,84.000,L1CA,5,58091,33.5,0.081405086,814.018,48395.210,4,1
$OBS,84.000,2279,388884.000,G02,1C,44.6,23391894.013,140158.222,-1673.237,0
$OBS,84.000,2279,388884.000,G09,1C,43.6,24019312.474,-184077.476,2276.585,0
$OBS,84.000,2279,388884.000,G26,1C,50.6,21137986.285,194368.563,-2488.133,0
$OBS,84.000,2279,388884.000,G07,1C,44.5,24051721.245,-110084.304,1342.635,0
$OBS,84.000,2279,388884.000,G01,1C,46.4,23186093.596,176137.482,-2098.364,0
$OBS,84.000,2279,388884.000,G08,1C,44.6,23884215.994,-171049.026,2114.777,0
$OBS,84.000,2279,388884.000,G04,1C,48.1,22091552.700,-153262.682,1859.057,0
$OBS,84.000,2279,388884.000,G03,1C,53.6,19945948.230,-69837.551,814.673,0
$OBS,84.000,2279,388884.000,G16,1C,52.8,19844147.778,12226.611,-181.896,0
$OBS,84.000,2279,388884.000,G27,1C,44.1,23220187.832,-152528.813,1941.918,0
$OBS,84.000,2279,388884.000,G21,1C,44.3,23464784.777,112098.831,-1407.911,0
$OBS,84.000,2279,388884.000,G31,1C,46.6,22997879.561,202867.177,-2590.979,0
$POS,84.000,2023,9,14,12,1,24.002000000,15.391011056,73.878069556,7.193,7,12
$LOG,84.239,L1CA,21,FRAME SYNC (N)
$LNAV,84.079,L1CA,21,8B55567E9711745555555555555555555555555555555555555555555557
$LOG,84.227,L1CA,6,FRAME SYNC (R)
$LOG,84.067,L1CA,6,LNAV PARITY ERROR
$LOG,84.239,L1CA,2,FRAME SYNC (N)
$LNAV,84.079,L1CA,2,8B55567E9711745555555555555555555555555555555555555555555557
$LOG,84.245,L1CA,6,SYMBOL SYNC (65.750)
$LOG,84.238,L1CA,1,FRAME SYNC (R)
$LNAV,84.078,L1CA,1,8B55567E9711745555555555555555555555555555555555555555555557
$LOG,84.231,L1CA,26,FRAME SYNC (R)
$LNAV,84.071,L1CA,26,8B55567E9711745555555555555555555555555555555555555555555557
$LOG,84.227,L1CA,16,FRAME SYNC (N)
$LNAV,84.067,L1CA,16,8B55567E9711745555555555555555555555555555555555555555555557
$LOG,84.241,L1CA,7,FRAME SYNC (R)
$LNAV,84.081,L1CA,7,8B55567E9711745555555555555555555555555555555555555555555557
$LOG,84.234,L1CA,4,FRAME SYNC (R)
$LNAV,84.074,L1CA,4,8B55567E9711745555555555555555555555555555555555555555555557
$LOG,84.237,L1CA,31,FRAME SYNC (R)
$LNAV,84.077,L1CA,31,8B55567E9711745555555555555555555555555555555555555555555557
$LOG,84.240,L1CA,8,FRAME SYNC (N)
$LNAV,84.080,L1CA,8,8B55567E9711745555555555555555555555555555555555555555555557
$LOG,84.241,L1CA,9,FRAME SYNC (R)
$LNAV,84.081,L1CA,9,8B55567E9711745555555555555555555555555555555555555555555557
$LOG,84.238,L1CA,27,FRAME SYNC (N)
$LNAV,84.078,L1CA,27,8B55567E9711745555555555555555555555555555555555555555555557
$LOG,84.227,L1CA,3,FRAME SYNC (N)
$LNAV,84.067,L1CA,3,8B55567E9711745555555555555555555555555555555555555555555557
$LOG,84.386,L1CA,30,SYMBOL SYNC (-75.274)
$LOG,84.509,L1CA,10,SIGNAL LOST (L1CA, 31.3)
$LOG,84.546,L1CA,5,SYMBOL SYNC (-94.010)
$LOG,84.586,L1CA,10,SIGNAL FOUND (35.5,-22.7,0.4931200)
$LOG,84.600,L1CA,25,SIGNAL LOST (L1CA, 31.7)
$LOG,84.670,L1CA,25,SIGNAL FOUND (35.9,-3268.3,0.3523200)
$LOG,84.709,L1CA,15,SIGNAL LOST (L1CA, 31.6)
$LOG,84.727,L1CA,15,SIGNAL FOUND (35.6,4468.2,0.9769600)
$LOG,84.849,L1CA,14,SIGNAL LOST (L1CA, 31.5)
$LOG,84.895,L1CA,14,SIGNAL FOUND (35.0,782.2,0.9475200)
$LOG,84.969,L1CA,11,SYMBOL SYNC (56.859)
$TIME,85.000,2025,4,14,12,34,6.773000,UTC
$CH,85.000,L1CA,30,5431,32.9,0.908172725,-177.636,-913.113,1,0
$CH,85.000,L1CA,19,1191,34.6,0.902196827,1298.972,1572.479,0,0
$CH,85.000,L1CA,5,59091,33.4,0.080866538,814.561,49209.399,4,1
$CH,85.000,L1CA,11,5391,32.6,0.366764528,826.632,4472.508,0,0
$CH,85.000,L1CA,24,1599,35.6,0.845663229,360.391,552.800,0,0
$CH,85.000,L1CA,31,79191,46.1,0.714313352,-2590.159,-205454.304,12,0
$CH,85.000,L1CA,26,79691,51.1,0.510310462,-2488.577,-196853.863,12,0
$CH,85.000,L1CA,7,82491,44.6,0.227065118,1341.720,111424.613,13,0
$CH,85.000,L1CA,23,6891,32.6,0.019161965,-213.417,-1430.516,0,0
$CH,85.000,L1CA,6,13480,32.7,0.394950694,-183.583,-2479.497,0,1
$CH,85.000,L1CA,2,84490,44.8,0.028018011,-1673.961,-141829.971,13,0
$CH,85.000,L1CA,8,82291,44.6,0.667829464,2114.360,173161.546,13,0
$CH,85.000,L1CA,27,79591,44.2,0.452983777,1942.715,154469.144,12,0
$CH,85.000,L1CA,22,7391,33.4,0.658687219,763.698,5646.770,0,0
$CH,85.000,L1CA,13,19498,32.1,0.276248254,-180.058,-3421.981,0,1
$CH,85.000,L1CA,1,84891,46.0,0.341808168,-2098.530,-178233.311,13,0
$CH,85.000,L1CA,12,67091,32.4,0.474760175,809.332,56063.392,3,1
$CH,85.000,L1CA,9,82091,43.6,0.118360776,2276.761,186352.312,13,0
$CH,85.000,L1CA,32,17815,33.4,0.391519965,-220.233,-4057.339,0,0
$CH,85.000,L1CA,17,15692,32.4,0.371973313,753.576,11916.288,0,1
$CH,85.000,L1CA,25,330,35.9,0.352982298,-3304.568,-1077.979,0,0
$CH,85.000,L1CA,16,80791,52.9,0.193055482,-182.089,-12408.478,13,0
$CH,85.000,L1CA,29,2591,32.3,0.318535029,379.467,823.077,0,0
$CH,85.000,L1CA,3,84091,53.7,0.532006750,813.677,70650.888,13,0
$CH,85.000,L1CA,20,1070,34.5,0.270873522,-194.362,-183.459,0,0
$CH,85.000,L1CA,21,80191,44.2,0.270987686,-1407.962,-113505.799,12,0
$CH,85.000,L1CA,14,105,35.0,0.947469576,850.710,86.137,1,0
$CH,85.000,L1CA,18,1491,32.9,0.515880265,-4308.891,-6428.601,0,1
$CH,85.000,L1CA,10,414,35.5,0.493176086,-199.161,-67.058,0,2
$CH,85.000,L1CA,28,3875,32.6,0.982689141,819.847,3135.446,0,0
$CH,85.000,L1CA,4,83591,47.8,0.688312413,1859.218,155120.271,13,0
$CH,85.000,L1CA,15,273,35.6,0.976224127,4304.983,1184.393,5,0
$OBS,85.000,2279,388885.000,G31,1C,46.1,22998373.053,205457.394,-2590.989,0
$OBS,85.000,2279,388885.000,G26,1C,51.1,21138459.761,196856.851,-2488.347,0
$OBS,85.000,2279,388885.000,G07,1C,44.6,24051468.793,-111425.455,1341.432,0
$OBS,85.000,2279,388885.000,G02,1C,44.8,23392211.624,141831.645,-1673.911,0
$OBS,85.000,2279,388885.000,G08,1C,44.6,23883814.011,-173163.660,2115.397,0
$OBS,85.000,2279,388885.000,G27,1C,44.2,23219820.016,-154471.087,1941.779,0
$OBS,85.000,2279,388885.000,G01,1C,46.0,23186491.165,178235.909,-2098.542,0
$OBS,85.000,2279,388885.000,G09,1C,43.6,24018879.883,-186354.089,2277.888,0
$OBS,85.000,2279,388885.000,G16,1C,52.9,19844178.839,12408.660,-182.433,0
$OBS,85.000,2279,388885.000,G03,1C,53.7,19945793.673,-70651.702,813.860,0
$OBS,85.000,2279,388885.000,G21,1C,44.2,23465052.044,113507.207,-1408.228,0
$OBS,85.000,2279,388885.000,G04,1C,47.8,22091199.944,-155121.630,1858.628,0
$POS,85.000,2023,9,14,12,1,25.001999992,15.391002684,73.878081415,11.495,7,12
$LOG,85.308,L1CA,17,SIGNAL LOST (L1CA, 31.8)
$LOG,85.409,L1CA,29,SIGNAL LOST (L1CA, 31.8)
$LOG,85.486,L1CA,20,SYMBOL SYNC (61.912)
$LOG,85.409,L1CA,17,SIGNAL FOUND (35.9,1107.5,0.7446400)
$LOG,85.509,L1CA,18,SIGNAL LOST (L1CA, 31.5)
$LOG,85.509,L1CA,29,SIGNAL NOT FOUND (35.0)
$LOG,85.609,L1CA,18,SIGNAL FOUND (35.9,-1498.2,0.9606400)
$LOG,85.709,L1CA,29,SIGNAL FOUND (36.1,2961.3,0.7377600)
$LOG,85.909,L1CA,12,SIGNAL LOST (L1CA, 31.9)
$TIME,86.000,2025,4,14,12,34,14.269000,UTC
$CH,86.000,L1CA,32,18815,33.0,0.391611395,-217.490,-4275.759,0,0
$CH,86.000,L1CA,9,83091,43.3,0.116915344,2276.630,188629.087,13,0
$CH,86.000,L1CA,21,81191,44.4,0.271884394,-1408.574,-114913.996,12,0
$CH,86.000,L1CA,11,6391,32.4,0.366192344,830.707,5303.165,0,0
$CH,86.000,L1CA,22,8391,33.1,0.658136872,765.123,6405.225,0,0
$CH,86.000,L1CA,19,2191,33.5,0.901527645,1296.043,2870.729,0,0
$CH,86.000,L1CA,15,1273,33.2,0.973540230,4428.903,5529.386,5,0
$CH,86.000,L1CA,13,20498,32.1,0.276387930,-179.554,-3604.762,0,1
$CH,86.000,L1CA,26,80691,50.8,0.511889111,-2488.936,-199342.606,12,0
$CH,86.000,L1CA,16,81791,53.1,0.193202443,-183.210,-12591.230,13,0
$CH,86.000,L1CA,25,1330,33.4,0.355041270,-3373.482,-4414.863,0,0
$CH,86.000,L1CA,4,84591,47.9,0.687122845,1858.526,156979.297,13,0
$CH,86.000,L1CA,7,83491,45.2,0.226218767,1341.225,112765.530,13,0
$CH,86.000,L1CA,2,85490,44.9,0.029084627,-1673.068,-143503.264,13,0
$CH,86.000,L1CA,31,80191,46.0,0.715956843,-2590.888,-208044.412,12,0
$CH,86.000,L1CA,24,2599,33.2,0.845601387,361.226,912.019,0,0
$CH,86.000,L1CA,27,80591,44.2,0.451742576,1942.649,156411.454,12,0
$CH,86.000,L1CA,18,391,35.9,0.961063126,-1765.325,-655.248,0,1
$CH,86.000,L1CA,30,6431,32.9,0.908266571,-181.453,-1097.809,1,0
$CH,86.000,L1CA,10,1414,34.3,0.493179765,-206.476,-271.168,0,2
$CH,86.000,L1CA,20,2070,33.3,0.270982120,-181.230,-371.876,0,0
$CH,86.000,L1CA,28,4875,32.5,0.982189829,814.374,3950.497,0,0
$CH,86.000,L1CA,17,591,35.9,0.744129725,1428.649,765.917,0,1
$CH,86.000,L1CA,29,291,36.1,0.737286864,2839.687,821.139,0,0
$CH,86.000,L1CA,3,85091,53.6,0.531483380,812.923,71464.408,13,0
$CH,86.000,L1CA,23,7891,32.2,0.019265262,-205.626,-1640.370,0,0
$CH,86.000,L1CA,1,85891,45.9,0.343145777,-2098.615,-180331.710,13,0
$CH,86.000,L1CA,8,83291,44.2,0.666475321,2115.122,175276.445,13,0
$CH,86.000,L1CA,6,14480,32.4,0.395015014,-188.802,-2662.236,0,1
$CH,86.000,L1CA,5,60091,32.7,0.080336660,815.406,50022.982,4,1
$CH,86.000,L1CA,14,1105,34.0,0.947026052,809.251,918.395,1,0
$LOG,86.001,L1CA,12,SIGNAL FOUND (36.6,-1384.4,0.1942400)
$OBS,86.000,2279,388886.000,G09,1C,43.3,24018446.541,-188630.863,2276.206,0
$OBS,86.000,2279,388886.000,G21,1C,44.4,23465320.882,114915.404,-1407.139,0
$OBS,86.000,2279,388886.000,G26,1C,50.8,21138933.029,199345.595,-2489.217,0
$OBS,86.000,2279,388886.000,G16,1C,53.1,19844222.901,12591.414,-183.014,0
$OBS,86.000,2279,388886.000,G04,1C,47.9,22090843.314,-156980.655,1858.650,0
$OBS,86.000,2279,388886.000,G07,1C,45.2,24051215.066,-112766.371,1340.772,0
$OBS,86.000,2279,388886.000,G02,1C,44.9,23392531.382,143504.937,-1673.065,0
$OBS,86.000,2279,388886.000,G31,1C,46.0,22998865.760,208047.503,-2590.341,0
$OBS,86.000,2279,388886.000,G27,1C,44.2,23219447.908,-156413.397,1940.870,0
$OBS,86.000,2279,388886.000,G03,1C,53.6,19945636.778,-71465.221,813.427,0
$OBS,86.000,2279,388886.000,G01,1C,45.9,23186892.171,180334.309,-2097.928,0
$OBS,86.000,2279,388886.000,G08,1C,44.2,23883408.049,-175278.560,2114.662,0
$POS,86.000,2023,9,14,12,1,26.002000010,15.391025441,73.878037262,2.230,7,12
$LOG,86.401,L1CA,24,SIGNAL LOST (L1CA, 31.3)
$LOG,86.452,L1CA,24,SIGNAL FOUND (35.7,3499.9,0.2155200)
$LOG,86.670,L1CA,25,SIGNAL LOST (L1CA, 31.3)
$LOG,86.727,L1CA,15,SIGNAL LOST (L1CA, 31.3)
$LOG,86.709,L1CA,25,SIGNAL FOUND (35.8,-453.4,0.8654400)
$LOG,86.809,L1CA,15,SIGNAL FOUND (36.0,4503.4,0.2988800)
$TIME,87.000,2025,4,14,12,34,22.491000,UTC
$CH,87.000,L1CA,32,19815,32.5,0.391759140,-215.561,-4492.383,0,0
$CH,87.000,L1CA,5,61091,32.4,0.079786526,812.002,50836.828,4,1
$CH,87.000,L1CA,18,1391,34.1,0.962283639,-1803.311,-2475.372,0,1
$CH,87.000,L1CA,22,9391,33.4,0.657565005,759.176,7164.642,0,0
$CH,87.000,L1CA,25,291,35.8,0.865482670,-191.997,-79.198,0,0
$CH,87.000,L1CA,30,7431,33.3,0.908442219,-179.924,-1282.997,1,0
$CH,87.000,L1CA,6,15480,32.8,0.395171009,-183.936,-2845.691,0,1
$CH,87.000,L1CA,12,999,36.6,0.194877544,-1179.538,-1218.277,3,1
$CH,87.000,L1CA,4,85591,48.6,0.685946534,1859.038,158838.410,13,0
$CH,87.000,L1CA,24,548,35.7,0.214434642,3347.795,1828.900,0,0
$CH,87.000,L1CA,20,3070,32.5,0.271051179,-185.681,-555.195,0,0
$CH,87.000,L1CA,16,82791,53.2,0.193343265,-184.109,-12774.713,13,0
$CH,87.000,L1CA,1,86891,46.3,0.344477547,-2098.580,-182430.078,13,0
$CH,87.000,L1CA,9,84091,43.3,0.115465122,2277.486,190906.018,13,0
$CH,87.000,L1CA,3,86091,54.1,0.530956988,812.897,72277.310,13,0
$CH,87.000,L1CA,13,21498,32.3,0.276509640,-182.874,-3788.228,0,1
$CH,87.000,L1CA,21,82191,44.7,0.272771412,-1408.018,-116322.002,12,0
$CH,87.000,L1CA,23,8891,32.6,0.019479571,-212.616,-1850.274,0,0
$CH,87.000,L1CA,26,81691,50.2,0.513466635,-2489.105,-201831.806,12,0
$CH,87.000,L1CA,11,7391,32.3,0.365606502,829.892,6132.183,0,0
$CH,87.000,L1CA,10,2414,33.2,0.493319187,-203.435,-473.595,0,2
$CH,87.000,L1CA,27,81591,44.3,0.450513051,1942.150,158353.803,12,0
$CH,87.000,L1CA,14,2105,33.6,0.946532202,802.568,1724.969,1,0
$CH,87.000,L1CA,15,191,36.0,0.298351639,4423.302,849.279,5,0
$CH,87.000,L1CA,29,1291,34.0,0.735622582,2923.674,3686.823,0,0
$CH,87.000,L1CA,2,86490,44.8,0.030155568,-1672.010,-145176.435,13,0
$CH,87.000,L1CA,19,3191,32.5,0.900955855,1302.142,4168.935,0,0
$CH,87.000,L1CA,28,5875,32.0,0.981722759,816.861,4763.258,0,0
$CH,87.000,L1CA,17,1591,34.6,0.743292673,1240.814,2035.002,0,1
$CH,87.000,L1CA,31,81191,46.3,0.717595120,-2589.900,-210634.409,12,0
$CH,87.000,L1CA,8,84291,44.0,0.665134459,2115.433,177391.589,13,0
$CH,87.000,L1CA,7,84491,45.2,0.225363854,1340.907,114106.217,13,0
$OBS,87.000,2279,388887.000,G04,1C,48.6,22090490.662,-158839.769,1858.462,0
$OBS,87.000,2279,388887.000,G16,1C,53.2,19844265.113,12774.897,-183.661,0
$OBS,87.000,2279,388887.000,G01,1C,46.3,23187291.432,182432.677,-2097.632,0
$OBS,87.000,2279,388887.000,G09,1C,43.3,24018011.787,-190907.795,2276.718,0
$OBS,87.000,2279,388887.000,G03,1C,54.1,19945478.976,-72278.123,812.572,0
$OBS,87.000,2279,388887.000,G21,1C,44.7,23465586.806,116323.410,-1409.008,0
$OBS,87.000,2279,388887.000,G26,1C,50.2,21139405.964,201834.795,-2489.344,0
$OBS,87.000,2279,388887.000,G27,1C,44.3,23219079.307,-158355.745,1941.776,0
$OBS,87.000,2279,388887.000,G02,1C,44.8,23392852.449,145178.107,-1673.136,0
$OBS,87.000,2279,388887.000,G31,1C,46.3,22999356.914,210637.498,-2589.659,0
$OBS,87.000,2279,388887.000,G08,1C,44.0,23883006.066,-177393.705,2115.408,0
$OBS,87.000,2279,388887.000,G07,1C,45.2,24050958.775,-114107.058,1340.446,0
$POS,87.000,2023,9,14,12,1,27.002000014,15.391048242,73.878012367,-1.271,7,12
$LOG,87.125,L1CA,28,SIGNAL LOST (L1CA, 31.5)
$LOG,87.185,L1CA,32,SIGNAL LOST (L1CA, 31.6)
$LOG,87.155,L1CA,28,SIGNAL NOT FOUND (34.7)
$LOG,87.209,L1CA,32,SIGNAL FOUND (35.8,13.3,0.3500800)
$LOG,87.309,L1CA,28,SIGNAL FOUND (35.4,1498.3,0.2598400)
$LOG,87.609,L1CA,18,SIGNAL LOST (L1CA, 31.8)
$LOG,87.627,L1CA,18,SIGNAL FOUND (35.9,-4618.2,0.2852800)
$LOG,87.709,L1CA,29,SIGNAL LOST (L1CA, 31.9)
$LOG,87.752,L1CA,29,SIGNAL NOT FOUND (35.0)
$LOG,87.809,L1CA,19,SIGNAL LOST (L1CA, 31.3)
$LOG,87.806,L1CA,14,SYMBOL SYNC (-73.751)
$LOG,87.809,L1CA,29,SIGNAL FOUND (35.9,-1915.4,0.4427200)
$TIME,88.000,2025,4,14,12,34,29.997000,UTC
$LOG,87.909,L1CA,19,SIGNAL FOUND (35.4,-1426.8,0.0467200)
$CH,88.000,L1CA,5,62091,33.2,0.079318776,806.759,51650.790,4,1
$CH,88.000,L1CA,30,8431,33.3,0.908572823,-184.172,-1469.017,1,0
$CH,88.000,L1CA,17,2591,33.0,0.742561369,1233.560,3275.066,0,1
$CH,88.000,L1CA,10,3414,32.2,0.493514478,-200.315,-674.343,0,2
$CH,88.000,L1CA,3,87091,53.7,0.530445068,811.656,73089.571,13,0
$CH,88.000,L1CA,6,16480,32.4,0.395317557,-183.085,-3029.978,0,1
$CH,88.000,L1CA,18,373,35.9,0.286355275,-4663.466,-1741.803,0,1
$CH,88.000,L1CA,25,1291,34.1,0.865550869,-197.944,-257.554,0,0
$CH,88.000,L1CA,21,83191,44.4,0.273680715,-1406.695,-117729.837,12,0
$CH,88.000,L1CA,26,82691,50.1,0.515046367,-2490.221,-204321.463,12,0
$CH,88.000,L1CA,29,191,35.9,0.442916699,-1660.079,-335.709,0,0
$CH,88.000,L1CA,9,85091,43.6,0.114016796,2277.222,193183.109,13,0
$CH,88.000,L1CA,23,9891,32.7,0.019613803,-212.869,-2059.395,0,0
$CH,88.000,L1CA,20,4070,32.5,0.271169911,-181.774,-739.462,0,0
$CH,88.000,L1CA,14,3105,33.4,0.945985532,815.624,2534.214,1,0
$CH,88.000,L1CA,2,87490,44.4,0.031203213,-1673.764,-146849.478,13,0
$CH,88.000,L1CA,12,1999,34.7,0.195433807,-1177.498,-2398.627,3,1
$CH,88.000,L1CA,8,85291,43.6,0.663784070,2115.536,179506.989,13,0
$CH,88.000,L1CA,28,691,35.4,0.259292252,1346.401,907.730,0,0
$CH,88.000,L1CA,19,91,35.4,0.046792466,-1288.324,-124.166,0,0
$CH,88.000,L1CA,24,1548,33.1,0.212067820,3779.545,5540.667,0,0
$CH,88.000,L1CA,11,8391,32.6,0.365093316,828.084,6962.329,0,0
$CH,88.000,L1CA,27,82591,44.0,0.449280663,1941.743,160296.181,12,0
$CH,88.000,L1CA,31,82191,46.4,0.719246498,-2589.509,-213224.300,12,0
$CH,88.000,L1CA,7,85491,45.1,0.224521037,1340.006,115446.664,13,0
$CH,88.000,L1CA,16,83791,52.9,0.193411944,-184.380,-12958.892,13,0
$CH,88.000,L1CA,22,10391,33.4,0.657115643,764.230,7925.080,0,0
$CH,88.000,L1CA,1,87891,46.3,0.345811342,-2097.781,-184528.413,13,0
$CH,88.000,L1CA,4,86591,48.2,0.684772713,1859.016,160697.596,13,0
$CH,88.000,L1CA,15,1191,33.5,0.295644080,4454.125,5229.669,5,0
$CH,88.000,L1CA,32,791,35.8,0.350176068,-187.583,-140.852,0,0
$CH,88.000,L1CA,13,22498,32.1,0.276605232,-184.649,-3972.352,0,1
$OBS,88.000,2279,388888.000,G03,1C,53.7,19945325.501,-73090.382,812.066,0
$OBS,88.000,2279,388888.000,G21,1C,44.4,23465859.396,117731.244,-1408.275,0
$OBS,88.000,2279,388888.000,G26,1C,50.1,21139879.546,204324.454,-2490.272,0
$OBS,88.000,2279,388888.000,G09,1C,43.6,24017577.590,-193184.886,2276.773,0
$OBS,88.000,2279,388888.000,G02,1C,44.4,23393166.518,146851.152,-1673.294,0
$OBS,88.000,2279,388888.000,G08,1C,43.6,23882601.221,-179509.105,2115.069,0
$OBS,88.000,2279,388888.000,G27,1C,44.0,23218709.851,-160298.123,1942.496,0
$OBS,88.000,2279,388888.000,G31,1C,46.4,22999851.977,213227.389,-2590.139,0
$OBS,88.000,2279,388888.000,G07,1C,45.1,24050706.096,-115447.504,1339.967,0
$OBS,88.000,2279,388888.000,G16,1C,52.9,19844285.704,12959.076,-184.308,0
$OBS,88.000,2279,388888.000,G01,1C,46.3,23187691.286,184531.011,-2097.611,0
$OBS,88.000,2279,388888.000,G04,1C,48.2,22090138.761,-160698.955,1859.266,0
$POS,88.000,2023,9,14,12,1,28.001999993,15.391001279,73.878062720,12.541,7,12
$LOG,88.409,L1CA,17,SIGNAL LOST (L1CA, 31.2)
$LOG,88.423,L1CA,17,SIGNAL FOUND (35.9,789.3,0.6363200)
$LOG,88.586,L1CA,10,SIGNAL LOST (L1CA, 31.6)
$LOG,88.566,L1CA,25,SYMBOL SYNC (-74.657)
$LOG,88.609,L1CA,10,SIGNAL FOUND (35.8,511.0,0.8660800)
$LOG,88.809,L1CA,15,SIGNAL LOST (L1CA, 31.1)
$LOG,88.885,L1CA,15,SIGNAL FOUND (35.7,-1149.5,0.2422400)
$TIME,89.000,2025,4,14,12,34,37.783000,UTC
$CH,89.000,L1CA,4,87591,47.9,0.683586224,1859.590,162556.859,13,0
$CH,89.000,L1CA,22,11391,33.3,0.656603842,767.388,8686.044,0,0
$CH,89.000,L1CA,32,1791,33.9,0.350323574,-172.301,-314.874,0,0
$CH,89.000,L1CA,7,86491,45.1,0.223661320,1341.522,116786.881,13,0
$CH,89.000,L1CA,28,1691,33.9,0.258557457,1303.983,2217.984,0,0
$CH,89.000,L1CA,9,86091,44.1,0.112570645,2277.844,195460.362,13,0
$CH,89.000,L1CA,14,4105,33.2,0.945491486,812.904,3347.199,1,0
$CH,89.000,L1CA,2,88490,44.4,0.032268837,-1673.110,-148522.393,13,0
$CH,89.000,L1CA,30,9431,33.5,0.908672005,-187.906,-1654.797,1,0
$CH,89.000,L1CA,5,63091,33.3,0.078842301,811.114,52463.692,4,1
$CH,89.000,L1CA,12,2999,32.9,0.196165558,-1185.547,-3578.230,3,1
$CH,89.000,L1CA,29,1191,33.1,0.443893084,-1762.414,-2068.312,0,0
$CH,89.000,L1CA,26,83691,49.8,0.516625012,-2490.463,-206811.578,12,0
$LOG,89.001,L1CA,12,SIGNAL LOST (L1CA, 31.0)
$CH,89.000,L1CA,10,391,35.8,0.865945381,347.746,146.065,0,2
$CH,89.000,L1CA,16,84791,53.4,0.193527948,-185.230,-13143.804,13,0
$CH,89.000,L1CA,15,115,35.7,0.242326267,-1182.831,-135.638,5,0
$CH,89.000,L1CA,19,1091,33.6,0.047434555,-1209.526,-1355.809,0,0
$CH,89.000,L1CA,17,577,35.9,0.636034178,890.426,475.786,0,1
$CH,89.000,L1CA,31,83191,45.8,0.720888773,-2590.411,-215814.081,12,0
$CH,89.000,L1CA,18,1373,33.1,0.289350311,-4702.276,-6445.487,0,1
$CH,89.000,L1CA,24,2548,32.2,0.209690671,3776.483,9317.402,0,0
$CH,89.000,L1CA,3,88091,53.7,0.529942389,810.693,73901.223,13,0
$CH,89.000,L1CA,6,17480,32.6,0.395429488,-182.281,-3216.258,0,1
$CH,89.000,L1CA,21,84191,44.4,0.274561357,-1406.486,-119137.492,12,0
$CH,89.000,L1CA,8,86291,43.7,0.662451819,2116.221,181622.645,13,0
$CH,89.000,L1CA,23,10891,33.3,0.019615037,-201.415,-2267.042,0,0
$CH,89.000,L1CA,25,2291,32.7,0.865634948,-185.988,-446.323,0,0
$CH,89.000,L1CA,20,5070,32.7,0.271329222,-182.463,-925.391,0,0
$CH,89.000,L1CA,27,83591,43.7,0.448048555,1942.838,162238.598,12,0
$CH,89.000,L1CA,13,23498,32.9,0.276717268,-183.403,-4157.375,0,1
$CH,89.000,L1CA,1,88891,46.8,0.347140857,-2098.602,-186626.721,13,0
$CH,89.000,L1CA,11,9391,32.8,0.364685485,826.684,7791.268,0,0
$OBS,89.000,2279,388889.000,G04,1C,47.9,22089783.073,-162558.219,1859.300,0
$OBS,89.000,2279,388889.000,G09,1C,44.1,24017144.040,-195462.139,2276.305,0
$OBS,89.000,2279,388889.000,G07,1C,45.1,24050448.374,-116787.723,1339.900,0
$OBS,89.000,2279,388889.000,G02,1C,44.4,23393485.996,148524.066,-1673.097,0
$OBS,89.000,2279,388889.000,G26,1C,49.8,21140352.813,206814.569,-2490.672,0
$OBS,89.000,2279,388889.000,G16,1C,53.4,19844320.483,13143.990,-185.005,0
$OBS,89.000,2279,388889.000,G31,1C,45.8,23000344.317,215817.172,-2589.880,0
$OBS,89.000,2279,388889.000,G03,1C,53.7,19945174.801,-73902.033,811.217,0
$OBS,89.000,2279,388889.000,G21,1C,44.4,23466123.418,119138.899,-1408.406,0
$OBS,89.000,2279,388889.000,G08,1C,43.7,23882201.838,-181624.762,2114.744,0
$OBS,89.000,2279,388889.000,G27,1C,43.7,23218340.464,-162240.541,1942.949,0
$OBS,89.000,2279,388889.000,G01,1C,46.8,23188089.866,186629.320,-2098.336,0
$POS,89.000,2023,9,14,12,1,29.001999998,15.391014235,73.878077436,9.109,7,12
$LOG,89.100,L1CA,12,SIGNAL FOUND (36.8,506.7,0.9512000)
$LOG,89.426,L1CA,32,SYMBOL SYNC (65.500)
$LOG,89.452,L1CA,24,SIGNAL LOST (L1CA, 31.5)
$LOG,89.488,L1CA,24,SIGNAL FOUND (36.7,2509.7,0.0636800)
$LOG,89.627,L1CA,18,SIGNAL LOST (L1CA, 31.1)
$LOG,89.650,L1CA,18,SIGNAL FOUND (35.1,-4444.5,0.1886400)
$LOG,89.809,L1CA,29,SIGNAL LOST (L1CA, 31.7)
$LOG,89.876,L1CA,29,SIGNAL FOUND (35.9,-3490.9,0.5750400)
$LOG,89.909,L1CA,19,SIGNAL LOST (L1CA, 31.6)
$TIME,90.000,2025,4,14,12,34,45.078000,UTC
$LOG,89.986,L1CA,19,SIGNAL FOUND (36.2,2510.4,0.1457600)
$CH,90.000,L1CA,15,1115,34.7,0.242955919,-1243.936,-1352.050,5,0
$CH,90.000,L1CA,12,900,36.8,0.951066979,316.112,290.608,3,1
$CH,90.000,L1CA,5,64091,33.4,0.078333136,811.253,53274.678,4,1
$CH,90.000,L1CA,28,2691,32.9,0.257899095,1307.375,3529.061,0,0
$CH,90.000,L1CA,26,84691,50.1,0.518207037,-2490.749,-209302.149,12,0
$CH,90.000,L1CA,8,87291,44.0,0.661116455,2116.241,183738.558,13,0
$CH,90.000,L1CA,7,87491,44.4,0.222806571,1340.058,118126.861,13,0
$CH,90.000,L1CA,3,89091,53.7,0.529419490,810.447,74712.224,13,0
$CH,90.000,L1CA,11,10391,32.6,0.364199401,825.452,8618.807,0,0
$CH,90.000,L1CA,29,124,35.9,0.575324633,-3597.925,-443.815,0,0
$CH,90.000,L1CA,9,87091,44.4,0.111125178,2277.375,197737.784,13,0
$CH,90.000,L1CA,21,85191,44.6,0.275456266,-1407.473,-120544.965,12,0
$CH,90.000,L1CA,23,11891,33.3,0.019727714,-209.977,-2474.543,0,0
$CH,90.000,L1CA,4,88591,48.8,0.682409192,1859.255,164416.200,13,0
$CH,90.000,L1CA,13,24498,33.3,0.276823315,-187.773,-4342.916,0,1
$CH,90.000,L1CA,18,350,35.1,0.189620277,-4500.473,-1580.576,0,1
$CH,90.000,L1CA,16,85791,53.5,0.193680655,-186.010,-13329.408,13,0
$CH,90.000,L1CA,24,512,36.7,0.063007261,2314.935,1208.977,0,0
$CH,90.000,L1CA,31,84191,45.6,0.722531235,-2589.330,-218403.756,12,0
$CH,90.000,L1CA,17,1577,34.2,0.635492262,856.801,1346.131,0,1
$CH,90.000,L1CA,22,12391,32.7,0.656037632,767.217,9449.224,0,0
$CH,90.000,L1CA,1,89891,46.9,0.348474241,-2097.631,-188724.996,13,0
$CH,90.000,L1CA,25,3291,32.5,0.865720733,-181.136,-633.574,0,0
$CH,90.000,L1CA,6,18480,32.7,0.395527773,-188.843,-3401.948,0,1
$CH,90.000,L1CA,32,2791,32.9,0.350501578,-174.990,-491.945,0,0
$CH,90.000,L1CA,14,5105,33.4,0.944968714,804.373,4158.262,1,0
$CH,90.000,L1CA,30,10431,33.6,0.908762696,-186.528,-1840.376,1,0
$CH,90.000,L1CA,2,89490,44.5,0.033331970,-1672.568,-150195.184,13,0
$CH,90.000,L1CA,27,84591,44.4,0.446813376,1943.066,164181.050,12,0
$CH,90.000,L1CA,10,1391,33.8,0.865674193,315.059,458.811,0,2
$CH,90.000,L1CA,19,14,36.2,0.145737493,2552.719,35.316,0,0
$CH,90.000,L1CA,20,6070,32.9,0.271446596,-192.992,-1112.587,0,0
$OBS,90.000,2279,388890.000,G26,1C,50.1,21140827.093,209305.140,-2490.822,0
$OBS,90.000,2279,388890.000,G08,1C,44.0,23881801.495,-183740.674,2114.058,0
$OBS,90.000,2279,388890.000,G07,1C,44.4,24050192.117,-118127.701,1340.406,0
$OBS,90.000,2279,388890.000,G03,1C,53.7,19945018.046,-74713.034,810.855,0
$OBS,90.000,2279,388890.000,G09,1C,44.4,24016710.699,-197739.561,2277.625,0
$OBS,90.000,2279,388890.000,G21,1C,44.6,23466391.697,120546.372,-1407.819,0
$OBS,90.000,2279,388890.000,G04,1C,48.8,22089430.195,-164417.559,1859.590,0
$OBS,90.000,2279,388890.000,G16,1C,53.5,19844366.254,13329.594,-185.958,0
$OBS,90.000,2279,388890.000,G31,1C,45.6,23000836.710,218406.845,-2589.603,0
$OBS,90.000,2279,388890.000,G01,1C,46.9,23188489.616,188727.594,-2097.531,0
$OBS,90.000,2279,388890.000,G02,1C,44.5,23393804.707,150196.856,-1673.056,0
$OBS,90.000,2279,388890.000,G27,1C,44.4,23217970.171,-164182.993,1942.728,0
$POS,90.000,2023,9,14,12,1,30.002000011,15.391028632,73.878035138,1.020,7,12
$LOG,90.239,L1CA,2,FRAME SYNC (N)
$LNAV,90.079,L1CA,2,8B55567E97974D3D6F6A1245FD3E00A10D626A20D6262289C4ED4A4B0020
$LOG,90.239,L1CA,21,FRAME SYNC (N)
$LNAV,90.079,L1CA,21,8B55567E97974D3D6F6A1245FD3E00A10D626A20D6262289C4ED4A4B0020
$LOG,90.240,L1CA,8,FRAME SYNC (N)
$LNAV,90.080,L1CA,8,8B55567E97974D3D6F6A1245FD3E00A10D626A20D6262289C4ED4A4B0020
$LOG,90.241,L1CA,7,FRAME SYNC (R)
$LNAV,90.081,L1CA,7,8B55567E97974D3D6F6A1245FD3E00A10D626A20D6262289C4ED4A4B0020
$LOG,90.227,L1CA,3,FRAME SYNC (N)
$LNAV,90.067,L1CA,3,8B55567E97974D3D6F6A1245FD3E00A10D626A20D6262289C4ED4A4B0020
$LOG,90.231,L1CA,26,FRAME SYNC (R)
$LNAV,90.071,L1CA,26,8B55567E97974D3D6F6A1245FD3E00A10D626A20D6262289C4ED4A4B0020
$LOG,90.234,L1CA,4,FRAME SYNC (R)
$LNAV,90.074,L1CA,4,8B55567E97974D3D6F6A1245FD3E00A10D626A20D6262289C4ED4A4B0020
$LOG,90.241,L1CA,9,FRAME SYNC (R)
$LNAV,90.081,L1CA,9,8B55567E97974D3D6F6A1245FD3E00A10D626A20D6262289C4ED4A4B0020
$LOG,90.227,L1CA,13,FRAME SYNC (R)
$LNAV,90.067,L1CA,13,8B55567E97974D3D6F6A1245FD3E00A10D626A20D6262289C4ED4A4B0020
$LOG,90.238,L1CA,1,FRAME SYNC (R)
$LNAV,90.078,L1CA,1,8B55567E97974D3D6F6A1245FD3E00A10D626A20D6262289C4ED4A4B0020
$LOG,90.227,L1CA,16,FRAME SYNC (N)
$LNAV,90.067,L1CA,16,8B55567E97974D3D6F6A1245FD3E00A10D626A20D6262289C4ED4A4B0020
$LOG,90.237,L1CA,31,FRAME SYNC (R)
$LNAV,90.077,L1CA,31,8B55567E97974D3D6F6A1245FD3E00A10D626A20D6262289C4ED4A4B0020
$LOG,90.238,L1CA,27,FRAME SYNC (N)
$LNAV,90.078,L1CA,27,8B55567E97974D3D6F6A1245FD3E00A10D626A20D6262289C4ED4A4B0020
$LOG,90.309,L1CA,28,SIGNAL LOST (L1CA, 31.9)
$LOG,90.400,L1CA,28,SIGNAL FOUND (36.8,-131.9,0.8840000)
$TIME,91.000,2025,4,14,12,34,49.363000,UTC
$CH,91.000,L1CA,6,19480,32.9,0.395618590,-191.472,-3588.273,0,1
$CH,91.000,L1CA,3,90091,52.7,0.528903003,810.180,75522.614,14,0
$CH,91.000,L1CA,24,1512,33.8,0.061640550,2256.929,3479.087,0,0
$CH,91.000,L1CA,4,89591,49.2,0.681219878,1858.899,166275.620,14,0
$CH,91.000,L1CA,25,4291,32.3,0.865841742,-188.202,-819.740,0,0
$CH,91.000,L1CA,10,2391,32.8,0.865468870,320.330,776.531,0,2
$CH,91.000,L1CA,27,85591,44.5,0.445579362,1942.355,166123.533,13,0
$CH,91.000,L1CA,18,1350,32.7,0.192467187,-4546.911,-6137.996,0,1
$CH,91.000,L1CA,31,85191,45.1,0.724173326,-2589.019,-220993.321,13,0
$CH,91.000,L1CA,8,88291,43.6,0.659768309,2117.278,185854.718,14,0
$CH,91.000,L1CA,5,65091,32.8,0.077774850,808.610,54085.214,4,1
$CH,91.000,L1CA,29,1124,33.4,0.577657920,-3726.357,-4194.342,0,0
$CH,91.000,L1CA,19,1014,33.8,0.144286459,2301.087,2450.454,0,0
$CH,91.000,L1CA,16,86791,53.4,0.193793179,-186.766,-13515.734,14,0
$CH,91.000,L1CA,21,86191,45.1,0.276353359,-1407.926,-121952.259,13,0
$CH,91.000,L1CA,2,90490,45.1,0.034389595,-1671.853,-151867.846,14,0
$CH,91.000,L1CA,14,6105,33.1,0.944397700,808.778,4968.646,1,0
$CH,91.000,L1CA,22,13391,32.4,0.655467743,770.445,10213.037,0,0
$CH,91.000,L1CA,26,85691,50.4,0.519789838,-2491.339,-211793.175,13,0
$CH,91.000,L1CA,17,2577,33.9,0.634977252,855.639,2200.576,0,1
$CH,91.000,L1CA,23,12891,33.4,0.019829231,-210.780,-2682.462,0,0
$CH,91.000,L1CA,32,3791,33.3,0.350598856,-178.837,-671.260,0,0
$CH,91.000,L1CA,7,88491,44.3,0.221959744,1338.789,119466.611,14,0
$CH,91.000,L1CA,28,600,36.8,0.884076332,-148.647,-89.386,0,0
$CH,91.000,L1CA,20,7070,33.0,0.271537633,-188.602,-1299.203,0,0
$CH,91.000,L1CA,15,2115,32.4,0.243523515,-1246.993,-2593.161,5,0
$CH,91.000,L1CA,9,88091,44.2,0.109691856,2277.195,200015.355,14,0
$CH,91.000,L1CA,12,1900,35.9,0.950930866,267.565,565.635,3,1
$CH,91.000,L1CA,1,90891,46.8,0.349802815,-2098.364,-190823.246,14,0
$CH,91.000,L1CA,30,11431,33.4,0.908890488,-185.343,-2026.864,1,0
$CH,91.000,L1CA,11,11391,32.7,0.363702837,823.014,9447.736,0,0
$CH,91.000,L1CA,13,25498,33.1,0.276940516,-184.059,-4529.243,1,1
$OBS,91.000,2279,388891.000,G03,1C,52.7,19944863.210,-75523.424,809.978,0
$OBS,91.000,2279,388891.000,G27,1C,44.5,23217600.226,-166125.475,1942.319,0
$OBS,91.000,2279,388891.000,G04,1C,49.2,22089073.652,-166276.979,1860.027,0
$OBS,91.000,2279,388891.000,G31,1C,45.1,23001328.998,220996.410,-2590.243,0
$OBS,91.000,2279,388891.000,G08,1C,43.6,23881397.330,-185856.835,2116.252,0
$OBS,91.000,2279,388891.000,G16,1C,53.4,19844399.986,13515.921,-186.756,0
$OBS,91.000,2279,388891.000,G21,1C,45.1,23466660.640,121953.667,-1407.208,0
$OBS,91.000,2279,388891.000,G02,1C,45.1,23394121.778,151869.518,-1673.313,0
$OBS,91.000,2279,388891.000,G26,1C,50.4,21141301.617,211796.166,-2491.187,0
$OBS,91.000,2279,388891.000,G07,1C,44.3,24049938.251,-119467.450,1339.205,0
$OBS,91.000,2279,388891.000,G09,1C,44.2,24016281.004,-200017.132,2278.368,0
$OBS,91.000,2279,388891.000,G01,1C,46.8,23188887.900,190825.844,-2097.701,0
$POS,91.000,2023,9,14,12,1,31.002000015,15.391029975,73.878024458,0.976,7,12
$LOG,91.488,L1CA,24,SIGNAL LOST (L1CA, 32.0)
$LOG,91.509,L1CA,24,SIGNAL FOUND (36.6,2484.1,0.0640000)
$LOG,91.609,L1CA,10,SIGNAL LOST (L1CA, 31.9)
$LOG,91.650,L1CA,18,SIGNAL LOST (L1CA, 30.5)
$LOG,91.658,L1CA,10,SIGNAL FOUND (35.0,2557.6,0.0814400)
$LOG,91.709,L1CA,18,SIGNAL FOUND (35.1,-419.6,0.3073600)
$LOG,91.885,L1CA,15,SIGNAL LOST (L1CA, 31.1)
$LOG,91.876,L1CA,29,SIGNAL LOST (L1CA, 31.5)
$TIME,92.000,2025,4,14,12,34,56.263000,UTC
$LOG,91.986,L1CA,19,SIGNAL LOST (L1CA, 31.7)
$LOG,91.909,L1CA,29,SIGNAL FOUND (35.9,-1941.4,0.5889600)
$CH,92.000,L1CA,16,87791,53.8,0.193881122,-187.068,-13702.770,14,0
$CH,92.000,L1CA,23,13891,32.8,0.019986396,-205.493,-2890.434,0,0
$CH,92.000,L1CA,18,291,35.1,0.307462142,-327.614,-120.974,0,1
$CH,92.000,L1CA,6,20480,32.2,0.395737043,-186.783,-3775.212,0,1
$CH,92.000,L1CA,28,1600,35.8,0.884138778,-161.199,-253.668,0,0
$CH,92.000,L1CA,12,2900,34.9,0.950905109,270.800,838.846,3,1
$CH,92.000,L1CA,29,91,35.9,0.589083360,-2115.823,-186.456,0,0
$CH,92.000,L1CA,5,66091,32.6,0.077250355,804.797,54895.049,4,1
$CH,92.000,L1CA,32,4791,33.3,0.350717024,-178.831,-851.893,0,0
$CH,92.000,L1CA,7,89491,43.9,0.221106771,1339.906,120806.122,14,0
$CH,92.000,L1CA,10,342,35.0,0.080913167,2577.050,880.326,0,2
$CH,92.000,L1CA,4,90591,49.0,0.680046386,1859.623,168135.123,14,0
$CH,92.000,L1CA,11,12391,33.2,0.363217281,824.882,10274.855,0,0
$CH,92.000,L1CA,3,91091,52.8,0.528390619,809.320,76332.366,14,0
$CH,92.000,L1CA,27,86591,45.0,0.444352619,1942.400,168066.056,13,0
$CH,92.000,L1CA,21,87191,45.2,0.277243722,-1406.210,-123359.369,13,0
$CH,92.000,L1CA,13,26498,33.0,0.277074867,-194.142,-4716.574,1,1
$CH,92.000,L1CA,24,491,36.6,0.063358567,2301.057,1121.737,0,0
$CH,92.000,L1CA,22,14391,32.7,0.654983497,760.398,10977.569,0,0
$CH,92.000,L1CA,1,91891,46.8,0.351140651,-2098.489,-192921.457,14,0
$CH,92.000,L1CA,17,3577,33.5,0.634468601,858.447,3054.426,0,1
$CH,92.000,L1CA,26,86691,50.6,0.521374417,-2491.930,-214284.654,13,0
$CH,92.000,L1CA,31,86191,44.7,0.725821780,-2589.229,-223582.772,13,0
$CH,92.000,L1CA,8,89291,43.5,0.658417812,2116.833,187971.130,14,0
$CH,92.000,L1CA,25,5291,32.1,0.865887687,-188.619,-1006.780,0,0
$CH,92.000,L1CA,30,12431,33.7,0.908941532,-192.501,-2215.429,1,0
$CH,92.000,L1CA,2,91490,45.2,0.035455582,-1672.376,-153540.375,14,0
$CH,92.000,L1CA,9,89091,43.6,0.108236987,2278.108,202293.090,14,0
$CH,92.000,L1CA,20,8070,32.7,0.271619803,-187.781,-1486.273,0,0
$CH,92.000,L1CA,14,7105,33.5,0.943943185,809.500,5778.414,1,0
$OBS,92.000,2279,388892.000,G16,1C,53.8,19844426.353,13702.957,-187.363,0
$OBS,92.000,2279,388892.000,G07,1C,43.9,24049682.536,-120806.962,1340.097,0
$OBS,92.000,2279,388892.000,G04,1C,49.0,22088721.856,-168136.483,1860.075,0
$OBS,92.000,2279,388892.000,G03,1C,52.8,19944709.596,-76333.175,809.116,0
$OBS,92.000,2279,388892.000,G27,1C,45.0,23217232.463,-168067.999,1942.757,0
$OBS,92.000,2279,388892.000,G21,1C,45.2,23466927.559,123360.776,-1407.121,0
$OBS,92.000,2279,388892.000,G01,1C,46.8,23189288.975,192924.056,-2098.163,0
$OBS,92.000,2279,388892.000,G26,1C,50.6,21141776.646,214287.646,-2491.846,0
$OBS,92.000,2279,388892.000,G08,1C,43.5,23880992.468,-187973.247,2116.245,0
$OBS,92.000,2279,388892.000,G31,1C,44.7,23001823.188,223585.861,-2589.708,0
$OBS,92.000,2279,388892.000,G02,1C,45.2,23394441.361,153542.047,-1672.261,0
$OBS,92.000,2279,388892.000,G09,1C,43.6,24015844.836,-202294.868,2275.943,0
$POS,92.000,2023,9,14,12,1,32.001999992,15.391009932,73.878062118,12.744,7,12
$LOG,92.009,L1CA,15,SIGNAL FOUND (36.0,2966.5,0.4976000)
$LOG,92.109,L1CA,19,SIGNAL FOUND (35.2,-3050.7,0.4305600)
$LOG,92.520,L1CA,6,SIGNAL LOST (L1CA, 31.3)
$LOG,92.576,L1CA,6,SIGNAL NOT FOUND (34.5)
$LOG,92.609,L1CA,6,SIGNAL FOUND (35.4,-3967.1,0.2505600)
$TIME,93.000,2025,4,14,12,35,4.090000,UTC
$CH,93.000,L1CA,27,87591,45.4,0.443110851,1942.108,170008.608,13,0
$CH,93.000,L1CA,14,8105,33.2,0.943375925,808.843,6587.468,1,0
$CH,93.000,L1CA,8,90291,44.1,0.657076186,2116.766,190087.796,14,0
$CH,93.000,L1CA,20,9070,32.1,0.271788800,-192.344,-1674.047,0,0
$CH,93.000,L1CA,5,67091,33.0,0.076774580,814.106,55705.144,4,1
$CH,93.000,L1CA,19,891,35.2,0.432353374,-3357.903,-2920.984,0,0
$CH,93.000,L1CA,7,90491,44.0,0.220253035,1337.909,122145.406,14,0
$CH,93.000,L1CA,3,92091,53.2,0.527880035,808.749,77141.504,14,0
$CH,93.000,L1CA,17,4577,33.2,0.633944171,853.666,3906.931,0,1
$CH,93.000,L1CA,23,14891,33.0,0.020094537,-206.594,-3096.862,0,0
$CH,93.000,L1CA,6,391,35.4,0.251474535,-3915.926,-1506.145,0,1
$CH,93.000,L1CA,4,91591,48.8,0.678883941,1858.718,169994.688,14,0
$CH,93.000,L1CA,21,88191,45.3,0.278133867,-1406.422,-124766.301,13,0
$CH,93.000,L1CA,12,3900,34.3,0.950869586,268.058,1111.146,3,1
$CH,93.000,L1CA,22,15391,32.6,0.654472031,771.906,11742.815,0,0
$CH,93.000,L1CA,29,1091,32.6,0.590484147,-2341.904,-2443.445,0,0
$CH,93.000,L1CA,1,92891,46.6,0.352467224,-2097.851,-195019.647,14,0
$CH,93.000,L1CA,31,87191,45.0,0.727468013,-2588.896,-226172.118,13,0
$CH,93.000,L1CA,28,2600,33.4,0.884295705,-169.761,-416.878,0,0
$CH,93.000,L1CA,2,92490,45.4,0.036511575,-1672.557,-155212.785,14,0
$CH,93.000,L1CA,13,27498,33.1,0.277197655,-189.608,-4905.016,1,1
$CH,93.000,L1CA,24,1491,35.3,0.062025094,2248.663,3407.161,0,0
$CH,93.000,L1CA,32,5791,33.4,0.350878147,-189.513,-1035.153,0,0
$CH,93.000,L1CA,11,13391,33.5,0.362707998,817.292,11099.016,0,0
$CH,93.000,L1CA,10,1342,32.8,0.079441184,2296.670,3231.577,0,2
$CH,93.000,L1CA,18,1291,34.4,0.307562380,-199.748,-323.994,0,1
$CH,93.000,L1CA,30,13431,33.4,0.909050311,-188.778,-2403.054,1,0
$CH,93.000,L1CA,26,87691,50.5,0.522956330,-2491.929,-216776.598,13,0
$CH,93.000,L1CA,9,90091,43.6,0.106792616,2278.242,204570.985,14,0
$CH,93.000,L1CA,25,6291,32.1,0.865995131,-186.591,-1194.558,0,0
$CH,93.000,L1CA,16,88791,53.5,0.194009767,-187.671,-13890.526,14,0
$CH,93.000,L1CA,15,991,36.0,0.495882834,2813.025,2803.936,5,0
$OBS,93.000,2279,388893.000,G27,1C,45.4,23216860.180,-170010.551,1942.756,0
$OBS,93.000,2279,388893.000,G08,1C,44.1,23880590.258,-190089.913,2117.403,0
$OBS,93.000,2279,388893.000,G07,1C,44.0,24049426.594,-122146.244,1339.763,0
$OBS,93.000,2279,388893.000,G03,1C,53.2,19944556.523,-77142.313,808.617,0
$OBS,93.000,2279,388893.000,G04,1C,48.8,22088373.358,-169996.047,1859.517,0
$OBS,93.000,2279,388893.000,G21,1C,45.3,23467194.425,124767.708,-1406.257,0
$OBS,93.000,2279,388893.000,G01,1C,46.6,23189686.683,195022.245,-2098.019,0
$OBS,93.000,2279,388893.000,G31,1C,45.0,23002316.733,226175.207,-2588.960,0
$OBS,93.000,2279,388893.000,G02,1C,45.4,23394757.925,155214.458,-1672.508,0
$OBS,93.000,2279,388893.000,G26,1C,50.5,21142250.908,216779.590,-2492.125,0
$OBS,93.000,2279,388893.000,G09,1C,43.6,24015411.826,-204572.763,2278.116,0
$OBS,93.000,2279,388893.000,G16,1C,53.5,19844464.918,13890.714,-187.962,0
$POS,93.000,2023,9,14,12,1,33.001999992,15.390986130,73.878077249,10.815,7,12
$LOG,93.658,L1CA,10,SIGNAL LOST (L1CA, 30.7)
$LOG,93.668,L1CA,10,SIGNAL FOUND (35.4,898.9,0.4913600)
$LOG,93.909,L1CA,29,SIGNAL LOST (L1CA, 31.4)
$LOG,93.930,L1CA,20,SIGNAL LOST (L1CA, 32.0)
$TIME,94.000,2025,4,14,12,35,12.107000,UTC
$LOG,93.960,L1CA,29,SIGNAL FOUND (35.7,-7.4,0.6966400)
$CH,94.000,L1CA,30,14431,32.5,0.909189049,-193.763,-2591.540,1,0
$CH,94.000,L1CA,5,68091,32.7,0.076270191,806.183,56513.512,4,1
$CH,94.000,L1CA,19,1891,32.9,0.434434962,-3282.652,-6207.160,0,0
$CH,94.000,L1CA,7,91491,43.8,0.219410074,1339.043,123484.443,14,0
$CH,94.000,L1CA,23,15891,33.1,0.020214186,-204.951,-3301.280,0,0
$CH,94.000,L1CA,25,7291,32.6,0.866064819,-187.084,-1382.928,0,0
$CH,94.000,L1CA,22,16391,33.1,0.653983103,761.467,12508.288,0,0
$CH,94.000,L1CA,31,88191,45.2,0.729101898,-2589.652,-228761.356,13,0
$CH,94.000,L1CA,28,3600,32.7,0.884476358,-164.407,-581.626,0,0
$CH,94.000,L1CA,13,28498,33.0,0.277353453,-184.230,-5094.563,1,1
$CH,94.000,L1CA,15,1991,35.1,0.494225264,2804.946,5612.897,5,0
$CH,94.000,L1CA,26,88691,51.1,0.524539862,-2492.458,-219268.991,13,0
$CH,94.000,L1CA,17,5577,33.2,0.633439796,848.382,4758.649,0,1
$CH,94.000,L1CA,29,40,35.7,0.696642371,-80.987,-2.903,0,0
$CH,94.000,L1CA,10,332,35.4,0.491250114,801.447,273.932,0,2
$CH,94.000,L1CA,1,93891,46.5,0.353800940,-2097.549,-197117.803,14,0
$CH,94.000,L1CA,21,89191,45.2,0.279023714,-1407.494,-126173.054,13,0
$CH,94.000,L1CA,2,93490,45.4,0.037570753,-1671.962,-156885.061,14,0
$CH,94.000,L1CA,9,91091,43.7,0.105351892,2277.522,206849.041,14,0
$CH,94.000,L1CA,11,14391,33.3,0.362142224,818.036,11922.576,0,0
$CH,94.000,L1CA,6,1391,32.4,0.253819274,-3746.590,-5284.663,0,1
$CH,94.000,L1CA,14,9105,33.0,0.942822064,815.158,7396.305,1,0
$CH,94.000,L1CA,24,2491,32.8,0.060630602,2253.198,5659.521,0,0
$CH,94.000,L1CA,3,93091,53.6,0.527373018,807.969,77950.012,14,0
$CH,94.000,L1CA,12,4900,32.3,0.950814666,273.698,1380.862,3,1
$CH,94.000,L1CA,4,92591,49.1,0.677678758,1859.045,171854.341,14,0
$CH,94.000,L1CA,27,88591,45.3,0.441881752,1942.275,171951.193,13,0
$CH,94.000,L1CA,16,89791,53.2,0.194159603,-188.486,-14078.994,14,0
$CH,94.000,L1CA,32,6791,32.5,0.350977248,-183.900,-1222.999,0,0
$CH,94.000,L1CA,18,2291,33.7,0.307583342,-201.042,-522.855,0,1
$CH,94.000,L1CA,8,91291,44.6,0.655737237,2117.376,192204.720,14,0
$LOG,94.009,L1CA,20,SIGNAL NOT FOUND (35.0)
$OBS,94.000,2279,388894.000,G07,1C,43.8,24049173.880,-123485.282,1338.674,0
$OBS,94.000,2279,388894.000,G31,1C,45.2,23002806.543,228764.446,-2588.828,0
$OBS,94.000,2279,388894.000,G26,1C,51.1,21142725.624,219271.983,-2492.647,0
$OBS,94.000,2279,388894.000,G01,1C,46.5,23190086.520,197120.401,-2098.082,0
$OBS,94.000,2279,388894.000,G21,1C,45.2,23467461.186,126174.462,-1406.199,0
$OBS,94.000,2279,388894.000,G02,1C,45.4,23395075.467,156886.733,-1672.097,0
$OBS,94.000,2279,388894.000,G09,1C,43.7,24014979.916,-206850.819,2277.377,0
$OBS,94.000,2279,388894.000,G03,1C,53.6,19944404.531,-77950.820,808.154,0
$OBS,94.000,2279,388894.000,G04,1C,49.1,22088012.051,-171855.700,1859.370,0
$OBS,94.000,2279,388894.000,G27,1C,45.3,23216491.719,-171953.135,1943.450,0
$OBS,94.000,2279,388894.000,G16,1C,53.2,19844509.852,14079.182,-188.651,0
$OBS,94.000,2279,388894.000,G08,1C,44.6,23880188.850,-192206.837,2115.099,0
$POS,94.000,2023,9,14,12,1,34.002000023,15.391034285,73.878021221,-5.045,7,12
$LOG,94.109,L1CA,19,SIGNAL LOST (L1CA, 31.5)
$LOG,94.100,L1CA,12,SIGNAL LOST (L1CA, 30.9)
$LOG,94.109,L1CA,20,SIGNAL FOUND (35.2,5000.0,0.8051200)
$LOG,94.209,L1CA,32,SIGNAL LOST (L1CA, 31.8)
$LOG,94.209,L1CA,12,SIGNAL FOUND (35.2,-4.8,0.7700800)
$LOG,94.309,L1CA,19,SIGNAL FOUND (35.8,-3113.5,0.7372800)
$LOG,94.409,L1CA,32,SIGNAL FOUND (36.4,-43.5,0.1913600)
$LOG,94.509,L1CA,24,SIGNAL LOST (L1CA, 31.2)
$LOG,94.568,L1CA,24,SIGNAL FOUND (35.9,979.2,0.1078400)
$LOG,94.609,L1CA,6,SIGNAL LOST (L1CA, 30.9)
$LOG,94.668,L1CA,6,SIGNAL FOUND (35.3,-2051.6,0.2870400)
$LOG,94.895,L1CA,14,SIGNAL LOST (L1CA, 31.9)
$LOG,94.928,L1CA,28,SYMBOL SYNC (-65.897)
$TIME,95.000,2025,4,14,12,35,19.713000,UTC
$LOG,94.909,L1CA,14,SIGNAL FOUND (35.1,-205.0,0.4457600)
$CH,95.000,L1CA,13,29498,33.5,0.277432991,-191.081,-5284.188,1,1
$CH,95.000,L1CA,3,94091,53.8,0.526858057,807.353,78757.882,14,0
$CH,95.000,L1CA,2,94490,45.7,0.038641520,-1672.213,-158557.214,14,0
$CH,95.000,L1CA,23,16891,32.4,0.020315299,-207.997,-3506.710,0,0
$CH,95.000,L1CA,9,92091,44.1,0.103894041,2278.610,209127.257,14,0
$CH,95.000,L1CA,11,15391,32.8,0.361584460,819.295,12742.423,0,0
$CH,95.000,L1CA,19,691,35.8,0.738634086,-3234.238,-2220.579,0,0
$CH,95.000,L1CA,7,92491,44.2,0.218564915,1339.313,124823.261,14,0
$CH,95.000,L1CA,25,8291,32.2,0.866180372,-195.545,-1572.132,0,0
$CH,95.000,L1CA,8,92291,44.9,0.654396705,2117.489,194321.894,14,0
$CH,95.000,L1CA,31,89191,45.0,0.730749859,-2588.688,-231350.482,13,0
$CH,95.000,L1CA,29,1040,34.7,0.696664479,-226.947,-221.864,0,0
$CH,95.000,L1CA,20,891,35.2,0.802412265,4954.251,4316.399,0,0
$CH,95.000,L1CA,18,3291,33.5,0.307731009,-197.876,-722.177,0,1
$CH,95.000,L1CA,12,791,35.2,0.770119166,-163.372,-119.724,3,1
$CH,95.000,L1CA,6,332,35.3,0.287467543,-2163.844,-709.527,0,1
$CH,95.000,L1CA,27,89591,45.5,0.440648321,1942.574,173893.818,13,0
$CH,95.000,L1CA,1,94891,47.3,0.355133255,-2099.003,-199215.921,14,0
$CH,95.000,L1CA,4,93591,49.0,0.676508587,1859.931,173714.065,14,0
$CH,95.000,L1CA,16,90791,53.3,0.194260223,-189.799,-14268.167,14,0
$CH,95.000,L1CA,10,1332,35.3,0.490827270,832.401,1097.548,0,2
$CH,95.000,L1CA,15,2991,33.5,0.492497618,2816.017,8423.765,5,0
$LOG,95.009,L1CA,15,SIGNAL LOST (L1CA, 31.3)
$CH,95.000,L1CA,30,15431,32.9,0.909314489,-183.614,-2780.695,1,0
$CH,95.000,L1CA,24,432,35.9,0.107643056,735.304,352.242,0,0
$CH,95.000,L1CA,32,591,36.4,0.191372753,-193.623,-112.077,0,0
$CH,95.000,L1CA,21,90191,45.0,0.279925694,-1407.451,-127579.629,13,0
$CH,95.000,L1CA,5,69091,32.3,0.075791628,805.497,57321.259,4,1
$CH,95.000,L1CA,28,4600,33.6,0.884675447,-163.639,-747.792,0,0
$CH,95.000,L1CA,26,89691,50.4,0.526117873,-2492.626,-221761.844,13,0
$CH,95.000,L1CA,22,17391,33.3,0.653428138,768.098,13274.497,0,0
$CH,95.000,L1CA,17,6577,32.7,0.632883654,849.190,5611.481,0,1
$CH,95.000,L1CA,14,91,35.1,0.445780724,-195.296,-17.734,1,0
$OBS,95.000,2279,388895.000,G03,1C,53.8,19944250.149,-78758.689,807.705,0
$OBS,95.000,2279,388895.000,G02,1C,45.7,23395396.481,158558.886,-1672.104,0
$OBS,95.000,2279,388895.000,G09,1C,44.1,24014542.858,-209129.035,2279.296,0
$OBS,95.000,2279,388895.000,G07,1C,44.2,24048920.502,-124824.100,1337.720,0
$OBS,95.000,2279,388895.000,G08,1C,44.9,23879786.972,-194324.012,2117.173,0
$OBS,95.000,2279,388895.000,G31,1C,45.0,23003300.594,231353.570,-2589.010,0
$OBS,95.000,2279,388895.000,G27,1C,45.5,23216121.931,-173895.760,1942.103,0
$OBS,95.000,2279,388895.000,G01,1C,47.3,23190485.938,199218.520,-2098.333,0
$OBS,95.000,2279,388895.000,G04,1C,49.0,22087661.249,-173715.424,1859.754,0
$OBS,95.000,2279,388895.000,G16,1C,53.3,19844540.006,14268.357,-189.799,0
$OBS,95.000,2279,388895.000,G21,1C,45.0,23467731.595,127581.036,-1406.853,0
$OBS,95.000,2279,388895.000,G26,1C,50.4,21143198.700,221764.837,-2493.164,0
$POS,95.000,2023,9,14,12,1,35.002000003,15.391019571,73.878061630,4.765,7,12
$LOG,95.109,L1CA,15,SIGNAL FOUND (36.1,1087.6,0.0086400)
$TIME,96.000,2025,4,14,12,35,27.462000,UTC
$CH,96.000,L1CA,31,90191,45.8,0.732396921,-2589.435,-233939.500,13,0
$CH,96.000,L1CA,11,16391,32.9,0.361029051,819.861,13561.048,0,0
$CH,96.000,L1CA,8,93291,44.9,0.653044295,2116.899,196439.316,14,0
$CH,96.000,L1CA,4,94591,48.4,0.675328398,1859.518,175573.874,14,0
$CH,96.000,L1CA,6,1332,33.3,0.288701667,-2050.752,-2794.356,0,1
$CH,96.000,L1CA,2,95490,45.2,0.039696392,-1672.072,-160229.235,14,0
$CH,96.000,L1CA,12,1791,34.7,0.770177259,-204.573,-318.176,3,1
$CH,96.000,L1CA,1,95891,46.7,0.356463277,-2098.088,-201314.015,14,0
$CH,96.000,L1CA,13,30498,33.0,0.277473516,-192.825,-5474.066,1,1
$CH,96.000,L1CA,24,1432,35.3,0.107246856,665.696,1085.764,0,0
$CH,96.000,L1CA,10,2332,34.6,0.490404602,833.414,1936.382,0,2
$CH,96.000,L1CA,27,90591,45.4,0.439419888,1943.397,175836.474,13,0
$CH,96.000,L1CA,23,17891,32.0,0.020456599,-203.504,-3710.655,0,0
$CH,96.000,L1CA,7,93491,44.3,0.217713288,1339.071,126161.837,14,0
$CH,96.000,L1CA,26,90691,50.8,0.527699007,-2493.625,-224255.153,13,0
$CH,96.000,L1CA,20,1891,33.4,0.799366028,4861.935,9191.308,0,0
$CH,96.000,L1CA,25,9291,32.1,0.866348116,-188.423,-1762.077,0,0
$CH,96.000,L1CA,30,16431,33.3,0.909426595,-194.710,-2970.567,1,0
$CH,96.000,L1CA,21,91191,44.5,0.280821653,-1405.367,-128986.022,13,0
$CH,96.000,L1CA,15,891,36.1,0.008042519,1312.725,1107.475,5,0
$CH,96.000,L1CA,5,70091,32.5,0.075269742,803.298,58128.600,4,1
$CH,96.000,L1CA,19,1691,34.0,0.740539576,-3035.513,-5291.543,0,0
$CH,96.000,L1CA,18,4291,32.8,0.307781861,-202.449,-920.316,0,1
$CH,96.000,L1CA,17,7577,32.7,0.632396861,847.388,6464.825,0,1
$CH,96.000,L1CA,16,91791,53.5,0.194357196,-190.072,-14458.059,14,0
$CH,96.000,L1CA,3,95091,54.0,0.526331187,806.931,79565.131,14,0
$CH,96.000,L1CA,29,2040,33.1,0.696764856,-230.427,-450.365,0,0
$CH,96.000,L1CA,14,1091,34.4,0.445867198,-221.253,-228.624,1,0
$CH,96.000,L1CA,28,5600,33.2,0.884800593,-160.743,-911.793,0,0
$CH,96.000,L1CA,9,93091,44.1,0.102461286,2277.724,211405.635,14,0
$CH,96.000,L1CA,22,18391,33.4,0.652893083,764.509,14040.264,0,0
$CH,96.000,L1CA,32,1591,35.8,0.191314573,-204.206,-321.466,0,0
$OBS,96.000,2279,388896.000,G31,1C,45.8,23003794.382,233942.590,-2588.736,0
$OBS,96.000,2279,388896.000,G08,1C,44.9,23879381.516,-196441.433,2117.533,0
$OBS,96.000,2279,388896.000,G04,1C,48.4,22087307.429,-175575.233,1860.285,0
$OBS,96.000,2279,388896.000,G02,1C,45.2,23395712.714,160230.907,-1672.505,0
$OBS,96.000,2279,388896.000,G01,1C,46.7,23190884.658,201316.613,-2097.661,0
$OBS,96.000,2279,388896.000,G27,1C,45.4,23215753.662,-175838.418,1942.967,0
$OBS,96.000,2279,388896.000,G07,1C,44.3,24048665.188,-126162.676,1339.483,0
$OBS,96.000,2279,388896.000,G26,1C,50.8,21143672.717,224258.146,-2493.872,0
$OBS,96.000,2279,388896.000,G21,1C,44.5,23468000.206,128987.427,-1405.690,0
$OBS,96.000,2279,388896.000,G16,1C,53.5,19844569.078,14458.249,-190.155,0
$OBS,96.000,2279,388896.000,G03,1C,54.0,19944092.190,-79565.938,806.804,0
$OBS,96.000,2279,388896.000,G09,1C,44.1,24014113.338,-211407.412,2278.919,0
$POS,96.000,2023,9,14,12,1,36.001999989,15.391000745,73.878061129,15.699,7,12
$LOG,96.109,L1CA,23,SIGNAL LOST (L1CA, 32.0)
$LOG,96.109,L1CA,20,SIGNAL LOST (L1CA, 30.9)
$LOG,96.125,L1CA,20,SIGNAL FOUND (35.4,-4043.3,0.9734400)
$LOG,96.227,L1CA,16,FRAME SYNC (N)
$LOG,96.227,L1CA,5,FRAME SYNC (N)
$LNAV,96.067,L1CA,16,8B55567E980739D0002AAAAAAAAAAAAAAAAAAAAAEA0260AE000031C474FA
$LOG,96.067,L1CA,5,LNAV PARITY ERROR
$LOG,96.239,L1CA,2,FRAME SYNC (N)
$LNAV,96.079,L1CA,2,8B55567E980739D0002AAAAAAAAAAAAAAAAAAAAADA0260AE000027B76176
$LOG,96.238,L1CA,27,FRAME SYNC (N)
$LNAV,96.078,L1CA,27,8B55567E980739D0002AAAAAAAAAAAAAAAAAAAAA030260AE00FFC9FAD82F
$LOG,96.227,L1CA,25,FRAME SYNC (N)
$LNAV,96.067,L1CA,25,8B55567E980739D0002AAAAAAAAAAAAAAAAAAAAAEA0260AE000031C474FA
$LOG,96.231,L1CA,26,FRAME SYNC (R)
$LNAV,96.071,L1CA,26,8B55567E980739D0002AAAAAAAAAAAAAAAAAAAAA0F0260AE00FFF01DF426
$LOG,96.240,L1CA,8,FRAME SYNC (N)
$LNAV,96.080,L1CA,8,8B55567E980739D1002AAAAAAAAAAAAAAAAAAAAA0B0260AE00FFEFED5C15
$LOG,96.237,L1CA,31,FRAME SYNC (R)
$LNAV,96.077,L1CA,31,8B55567E980739D0002AAAAAAAAAAAAAAAAAAAAAE40260AE00FFFBE2B95A
$LOG,96.238,L1CA,1,FRAME SYNC (R)
$LNAV,96.078,L1CA,1,8B55567E980739D1FC2AAAAAAAAAAAAAAAAAAAAA0B0260AE00FFF815B212
$LOG,96.241,L1CA,9,FRAME SYNC (R)
$LNAV,96.081,L1CA,9,8B55567E980739D0002AAAAAAAAAAAAAAAAAAAAA020260AE00005AF8245E
$LOG,96.241,L1CA,7,FRAME SYNC (R)
$LNAV,96.081,L1CA,7,8B55567E980739D0002AAAAAAAAAAAAAAAAAAAAAE80260AE00FFA408D90F
$LOG,96.227,L1CA,3,FRAME SYNC (N)
$LNAV,96.067,L1CA,3,8B55567E980739D0002AAAAAAAAAAAAAAAAAAAAA040260AE0000B4EE382D
$LOG,96.239,L1CA,21,FRAME SYNC (N)
$LNAV,96.079,L1CA,21,8B55567E980739D1002AAAAAAAAAAAAAAAAAAAAAEA0260AE00FFF91384F1
$LOG,96.234,L1CA,4,FRAME SYNC (R)
$LNAV,96.074,L1CA,4,8B55567E980739D0002AAAAAAAAAAAAAAAAAAAAAF70260AE000062146A2E
$LOG,96.209,L1CA,23,SIGNAL FOUND (36.2,517.3,0.5308800)
$LOG,96.346,L1CA,5,SYMBOL SYNC (85.840)
$LOG,96.357,L1CA,17,SYMBOL SYNC (64.345)
$LOG,96.486,L1CA,13,SYMBOL SYNC (-75.174)
$LOG,96.668,L1CA,6,SIGNAL LOST (L1CA, 30.7)
$LOG,96.697,L1CA,6,SIGNAL FOUND (35.9,-2417.9,0.6256000)
$LOG,96.709,L1CA,25,SIGNAL LOST (L1CA, 31.5)
$LOG,96.796,L1CA,25,SIGNAL FOUND (35.7,1390.8,0.0244800)
$TIME,97.000,2025,4,14,12,35,35.323000,UTC
$CH,97.000,L1CA,30,17431,33.0,0.909567829,-184.289,-3161.144,1,0
$CH,97.000,L1CA,21,92191,44.5,0.281705294,-1405.681,-130392.233,14,0
$CH,97.000,L1CA,27,91591,45.2,0.438183861,1943.026,177779.172,14,0
$CH,97.000,L1CA,14,2091,33.6,0.446079586,-218.523,-450.698,1,0
$CH,97.000,L1CA,25,204,35.7,0.024309565,1346.349,269.749,1,0
$CH,97.000,L1CA,4,95591,48.6,0.674139643,1860.063,177433.757,15,0
$CH,97.000,L1CA,32,2591,34.6,0.191244080,-207.473,-522.955,0,0
$CH,97.000,L1CA,19,2691,32.3,0.742469484,-3032.508,-8324.995,0,0
$CH,97.000,L1CA,17,8577,32.7,0.631887788,846.899,7315.405,0,1
$CH,97.000,L1CA,12,2791,34.0,0.770255802,-208.006,-523.150,3,1
$CH,97.000,L1CA,13,31498,32.9,0.277609474,-190.176,-5664.759,1,1
$CH,97.000,L1CA,6,303,35.9,0.626022354,-2329.810,-695.691,0,1
$CH,97.000,L1CA,7,94491,43.9,0.216865395,1338.136,127500.184,15,0
$CH,97.000,L1CA,22,19391,33.4,0.652428639,766.350,14806.267,0,0
$CH,97.000,L1CA,28,6600,33.0,0.884959015,-160.012,-1075.454,0,0
$CH,97.000,L1CA,24,2432,34.6,0.106789201,662.553,1753.873,0,0
$CH,97.000,L1CA,26,91691,50.5,0.529282387,-2493.671,-226748.915,14,0
$CH,97.000,L1CA,23,791,36.2,0.530747020,295.990,244.066,0,0
$CH,97.000,L1CA,1,96891,46.7,0.357793137,-2098.416,-203412.075,15,0
$CH,97.000,L1CA,3,96091,53.7,0.525828011,806.210,80371.750,15,0
$CH,97.000,L1CA,20,875,35.4,0.975766430,-4311.950,-3758.713,0,0
$CH,97.000,L1CA,5,71091,33.0,0.074686963,807.879,58935.167,4,2
$CH,97.000,L1CA,16,92791,53.1,0.194482435,-191.087,-14648.661,15,0
$CH,97.000,L1CA,15,1891,34.6,0.007350503,1338.481,2452.827,5,0
$CH,97.000,L1CA,10,3332,33.9,0.489942948,837.147,2774.763,0,2
$CH,97.000,L1CA,8,94291,44.8,0.651706237,2117.699,198556.995,15,0
$CH,97.000,L1CA,18,5291,33.3,0.307854041,-189.394,-1114.704,0,1
$CH,97.000,L1CA,9,94091,43.1,0.101009598,2279.197,213684.171,15,0
$CH,97.000,L1CA,29,3040,32.1,0.696900034,-224.940,-677.090,0,0
$CH,97.000,L1CA,11,17391,33.0,0.360534644,815.131,14377.121,0,0
$CH,97.000,L1CA,31,91191,45.7,0.734037692,-2589.593,-236528.408,14,0
$CH,97.000,L1CA,2,96490,45.2,0.040760713,-1672.818,-161901.130,15,0
$OBS,97.000,2279,388897.000,G27,1C,45.2,23215383.106,-177781.115,1943.051,0
$OBS,97.000,2279,388897.000,G21,1C,44.5,23468265.100,130393.638,-1405.065,0
$OBS,97.000,2279,388897.000,G04,1C,48.6,22086951.060,-177435.117,1859.572,0
$OBS,97.000,2279,388897.000,G07,1C,43.9,24048411.008,-127501.022,1338.823,0
$OBS,97.000,2279,388897.000,G26,1C,50.5,21144147.398,226751.908,-2493.829,0
$OBS,97.000,2279,388897.000,G01,1C,46.7,23191283.343,203414.673,-2098.768,0
$OBS,97.000,2279,388897.000,G03,1C,53.7,19943941.350,-80372.557,806.530,0
$OBS,97.000,2279,388897.000,G16,1C,53.1,19844606.631,14648.852,-191.276,0
$OBS,97.000,2279,388897.000,G08,1C,44.8,23878980.388,-198559.113,2117.173,0
$OBS,97.000,2279,388897.000,G09,1C,43.1,24013678.130,-213685.950,2279.337,0
$OBS,97.000,2279,388897.000,G31,1C,45.7,23004286.269,236531.498,-2588.543,0
$OBS,97.000,2279,388897.000,G02,1C,45.2,23396031.791,161902.803,-1671.304,0
$POS,97.000,2023,9,14,12,1,37.001999997,15.391013956,73.878062681,10.626,7,12
$LOG,97.309,L1CA,19,SIGNAL LOST (L1CA, 31.3)
$LOG,97.399,L1CA,19,SIGNAL FOUND (36.5,-2475.0,0.5520000)
$TIME,98.000,2025,4,14,12,35,43.307000,UTC
$CH,98.000,L1CA,3,97091,53.7,0.525316434,805.639,81177.748,15,0
$CH,98.000,L1CA,4,96591,48.4,0.672965552,1860.660,179293.715,15,0
$CH,98.000,L1CA,15,2891,32.5,0.006577493,1346.743,3796.946,5,0
$CH,98.000,L1CA,9,95091,42.4,0.099560359,2277.623,215962.873,15,0
$CH,98.000,L1CA,29,4040,32.1,0.697090684,-229.500,-901.193,0,0
$CH,98.000,L1CA,26,92691,50.4,0.530867713,-2494.339,-229243.134,14,0
$CH,98.000,L1CA,8,95291,44.2,0.650363449,2117.692,200674.932,15,0
$CH,98.000,L1CA,5,72091,32.2,0.074158173,810.290,59742.497,4,2
$CH,98.000,L1CA,14,3091,33.4,0.446313557,-221.255,-671.013,1,0
$CH,98.000,L1CA,13,32498,33.6,0.277708183,-191.920,-5855.983,1,1
$CH,98.000,L1CA,12,3791,33.7,0.770425176,-203.737,-728.538,3,1
$CH,98.000,L1CA,20,1875,33.3,0.978517090,-4278.266,-8035.036,0,0
$CH,98.000,L1CA,6,1303,34.2,0.627468804,-2409.611,-3061.791,0,1
$CH,98.000,L1CA,30,18431,33.3,0.909710538,-187.203,-3352.525,1,0
$CH,98.000,L1CA,27,92591,45.4,0.436951618,1942.411,179721.897,14,0
$CH,98.000,L1CA,25,1204,35.4,0.023556820,1296.606,1575.567,1,0
$CH,98.000,L1CA,19,601,36.5,0.552951340,-2567.189,-1590.976,0,0
$CH,98.000,L1CA,32,3591,32.2,0.191302658,-194.353,-723.195,0,0
$CH,98.000,L1CA,10,4332,32.9,0.489464979,842.756,3612.108,0,2
$CH,98.000,L1CA,7,95491,43.7,0.216015588,1338.216,128838.293,15,0
$CH,98.000,L1CA,11,18391,33.1,0.360138032,806.722,15185.743,0,0
$CH,98.000,L1CA,22,20391,33.3,0.651966580,767.579,15572.998,0,0
$CH,98.000,L1CA,2,97490,46.2,0.041818532,-1671.485,-163572.892,15,0
$CH,98.000,L1CA,24,3432,33.8,0.106276696,664.874,2421.106,0,0
$CH,98.000,L1CA,28,7600,32.7,0.885059628,-159.714,-1241.453,0,0
$CH,98.000,L1CA,18,6291,32.7,0.307872599,-198.170,-1305.923,0,1
$CH,98.000,L1CA,1,97891,47.2,0.359131257,-2098.071,-205510.107,15,0
$CH,98.000,L1CA,31,92191,45.8,0.735686418,-2588.493,-239117.210,14,0
$CH,98.000,L1CA,17,9577,33.0,0.631383568,849.518,8164.456,0,1
$CH,98.000,L1CA,23,1791,35.6,0.530670316,308.305,550.211,0,0
$CH,98.000,L1CA,21,93191,44.2,0.282598954,-1405.532,-131798.253,14,0
$CH,98.000,L1CA,16,93791,53.4,0.194640211,-191.472,-14839.982,15,0
$OBS,98.000,2279,388898.000,G03,1C,53.7,19943787.980,-81178.554,805.730,0
$OBS,98.000,2279,388898.000,G04,1C,48.4,22086599.072,-179295.075,1860.477,0
$OBS,98.000,2279,388898.000,G09,1C,42.4,24013243.654,-215964.651,2278.383,0
$OBS,98.000,2279,388898.000,G26,1C,50.4,21144622.672,229246.129,-2494.460,0
$OBS,98.000,2279,388898.000,G08,1C,44.2,23878577.829,-200677.050,2117.999,0
$OBS,98.000,2279,388898.000,G27,1C,45.4,23215013.685,-179723.840,1942.886,0
$OBS,98.000,2279,388898.000,G07,1C,43.7,24048156.235,-128839.131,1336.756,0
$OBS,98.000,2279,388898.000,G02,1C,46.2,23396348.914,163574.564,-1671.747,0
$OBS,98.000,2279,388898.000,G01,1C,47.2,23191684.506,205512.705,-2099.289,0
$OBS,98.000,2279,388898.000,G31,1C,45.8,23004780.547,239120.299,-2588.977,0
$OBS,98.000,2279,388898.000,G21,1C,44.2,23468533.014,131799.659,-1405.738,0
$OBS,98.000,2279,388898.000,G16,1C,53.4,19844653.921,14840.174,-191.811,0
$POS,98.000,2023,9,14,12,1,38.002000010,15.391020608,73.878023098,1.419,7,12
$LOG,98.125,L1CA,20,SIGNAL LOST (L1CA, 31.2)
$LOG,98.109,L1CA,15,SIGNAL LOST (L1CA, 31.7)
$LOG,98.154,L1CA,20,SIGNAL FOUND (35.6,-1650.3,0.7315200)
$LOG,98.209,L1CA,15,SIGNAL FOUND (35.2,4116.0,0.6667200)
$LOG,98.409,L1CA,32,SIGNAL LOST (L1CA, 31.4)
$LOG,98.503,L1CA,32,SIGNAL FOUND (35.0,-69.4,0.8721600)
$LOG,98.709,L1CA,18,SIGNAL LOST (L1CA, 31.5)
$LOG,98.809,L1CA,18,SIGNAL FOUND (35.9,4718.6,0.1225600)
$TIME,99.000,2025,4,14,12,35,48.318000,UTC
$CH,99.000,L1CA,11,19391,33.0,0.359664422,801.569,15991.118,0,0
$CH,99.000,L1CA,30,19431,33.1,0.909851589,-192.562,-3544.504,1,0
$CH,99.000,L1CA,19,1601,33.6,0.554518333,-2473.895,-4076.758,0,0
$CH,99.000,L1CA,23,2791,34.7,0.530561109,312.939,858.047,0,0
$CH,99.000,L1CA,17,10577,33.0,0.630882290,845.098,9014.289,0,1
$CH,99.000,L1CA,16,94791,53.9,0.194752398,-192.378,-15032.013,15,0
$CH,99.000,L1CA,12,4791,33.4,0.770562544,-202.035,-932.678,3,1
$CH,99.000,L1CA,28,8600,33.8,0.885258721,-166.406,-1404.352,0,0
$CH,99.000,L1CA,15,791,35.2,0.664627029,4339.899,3348.636,5,0
$CH,99.000,L1CA,31,93191,46.1,0.737324691,-2588.630,-241705.901,14,0
$CH,99.000,L1CA,2,98490,45.7,0.042892577,-1671.556,-165244.537,15,0
$CH,99.000,L1CA,5,73091,32.3,0.073692760,799.590,60548.116,4,2
$CH,99.000,L1CA,14,4091,32.8,0.446461136,-227.721,-891.892,1,0
$CH,99.000,L1CA,27,93591,45.3,0.435713321,1943.385,181664.655,14,0
$CH,99.000,L1CA,24,4432,33.3,0.105816940,671.047,3087.767,0,0
$CH,99.000,L1CA,25,2204,34.0,0.022920732,1296.203,2874.478,1,0
$CH,99.000,L1CA,3,98091,53.6,0.524808350,804.830,81983.113,15,0
$CH,99.000,L1CA,29,5040,32.6,0.697207802,-222.292,-1124.431,0,0
$CH,99.000,L1CA,10,5332,32.7,0.488991197,834.640,4447.708,0,2
$CH,99.000,L1CA,22,21391,33.2,0.651447512,771.720,16339.130,0,0
$CH,99.000,L1CA,7,96491,43.6,0.215168897,1338.481,130176.165,15,0
$CH,99.000,L1CA,6,2303,32.3,0.629072671,-2410.106,-5469.252,0,1
$CH,99.000,L1CA,26,93691,50.0,0.532449274,-2495.020,-231737.808,14,0
$CH,99.000,L1CA,32,497,35.0,0.872269281,-289.249,-105.212,0,0
$CH,99.000,L1CA,8,96291,44.3,0.649020228,2118.414,202793.115,15,0
$CH,99.000,L1CA,9,96091,43.0,0.098112100,2278.847,218241.734,15,0
$CH,99.000,L1CA,21,94191,44.7,0.283492827,-1405.425,-133204.104,14,0
$CH,99.000,L1CA,4,97591,49.1,0.671785537,1859.692,181153.757,15,0
$CH,99.000,L1CA,13,33498,33.5,0.277809468,-186.039,-6048.005,1,1
$CH,99.000,L1CA,20,846,35.6,0.732295428,-1676.270,-1449.776,0,0
$CH,99.000,L1CA,18,191,35.9,0.122023249,4825.566,914.777,0,1
$CH,99.000,L1CA,1,98891,47.6,0.360454080,-2098.270,-207608.108,15,0
$OBS,99.000,2279,388899.000,G16,1C,53.9,19844687.565,15032.205,-192.145,0
$OBS,99.000,2279,388899.000,G31,1C,46.1,23005271.683,241708.989,-2589.683,0
$OBS,99.000,2279,388899.000,G02,1C,45.7,23396670.905,165246.208,-1671.140,0
$OBS,99.000,2279,388899.000,G27,1C,45.3,23214642.467,-181666.599,1942.716,0
$OBS,99.000,2279,388899.000,G03,1C,53.6,19943635.657,-81983.917,805.040,0
$OBS,99.000,2279,388899.000,G07,1C,43.6,24047902.404,-130177.004,1337.796,0
$OBS,99.000,2279,388899.000,G26,1C,50.0,21145096.812,231740.803,-2494.710,0
$OBS,99.000,2279,388899.000,G09,1C,43.0,24012809.475,-218243.512,2278.427,0
$OBS,99.000,2279,388899.000,G08,1C,44.3,23878175.147,-202795.233,2117.143,0
$OBS,99.000,2279,388899.000,G04,1C,49.1,22086245.304,-181155.116,1860.236,0
$OBS,99.000,2279,388899.000,G21,1C,44.7,23468800.997,133205.509,-1405.232,0
$OBS,99.000,2279,388899.000,G01,1C,47.6,23192081.080,207610.706,-2097.375,0
$POS,99.000,2023,9,14,12,1,39.002000004,15.391025915,73.878055725,3.945,7,12
$LOG,99.399,L1CA,19,SIGNAL LOST (L1CA, 31.9)
$LOG,99.409,L1CA,19,SIGNAL NOT FOUND (34.9)
$LOG,99.509,L1CA,19,SIGNAL NOT FOUND (34.5)
$LOG,99.697,L1CA,6,SIGNAL LOST (L1CA, 30.2)
$LOG,99.609,L1CA,19,SIGNAL FOUND (35.7,-970.4,0.2388800)
$LOG,99.796,L1CA,25,SIGNAL LOST (L1CA, 31.8)
$LOG,99.709,L1CA,6,SIGNAL FOUND (35.1,-389.8,0.8028800)
$LOG,99.809,L1CA,25,SIGNAL FOUND (35.4,521.2,0.0648000)
$TIME,100.000,2025,4,14,12,35,54.054000,UTC
$CH,100.000,L1CA,23,3791,33.2,0.530531096,311.601,1165.449,0,0
$CH,100.000,L1CA,11,20391,32.8,0.359078192,802.776,16795.823,0,0
$CH,100.000,L1CA,18,1191,32.9,0.119020790,4731.597,5651.874,0,1
$CH,100.000,L1CA,22,22391,33.4,0.650861107,767.877,17105.063,0,0
$CH,100.000,L1CA,9,97091,43.8,0.096667097,2279.492,220520.749,15,0
$CH,100.000,L1CA,5,74091,32.1,0.073120078,810.723,61352.860,4,2
$CH,100.000,L1CA,24,5432,32.4,0.105312406,663.319,3754.569,0,0
$CH,100.000,L1CA,4,98591,48.7,0.670605134,1860.720,183013.868,15,0
$CH,100.000,L1CA,13,34498,33.3,0.277936049,-193.199,-6240.766,1,1
$CH,100.000,L1CA,20,1846,34.1,0.733373148,-1741.517,-3194.782,0,0
$CH,100.000,L1CA,1,99891,47.5,0.361790679,-2097.999,-209706.076,15,0
$CH,100.000,L1CA,19,391,35.7,0.239077913,-800.892,-319.038,0,0
$CH,100.000,L1CA,32,1497,34.3,0.872433578,-235.893,-336.500,0,0
$CH,100.000,L1CA,30,20431,32.6,0.909907742,-189.353,-3737.245,1,0
$CH,100.000,L1CA,14,5091,33.0,0.446564155,-212.069,-1111.447,1,0
$CH,100.000,L1CA,16,95791,54.1,0.194844268,-193.492,-15224.756,15,0
$CH,100.000,L1CA,31,94191,46.1,0.738968064,-2587.745,-244294.480,14,0
$CH,100.000,L1CA,26,94691,50.4,0.534032347,-2495.531,-234232.938,14,0
$CH,100.000,L1CA,27,94591,45.4,0.434474204,1942.394,183607.446,14,0
$CH,100.000,L1CA,3,99091,53.4,0.524301283,805.042,82787.849,15,0
$CH,100.000,L1CA,8,97291,44.5,0.647669715,2119.144,204911.551,15,0
$CH,100.000,L1CA,21,95191,45.7,0.284395348,-1405.360,-134609.772,14,0
$CH,100.000,L1CA,12,5791,33.2,0.770717928,-193.667,-1132.286,3,1
$CH,100.000,L1CA,25,191,35.4,0.064723153,323.130,72.805,1,0
$CH,100.000,L1CA,17,11577,32.2,0.630412033,854.888,9864.846,0,1
$CH,100.000,L1CA,28,9600,33.8,0.885388134,-166.438,-1566.818,0,0
$CH,100.000,L1CA,15,1791,33.0,0.661870955,4225.795,7589.352,5,0
$CH,100.000,L1CA,29,6040,32.4,0.697429531,-229.272,-1347.513,0,0
$CH,100.000,L1CA,2,99490,45.4,0.043943266,-1670.745,-166916.044,15,0
$CH,100.000,L1CA,6,291,35.1,0.802920041,-188.682,-76.746,0,1
$CH,100.000,L1CA,7,97491,43.4,0.214314315,1337.802,131513.808,15,0
$CH,100.000,L1CA,10,6332,33.4,0.488548684,834.552,5280.001,0,2
$OBS,100.000,2279,388900.000,G09,1C,43.8,24012376.274,-220522.528,2278.811,0
$OBS,100.000,2279,388900.000,G04,1C,48.7,22085891.431,-183015.228,1860.118,0
$OBS,100.000,2279,388900.000,G01,1C,47.5,23192481.772,209708.674,-2098.141,0
$OBS,100.000,2279,388900.000,G16,1C,54.1,19844715.102,15224.949,-193.333,0
$OBS,100.000,2279,388900.000,G31,1C,46.1,23005764.355,244297.568,-2587.716,0
$OBS,100.000,2279,388900.000,G26,1C,50.4,21145571.406,234235.933,-2495.098,0
$OBS,100.000,2279,388900.000,G27,1C,45.4,23214270.986,-183609.389,1941.690,0
$OBS,100.000,2279,388900.000,G03,1C,53.4,19943483.648,-82788.654,804.393,0
$OBS,100.000,2279,388900.000,G08,1C,44.5,23877770.268,-204913.670,2118.551,0
$OBS,100.000,2279,388900.000,G21,1C,45.7,23469071.562,134611.178,-1406.904,0
$OBS,100.000,2279,388900.000,G02,1C,45.4,23396985.899,166917.714,-1671.067,0
$OBS,100.000,2279,388900.000,G07,1C,43.4,24047646.200,-131514.646,1337.708,0
$POS,100.000,2023,9,14,12,1,40.001999997,15.390997787,73.878090701,10.247,7,12
$LOG,100.209,L1CA,15,SIGNAL LOST (L1CA, 31.8)
$LOG,100.209,L1CA,23,SIGNAL LOST (L1CA, 31.7)
$LOG,100.236,L1CA,15,SIGNAL FOUND (35.3,478.2,0.2436800)
$LOG,100.309,L1CA,23,SIGNAL FOUND (36.0,-14.9,0.4081600)
$LOG,100.423,L1CA,17,SIGNAL LOST (L1CA, 32.0)
$LOG,100.568,L1CA,24,SIGNAL LOST (L1CA, 31.7)
$LOG,100.503,L1CA,17,SIGNAL FOUND (35.8,-4005.6,0.9219200)
$LOG,100.609,L1CA,24,SIGNAL FOUND (36.4,3880.2,0.6144000)
$LOG,100.809,L1CA,18,SIGNAL LOST (L1CA, 31.3)
$LOG,100.829,L1CA,18,SIGNAL FOUND (37.2,2058.4,0.9745600)
$LOG,100.960,L1CA,29,SIGNAL LOST (L1CA, 31.7)
$TIME,101.000,2025,4,14,12,36,1.852000,UTC
$CH,101.000,L1CA,3,100091,53.2,0.523793845,803.696,83591.956,15,0
$CH,101.000,L1CA,9,98091,43.9,0.095226881,2278.974,222799.930,15,0
$CH,101.000,L1CA,10,7332,33.0,0.488044939,829.362,6111.586,0,2
$CH,101.000,L1CA,23,691,36.0,0.408066739,-287.939,-123.634,0,0
$CH,101.000,L1CA,14,6091,32.4,0.446685695,-217.189,-1328.649,1,0
$CH,101.000,L1CA,30,21431,33.2,0.910076364,-187.044,-3930.749,1,0
$CH,101.000,L1CA,16,96791,53.5,0.194963868,-193.995,-15418.206,15,0
$CH,101.000,L1CA,26,95691,50.1,0.535620346,-2495.213,-236728.523,14,0
$CH,101.000,L1CA,2,100490,44.4,0.044996408,-1671.919,-168587.425,15,0
$CH,101.000,L1CA,1,100891,46.8,0.363127803,-2097.517,-211804.015,15,0
$CH,101.000,L1CA,27,95591,45.4,0.433254843,1941.257,185550.275,14,0
$CH,101.000,L1CA,28,10600,34.0,0.885552984,-170.933,-1733.111,0,0
$CH,101.000,L1CA,12,6791,32.0,0.770845948,-194.385,-1328.762,3,1
$CH,101.000,L1CA,11,21391,33.1,0.358584354,803.031,17599.920,0,0
$CH,101.000,L1CA,25,1191,33.7,0.064437057,122.547,257.506,1,0
$CH,101.000,L1CA,21,96191,45.4,0.285271174,-1405.622,-136015.257,14,0
$CH,101.000,L1CA,31,95191,46.5,0.740601720,-2588.111,-246882.954,14,0
$CH,101.000,L1CA,22,23391,33.1,0.650368016,769.642,17870.956,0,0
$CH,101.000,L1CA,8,98291,44.1,0.646336316,2119.057,207030.241,15,0
$CH,101.000,L1CA,7,98491,43.3,0.213467180,1336.468,132851.219,15,0
$CH,101.000,L1CA,32,2497,33.9,0.872676949,-245.200,-576.481,0,0
$CH,101.000,L1CA,20,2846,33.4,0.734390041,-1750.968,-4943.358,0,0
$CH,101.000,L1CA,6,1291,34.8,0.802973710,-260.137,-299.536,0,1
$CH,101.000,L1CA,24,391,36.4,0.613478157,3779.668,1490.102,0,0
$CH,101.000,L1CA,4,99591,48.7,0.669420693,1860.172,184874.060,15,0
$CH,101.000,L1CA,18,171,37.2,0.974311788,2283.076,379.116,0,1
$CH,101.000,L1CA,17,497,35.8,0.923192796,-4237.622,-2082.748,0,1
$CH,101.000,L1CA,13,35498,32.6,0.278114337,-193.270,-6434.281,1,1
$CH,101.000,L1CA,5,75091,32.4,0.072573247,799.982,62157.011,4,2
$CH,101.000,L1CA,15,764,35.3,0.243579078,280.613,242.281,5,0
$CH,101.000,L1CA,19,1391,33.6,0.239505516,-700.439,-1063.910,0,0
$LOG,101.045,L1CA,12,SYMBOL SYNC (49.155)
$OBS,101.000,2279,388901.000,G09,1C,43.9,24011944.521,-222801.709,2278.799,0
$OBS,101.000,2279,388901.000,G16,1C,53.5,19844750.962,15418.400,-193.658,0
$OBS,101.000,2279,388901.000,G26,1C,50.1,21146047.482,236731.518,-2496.431,0
$OBS,101.000,2279,388901.000,G03,1C,53.2,19943331.517,-83592.760,803.502,0
$OBS,101.000,2279,388901.000,G02,1C,44.4,23397301.626,168589.097,-1671.034,0
$OBS,101.000,2279,388901.000,G01,1C,46.8,23192882.638,211806.612,-2097.810,0
$OBS,101.000,2279,388901.000,G27,1C,45.4,23213905.422,-185552.216,1942.913,0
$OBS,101.000,2279,388901.000,G21,1C,45.4,23469334.136,136016.662,-1405.745,0
$OBS,101.000,2279,388901.000,G31,1C,46.5,23006254.113,246886.042,-2588.603,0
$OBS,101.000,2279,388901.000,G08,1C,44.1,23877370.518,-207032.360,2119.768,0
$OBS,101.000,2279,388901.000,G07,1C,43.3,24047392.247,-132852.055,1337.181,0
$OBS,101.000,2279,388901.000,G04,1C,48.7,22085536.354,-184875.420,1859.893,0
$POS,101.000,2023,9,14,12,1,41.002000000,15.391009199,73.878079922,8.718,7,12
$LOG,101.006,L1CA,29,SIGNAL FOUND (35.7,-1991.3,0.2003200)
$LOG,101.609,L1CA,19,SIGNAL LOST (L1CA, 31.5)
$LOG,101.709,L1CA,19,SIGNAL FOUND (36.2,-1459.3,0.1129600)
$LOG,101.809,L1CA,25,SIGNAL LOST (L1CA, 31.6)
$LOG,101.871,L1CA,25,SIGNAL FOUND (35.4,-3473.4,0.5392000)
$TIME,102.000,2025,4,14,12,36,9.515000,UTC
$CH,102.000,L1CA,27,96591,45.1,0.432014276,1942.557,187493.137,14,0
$CH,102.000,L1CA,13,36498,33.2,0.278262143,-190.264,-6628.357,1,1
$CH,102.000,L1CA,10,8332,32.8,0.487510558,834.078,6943.013,0,2
$CH,102.000,L1CA,1,101891,46.6,0.364455172,-2098.297,-213901.919,15,0
$CH,102.000,L1CA,24,1391,34.4,0.611164694,3775.351,5257.753,0,0
$CH,102.000,L1CA,21,97191,44.8,0.286166522,-1405.802,-137420.564,14,0
$CH,102.000,L1CA,6,2291,33.4,0.803019171,-253.266,-554.264,0,1
$CH,102.000,L1CA,30,22431,33.1,0.910212809,-195.420,-4124.878,1,0
$CH,102.000,L1CA,7,99491,43.4,0.212615156,1337.537,134188.393,15,0
$CH,102.000,L1CA,26,96691,50.0,0.537207686,-2496.106,-239224.566,14,0
$CH,102.000,L1CA,5,76091,32.2,0.072090007,805.056,62960.449,4,2
$CH,102.000,L1CA,16,97791,53.5,0.195123313,-194.633,-15612.380,15,0
$CH,102.000,L1CA,25,129,35.4,0.539481642,-3693.361,-471.127,1,0
$CH,102.000,L1CA,15,1764,35.6,0.243547397,294.153,538.289,5,0
$CH,102.000,L1CA,28,11600,33.7,0.885694724,-165.001,-1901.973,0,0
$CH,102.000,L1CA,32,3497,33.7,0.872908288,-239.185,-815.404,0,0
$CH,102.000,L1CA,19,291,36.2,0.113270467,-1794.043,-483.149,0,0
$CH,102.000,L1CA,31,96191,46.9,0.742254240,-2588.179,-249471.317,14,0
$CH,102.000,L1CA,3,101091,52.9,0.523266224,803.376,84395.442,15,0
$CH,102.000,L1CA,8,99291,43.5,0.644973902,2118.931,209149.186,15,0
$CH,102.000,L1CA,23,1691,33.5,0.408315997,-334.330,-455.937,0,0
$CH,102.000,L1CA,2,101490,44.1,0.046064425,-1671.590,-170258.682,15,0
$CH,102.000,L1CA,14,7091,33.0,0.446819685,-214.574,-1545.538,1,0
$CH,102.000,L1CA,12,7791,32.2,0.770899164,-195.355,-1522.884,3,1
$CH,102.000,L1CA,22,24391,32.8,0.649889310,761.673,18635.005,0,0
$CH,102.000,L1CA,29,994,35.7,0.201371205,-1657.928,-1727.411,0,0
$CH,102.000,L1CA,17,1497,33.3,0.925853793,-4209.789,-6296.474,0,1
$CH,102.000,L1CA,4,100591,49.0,0.668240007,1860.486,186734.334,15,0
$CH,102.000,L1CA,9,99091,43.3,0.093788336,2279.084,225079.267,15,0
$CH,102.000,L1CA,20,3846,32.4,0.735689481,-1750.079,-6690.095,0,0
$CH,102.000,L1CA,18,1171,34.5,0.973043433,2364.170,2691.495,0,1
$CH,102.000,L1CA,11,22391,32.6,0.358079199,800.050,18403.438,0,0
$OBS,102.000,2279,388902.000,G27,1C,45.1,23213533.523,-187495.079,1943.181,0
$OBS,102.000,2279,388902.000,G01,1C,46.6,23193280.573,213904.517,-2097.525,0
$OBS,102.000,2279,388902.000,G21,1C,44.8,23469602.555,137421.969,-1405.253,0
$OBS,102.000,2279,388902.000,G07,1C,43.4,24047136.811,-134189.231,1336.581,0
$OBS,102.000,2279,388902.000,G26,1C,50.0,21146523.350,239227.562,-2496.283,0
$OBS,102.000,2279,388902.000,G16,1C,53.5,19844798.758,15612.575,-194.865,0
$OBS,102.000,2279,388902.000,G03,1C,52.9,19943173.349,-84396.245,803.540,0
$OBS,102.000,2279,388902.000,G31,1C,46.9,23006749.524,249474.406,-2587.954,0
$OBS,102.000,2279,388902.000,G08,1C,43.5,23876962.078,-209151.305,2118.470,0
$OBS,102.000,2279,388902.000,G02,1C,44.1,23397621.803,170260.353,-1670.007,0
$OBS,102.000,2279,388902.000,G04,1C,49.0,22085182.393,-186735.694,1860.389,0
$OBS,102.000,2279,388902.000,G09,1C,43.3,24011513.238,-225081.046,2280.161,0
$POS,102.000,2023,9,14,12,1,42.002000007,15.391016897,73.878020442,4.214,7,12
$LOG,102.238,L1CA,1,FRAME SYNC (R)
$LNAV,102.078,L1CA,1,8B55567E988A020A7628C299006BDA088E06965F0E1633A10D18A660AE7D
$LOG,102.227,L1CA,16,FRAME SYNC (N)
$LNAV,102.067,L1CA,16,8B55567E988A0201C5340C18D95CD401E106D9C9E50801A10D36B960AE7F
$LOG,102.231,L1CA,26,FRAME SYNC (R)
$LNAV,102.071,L1CA,26,8B55567E988A02046A3BBF3BCE192F0406042F75F1083CA10DFACB60AE7F
$LOG,102.227,L1CA,3,FRAME SYNC (N)
$LNAV,102.067,L1CA,3,8B55567E988A02033E319A67FA0FC40287029FBC0204FAA10CC49560AE7C
$LOG,102.239,L1CA,21,FRAME SYNC (N)
$LNAV,102.079,L1CA,21,8B55567E988A0207B13120F16C7FDD06350CB0B95116A3A10C958360AE7C
$LOG,102.238,L1CA,27,FRAME SYNC (N)
$LNAV,102.078,L1CA,27,8B55567E988A02F97D3079F392B45EFA9405F30C8A121BA10D5C5960AE7D
$LOG,102.240,L1CA,8,FRAME SYNC (N)
$LNAV,102.080,L1CA,8,8B55567E988A02F8B43253F0A48CD0F9D3046AA54B1186A10DFF5C60AE7C
$LOG,102.241,L1CA,7,FRAME SYNC (R)
$LNAV,102.081,L1CA,7,8B55567E988A0204B02F117CAA84A403B508FBB21F186FA10DD8C260AE7D
$LOG,102.227,L1CA,30,FRAME SYNC (N)
$LNAV,102.067,L1CA,30,8B55567E988A0201C5340C18D95CD401E106D9C9E50801A10D36B960AE7F
$LOG,102.234,L1CA,4,FRAME SYNC (R)
$LNAV,102.074,L1CA,4,8B55567E988A02F4C8307AE314F10DF5E5014CEC221234A10D069A60AE7F
$LOG,102.241,L1CA,9,FRAME SYNC (R)
$LNAV,102.081,L1CA,9,8B55567E988A02F44732E607C2795AF5AA0165FC4E10E0A10C659C60AE7D
$LOG,102.237,L1CA,31,FRAME SYNC (R)
$LNAV,102.077,L1CA,31,8B55567E988A0203362FA55A1DF3980267055A86481826A10D0E6E60AE7C
$LOG,102.239,L1CA,2,FRAME SYNC (N)
$LNAV,102.079,L1CA,2,8B55567E988A0208282F330695ECBE06E4082DF0241780A10E011860AE7D
$LOG,102.609,L1CA,24,SIGNAL LOST (L1CA, 31.8)
$LOG,102.700,L1CA,24,SIGNAL FOUND (35.1,-3392.0,0.5475200)
$TIME,103.000,2025,4,14,12,36,17.469000,UTC
$CH,103.000,L1CA,28,12600,33.4,0.885811132,-177.331,-2074.215,0,0
$CH,103.000,L1CA,22,25391,32.9,0.649369999,772.698,19400.668,0,0
$CH,103.000,L1CA,23,2691,32.1,0.408481019,-326.959,-789.152,0,0
$CH,103.000,L1CA,12,8791,32.1,0.770989833,-199.041,-1717.731,3,1
$CH,103.000,L1CA,30,23431,32.9,0.910360174,-196.611,-4319.693,2,0
$CH,103.000,L1CA,14,8091,32.8,0.446955294,-211.140,-1761.435,1,0
$CH,103.000,L1CA,20,4846,32.5,0.736691035,-1751.299,-8436.588,0,0
$CH,103.000,L1CA,25,1129,32.7,0.541840234,-3800.102,-4209.157,1,0
$CH,103.000,L1CA,8,100291,43.0,0.643626170,2120.474,211268.377,16,0
$CH,103.000,L1CA,2,102490,44.5,0.047128200,-1671.843,-171929.796,16,0
$CH,103.000,L1CA,21,98191,44.7,0.287056218,-1406.037,-138825.684,15,0
$CH,103.000,L1CA,7,100491,44.2,0.211761251,1337.406,135525.330,16,0
$CH,103.000,L1CA,6,3291,33.4,0.803181385,-250.689,-808.078,0,1
$CH,103.000,L1CA,17,2497,32.0,0.928537800,-4213.577,-10505.098,0,1
$CH,103.000,L1CA,13,37498,33.5,0.278364678,-194.090,-6823.241,1,1
$CH,103.000,L1CA,27,97591,45.6,0.430779113,1942.523,189436.035,15,0
$CH,103.000,L1CA,24,300,35.1,0.548152677,-3211.057,-973.884,0,0
$CH,103.000,L1CA,19,1291,33.8,0.114403153,-1749.193,-2309.444,0,0
$CH,103.000,L1CA,32,4497,33.5,0.873075406,-233.189,-1054.449,0,0
$CH,103.000,L1CA,15,2764,34.0,0.243467961,300.921,841.175,5,0
$CH,103.000,L1CA,16,98791,54.0,0.195264196,-195.361,-15807.270,16,0
$CH,103.000,L1CA,26,97691,50.0,0.538790249,-2496.514,-241721.061,15,0
$CH,103.000,L1CA,4,101591,49.0,0.667063444,1860.422,188594.685,16,0
$CH,103.000,L1CA,29,1994,32.9,0.202451564,-1677.419,-3404.443,0,0
$CH,103.000,L1CA,1,102891,46.8,0.365786413,-2097.927,-215999.792,16,0
$LOG,103.006,L1CA,29,SIGNAL LOST (L1CA, 31.1)
$CH,103.000,L1CA,11,23391,32.4,0.357544142,798.909,19206.268,0,0
$CH,103.000,L1CA,9,100091,43.3,0.092336867,2278.315,227358.772,16,0
$CH,103.000,L1CA,3,102091,52.9,0.522768887,802.122,85198.298,16,0
$CH,103.000,L1CA,5,77091,32.2,0.071616464,805.589,63763.343,4,2
$CH,103.000,L1CA,18,2171,32.0,0.971530396,2358.078,5050.603,0,1
$CH,103.000,L1CA,10,9332,33.0,0.487036595,835.951,7774.053,0,2
$CH,103.000,L1CA,31,97191,46.7,0.743894823,-2587.540,-252059.575,15,0
$OBS,103.000,2279,388903.000,G08,1C,43.0,23876558.036,-211270.498,2119.360,0
$OBS,103.000,2279,388903.000,G02,1C,44.5,23397940.723,171931.468,-1670.680,0
$OBS,103.000,2279,388903.000,G21,1C,44.7,23469869.281,138827.090,-1405.079,0
$OBS,103.000,2279,388903.000,G07,1C,44.2,24046880.816,-135526.167,1336.460,0
$OBS,103.000,2279,388903.000,G27,1C,45.6,23213163.229,-189437.977,1943.056,0
$OBS,103.000,2279,388903.000,G16,1C,54.0,19844840.988,15807.465,-195.204,0
$OBS,103.000,2279,388903.000,G26,1C,50.0,21146997.786,241724.058,-2497.202,0
$OBS,103.000,2279,388903.000,G04,1C,49.0,22084829.655,-188596.045,1860.608,0
$OBS,103.000,2279,388903.000,G01,1C,46.8,23193679.677,216002.390,-2098.382,0
$OBS,103.000,2279,388903.000,G09,1C,43.3,24011078.100,-227360.550,2279.055,0
$OBS,103.000,2279,388903.000,G03,1C,52.9,19943024.236,-85199.100,802.652,0
$OBS,103.000,2279,388903.000,G31,1C,46.7,23007241.359,252062.663,-2588.540,0
$POS,103.000,2023,9,14,12,1,43.002000017,15.391028121,73.878029165,-3.490,7,12
$LOG,103.020,L1CA,29,SIGNAL FOUND (35.9,-547.8,0.1523200)
$LOG,103.309,L1CA,23,SIGNAL LOST (L1CA, 30.6)
$LOG,103.381,L1CA,23,SIGNAL FOUND (36.2,3119.1,0.0320000)
$LOG,103.503,L1CA,17,SIGNAL LOST (L1CA, 31.2)
$LOG,103.596,L1CA,17,SIGNAL FOUND (35.2,-4502.4,0.3752000)
$LOG,103.609,L1CA,11,SIGNAL LOST (L1CA, 32.0)
$LOG,103.675,L1CA,11,SIGNAL FOUND (35.6,894.9,0.6452800)
$LOG,103.709,L1CA,19,SIGNAL LOST (L1CA, 31.7)
$LOG,103.791,L1CA,19,SIGNAL FOUND (35.6,-355.2,0.7462400)
$LOG,103.871,L1CA,25,SIGNAL LOST (L1CA, 31.6)
$TIME,104.000,2025,4,14,12,36,25.274000,UTC
$LOG,103.909,L1CA,25,SIGNAL FOUND (35.8,2100.2,0.1107200)
$CH,104.000,L1CA,22,26391,33.5,0.648874452,772.743,20168.527,0,0
$CH,104.000,L1CA,7,101491,44.5,0.210916654,1336.599,136862.048,16,0
$CH,104.000,L1CA,15,3764,32.2,0.243365808,307.610,1143.217,5,0
$CH,104.000,L1CA,17,404,35.2,0.376315233,-4377.042,-1798.360,0,1
$CH,104.000,L1CA,16,99791,54.2,0.195346781,-196.012,-16002.858,16,0
$CH,104.000,L1CA,1,103891,46.6,0.367117366,-2099.052,-218097.632,16,0
$CH,104.000,L1CA,27,98591,45.9,0.429544844,1942.913,191378.963,15,0
$CH,104.000,L1CA,8,101291,43.0,0.642289679,2120.054,213387.829,16,0
$CH,104.000,L1CA,5,78091,32.7,0.071110716,805.640,64565.572,4,2
$CH,104.000,L1CA,24,1300,33.2,0.550095458,-3221.732,-4176.071,0,0
$CH,104.000,L1CA,2,103490,44.7,0.048186459,-1671.516,-173600.799,16,0
$CH,104.000,L1CA,19,209,35.6,0.746262341,-207.620,-50.608,0,0
$CH,104.000,L1CA,11,325,35.6,0.645104928,806.211,264.073,0,0
$CH,104.000,L1CA,18,3171,32.3,0.970134943,2363.201,7409.213,0,1
$CH,104.000,L1CA,31,98191,46.9,0.745535268,-2587.547,-254647.719,15,0
$CH,104.000,L1CA,6,4291,32.8,0.803362679,-260.390,-1063.008,0,1
$CH,104.000,L1CA,29,980,35.9,0.152693121,-708.625,-679.466,0,0
$CH,104.000,L1CA,14,9091,32.8,0.447115950,-210.968,-1977.972,1,0
$CH,104.000,L1CA,10,10332,32.9,0.486544641,831.091,8605.361,0,2
$CH,104.000,L1CA,9,101091,43.1,0.090884102,2280.173,229638.429,16,0
$CH,104.000,L1CA,26,98691,49.6,0.540375212,-2497.108,-244218.011,15,0
$CH,104.000,L1CA,4,102591,48.8,0.665883707,1860.551,190455.102,16,0
$CH,104.000,L1CA,12,9791,32.2,0.771168173,-194.876,-1913.409,3,1
$CH,104.000,L1CA,13,38498,33.5,0.278473116,-192.332,-7019.373,1,1
$CH,104.000,L1CA,28,13600,33.4,0.885915481,-173.577,-2248.987,0,0
$CH,104.000,L1CA,30,24431,32.7,0.910435086,-201.164,-4515.318,2,0
$CH,104.000,L1CA,25,91,35.8,0.110589052,2208.059,200.898,1,0
$CH,104.000,L1CA,3,103091,52.9,0.522262337,801.912,86000.518,16,0
$CH,104.000,L1CA,23,619,36.2,0.030775015,3339.782,2072.540,0,0
$CH,104.000,L1CA,20,5846,32.1,0.737847761,-1750.638,-10183.008,0,0
$CH,104.000,L1CA,21,99191,45.4,0.287951246,-1405.137,-140230.627,15,0
$CH,104.000,L1CA,32,5497,33.5,0.873293973,-245.912,-1294.961,0,0
$OBS,104.000,2279,388904.000,G07,1C,44.5,24046627.614,-136862.884,1335.677,0
$OBS,104.000,2279,388904.000,G16,1C,54.2,19844865.750,16003.054,-195.871,0
$OBS,104.000,2279,388904.000,G01,1C,46.6,23194078.676,218100.231,-2097.598,0
$OBS,104.000,2279,388904.000,G27,1C,45.9,23212793.197,-191380.905,1942.817,0
$OBS,104.000,2279,388904.000,G08,1C,43.0,23876157.379,-213389.949,2118.706,0
$OBS,104.000,2279,388904.000,G02,1C,44.7,23398257.968,173602.470,-1671.542,0
$OBS,104.000,2279,388904.000,G31,1C,46.9,23007733.158,254650.807,-2588.818,0
$OBS,104.000,2279,388904.000,G09,1C,43.1,24010642.577,-229640.209,2279.906,0
$OBS,104.000,2279,388904.000,G26,1C,49.6,21147472.956,244221.008,-2497.455,0
$OBS,104.000,2279,388904.000,G04,1C,48.8,22084475.991,-190456.462,1860.119,0
$OBS,104.000,2279,388904.000,G03,1C,52.9,19942872.385,-86001.320,802.184,0
$OBS,104.000,2279,388904.000,G21,1C,45.4,23470137.596,140232.032,-1405.378,0
$POS,104.000,2023,9,14,12,1,44.002000000,15.391004057,73.878079403,7.557,7,12
$LOG,104.154,L1CA,20,SIGNAL LOST (L1CA, 31.7)
$LOG,104.164,L1CA,20,SIGNAL FOUND (35.6,2031.3,0.2481600)
$LOG,104.236,L1CA,15,SIGNAL LOST (L1CA, 31.5)
$LOG,104.309,L1CA,15,SIGNAL FOUND (35.1,-4389.8,0.2140800)
$LOG,104.700,L1CA,24,SIGNAL LOST (L1CA, 31.3)
$LOG,104.829,L1CA,18,SIGNAL LOST (L1CA, 31.3)
$LOG,104.802,L1CA,24,SIGNAL FOUND (37.5,975.4,0.3702400)
$TIME,105.000,2025,4,14,12,36,33.055000,UTC
$LOG,104.909,L1CA,18,SIGNAL FOUND (35.8,2005.7,0.9998400)
$CH,105.000,L1CA,9,102091,43.3,0.089436629,2278.499,231918.250,16,0
$CH,105.000,L1CA,17,1404,33.5,0.379009574,-4234.605,-6054.631,0,1
$CH,105.000,L1CA,2,104490,45.4,0.049248142,-1670.257,-175271.665,16,0
$CH,105.000,L1CA,28,14600,33.3,0.886049595,-179.752,-2425.861,0,0
$CH,105.000,L1CA,14,10091,33.3,0.447244903,-219.979,-2193.328,1,0
$CH,105.000,L1CA,19,1209,34.8,0.746322433,-196.706,-250.371,0,0
$CH,105.000,L1CA,23,1619,33.8,0.028655108,3301.092,5380.333,0,0
$CH,105.000,L1CA,21,100191,44.9,0.288846206,-1404.866,-141635.390,15,0
$CH,105.000,L1CA,6,5291,32.0,0.803576266,-252.466,-1319.507,0,1
$CH,105.000,L1CA,16,100791,54.0,0.195459653,-196.901,-16199.166,16,0
$CH,105.000,L1CA,7,102491,44.8,0.210077586,1336.550,138198.515,16,0
$CH,105.000,L1CA,26,99691,49.5,0.541959341,-2497.848,-246715.421,15,0
$CH,105.000,L1CA,5,79091,32.9,0.070678688,806.114,65367.184,4,2
$CH,105.000,L1CA,4,103591,48.7,0.664696936,1861.133,192315.605,16,0
$CH,105.000,L1CA,8,102291,44.0,0.640943490,2120.834,215507.529,16,0
$CH,105.000,L1CA,1,104891,47.0,0.368450360,-2097.862,-220195.440,16,0
$CH,105.000,L1CA,29,1980,34.2,0.152949009,-711.256,-1392.250,0,0
$CH,105.000,L1CA,18,91,35.8,0.999717099,1912.073,176.669,0,1
$CH,105.000,L1CA,20,836,35.6,0.247257925,1709.097,1558.385,0,0
$CH,105.000,L1CA,24,198,37.5,0.370113111,856.618,181.862,0,0
$CH,105.000,L1CA,30,25431,32.3,0.910512604,-193.201,-4711.694,2,0
$CH,105.000,L1CA,22,27391,33.5,0.648336902,773.308,20940.505,0,0
$CH,105.000,L1CA,15,691,35.1,0.215886452,-4187.638,-3003.168,5,0
$CH,105.000,L1CA,3,104091,53.3,0.521752972,801.233,86802.116,16,0
$CH,105.000,L1CA,32,6497,32.6,0.873373013,-236.244,-1535.165,0,0
$CH,105.000,L1CA,12,10791,32.3,0.771329468,-202.737,-2109.691,3,1
$CH,105.000,L1CA,25,1091,34.1,0.109253828,2323.294,2494.217,1,0
$CH,105.000,L1CA,10,11332,32.1,0.486018887,829.004,9436.130,0,2
$CH,105.000,L1CA,27,99591,46.0,0.428311626,1942.775,193321.919,15,0
$CH,105.000,L1CA,13,39498,33.6,0.278567052,-190.181,-7215.664,1,1
$CH,105.000,L1CA,11,1325,33.6,0.644570552,622.344,995.939,0,0
$CH,105.000,L1CA,31,99191,47.3,0.747178223,-2588.119,-257235.751,15,0
$OBS,105.000,2279,388905.000,G09,1C,43.3,24010208.643,-231920.029,2279.686,0
$OBS,105.000,2279,388905.000,G02,1C,45.4,23398576.260,175273.335,-1671.170,0
$OBS,105.000,2279,388905.000,G21,1C,44.9,23470405.893,141636.794,-1405.194,0
$OBS,105.000,2279,388905.000,G16,1C,54.0,19844899.586,16199.363,-197.046,0
$OBS,105.000,2279,388905.000,G07,1C,44.8,24046376.069,-138199.352,1335.527,0
$OBS,105.000,2279,388905.000,G26,1C,49.5,21147947.864,246718.418,-2497.224,0
$OBS,105.000,2279,388905.000,G08,1C,44.0,23875753.790,-215509.650,2118.872,0
$OBS,105.000,2279,388905.000,G01,1C,47.0,23194478.304,220198.038,-2097.688,0
$OBS,105.000,2279,388905.000,G04,1C,48.7,22084120.199,-192316.966,1860.836,0
$OBS,105.000,2279,388905.000,G03,1C,53.3,19942719.678,-86802.917,800.978,0
$OBS,105.000,2279,388905.000,G27,1C,46.0,23212423.497,-193323.862,1943.337,0
$OBS,105.000,2279,388905.000,G31,1C,47.3,23008225.691,257238.839,-2588.731,0
$POS,105.000,2023,9,14,12,1,45.001999997,15.391004483,73.878086160,10.457,7,12
$LOG,105.209,L1CA,12,SIGNAL LOST (L1CA, 31.8)
$LOG,105.227,L1CA,12,SIGNAL FOUND (35.6,-4054.1,0.5939200)
$LOG,105.381,L1CA,23,SIGNAL LOST (L1CA, 31.9)
$LOG,105.409,L1CA,23,SIGNAL FOUND (36.4,1708.7,0.2409600)
$LOG,105.569,L1CA,30,SIGNAL LOST (L1CA, 31.8)
$LOG,105.609,L1CA,30,SIGNAL FOUND (35.0,-3448.3,0.5468800)
$LOG,105.865,L1CA,19,SYMBOL SYNC (79.735)
$LOG,105.886,L1CA,14,SYMBOL SYNC (-67.987)
$LOG,105.909,L1CA,25,SIGNAL LOST (L1CA, 32.0)
$TIME,106.000,2025,4,14,12,36,40.782000,UTC
$LOG,105.954,L1CA,25,SIGNAL FOUND (35.2,-3397.4,0.3550400)
$CH,106.000,L1CA,3,105091,53.3,0.521242352,800.689,87603.085,16,0
$CH,106.000,L1CA,14,11091,32.8,0.447340502,-212.590,-2404.636,1,0
$CH,106.000,L1CA,19,2209,33.3,0.746390430,-196.978,-447.138,0,0
$CH,106.000,L1CA,9,103091,43.4,0.087993021,2280.509,234198.230,16,0
$CH,106.000,L1CA,27,100591,46.0,0.427082876,1942.910,195264.912,15,0
$CH,106.000,L1CA,17,2404,32.0,0.381658447,-4246.008,-10294.140,0,1
$CH,106.000,L1CA,21,101191,44.5,0.289734365,-1404.501,-143039.970,15,0
$CH,106.000,L1CA,28,15600,32.2,0.886180333,-179.798,-2601.298,0,0
$CH,106.000,L1CA,22,28391,33.3,0.647799038,782.516,21715.500,0,0
$CH,106.000,L1CA,29,2980,33.6,0.153261613,-712.330,-2104.231,0,0
$CH,106.000,L1CA,1,105891,46.9,0.369780051,-2097.872,-222293.220,16,0
$CH,106.000,L1CA,4,104591,48.4,0.663515328,1860.839,194176.184,16,0
$CH,106.000,L1CA,15,1691,34.0,0.218455239,-4202.575,-7203.936,5,0
$LOG,106.020,L1CA,29,SIGNAL LOST (L1CA, 31.9)
$CH,106.000,L1CA,32,7497,32.4,0.873477591,-237.529,-1774.164,0,0
$CH,106.000,L1CA,12,773,35.6,0.595894712,-4181.456,-3237.292,3,1
$CH,106.000,L1CA,5,80091,32.4,0.070173914,797.033,66168.059,4,2
$CH,106.000,L1CA,13,40498,33.3,0.278684358,-196.464,-7412.690,1,1
$CH,106.000,L1CA,24,1198,35.1,0.369718843,746.749,967.239,0,0
$CH,106.000,L1CA,2,105490,45.0,0.050308456,-1671.481,-176942.407,16,0
$CH,106.000,L1CA,8,103291,43.7,0.639590874,2120.363,217627.479,16,0
$CH,106.000,L1CA,10,12332,32.3,0.485528666,823.017,10265.741,0,2
$CH,106.000,L1CA,31,100191,46.4,0.748823046,-2588.370,-259823.674,15,0
$CH,106.000,L1CA,18,1091,33.7,0.998597950,1668.756,1947.025,0,1
$CH,106.000,L1CA,7,103491,44.9,0.209219770,1336.407,139534.755,16,0
$CH,106.000,L1CA,6,6291,32.1,0.803702214,-259.984,-1576.113,0,1
$CH,106.000,L1CA,26,100691,49.7,0.543541523,-2498.058,-249213.280,15,0
$CH,106.000,L1CA,25,46,35.2,0.355132983,-3271.930,-153.285,1,0
$CH,106.000,L1CA,16,101791,53.3,0.195600508,-197.468,-16396.188,16,0
$CH,106.000,L1CA,20,1836,33.1,0.246131702,1801.523,3356.555,0,0
$CH,106.000,L1CA,11,2325,32.3,0.644105682,626.214,1624.063,0,0
$CH,106.000,L1CA,23,591,36.4,0.240382369,1686.081,1049.376,0,0
$CH,106.000,L1CA,30,391,35.0,0.547704277,-3646.767,-1408.158,2,0
$OBS,106.000,2279,388906.000,G03,1C,53.3,19942566.604,-87603.886,800.901,0
$OBS,106.000,2279,388906.000,G09,1C,43.4,24009775.860,-234200.011,2280.088,0
$OBS,106.000,2279,388906.000,G27,1C,46.0,23212055.123,-195266.855,1943.071,0
$OBS,106.000,2279,388906.000,G21,1C,44.5,23470672.166,143041.374,-1404.419,0
$OBS,106.000,2279,388906.000,G01,1C,46.9,23194876.937,222295.818,-2097.380,0
$OBS,106.000,2279,388906.000,G04,1C,48.4,22083765.959,-194177.545,1860.560,0
$OBS,106.000,2279,388906.000,G02,1C,45.0,23398894.133,176944.078,-1670.206,0
$OBS,106.000,2279,388906.000,G08,1C,43.7,23875348.282,-217629.599,2120.604,0
$OBS,106.000,2279,388906.000,G31,1C,46.4,23008718.799,259826.762,-2587.924,0
$OBS,106.000,2279,388906.000,G07,1C,44.9,24046118.905,-139535.591,1335.832,0
$OBS,106.000,2279,388906.000,G26,1C,49.7,21148422.195,249216.278,-2498.495,0
$OBS,106.000,2279,388906.000,G16,1C,53.3,19844941.815,16396.385,-197.320,0
$POS,106.000,2023,9,14,12,1,46.002000002,15.391016804,73.878064628,6.976,7,12
$LOG,106.055,L1CA,29,SIGNAL FOUND (36.0,-3527.3,0.5603200)
$LOG,106.164,L1CA,20,SIGNAL LOST (L1CA, 32.0)
$LOG,106.202,L1CA,20,SIGNAL FOUND (36.9,-4534.7,0.0929600)
$LOG,106.309,L1CA,15,SIGNAL LOST (L1CA, 31.6)
$LOG,106.344,L1CA,15,SIGNAL FOUND (36.3,-622.0,0.1086400)
$LOG,106.503,L1CA,32,SIGNAL LOST (L1CA, 31.9)
$LOG,106.596,L1CA,17,SIGNAL LOST (L1CA, 30.5)
$LOG,106.600,L1CA,32,SIGNAL FOUND (35.5,3487.1,0.2433600)
$LOG,106.709,L1CA,17,SIGNAL FOUND (36.2,10.3,0.6206400)
$LOG,106.909,L1CA,5,SIGNAL LOST (L1CA, 31.6)
$LOG,106.909,L1CA,18,SIGNAL LOST (L1CA, 31.1)
$TIME,107.000,2025,4,14,12,36,46.673000,UTC
$LOG,106.999,L1CA,18,SIGNAL FOUND (35.0,-3020.9,0.8843200)
$CH,107.000,L1CA,6,7291,32.4,0.803856209,-255.828,-1831.587,0,1
$CH,107.000,L1CA,7,104491,45.1,0.208370194,1335.079,140870.760,16,0
$CH,107.000,L1CA,8,104291,43.4,0.638248694,2119.819,219747.685,16,0
$CH,107.000,L1CA,30,1391,32.9,0.550058728,-3761.163,-5137.698,2,0
$CH,107.000,L1CA,16,102791,53.5,0.195760325,-197.919,-16593.922,16,0
$CH,107.000,L1CA,3,106091,53.3,0.520721458,800.021,88403.427,16,0
$CH,107.000,L1CA,25,1046,32.9,0.357098947,-3342.821,-3425.739,1,0
$CH,107.000,L1CA,31,101191,46.3,0.750468594,-2587.516,-262411.490,15,0
$CH,107.000,L1CA,11,3325,32.3,0.643630117,631.942,2251.921,0,0
$CH,107.000,L1CA,21,102191,45.0,0.290627428,-1404.464,-144444.370,15,0
$CH,107.000,L1CA,23,1591,34.5,0.239405149,1822.979,2853.636,0,0
$CH,107.000,L1CA,27,101591,46.3,0.425845721,1943.315,197207.941,15,0
$CH,107.000,L1CA,26,101691,50.0,0.545127757,-2498.324,-251711.596,15,0
$CH,107.000,L1CA,28,16600,32.8,0.886320742,-176.034,-2778.085,0,0
$CH,107.000,L1CA,24,2198,33.1,0.369334488,752.322,1715.745,0,0
$CH,107.000,L1CA,9,104091,43.6,0.086541034,2279.886,236478.375,16,0
$CH,107.000,L1CA,17,291,36.2,0.620694074,-88.465,-35.975,0,1
$CH,107.000,L1CA,2,106490,45.0,0.051365835,-1670.817,-178613.014,16,0
$CH,107.000,L1CA,1,106891,47.1,0.371113989,-2097.149,-224390.969,16,0
$CH,107.000,L1CA,15,656,36.3,0.108820506,-799.179,-468.388,5,0
$CH,107.000,L1CA,29,945,36.0,0.562398953,-3642.054,-3338.675,0,0
$CH,107.000,L1CA,4,105591,48.8,0.662333634,1860.648,196036.837,16,0
$CH,107.000,L1CA,22,29391,32.6,0.647301546,783.168,22493.622,0,0
$CH,107.000,L1CA,18,1,35.0,0.884321918,-3020.873,-3.021,0,1
$CH,107.000,L1CA,13,41498,33.3,0.278806074,-199.401,-7610.432,1,1
$CH,107.000,L1CA,12,1773,33.3,0.598622161,-4357.543,-7579.490,3,1
$CH,107.000,L1CA,32,400,35.5,0.242570453,3357.976,1346.635,0,0
$CH,107.000,L1CA,14,12091,32.7,0.447429687,-209.880,-2614.093,1,0
$CH,107.000,L1CA,19,3209,32.1,0.746529793,-201.405,-644.844,0,0
$CH,107.000,L1CA,10,13332,32.6,0.484977396,827.289,11093.859,0,2
$CH,107.000,L1CA,20,798,36.9,0.095252988,-4606.469,-3724.650,0,0
$LOG,107.009,L1CA,5,SIGNAL FOUND (35.8,3373.3,0.8872000)
$OBS,107.000,2279,388907.000,G07,1C,45.1,24045864.201,-140871.595,1336.159,0
$OBS,107.000,2279,388907.000,G08,1C,43.4,23874945.915,-219749.805,2119.960,0
$OBS,107.000,2279,388907.000,G16,1C,53.5,19844989.733,16594.120,-198.462,0
$OBS,107.000,2279,388907.000,G03,1C,53.3,19942410.442,-88404.227,800.321,0
$OBS,107.000,2279,388907.000,G31,1C,46.3,23009212.117,262414.577,-2587.014,0
$OBS,107.000,2279,388907.000,G21,1C,45.0,23470939.905,144445.774,-1404.726,0
$OBS,107.000,2279,388907.000,G27,1C,46.3,23211684.236,-197209.884,1942.169,0
$OBS,107.000,2279,388907.000,G26,1C,50.0,21148897.731,251714.595,-2498.663,0
$OBS,107.000,2279,388907.000,G09,1C,43.6,24009340.564,-236480.155,2279.970,0
$OBS,107.000,2279,388907.000,G02,1C,45.0,23399211.134,178614.685,-1671.453,0
$OBS,107.000,2279,388907.000,G01,1C,47.1,23195276.843,224393.566,-2097.172,0
$OBS,107.000,2279,388907.000,G04,1C,48.8,22083411.702,-196038.198,1861.611,0
$POS,107.000,2023,9,14,12,1,47.002000016,15.391026202,73.878008341,-0.343,7,12
$LOG,107.227,L1CA,12,SIGNAL LOST (L1CA, 31.4)
$LOG,107.251,L1CA,12,SIGNAL NOT FOUND (33.7)
$LOG,107.309,L1CA,12,SIGNAL FOUND (36.0,1917.8,0.8872000)
$LOG,107.609,L1CA,30,SIGNAL LOST (L1CA, 31.8)
$LOG,107.701,L1CA,30,SIGNAL FOUND (36.8,5000.0,0.7003200)
$TIME,108.000,2025,4,14,12,36,51.442000,UTC
$LOG,107.954,L1CA,25,SIGNAL LOST (L1CA, 31.6)
$CH,108.000,L1CA,2,107490,44.2,0.052427380,-1670.301,-180283.496,16,0
$CH,108.000,L1CA,28,17600,32.3,0.886490856,-180.358,-2956.260,0,0
$CH,108.000,L1CA,9,105091,44.2,0.085089789,2281.130,238758.677,16,0
$CH,108.000,L1CA,16,103791,53.0,0.195873917,-199.082,-16792.376,16,0
$CH,108.000,L1CA,20,1798,33.6,0.098216937,-4650.588,-8367.302,0,0
$CH,108.000,L1CA,30,299,36.8,0.699438813,4783.491,1449.421,2,0
$CH,108.000,L1CA,5,991,35.8,0.885263864,3219.461,3257.625,4,2
$CH,108.000,L1CA,23,2591,32.6,0.238271220,1819.824,4673.531,0,0
$CH,108.000,L1CA,17,1291,33.8,0.620799562,-215.722,-248.108,0,1
$CH,108.000,L1CA,32,1400,33.1,0.240399520,3471.701,4771.276,0,0
$CH,108.000,L1CA,1,107891,47.3,0.372442260,-2097.010,-226488.678,16,0
$CH,108.000,L1CA,6,8291,32.7,0.803925066,-254.736,-2085.897,0,1
$CH,108.000,L1CA,19,4209,32.1,0.746751710,-200.906,-843.399,0,0
$CH,108.000,L1CA,22,30391,32.3,0.646768830,783.778,23273.461,0,0
$CH,108.000,L1CA,13,42498,33.5,0.278990864,-201.568,-7808.892,1,1
$CH,108.000,L1CA,12,691,36.0,0.886471650,1786.371,1227.940,3,1
$CH,108.000,L1CA,26,102691,49.9,0.546716058,-2498.691,-254210.370,15,0
$CH,108.000,L1CA,4,106591,48.0,0.661158232,1860.752,197897.571,16,0
$CH,108.000,L1CA,8,105291,43.2,0.636898696,2120.421,221868.144,16,0
$CH,108.000,L1CA,3,107091,53.7,0.520220633,799.157,89203.145,16,0
$CH,108.000,L1CA,27,102591,46.1,0.424616886,1942.610,199150.997,15,0
$CH,108.000,L1CA,21,103191,44.7,0.291517419,-1404.334,-145848.587,15,0
$CH,108.000,L1CA,24,3198,32.2,0.368867376,750.727,2464.611,0,0
$CH,108.000,L1CA,10,14332,32.9,0.484455477,827.064,11921.675,0,2
$CH,108.000,L1CA,31,102191,46.8,0.752106962,-2587.507,-264999.197,15,0
$CH,108.000,L1CA,15,1656,35.1,0.109020676,-652.584,-1141.832,5,0
$CH,108.000,L1CA,7,105491,44.6,0.207529496,1335.813,142206.537,16,0
$CH,108.000,L1CA,11,4325,32.2,0.643151391,629.741,2880.483,0,0
$CH,108.000,L1CA,18,1001,32.7,0.886222509,-3083.418,-3151.272,0,1
$CH,108.000,L1CA,29,1945,33.6,0.564677269,-3618.296,-6960.196,0,0
$CH,108.000,L1CA,14,13091,32.9,0.447579237,-206.375,-2822.457,1,0
$LOG,108.055,L1CA,29,SIGNAL LOST (L1CA, 31.6)
$OBS,108.000,2279,388908.000,G02,1C,44.2,23399529.373,180285.166,-1670.279,0
$OBS,108.000,2279,388908.000,G09,1C,44.2,24008905.495,-238760.458,2280.917,0
$OBS,108.000,2279,388908.000,G16,1C,53.0,19845023.779,16792.575,-199.089,0
$OBS,108.000,2279,388908.000,G01,1C,47.3,23195675.040,226491.275,-2098.026,0
$OBS,108.000,2279,388908.000,G26,1C,49.9,21149373.895,254213.369,-2499.588,0
$OBS,108.000,2279,388908.000,G04,1C,48.0,22083059.330,-197898.931,1861.043,0
$OBS,108.000,2279,388908.000,G08,1C,43.2,23874541.192,-221870.264,2119.212,0
$OBS,108.000,2279,388908.000,G03,1C,53.7,19942260.301,-89203.944,799.402,0
$OBS,108.000,2279,388908.000,G27,1C,46.1,23211315.827,-199152.939,1942.643,0
$OBS,108.000,2279,388908.000,G21,1C,44.7,23471206.701,145849.991,-1403.594,0
$OBS,108.000,2279,388908.000,G31,1C,46.8,23009703.288,265002.285,-2587.410,0
$OBS,108.000,2279,388908.000,G07,1C,44.6,24045612.168,-142207.373,1336.200,0
$POS,108.000,2023,9,14,12,1,48.002000009,15.391021458,73.878035556,2.424,7,12
$LOG,108.009,L1CA,25,SIGNAL FOUND (36.2,1483.5,0.0004800)
$LOG,108.109,L1CA,29,SIGNAL NOT FOUND (34.9)
$LOG,108.239,L1CA,2,FRAME SYNC (N)
$LNAV,108.079,L1CA,2,8B55567E990FFF960BC91110FFA3276F73F71596C9272FAFFFA71F0209F9
$LOG,108.231,L1CA,26,FRAME SYNC (R)
$LNAV,108.071,L1CA,26,8B55567E990FFFDCB6DF60AF003025FFFB7F245213149BEAFFA06302063A
$LOG,108.234,L1CA,4,FRAME SYNC (R)
$LNAV,108.074,L1CA,4,8B55567E990F001365E2DB3DFFFC27424FEB1AD784181729FFA82302E94A
$LOG,108.239,L1CA,21,FRAME SYNC (N)
$LNAV,108.079,L1CA,21,8B55567E990FFFD50B8DF721FF012733E1391641E331A9F5FFA5CF020F75
$LOG,108.227,L1CA,16,FRAME SYNC (N)
$LNAV,108.067,L1CA,16,8B55567E990FFFA8BD5FEE95005727436AD4267F20538147FFA31902003C
$LOG,108.237,L1CA,31,FRAME SYNC (R)
$LNAV,108.077,L1CA,31,8B55567E990FFFA49007C4C3FFC126E7250313F217C45689FFA9C3020A14
$LOG,108.227,L1CA,3,FRAME SYNC (N)
$LNAV,108.067,L1CA,3,8B55567E990FFFF539D93AD0FFC527EFC2612AB32D2C2CEEFFA6700203D1
$LOG,108.241,L1CA,9,FRAME SYNC (R)
$LNAV,108.081,L1CA,9,8B55567E990FFFEF638A90D5000F26FCAD431BDD4F18AEF4FFA61202E975
$LOG,108.240,L1CA,8,FRAME SYNC (N)
$LNAV,108.080,L1CA,8,8B55567E990F0049E34C61ED002626FE02571AD00B1094CCFFA61902EE09
$LOG,108.238,L1CA,27,FRAME SYNC (N)
$LNAV,108.078,L1CA,27,8B55567E990F0016E449881E0057275B63281B681E3CFCFDFFA65A02EEE0
$LOG,108.241,L1CA,7,FRAME SYNC (R)
$LNAV,108.081,L1CA,7,8B55567E990F001F8F328FD0FFA826BCF49A11FEA775E7BBFFAC86020EBD
$LOG,108.238,L1CA,1,FRAME SYNC (R)
$LNAV,108.078,L1CA,1,8B55567E990F005B0FE62318FFCB285C23AF17B3286FFB0BFFAEBC02130A
$LOG,108.209,L1CA,29,SIGNAL FOUND (35.6,-4053.2,0.2865600)
$LOG,108.409,L1CA,23,SIGNAL LOST (L1CA, 31.0)
$LOG,108.462,L1CA,23,SIGNAL FOUND (35.8,1558.1,0.7017600)
$LOG,108.600,L1CA,32,SIGNAL LOST (L1CA, 31.8)
$LOG,108.675,L1CA,11,SIGNAL LOST (L1CA, 31.3)
$LOG,108.619,L1CA,32,SIGNAL FOUND (35.5,2397.0,0.3723200)
$LOG,108.709,L1CA,17,SIGNAL LOST (L1CA, 31.4)
$LOG,108.709,L1CA,11,SIGNAL FOUND (35.5,5000.0,0.1044800)
$LOG,108.802,L1CA,24,SIGNAL LOST (L1CA, 31.5)
$LOG,108.809,L1CA,17,SIGNAL FOUND (36.0,3098.5,0.1032000)
$TIME,109.000,2025,4,14,12,36,58.870000,UTC
$LOG,108.999,L1CA,18,SIGNAL LOST (L1CA, 30.9)
$LOG,108.909,L1CA,24,SIGNAL NOT FOUND (34.9)
$CH,109.000,L1CA,23,538,35.8,0.701238423,1803.403,932.000,0,0
$CH,109.000,L1CA,28,18600,32.6,0.886598175,-182.704,-3134.444,0,0
$CH,109.000,L1CA,13,43498,33.1,0.279126731,-202.970,-8007.977,1,1
$CH,109.000,L1CA,19,5209,32.1,0.746908392,-198.372,-1042.452,0,0
$CH,109.000,L1CA,29,791,35.6,0.288584926,-3953.199,-3256.135,0,0
$CH,109.000,L1CA,20,2798,32.0,0.101154026,-4647.175,-13011.124,0,0
$CH,109.000,L1CA,12,1691,33.9,0.885533612,1801.276,3027.988,3,1
$CH,109.000,L1CA,10,15332,33.6,0.483940215,825.246,12751.136,0,2
$CH,109.000,L1CA,32,381,35.5,0.371808912,2287.002,861.570,0,0
$CH,109.000,L1CA,31,103191,46.5,0.753750867,-2587.301,-267586.795,16,0
$CH,109.000,L1CA,4,107591,48.1,0.659977921,1860.275,199758.376,17,0
$CH,109.000,L1CA,14,14091,33.2,0.447664362,-206.947,-3029.987,1,0
$CH,109.000,L1CA,21,104191,44.0,0.292418316,-1403.902,-147252.621,16,0
$CH,109.000,L1CA,6,9291,32.9,0.804012897,-252.310,-2341.545,0,1
$CH,109.000,L1CA,2,108490,44.8,0.053490908,-1670.048,-181953.846,17,0
$CH,109.000,L1CA,8,106291,43.0,0.635556109,2119.716,223988.854,17,0
$CH,109.000,L1CA,11,291,35.5,0.103622629,4689.393,1397.853,0,0
$CH,109.000,L1CA,25,992,36.2,0.999800155,1176.766,1305.353,1,0
$CH,109.000,L1CA,3,108091,53.5,0.519720138,799.016,90002.228,17,0
$CH,109.000,L1CA,30,1299,34.1,0.696437017,4809.102,6237.161,2,0
$CH,109.000,L1CA,16,104791,52.2,0.195964520,-199.419,-16991.534,17,0
$CH,109.000,L1CA,7,106491,44.1,0.206684460,1336.123,143542.074,17,0
$CH,109.000,L1CA,26,103691,50.3,0.548300364,-2499.598,-256709.596,16,0
$CH,109.000,L1CA,15,2656,33.8,0.109329301,-666.100,-1800.849,5,0
$CH,109.000,L1CA,5,1991,32.9,0.883261858,3231.146,6489.218,4,2
$CH,109.000,L1CA,9,106091,43.7,0.083654938,2279.398,241039.141,17,0
$CH,109.000,L1CA,27,103591,46.1,0.423389603,1943.886,201094.091,16,0
$LOG,109.009,L1CA,5,SIGNAL LOST (L1CA, 31.3)
$CH,109.000,L1CA,22,31391,32.7,0.646262782,774.869,24052.442,0,0
$CH,109.000,L1CA,17,191,36.0,0.102826377,3279.808,619.549,0,1
$CH,109.000,L1CA,1,108891,47.5,0.373772655,-2097.257,-228586.365,17,0
$LOG,109.009,L1CA,18,SIGNAL FOUND (36.3,2477.0,0.0132800)
$OBS,109.000,2279,388909.000,G31,1C,46.5,23010196.134,267589.882,-2587.525,0
$OBS,109.000,2279,388909.000,G04,1C,48.1,22082705.475,-199759.736,1860.197,0
$OBS,109.000,2279,388909.000,G21,1C,44.0,23471476.796,147254.025,-1403.405,0
$OBS,109.000,2279,388909.000,G02,1C,44.8,23399848.206,181955.516,-1670.192,0
$OBS,109.000,2279,388909.000,G03,1C,53.5,19942110.246,-90003.027,798.799,0
$OBS,109.000,2279,388909.000,G16,1C,52.2,19845050.949,16991.733,-199.740,0
$OBS,109.000,2279,388909.000,G07,1C,44.1,24045358.826,-143542.910,1335.375,0
$OBS,109.000,2279,388909.000,G26,1C,50.3,21149848.855,256712.596,-2499.103,0
$OBS,109.000,2279,388909.000,G09,1C,43.7,24008475.330,-241040.920,2279.188,0
$OBS,109.000,2279,388909.000,G27,1C,46.1,23210947.907,-201096.035,1943.108,0
$OBS,109.000,2279,388909.000,G01,1C,47.5,23196073.882,228588.962,-2097.487,0
$OBS,109.000,2279,388909.000,G08,1C,43.0,23874138.703,-223990.974,2120.951,0
$POS,109.000,2023,9,14,12,1,49.001999990,15.391009698,73.878084054,12.739,7,12
$LOG,109.109,L1CA,24,SIGNAL FOUND (35.9,-3550.4,0.1852800)
$LOG,109.202,L1CA,20,SIGNAL LOST (L1CA, 31.1)
$LOG,109.209,L1CA,5,SIGNAL FOUND (35.3,-4006.2,0.9907200)
$LOG,109.309,L1CA,20,SIGNAL FOUND (35.4,486.2,0.8332800)
$TIME,110.000,2025,4,14,12,37,6.589000,UTC
$CH,110.000,L1CA,30,2299,32.4,0.693399796,4817.965,11052.267,2,0
$CH,110.000,L1CA,2,109490,45.0,0.054551425,-1670.116,-183624.074,17,0
$CH,110.000,L1CA,32,1381,33.6,0.370509581,2202.248,3114.897,0,0
$CH,110.000,L1CA,21,105191,43.2,0.293300481,-1403.649,-148656.481,16,0
$CH,110.000,L1CA,14,15091,32.9,0.447841537,-202.966,-3236.534,1,0
$CH,110.000,L1CA,29,1791,32.6,0.291124899,-4046.265,-7286.498,0,0
$CH,110.000,L1CA,6,10291,32.9,0.804196246,-259.431,-2596.181,0,1
$CH,110.000,L1CA,23,1538,33.5,0.700283231,1784.221,2713.670,0,0
$CH,110.000,L1CA,28,19600,32.4,0.886757633,-178.998,-3315.529,0,0
$CH,110.000,L1CA,5,791,35.3,0.992827354,-4500.027,-3387.939,4,2
$CH,110.000,L1CA,25,1992,34.5,0.999208206,1181.019,2493.157,1,0
$CH,110.000,L1CA,17,1191,33.7,0.100811362,3151.816,3799.164,0,1
$CH,110.000,L1CA,31,104191,46.8,0.755397572,-2587.681,-270174.284,16,0
$LOG,110.008,L1CA,25,SIGNAL LOST (L1CA, 31.4)
$CH,110.000,L1CA,9,107091,43.7,0.082203329,2280.560,243319.760,17,0
$CH,110.000,L1CA,13,44498,32.8,0.279248443,-201.234,-8207.869,1,1
$CH,110.000,L1CA,4,108591,48.0,0.658791290,1860.737,201619.269,17,0
$CH,110.000,L1CA,11,1291,33.2,0.100613230,4690.155,6089.999,0,0
$CH,110.000,L1CA,16,105791,52.2,0.196104746,-200.429,-17191.410,17,0
$CH,110.000,L1CA,18,991,36.3,0.011985619,2225.389,2274.180,0,1
$CH,110.000,L1CA,1,109891,47.9,0.375113095,-2098.408,-230684.011,17,0
$CH,110.000,L1CA,15,3656,32.8,0.109604138,-660.352,-2461.459,5,0
$CH,110.000,L1CA,10,16332,33.2,0.483446905,834.594,13580.496,0,2
$CH,110.000,L1CA,26,104691,49.7,0.549885362,-2500.100,-259209.276,16,0
$CH,110.000,L1CA,27,104591,45.8,0.422144124,1942.792,203037.219,16,0
$CH,110.000,L1CA,24,891,35.9,0.187281668,-3665.986,-3280.808,0,0
$CH,110.000,L1CA,22,32391,32.2,0.645764265,783.673,24833.172,0,0
$CH,110.000,L1CA,7,107491,44.3,0.205829088,1334.811,144877.381,17,0
$CH,110.000,L1CA,8,107291,43.0,0.634211514,2119.648,226109.811,17,0
$CH,110.000,L1CA,20,691,35.4,0.833133691,280.156,197.288,0,0
$CH,110.000,L1CA,19,6209,32.5,0.747014727,-203.966,-1242.860,0,0
$CH,110.000,L1CA,12,2691,32.3,0.884457643,1804.430,4824.605,3,1
$CH,110.000,L1CA,3,109091,53.2,0.519211422,798.232,90800.686,17,0
$OBS,110.000,2279,388910.000,G02,1C,45.0,23400166.149,183625.744,-1669.621,0
$OBS,110.000,2279,388910.000,G31,1C,46.8,23010689.801,270177.371,-2587.789,0
$OBS,110.000,2279,388910.000,G09,1C,43.7,24008040.156,-243321.541,2280.835,0
$OBS,110.000,2279,388910.000,G04,1C,48.0,22082349.734,-201620.630,1861.121,0
$OBS,110.000,2279,388910.000,G16,1C,52.2,19845092.986,17191.611,-199.819,0
$OBS,110.000,2279,388910.000,G01,1C,47.9,23196475.743,230686.610,-2097.010,0
$OBS,110.000,2279,388910.000,G26,1C,49.7,21150324.025,259212.276,-2500.166,0
$OBS,110.000,2279,388910.000,G27,1C,45.8,23210574.524,-203039.162,1943.083,0
$OBS,110.000,2279,388910.000,G07,1C,44.3,24045102.395,-144878.216,1335.101,0
$OBS,110.000,2279,388910.000,G08,1C,43.0,23873735.603,-226111.931,2120.711,0
$OBS,110.000,2279,388910.000,G03,1C,53.2,19941957.749,-90801.484,797.969,0
$OBS,110.000,2279,388910.000,G21,1C,43.2,23471741.254,148657.884,-1403.313,0
$POS,110.000,2023,9,14,12,1,50.002000000,15.391010661,73.878067755,7.969,7,12
$LOG,110.053,L1CA,25,SIGNAL FOUND (35.4,626.8,0.5571200)
$LOG,110.209,L1CA,29,SIGNAL LOST (L1CA, 30.7)
$LOG,110.284,L1CA,29,SIGNAL FOUND (35.1,2060.0,0.5142400)
$LOG,110.309,L1CA,12,SIGNAL LOST (L1CA, 31.9)
$LOG,110.344,L1CA,15,SIGNAL LOST (L1CA, 31.8)
$LOG,110.352,L1CA,12,SIGNAL FOUND (35.9,105.2,0.0966400)
$LOG,110.400,L1CA,28,SIGNAL LOST (L1CA, 31.1)
$LOG,110.462,L1CA,23,SIGNAL LOST (L1CA, 31.5)
$LOG,110.409,L1CA,15,SIGNAL FOUND (36.5,-38.1,0.7564800)
$LOG,110.509,L1CA,23,SIGNAL FOUND (35.5,-1967.1,0.1572800)
$LOG,110.609,L1CA,22,SIGNAL LOST (L1CA, 31.9)
$LOG,110.609,L1CA,28,SIGNAL FOUND (35.1,-1360.0,0.9001600)
$LOG,110.709,L1CA,11,SIGNAL LOST (L1CA, 31.4)
$LOG,110.701,L1CA,30,SIGNAL LOST (L1CA, 30.7)
$LOG,110.709,L1CA,22,SIGNAL FOUND (35.3,-957.7,0.0809600)
$LOG,110.809,L1CA,30,SIGNAL FOUND (37.6,3135.7,0.5051200)
$TIME,111.000,2025,4,14,12,37,14.161000,UTC
$LOG,110.909,L1CA,11,SIGNAL FOUND (35.5,-3938.4,0.0464000)
$CH,111.000,L1CA,19,7209,32.5,0.747122834,-199.293,-1443.467,0,0
$CH,111.000,L1CA,21,106191,43.9,0.294189664,-1404.185,-150060.148,16,0
$CH,111.000,L1CA,11,91,35.5,0.046608866,-3740.235,-348.992,0,0
$CH,111.000,L1CA,22,291,35.3,0.081156628,-799.847,-265.315,0,0
$CH,111.000,L1CA,10,17332,32.6,0.482946186,820.689,14407.148,0,2
$CH,111.000,L1CA,5,1791,32.5,0.995694736,-4544.367,-7938.461,4,2
$CH,111.000,L1CA,6,11291,33.0,0.804361191,-257.383,-2848.447,0,1
$CH,111.000,L1CA,26,105691,50.1,0.551475502,-2500.249,-261709.409,16,0
$CH,111.000,L1CA,7,108491,44.3,0.204986385,1334.393,146212.455,17,0
$CH,111.000,L1CA,23,491,35.5,0.157969472,-2219.963,-1065.080,0,0
$CH,111.000,L1CA,25,947,35.4,0.556702502,823.433,722.120,1,0
$CH,111.000,L1CA,18,1991,33.9,0.010566502,2214.079,4495.128,0,1
$CH,111.000,L1CA,32,2381,32.7,0.369137226,2211.013,5322.537,0,0
$CH,111.000,L1CA,9,108091,43.4,0.080756490,2280.560,245600.538,17,0
$CH,111.000,L1CA,16,106791,52.1,0.196240066,-200.760,-17391.997,17,0
$CH,111.000,L1CA,29,716,35.1,0.513492241,1816.345,1290.953,0,0
$CH,111.000,L1CA,20,1691,33.6,0.832885104,195.817,412.952,0,0
$CH,111.000,L1CA,17,2191,32.4,0.098916118,3152.475,6947.290,0,1
$CH,111.000,L1CA,27,105591,45.4,0.420918247,1942.796,204980.376,16,0
$CH,111.000,L1CA,12,648,35.9,0.096480612,301.365,155.496,3,1
$CH,111.000,L1CA,30,191,37.6,0.504719106,3299.562,625.586,2,0
$CH,111.000,L1CA,2,110490,44.6,0.055617955,-1670.402,-185294.169,17,0
$CH,111.000,L1CA,14,16091,32.3,0.447976892,-196.256,-3436.991,1,0
$CH,111.000,L1CA,31,105191,46.1,0.757037649,-2587.079,-272761.653,16,0
$CH,111.000,L1CA,24,1891,34.0,0.189560414,-3615.958,-6894.153,0,0
$CH,111.000,L1CA,4,109591,47.6,0.657614730,1861.469,203480.226,17,0
$CH,111.000,L1CA,13,45498,33.2,0.279349630,-199.889,-8408.423,1,1
$CH,111.000,L1CA,3,110091,52.9,0.518712113,797.481,91598.514,17,0
$CH,111.000,L1CA,15,591,36.5,0.756562554,-232.102,-112.740,5,0
$CH,111.000,L1CA,1,110891,48.0,0.376439773,-2096.981,-232781.632,17,0
$CH,111.000,L1CA,28,391,35.1,0.900444918,-1036.692,-443.860,0,0
$CH,111.000,L1CA,8,108291,43.6,0.632871722,2120.711,228231.027,17,0
$OBS,111.000,2279,388911.000,G21,1C,43.9,23472007.823,150061.552,-1403.969,0
$OBS,111.000,2279,388911.000,G26,1C,50.1,21150800.730,261712.409,-2500.824,0
$OBS,111.000,2279,388911.000,G07,1C,44.3,24044849.768,-146213.289,1335.074,0
$OBS,111.000,2279,388911.000,G09,1C,43.4,24007606.396,-245602.319,2281.043,0
$OBS,111.000,2279,388911.000,G16,1C,52.1,19845133.558,17392.197,-201.345,0
$OBS,111.000,2279,388911.000,G27,1C,45.4,23210207.005,-204982.319,1942.600,0
$OBS,111.000,2279,388911.000,G02,1C,44.6,23400485.872,185295.839,-1670.369,0
$OBS,111.000,2279,388911.000,G31,1C,46.1,23011181.478,272764.740,-2587.655,0
$OBS,111.000,2279,388911.000,G04,1C,47.6,22081997.013,-203481.588,1861.453,0
$OBS,111.000,2279,388911.000,G03,1C,52.9,19941808.061,-91599.311,797.594,0
$OBS,111.000,2279,388911.000,G01,1C,48.0,23196873.468,232784.229,-2097.085,0
$OBS,111.000,2279,388911.000,G08,1C,43.6,23873333.934,-228233.148,2121.600,0
$POS,111.000,2023,9,14,12,1,51.001999999,15.391022219,73.878071867,5.715,7,12
$LOG,111.209,L1CA,5,SIGNAL LOST (L1CA, 31.2)
$LOG,111.269,L1CA,5,SIGNAL FOUND (35.3,5000.0,0.6633600)
$LOG,111.619,L1CA,32,SIGNAL LOST (L1CA, 31.8)
$LOG,111.683,L1CA,32,SIGNAL NOT FOUND (34.8)
$LOG,111.709,L1CA,32,SIGNAL FOUND (35.7,1506.2,0.3811200)
$LOG,111.809,L1CA,17,SIGNAL LOST (L1CA, 31.2)
$LOG,111.820,L1CA,17,SIGNAL FOUND (36.0,-1469.1,0.3678400)
$TIME,112.000,2025,4,14,12,37,21.864000,UTC
$CH,112.000,L1CA,17,180,36.0,0.368015951,-1653.705,-291.949,0,1
$CH,112.000,L1CA,1,111891,47.9,0.377764967,-2097.299,-234879.218,17,0
$CH,112.000,L1CA,12,1648,35.4,0.096282354,168.936,349.652,3,1
$CH,112.000,L1CA,14,17091,32.9,0.448084946,-202.071,-3638.854,1,0
$CH,112.000,L1CA,11,1091,34.6,0.048835793,-3714.863,-4038.151,0,0
$CH,112.000,L1CA,3,111091,52.3,0.518189792,797.151,92395.715,17,0
$CH,112.000,L1CA,13,46498,33.1,0.279503149,-198.237,-8609.904,1,1
$CH,112.000,L1CA,16,107791,52.4,0.196400023,-201.498,-17593.297,17,0
$CH,112.000,L1CA,4,110591,47.3,0.656435250,1861.290,205341.267,17,0
$CH,112.000,L1CA,32,291,35.7,0.380842709,1255.936,382.822,0,0
$CH,112.000,L1CA,19,8209,32.7,0.747290084,-207.241,-1645.406,0,0
$CH,112.000,L1CA,8,109291,44.1,0.631521391,2120.754,230352.494,17,0
$CH,112.000,L1CA,5,731,35.3,0.661187862,4704.608,3496.078,4,2
$CH,112.000,L1CA,29,1716,33.9,0.512530968,1756.870,3051.240,0,0
$CH,112.000,L1CA,30,1191,35.0,0.502746595,3285.737,3877.450,2,0
$CH,112.000,L1CA,24,2891,32.2,0.191875274,-3608.441,-10504.351,0,0
$CH,112.000,L1CA,23,1491,32.9,0.159266622,-2140.306,-3235.954,0,0
$CH,112.000,L1CA,6,12291,32.8,0.804477208,-256.306,-3102.245,0,1
$CH,112.000,L1CA,31,106191,46.2,0.758674237,-2586.303,-275348.925,16,0
$CH,112.000,L1CA,15,1591,35.1,0.756578982,-257.458,-357.229,5,0
$CH,112.000,L1CA,10,18332,32.5,0.482453231,825.293,15233.183,0,2
$CH,112.000,L1CA,26,106691,50.3,0.553061283,-2500.147,-264210.000,16,0
$CH,112.000,L1CA,27,106591,44.7,0.419688557,1943.032,206923.568,16,0
$CH,112.000,L1CA,25,1947,34.3,0.556184750,777.252,1496.821,1,0
$CH,112.000,L1CA,7,109491,44.1,0.204137809,1334.328,147547.293,17,0
$CH,112.000,L1CA,20,2691,32.3,0.832629508,192.646,604.340,0,0
$CH,112.000,L1CA,22,1291,33.3,0.081634251,-695.998,-964.024,0,0
$CH,112.000,L1CA,21,107191,44.5,0.295079225,-1404.271,-151463.636,16,0
$CH,112.000,L1CA,9,109091,43.7,0.079308063,2281.443,247881.485,17,0
$CH,112.000,L1CA,2,111490,45.0,0.056669826,-1670.390,-186964.136,17,0
$CH,112.000,L1CA,28,1391,32.6,0.901107429,-1076.168,-1541.230,0,0
$CH,112.000,L1CA,18,2991,32.4,0.009222698,2228.638,6716.755,0,1
$OBS,112.000,2279,388912.000,G01,1C,47.9,23197270.757,234881.816,-2097.853,0
$LOG,112.009,L1CA,18,SIGNAL LOST (L1CA, 31.8)
$OBS,112.000,2279,388912.000,G03,1C,52.3,19941651.463,-92396.512,796.946,0
$OBS,112.000,2279,388912.000,G16,1C,52.4,19845181.511,17593.498,-201.965,0
$OBS,112.000,2279,388912.000,G04,1C,47.3,22081643.402,-205342.628,1861.468,0
$OBS,112.000,2279,388912.000,G08,1C,44.1,23872929.123,-230354.614,2121.595,0
$OBS,112.000,2279,388912.000,G31,1C,46.2,23011672.109,275352.011,-2588.177,0
$OBS,112.000,2279,388912.000,G26,1C,50.3,21151276.144,264213.000,-2501.285,0
$OBS,112.000,2279,388912.000,G27,1C,44.7,23209838.352,-206925.511,1942.480,0
$OBS,112.000,2279,388912.000,G07,1C,44.1,24044595.361,-147548.127,1334.701,0
$OBS,112.000,2279,388912.000,G21,1C,44.5,23472274.515,151465.040,-1402.579,0
$OBS,112.000,2279,388912.000,G09,1C,43.7,24007172.165,-247883.267,2280.631,0
$OBS,112.000,2279,388912.000,G02,1C,45.0,23400801.215,186965.806,-1670.433,0
$POS,112.000,2023,9,14,12,1,52.002000013,15.391036711,73.878014240,-1.070,7,12
$LOG,112.020,L1CA,18,SIGNAL FOUND (35.1,-4263.6,0.1172800)
$LOG,112.309,L1CA,20,SIGNAL LOST (L1CA, 30.7)
$LOG,112.328,L1CA,20,SIGNAL FOUND (36.5,850.5,0.5580800)
$LOG,112.509,L1CA,23,SIGNAL LOST (L1CA, 30.8)
$LOG,112.549,L1CA,23,SIGNAL FOUND (35.6,-1566.5,0.6196800)
$TIME,113.000,2025,4,14,12,37,29.604000,UTC
$CH,113.000,L1CA,6,13291,32.8,0.804658297,-251.350,-3356.383,0,1
$CH,113.000,L1CA,20,672,36.5,0.557772642,807.645,518.819,0,0
$CH,113.000,L1CA,7,110491,44.8,0.203287352,1334.342,148881.899,17,0
$CH,113.000,L1CA,18,980,35.1,0.119809129,-4128.426,-4088.747,0,1
$CH,113.000,L1CA,1,112891,47.7,0.379104076,-2098.344,-236976.767,17,0
$CH,113.000,L1CA,12,2648,34.0,0.096032083,172.536,521.377,3,1
$CH,113.000,L1CA,28,2391,32.1,0.901741996,-1083.590,-2621.474,0,0
$CH,113.000,L1CA,13,47498,32.9,0.279628857,-198.926,-8812.289,1,1
$CH,113.000,L1CA,14,18091,33.0,0.448167111,-204.323,-3841.446,1,0
$CH,113.000,L1CA,27,107591,45.4,0.418450130,1942.198,208866.796,16,0
$CH,113.000,L1CA,4,111591,47.8,0.655250585,1861.167,207202.382,17,0
$CH,113.000,L1CA,19,9209,32.3,0.747380373,-200.197,-1847.272,0,0
$CH,113.000,L1CA,29,2716,32.3,0.511578634,1759.864,4805.802,0,0
$CH,113.000,L1CA,9,110091,43.8,0.077852854,2280.461,250162.583,17,0
$CH,113.000,L1CA,26,107691,50.4,0.554652069,-2501.698,-266711.042,16,0
$CH,113.000,L1CA,5,1731,33.3,0.658236283,4716.380,8211.305,4,2
$CH,113.000,L1CA,22,2291,32.7,0.082085300,-696.593,-1663.476,0,0
$CH,113.000,L1CA,24,3891,32.2,0.194255761,-3607.890,-14115.545,0,0
$CH,113.000,L1CA,25,2947,33.8,0.555707484,775.577,2271.386,1,0
$CH,113.000,L1CA,15,2591,34.1,0.756698733,-247.659,-610.709,5,0
$CH,113.000,L1CA,10,19332,32.5,0.481956639,825.604,16057.714,0,2
$CH,113.000,L1CA,2,112490,45.3,0.057725399,-1669.652,-188633.970,17,0
$CH,113.000,L1CA,21,108191,44.6,0.295971913,-1403.646,-152866.949,16,0
$CH,113.000,L1CA,23,451,35.6,0.620199397,-1740.863,-773.715,0,0
$CH,113.000,L1CA,16,108791,52.9,0.196507017,-202.296,-17795.309,17,0
$CH,113.000,L1CA,8,110291,44.5,0.630178304,2122.631,232474.205,17,0
$CH,113.000,L1CA,32,1291,33.4,0.380096188,1217.755,1647.367,0,0
$CH,113.000,L1CA,11,2091,32.3,0.051154580,-3710.233,-7752.004,0,0
$CH,113.000,L1CA,31,107191,46.3,0.760318330,-2587.246,-277936.084,16,0
$CH,113.000,L1CA,17,1180,34.5,0.368983763,-1670.752,-1980.443,0,1
$CH,113.000,L1CA,3,112091,52.2,0.517680359,796.243,93192.287,17,0
$CH,113.000,L1CA,30,2191,32.8,0.500617904,3283.226,7156.365,2,0
$OBS,113.000,2279,388913.000,G07,1C,44.8,24044340.414,-148882.733,1334.897,0
$OBS,113.000,2279,388913.000,G01,1C,47.7,23197672.200,236979.365,-2098.123,0
$OBS,113.000,2279,388913.000,G27,1C,45.4,23209467.081,-208868.738,1944.304,0
$OBS,113.000,2279,388913.000,G04,1C,47.8,22081288.255,-207203.743,1861.575,0
$OBS,113.000,2279,388913.000,G09,1C,43.8,24006735.910,-250164.364,2280.073,0
$OBS,113.000,2279,388913.000,G26,1C,50.4,21151753.041,266714.044,-2501.555,0
$OBS,113.000,2279,388913.000,G02,1C,45.3,23401117.675,188635.640,-1670.196,0
$OBS,113.000,2279,388913.000,G21,1C,44.6,23472542.131,152868.352,-1403.070,0
$OBS,113.000,2279,388913.000,G16,1C,52.9,19845213.585,17795.512,-202.448,0
$OBS,113.000,2279,388913.000,G08,1C,44.5,23872526.477,-232476.327,2121.560,0
$OBS,113.000,2279,388913.000,G31,1C,46.3,23012165.008,277939.171,-2587.904,0
$OBS,113.000,2279,388913.000,G03,1C,52.2,19941498.738,-93193.083,796.237,0
$POS,113.000,2023,9,14,12,1,53.002000007,15.391017466,73.878024302,4.982,7,12
$LOG,113.109,L1CA,24,SIGNAL LOST (L1CA, 31.0)
$LOG,113.151,L1CA,24,SIGNAL FOUND (35.9,-1562.1,0.9264000)
$LOG,113.269,L1CA,5,SIGNAL LOST (L1CA, 31.2)
$LOG,113.284,L1CA,29,SIGNAL LOST (L1CA, 30.1)
$LOG,113.352,L1CA,12,SIGNAL LOST (L1CA, 31.8)
$LOG,113.309,L1CA,29,SIGNAL FOUND (36.7,-3464.6,0.3774400)
$LOG,113.409,L1CA,5,SIGNAL FOUND (35.9,1307.1,0.1388800)
$LOG,113.509,L1CA,12,SIGNAL FOUND (35.6,3921.4,0.9240000)
$LOG,113.609,L1CA,28,SIGNAL LOST (L1CA, 30.9)
$LOG,113.650,L1CA,28,SIGNAL FOUND (35.9,-23.6,0.5912000)
$LOG,113.791,L1CA,19,SIGNAL LOST (L1CA, 31.7)
$LOG,113.809,L1CA,30,SIGNAL LOST (L1CA, 31.8)
$LOG,113.809,L1CA,19,SIGNAL FOUND (35.5,441.2,0.1457600)
$LOG,113.909,L1CA,11,SIGNAL LOST (L1CA, 30.1)
$TIME,114.000,2025,4,14,12,37,37.350000,UTC
$LOG,113.909,L1CA,30,SIGNAL FOUND (35.9,1075.4,0.0324800)
$CH,114.000,L1CA,13,48498,32.7,0.279687476,-199.196,-9014.941,1,1
$CH,114.000,L1CA,19,191,35.5,0.145713506,296.367,64.447,0,0
$CH,114.000,L1CA,12,491,35.6,0.922825302,3813.850,1861.508,3,1
$CH,114.000,L1CA,16,109791,52.7,0.196609397,-203.007,-17998.033,17,0
$CH,114.000,L1CA,1,113891,47.4,0.380430270,-2097.442,-239074.289,17,0
$CH,114.000,L1CA,27,108591,45.3,0.417213923,1943.207,210810.045,16,0
$CH,114.000,L1CA,31,108191,46.5,0.761965134,-2585.431,-280523.129,16,0
$CH,114.000,L1CA,5,591,35.9,0.138465666,1327.405,767.312,4,2
$CH,114.000,L1CA,4,112591,47.8,0.654069710,1861.171,209063.576,17,0
$CH,114.000,L1CA,21,109191,44.4,0.296858273,-1403.059,-154270.077,16,0
$CH,114.000,L1CA,24,849,35.9,0.927270379,-1742.152,-1484.578,0,0
$CH,114.000,L1CA,18,1980,33.0,0.122400533,-4133.530,-8216.396,0,1
$CH,114.000,L1CA,3,113091,51.9,0.517182672,795.653,93988.228,17,0
$CH,114.000,L1CA,26,108691,50.5,0.556240196,-2501.444,-269212.544,16,0
$LOG,114.020,L1CA,18,SIGNAL LOST (L1CA, 31.1)
$CH,114.000,L1CA,20,1672,34.0,0.557444120,770.966,1299.119,0,0
$CH,114.000,L1CA,9,111091,43.3,0.076405178,2280.592,252443.847,17,0
$CH,114.000,L1CA,17,2180,32.2,0.370018605,-1677.253,-3654.811,0,1
$CH,114.000,L1CA,25,3947,33.4,0.555283861,778.625,3046.834,1,0
$CH,114.000,L1CA,15,3591,33.3,0.756901010,-252.367,-863.599,5,0
$CH,114.000,L1CA,32,2291,32.8,0.379344899,1222.630,2869.171,0,0
$CH,114.000,L1CA,6,14291,32.8,0.804756863,-251.346,-3610.747,0,1
$CH,114.000,L1CA,2,113490,45.1,0.058789442,-1669.423,-190303.677,17,0
$CH,114.000,L1CA,28,350,35.9,0.591183532,-291.387,-65.615,0,0
$CH,114.000,L1CA,23,1451,34.0,0.621133913,-1674.538,-2460.396,0,0
$CH,114.000,L1CA,8,111291,44.2,0.628828102,2121.770,234596.176,17,0
$CH,114.000,L1CA,14,19091,32.6,0.448269415,-201.265,-4044.513,1,0
$CH,114.000,L1CA,22,3291,32.5,0.082544367,-706.602,-2365.948,0,0
$CH,114.000,L1CA,7,111491,45.0,0.202445201,1334.844,150216.268,17,0
$CH,114.000,L1CA,29,691,36.7,0.378955543,-3544.030,-2480.493,0,0
$CH,114.000,L1CA,30,91,35.9,0.032409730,1259.206,106.664,2,0
$CH,114.000,L1CA,10,20332,32.2,0.481473750,824.356,16882.640,0,2
$LOG,114.009,L1CA,11,SIGNAL FOUND (35.2,-154.1,0.1624000)
$OBS,114.000,2279,388914.000,G16,1C,52.7,19845244.280,17998.236,-203.071,0
$OBS,114.000,2279,388914.000,G01,1C,47.4,23198069.785,239076.887,-2096.906,0
$OBS,114.000,2279,388914.000,G27,1C,45.3,23209096.473,-210811.988,1943.481,0
$OBS,114.000,2279,388914.000,G31,1C,46.5,23012658.709,280526.214,-2587.073,0
$OBS,114.000,2279,388914.000,G04,1C,47.8,22080934.243,-209064.937,1861.248,0
$OBS,114.000,2279,388914.000,G21,1C,44.4,23472807.863,154271.480,-1403.539,0
$OBS,114.000,2279,388914.000,G26,1C,50.5,21152229.152,269215.546,-2502.081,0
$OBS,114.000,2279,388914.000,G09,1C,43.3,24006301.905,-252445.627,2281.430,0
$OBS,114.000,2279,388914.000,G02,1C,45.1,23401436.665,190305.346,-1668.958,0
$OBS,114.000,2279,388914.000,G08,1C,44.2,23872121.684,-234598.297,2121.237,0
$OBS,114.000,2279,388914.000,G07,1C,45.0,24044087.944,-150217.103,1334.053,0
$OBS,114.000,2279,388914.000,G03,1C,51.9,19941349.539,-93989.023,795.343,0
$POS,114.000,2023,9,14,12,1,54.001999994,15.391001654,73.878065399,12.012,7,12
$LOG,114.109,L1CA,18,SIGNAL FOUND (35.4,-1028.3,0.0705600)
$LOG,114.227,L1CA,16,FRAME SYNC (N)
$LNAV,114.067,L1CA,16,8B55567E9992755555555555555555555555555555555555555555555554
$LOG,114.227,L1CA,3,FRAME SYNC (N)
$LNAV,114.067,L1CA,3,8B55567E9992755555555555555555555555555555555555555555555554
$LOG,114.238,L1CA,1,FRAME SYNC (R)
$LNAV,114.078,L1CA,1,8B55567E9992755555555555555555555555555555555555555555555554
$LOG,114.241,L1CA,9,FRAME SYNC (R)
$LOG,114.238,L1CA,27,FRAME SYNC (N)
$LNAV,114.081,L1CA,9,8B55567E9992755555555555555555555555555555555555555555555554
$LNAV,114.078,L1CA,27,8B55567E9992755555555555555555555555555555555555555555555554
$LOG,114.234,L1CA,4,FRAME SYNC (R)
$LNAV,114.074,L1CA,4,8B55567E9992755555555555555555555555555555555555555555555554
$LOG,114.239,L1CA,2,FRAME SYNC (N)
$LNAV,114.079,L1CA,2,8B55567E9992755555555555555555555555555555555555555555555554
$LOG,114.240,L1CA,8,FRAME SYNC (N)
$LNAV,114.080,L1CA,8,8B55567E9992755555555555555555555555555555555555555555555554
$LOG,114.231,L1CA,26,FRAME SYNC (R)
$LNAV,114.071,L1CA,26,8B55567E9992755555555555555555555555555555555555555555555554
$LOG,114.239,L1CA,21,FRAME SYNC (N)
$LNAV,114.079,L1CA,21,8B55567E9992755555555555555555555555555555555555555555555554
$LOG,114.241,L1CA,7,FRAME SYNC (R)
$LNAV,114.081,L1CA,7,8B55567E9992755555555555555555555555555555555555555555555554
$LOG,114.237,L1CA,31,FRAME SYNC (R)
$LNAV,114.077,L1CA,31,8B55567E9992755555555555555555555555555555555555555555555554
$LOG,114.549,L1CA,23,SIGNAL LOST (L1CA, 30.9)
$LOG,114.587,L1CA,23,SIGNAL FOUND (35.4,-373.3,0.4700800)
$LOG,114.709,L1CA,22,SIGNAL LOST (L1CA, 31.8)
$LOG,114.820,L1CA,17,SIGNAL LOST (L1CA, 31.4)
$LOG,114.803,L1CA,22,SIGNAL FOUND (35.9,-1975.4,0.9387200)
$LOG,114.909,L1CA,14,SIGNAL LOST (L1CA, 31.9)
$TIME,115.000,2025,4,14,12,37,44.898000,UTC
$LOG,114.909,L1CA,17,SIGNAL FOUND (35.0,-947.4,0.8780800)
$CH,115.000,L1CA,1,114891,46.9,0.381765985,-2096.790,-241171.769,18,0
$CH,115.000,L1CA,12,1491,33.8,0.920390869,3858.949,5686.785,3,1
$CH,115.000,L1CA,17,91,35.0,0.878126360,-784.656,-79.618,0,1
$CH,115.000,L1CA,23,413,35.4,0.470150366,-344.762,-101.924,0,0
$CH,115.000,L1CA,5,1591,34.5,0.137864122,1340.244,2095.730,4,2
$CH,115.000,L1CA,26,109691,49.9,0.557828404,-2502.042,-271714.495,17,0
$CH,115.000,L1CA,3,114091,52.4,0.516685509,795.194,94783.548,18,0
$CH,115.000,L1CA,29,1691,33.9,0.381178082,-3456.777,-5947.862,0,0
$CH,115.000,L1CA,10,21332,32.5,0.480910801,822.497,17705.057,0,2
$CH,115.000,L1CA,22,197,35.9,0.938998490,-2207.061,-416.577,0,0
$CH,115.000,L1CA,11,991,35.2,0.162416327,-226.453,-140.360,0,0
$CH,115.000,L1CA,32,3291,32.3,0.378665270,1222.549,4094.459,0,0
$CH,115.000,L1CA,7,112491,44.1,0.201597495,1333.821,151550.412,18,0
$CH,115.000,L1CA,6,15291,32.4,0.804836824,-255.579,-3864.694,0,1
$CH,115.000,L1CA,15,4591,32.7,0.757088858,-255.389,-1117.026,5,0
$CH,115.000,L1CA,24,1849,34.5,0.928298932,-1740.801,-3221.393,0,0
$CH,115.000,L1CA,18,891,35.4,0.071217261,-1214.176,-1060.366,0,1
$CH,115.000,L1CA,28,1350,34.2,0.591267166,-200.789,-274.017,0,0
$CH,115.000,L1CA,16,110791,52.7,0.196731793,-203.898,-18201.479,18,0
$CH,115.000,L1CA,31,109191,46.8,0.763609645,-2587.411,-283110.066,17,0
$CH,115.000,L1CA,2,114490,44.8,0.059843725,-1669.787,-191973.256,18,0
$CH,115.000,L1CA,8,112291,43.6,0.627467683,2122.228,236718.395,18,0
$CH,115.000,L1CA,19,1191,34.2,0.145662818,289.684,296.420,0,0
$CH,115.000,L1CA,13,49498,32.0,0.279755613,-198.727,-9218.460,1,1
$CH,115.000,L1CA,30,1091,33.5,0.031696730,1243.201,1364.887,2,0
$CH,115.000,L1CA,20,2672,32.0,0.557055156,783.014,2075.297,0,0
$CH,115.000,L1CA,21,110191,44.5,0.297752731,-1403.348,-155673.020,17,0
$CH,115.000,L1CA,25,4947,33.0,0.554733977,775.512,3822.490,1,0
$CH,115.000,L1CA,27,109591,44.7,0.415989554,1943.375,212753.334,17,0
$CH,115.000,L1CA,9,112091,43.1,0.074957178,2281.561,254725.272,18,0
$CH,115.000,L1CA,4,113591,48.6,0.652875679,1861.813,210924.843,18,0
$LOG,115.009,L1CA,14,SIGNAL FOUND (36.7,1522.8,0.4920000)
$OBS,115.000,2279,388915.000,G01,1C,46.9,23198470.233,241174.366,-2097.571,0
$OBS,115.000,2279,388915.000,G03,1C,52.4,19941200.497,-94784.343,794.879,0
$OBS,115.000,2279,388915.000,G26,1C,49.9,21152705.281,271717.497,-2502.168,0
$OBS,115.000,2279,388915.000,G07,1C,44.1,24043833.799,-151551.245,1334.136,0
$OBS,115.000,2279,388915.000,G16,1C,52.7,19845280.977,18201.683,-203.565,0
$OBS,115.000,2279,388915.000,G31,1C,46.8,23013151.713,283113.153,-2586.759,0
$OBS,115.000,2279,388915.000,G08,1C,43.6,23871713.855,-236720.517,2120.957,0
$OBS,115.000,2279,388915.000,G02,1C,44.8,23401752.740,191974.926,-1669.556,0
$OBS,115.000,2279,388915.000,G21,1C,44.5,23473076.003,155674.424,-1401.672,0
$OBS,115.000,2279,388915.000,G27,1C,44.7,23208729.425,-212755.277,1943.213,0
$OBS,115.000,2279,388915.000,G09,1C,43.1,24005867.814,-254727.054,2280.334,0
$OBS,115.000,2279,388915.000,G04,1C,48.6,22080576.269,-210926.205,1861.401,0
$POS,115.000,2023,9,14,12,1,55.001999997,15.391012210,73.878055715,10.708,7,12
$LOG,115.328,L1CA,20,SIGNAL LOST (L1CA, 30.8)
$LOG,115.409,L1CA,20,SIGNAL FOUND (35.4,1053.9,0.3918400)
$LOG,115.502,L1CA,13,SIGNAL LOST (L1CA, 31.3)
$LOG,115.555,L1CA,13,SIGNAL FOUND (35.6,1682.3,0.7441600)
$LOG,115.668,L1CA,10,SIGNAL LOST (L1CA, 32.0)
$LOG,115.709,L1CA,32,SIGNAL LOST (L1CA, 31.9)
$LOG,115.707,L1CA,10,SIGNAL FOUND (36.3,25.3,0.5603200)
$LOG,115.866,L1CA,28,SYMBOL SYNC (78.847)
$LOG,115.809,L1CA,32,SIGNAL NOT FOUND (34.8)
$LOG,115.909,L1CA,30,SIGNAL LOST (L1CA, 31.7)
$TIME,116.000,2025,4,14,12,37,49.206000,UTC
$LOG,115.909,L1CA,32,SIGNAL FOUND (35.2,-37.7,0.3784000)
$CH,116.000,L1CA,26,110691,49.4,0.559416515,-2502.714,-274216.902,17,0
$CH,116.000,L1CA,2,115490,44.6,0.060914405,-1668.763,-193642.697,18,0
$CH,116.000,L1CA,32,91,35.2,0.378400070,-191.591,-13.927,0,0
$CH,116.000,L1CA,3,115091,53.1,0.516177933,794.602,95578.235,18,0
$CH,116.000,L1CA,9,113091,43.6,0.073519819,2281.427,257006.854,18,0
$CH,116.000,L1CA,27,110591,45.4,0.414755170,1943.089,214696.657,17,0
$CH,116.000,L1CA,16,111791,52.3,0.196883362,-204.462,-18405.631,18,0
$CH,116.000,L1CA,12,2491,32.3,0.918013108,3862.379,9545.805,3,1
$CH,116.000,L1CA,4,114591,48.9,0.651709415,1861.778,212786.193,18,0
$CH,116.000,L1CA,11,1991,34.4,0.162590148,-246.920,-382.450,0,0
$CH,116.000,L1CA,28,2350,33.0,0.591344066,-206.332,-478.119,0,0
$CH,116.000,L1CA,22,1197,34.1,0.940316393,-2188.457,-2603.587,0,0
$CH,116.000,L1CA,31,110191,46.8,0.765244369,-2586.694,-285696.892,17,0
$CH,116.000,L1CA,13,445,35.6,0.743716266,1773.384,790.803,1,1
$CH,116.000,L1CA,18,1891,34.3,0.071807695,-1211.181,-2270.424,0,1
$CH,116.000,L1CA,14,991,36.7,0.491006794,1780.785,1719.051,1,0
$CH,116.000,L1CA,10,293,36.3,0.560298236,249.884,55.875,0,2
$CH,116.000,L1CA,25,5947,32.8,0.554221737,778.979,4599.490,1,0
$CH,116.000,L1CA,8,113291,43.2,0.626137421,2122.645,238840.870,18,0
$CH,116.000,L1CA,17,1091,34.0,0.878492441,-687.300,-785.776,0,1
$CH,116.000,L1CA,29,2691,32.3,0.383315773,-3455.843,-9400.275,0,0
$CH,116.000,L1CA,19,2191,32.1,0.145492040,295.719,587.045,0,0
$CH,116.000,L1CA,20,591,35.4,0.391432990,1156.355,670.894,0,0
$CH,116.000,L1CA,23,1413,35.5,0.470221834,-256.484,-355.870,0,0
$CH,116.000,L1CA,7,113491,42.7,0.200750602,1334.186,152884.312,18,0
$CH,116.000,L1CA,15,5591,32.8,0.757183963,-249.278,-1368.402,5,0
$CH,116.000,L1CA,24,2849,33.0,0.929447680,-1740.312,-4959.554,0,0
$CH,116.000,L1CA,6,16291,32.3,0.804981041,-258.991,-4118.912,0,1
$CH,116.000,L1CA,5,2591,32.4,0.137178526,1341.647,3441.319,4,2
$CH,116.000,L1CA,1,115891,47.0,0.383094492,-2096.920,-243269.227,18,0
$CH,116.000,L1CA,21,111191,44.6,0.298649233,-1402.140,-157075.781,17,0
$LOG,116.009,L1CA,30,SIGNAL FOUND (35.1,-111.3,0.5756800)
$OBS,116.000,2279,388916.000,G02,1C,44.6,23402073.720,193644.366,-1669.664,0
$OBS,116.000,2279,388916.000,G26,1C,49.4,21153181.393,274219.904,-2502.892,0
$OBS,116.000,2279,388916.000,G03,1C,53.1,19941048.331,-95579.030,794.526,0
$OBS,116.000,2279,388916.000,G09,1C,43.6,24005436.898,-257008.635,2281.453,0
$OBS,116.000,2279,388916.000,G27,1C,45.4,23208359.359,-214698.600,1943.438,0
$OBS,116.000,2279,388916.000,G16,1C,52.3,19845326.418,18405.835,-204.630,0
$OBS,116.000,2279,388916.000,G04,1C,48.9,22080226.636,-212787.555,1860.975,0
$OBS,116.000,2279,388916.000,G31,1C,46.8,23013641.785,285699.979,-2587.401,0
$OBS,116.000,2279,388916.000,G08,1C,43.2,23871315.048,-238842.993,2123.287,0
$OBS,116.000,2279,388916.000,G07,1C,42.7,24043579.916,-152885.146,1334.089,0
$OBS,116.000,2279,388916.000,G01,1C,47.0,23198868.499,243271.824,-2097.675,0
$OBS,116.000,2279,388916.000,G21,1C,44.6,23473344.772,157077.184,-1402.343,0
$POS,116.000,2023,9,14,12,1,56.001999997,15.391022298,73.878059309,7.458,7,12
$LOG,116.309,L1CA,29,SIGNAL LOST (L1CA, 31.5)
$LOG,116.394,L1CA,29,SIGNAL FOUND (35.2,4181.8,0.8569600)
$LOG,116.409,L1CA,5,SIGNAL LOST (L1CA, 31.5)
$LOG,116.462,L1CA,5,SIGNAL FOUND (35.9,1396.6,0.5518400)
$LOG,116.509,L1CA,12,SIGNAL LOST (L1CA, 31.5)
$LOG,116.536,L1CA,12,SIGNAL FOUND (35.6,-3056.0,0.9928000)
$LOG,116.809,L1CA,19,SIGNAL LOST (L1CA, 31.1)
$LOG,116.887,L1CA,19,SIGNAL FOUND (35.8,939.9,0.1148800)
$TIME,117.000,2025,4,14,12,37,55.607000,UTC
$CH,117.000,L1CA,22,2197,32.2,0.941648136,-2189.021,-4786.640,0,0
$CH,117.000,L1CA,6,17291,32.1,0.805174145,-252.792,-4374.188,0,1
$CH,117.000,L1CA,26,111691,49.8,0.561002990,-2502.923,-276719.764,17,0
$CH,117.000,L1CA,7,114491,42.8,0.199900598,1333.145,154217.984,18,0
$CH,117.000,L1CA,10,1293,34.8,0.560056962,260.075,337.224,0,2
$CH,117.000,L1CA,32,1091,34.1,0.378439782,-215.199,-223.520,0,0
$CH,117.000,L1CA,9,114091,43.7,0.072057844,2280.451,259288.597,18,0
$CH,117.000,L1CA,16,112791,53.3,0.197041268,-205.340,-18610.498,18,0
$CH,117.000,L1CA,28,3350,32.3,0.591431069,-204.490,-683.020,0,0
$CH,117.000,L1CA,13,1445,33.8,0.742642119,1796.059,2576.156,1,1
$CH,117.000,L1CA,30,991,35.1,0.575654007,-199.243,-204.225,2,0
$CH,117.000,L1CA,27,111591,45.6,0.413514615,1943.549,216640.010,17,0
$CH,117.000,L1CA,11,2991,33.2,0.162799181,-248.671,-624.767,0,0
$CH,117.000,L1CA,5,538,35.9,0.551439086,1291.233,676.373,4,2
$CH,117.000,L1CA,8,114291,43.1,0.624759810,2122.307,240963.596,18,0
$CH,117.000,L1CA,4,115591,49.3,0.650523197,1861.071,214647.619,18,0
$CH,117.000,L1CA,20,1591,33.6,0.390710785,1260.863,1914.288,0,0
$CH,117.000,L1CA,21,112191,44.7,0.299535346,-1402.398,-158478.368,17,0
$CH,117.000,L1CA,29,606,35.2,0.855397363,4123.818,2524.523,0,0
$CH,117.000,L1CA,24,3849,32.2,0.930550827,-1738.933,-6695.969,0,0
$CH,117.000,L1CA,3,116091,53.5,0.515673888,793.556,96372.295,18,0
$CH,117.000,L1CA,2,116490,45.0,0.061981583,-1668.880,-195312.018,18,0
$CH,117.000,L1CA,19,113,35.8,0.114828836,796.214,93.629,0,0
$CH,117.000,L1CA,15,6591,32.5,0.757326816,-251.146,-1618.635,5,0
$CH,117.000,L1CA,1,116891,46.2,0.384427676,-2097.561,-245366.645,18,0
$CH,117.000,L1CA,25,6947,32.8,0.553890370,775.260,5375.363,1,0
$CH,117.000,L1CA,12,464,35.6,0.993698075,-3071.788,-1466.527,3,1
$CH,117.000,L1CA,17,2091,32.8,0.878820779,-684.207,-1475.787,0,1
$CH,117.000,L1CA,18,2891,33.0,0.072403956,-1206.736,-3480.062,0,1
$CH,117.000,L1CA,23,2413,35.0,0.470360478,-256.463,-607.249,0,0
$CH,117.000,L1CA,14,1991,35.4,0.489966935,1771.669,3485.194,1,0
$CH,117.000,L1CA,31,111191,46.8,0.766888370,-2586.306,-288283.613,17,0
$OBS,117.000,2279,388917.000,G07,1C,42.8,24043325.090,-154218.817,1333.409,0
$OBS,117.000,2279,388917.000,G09,1C,43.7,24004998.601,-259290.378,2282.403,0
$OBS,117.000,2279,388917.000,G26,1C,49.8,21153656.999,276722.767,-2502.931,0
$OBS,117.000,2279,388917.000,G16,1C,53.3,19845373.743,18610.703,-205.362,0
$OBS,117.000,2279,388917.000,G27,1C,45.6,23207987.460,-216641.953,1943.245,0
$OBS,117.000,2279,388917.000,G08,1C,43.1,23870902.054,-240965.718,2121.897,0
$OBS,117.000,2279,388917.000,G04,1C,49.3,22079871.018,-214648.980,1861.269,0
$OBS,117.000,2279,388917.000,G21,1C,44.7,23473610.416,158479.770,-1402.699,0
$OBS,117.000,2279,388917.000,G02,1C,45.0,23402393.652,195313.687,-1669.561,0
$OBS,117.000,2279,388917.000,G03,1C,53.5,19940897.212,-96373.089,793.531,0
$OBS,117.000,2279,388917.000,G01,1C,46.2,23199268.179,245369.243,-2097.498,0
$OBS,117.000,2279,388917.000,G31,1C,46.8,23014134.649,288286.699,-2587.092,0
$POS,117.000,2023,9,14,12,1,57.002000010,15.391041771,73.878034204,-0.888,7,12
$LOG,117.106,L1CA,13,SYMBOL SYNC (65.014)
$LOG,117.109,L1CA,18,SIGNAL LOST (L1CA, 31.3)
$LOG,117.151,L1CA,24,SIGNAL LOST (L1CA, 31.9)
$LOG,117.141,L1CA,18,SIGNAL FOUND (36.1,1066.1,0.3232000)
$LOG,117.209,L1CA,24,SIGNAL FOUND (35.3,-919.8,0.6641600)
$LOG,117.706,L1CA,32,SYMBOL SYNC (73.867)
$LOG,117.803,L1CA,22,SIGNAL LOST (L1CA, 31.9)
$LOG,117.825,L1CA,22,SIGNAL FOUND (35.5,4404.7,0.4977600)
$TIME,118.000,2025,4,14,12,38,3.494000,UTC
$CH,118.000,L1CA,10,2293,33.5,0.559809330,262.267,598.373,0,2
$CH,118.000,L1CA,4,116591,48.3,0.649339926,1861.283,216509.118,18,0
$CH,118.000,L1CA,11,3991,32.3,0.162908652,-241.140,-867.093,0,0
$CH,118.000,L1CA,29,1606,32.3,0.852646889,4291.243,6811.856,0,0
$CH,118.000,L1CA,21,113191,45.1,0.300423375,-1402.317,-159880.771,17,0
$CH,118.000,L1CA,8,115291,43.4,0.623445721,2122.567,243086.563,18,0
$CH,118.000,L1CA,19,1113,34.4,0.114373838,1259.590,1106.645,0,0
$CH,118.000,L1CA,22,175,35.5,0.497301643,4281.204,755.631,0,0
$CH,118.000,L1CA,23,3413,34.0,0.470506848,-248.429,-859.789,0,0
$CH,118.000,L1CA,30,1991,33.8,0.575609588,-192.791,-403.249,2,0
$CH,118.000,L1CA,16,113791,53.2,0.197152934,-206.187,-18816.076,18,0
$CH,118.000,L1CA,26,112691,50.0,0.562591941,-2503.223,-279223.078,17,0
$CH,118.000,L1CA,3,117091,53.3,0.515172944,793.144,97165.725,18,0
$CH,118.000,L1CA,15,7591,32.2,0.757424647,-242.816,-1869.095,5,0
$CH,118.000,L1CA,13,2445,32.8,0.741614637,1792.432,4370.364,1,1
$CH,118.000,L1CA,31,112191,46.7,0.768536133,-2587.149,-290870.217,17,0
$CH,118.000,L1CA,5,1538,33.0,0.550648344,1341.603,1994.532,4,2
$CH,118.000,L1CA,25,7947,32.6,0.553378981,778.972,6151.114,1,0
$CH,118.000,L1CA,9,115091,43.6,0.070612656,2283.022,261570.501,18,0
$CH,118.000,L1CA,32,2091,32.6,0.378480144,-208.184,-433.089,0,0
$CH,118.000,L1CA,20,2591,32.7,0.389938061,1276.854,3183.216,0,0
$CH,118.000,L1CA,17,3091,32.1,0.879027306,-695.598,-2166.990,0,1
$CH,118.000,L1CA,18,859,36.1,0.322620550,1289.028,1095.017,0,1
$CH,118.000,L1CA,6,18291,32.4,0.805199543,-261.822,-4629.831,0,1
$CH,118.000,L1CA,2,117490,45.7,0.063019047,-1669.141,-196981.209,18,0
$CH,118.000,L1CA,7,115491,43.2,0.199058424,1333.440,155551.430,18,0
$CH,118.000,L1CA,14,2991,33.5,0.488785797,1768.925,5251.140,1,0
$CH,118.000,L1CA,24,791,35.3,0.664510051,-713.013,-592.065,0,0
$CH,118.000,L1CA,28,4350,32.7,0.591510874,-211.805,-888.609,0,0
$CH,118.000,L1CA,27,112591,44.5,0.412281315,1942.990,218583.396,17,0
$CH,118.000,L1CA,12,1464,33.1,0.995576324,-3011.376,-4483.174,3,1
$CH,118.000,L1CA,1,117891,46.1,0.385756747,-2097.355,-247464.036,18,0
$OBS,118.000,2279,388918.000,G04,1C,48.3,22079516.290,-216510.480,1861.319,0
$OBS,118.000,2279,388918.000,G21,1C,45.1,23473876.654,159882.173,-1402.910,0
$OBS,118.000,2279,388918.000,G08,1C,43.4,23870508.098,-243088.686,2122.056,0
$OBS,118.000,2279,388918.000,G16,1C,53.2,19845407.230,18816.282,-205.871,0
$OBS,118.000,2279,388918.000,G26,1C,50.0,21154133.355,279226.082,-2503.677,0
$OBS,118.000,2279,388918.000,G03,1C,53.3,19940747.035,-97166.518,793.063,0
$OBS,118.000,2279,388918.000,G31,1C,46.7,23014628.629,290873.305,-2587.159,0
$OBS,118.000,2279,388918.000,G09,1C,43.6,24004565.347,-261572.284,2282.285,0
$OBS,118.000,2279,388918.000,G02,1C,45.7,23402704.667,196982.878,-1668.582,0
$OBS,118.000,2279,388918.000,G07,1C,43.2,24043072.603,-155552.264,1334.069,0
$OBS,118.000,2279,388918.000,G27,1C,44.5,23207617.724,-218585.339,1943.165,0
$OBS,118.000,2279,388918.000,G01,1C,46.1,23199666.620,247466.633,-2097.186,0
$POS,118.000,2023,9,14,12,1,58.002000011,15.391013118,73.878036457,1.913,7,12
$LOG,118.394,L1CA,29,SIGNAL LOST (L1CA, 31.5)
$LOG,118.462,L1CA,5,SIGNAL LOST (L1CA, 31.9)
$LOG,118.409,L1CA,29,SIGNAL FOUND (35.3,923.7,0.9684800)
$LOG,118.555,L1CA,13,SIGNAL LOST (L1CA, 31.1)
$LOG,118.509,L1CA,5,SIGNAL FOUND (36.2,-2639.1,0.1052800)
$LOG,118.609,L1CA,13,SIGNAL NOT FOUND (35.0)
$LOG,118.709,L1CA,13,SIGNAL NOT FOUND (35.0)
$LOG,118.809,L1CA,13,SIGNAL FOUND (35.3,-2109.2,0.3361600)
$LOG,118.909,L1CA,32,SIGNAL LOST (L1CA, 31.6)
$LOG,118.909,L1CA,17,SIGNAL LOST (L1CA, 31.2)
$TIME,119.000,2025,4,14,12,38,11.394000,UTC
$LOG,118.958,L1CA,17,SIGNAL FOUND (35.8,-2105.8,0.9734400)
$CH,119.000,L1CA,22,1175,33.3,0.494652515,4070.446,4962.685,0,0
$CH,119.000,L1CA,23,4413,33.2,0.470704767,-255.353,-1111.955,0,0
$CH,119.000,L1CA,7,116491,43.9,0.198210895,1332.751,156884.636,18,0
$CH,119.000,L1CA,3,118091,53.4,0.514671264,792.731,97958.525,18,0
$CH,119.000,L1CA,27,113591,43.6,0.411054417,1942.829,220526.810,17,0
$CH,119.000,L1CA,9,116091,43.9,0.069165372,2281.575,263852.568,18,0
$CH,119.000,L1CA,16,114791,53.2,0.197250931,-206.522,-19022.366,18,0
$CH,119.000,L1CA,19,2113,32.7,0.113627930,1260.820,2371.267,0,0
$CH,119.000,L1CA,11,4991,32.5,0.163045937,-243.458,-1109.211,0,0
$CH,119.000,L1CA,25,8947,32.2,0.552864668,773.223,6927.071,1,0
$CH,119.000,L1CA,12,2464,32.1,0.997483427,-3014.857,-7497.066,3,1
$CH,119.000,L1CA,30,2991,32.5,0.575637405,-209.041,-606.351,2,0
$CH,119.000,L1CA,8,116291,43.2,0.622100817,2123.311,245209.792,18,0
$CH,119.000,L1CA,15,8591,32.4,0.757501088,-250.819,-2117.618,5,0
$CH,119.000,L1CA,28,5350,32.7,0.591670068,-209.590,-1094.948,0,0
$CH,119.000,L1CA,6,19291,32.3,0.805350156,-258.461,-4884.385,0,1
$CH,119.000,L1CA,14,3991,32.3,0.487706791,1762.596,7017.761,1,0
$CH,119.000,L1CA,5,491,36.2,0.106037035,-2626.708,-1309.320,4,2
$CH,119.000,L1CA,1,118891,45.5,0.387090131,-2098.013,-249561.389,18,0
$CH,119.000,L1CA,24,1791,33.7,0.664821844,-729.997,-1320.773,0,0
$CH,119.000,L1CA,31,113191,46.6,0.770175185,-2586.786,-293456.717,17,0
$CH,119.000,L1CA,26,113691,50.4,0.564182159,-2503.693,-281726.844,17,0
$CH,119.000,L1CA,17,42,35.8,0.973498657,-2181.960,-90.173,0,1
$CH,119.000,L1CA,29,591,35.3,0.968157924,704.785,456.602,0,0
$CH,119.000,L1CA,18,1859,35.6,0.321888552,1291.500,2387.202,0,1
$CH,119.000,L1CA,2,118490,45.4,0.064084782,-1669.499,-198650.269,18,0
$CH,119.000,L1CA,21,114191,45.2,0.301306891,-1402.283,-161282.986,17,0
$CH,119.000,L1CA,13,191,35.3,0.336396575,-2237.454,-421.758,1,1
$CH,119.000,L1CA,20,3591,32.4,0.389194399,1265.270,4452.674,0,0
$CH,119.000,L1CA,4,117591,49.0,0.648163440,1862.231,218370.694,18,0
$CH,119.000,L1CA,10,3293,32.1,0.559453739,262.738,859.553,0,2
$LOG,119.009,L1CA,30,SIGNAL LOST (L1CA, 32.0)
$LOG,119.009,L1CA,14,SIGNAL LOST (L1CA, 30.5)
$LOG,119.009,L1CA,11,SIGNAL LOST (L1CA, 31.9)
$LOG,119.009,L1CA,32,SIGNAL FOUND (35.9,-448.5,0.7844800)
$OBS,119.000,2279,388919.000,G07,1C,43.9,24042818.528,-156885.468,1332.817,0
$OBS,119.000,2279,388919.000,G03,1C,53.4,19940596.632,-97959.317,792.233,0
$OBS,119.000,2279,388919.000,G27,1C,43.6,23207249.909,-220528.753,1942.669,0
$OBS,119.000,2279,388919.000,G09,1C,43.9,24004131.465,-263854.350,2282.995,0
$OBS,119.000,2279,388919.000,G16,1C,53.2,19845436.599,19022.573,-207.019,0
$OBS,119.000,2279,388919.000,G08,1C,43.2,23870104.910,-245211.915,2123.708,0
$OBS,119.000,2279,388919.000,G01,1C,45.5,23200066.370,249563.987,-2096.461,0
$OBS,119.000,2279,388919.000,G31,1C,46.6,23015120.010,293459.803,-2586.252,0
$OBS,119.000,2279,388919.000,G26,1C,50.4,21154610.095,281729.848,-2503.756,0
$OBS,119.000,2279,388919.000,G02,1C,45.5,23403024.163,198651.939,-1669.247,0
$OBS,119.000,2279,388919.000,G21,1C,45.2,23474141.514,161284.388,-1402.514,0
$OBS,119.000,2279,388919.000,G04,1C,49.0,22079163.586,-218372.057,1862.244,0
$POS,119.000,2023,9,14,12,1,59.001999990,15.391002050,73.878081892,13.135,7,12
$LOG,119.109,L1CA,11,SIGNAL FOUND (35.5,-1449.7,0.6123200)
$LOG,119.209,L1CA,14,SIGNAL FOUND (36.1,-455.8,0.4339200)
$LOG,119.309,L1CA,30,SIGNAL FOUND (35.2,-440.2,0.2436800)
$LOG,119.409,L1CA,20,SIGNAL LOST (L1CA, 31.5)
$LOG,119.482,L1CA,20,SIGNAL FOUND (35.6,-1995.5,0.9872000)
$LOG,119.536,L1CA,12,SIGNAL LOST (L1CA, 31.2)
$LOG,119.561,L1CA,12,SIGNAL FOUND (35.7,1005.9,0.5091200)
$LOG,119.709,L1CA,6,SIGNAL LOST (L1CA, 31.1)
$LOG,119.707,L1CA,10,SIGNAL LOST (L1CA, 31.1)
$LOG,119.755,L1CA,6,SIGNAL FOUND (35.3,-1504.9,0.7899200)
$LOG,119.887,L1CA,19,SIGNAL LOST (L1CA, 31.8)
$LOG,119.809,L1CA,10,SIGNAL FOUND (36.7,5000.0,0.9091200)
$TIME,120.000,2025,4,14,12,38,18.887000,UTC
$LOG,119.909,L1CA,19,SIGNAL FOUND (35.5,549.3,0.1955200)
$CH,120.000,L1CA,11,891,35.5,0.612922805,-1188.856,-1064.794,0,0
$CH,120.000,L1CA,15,9591,32.2,0.757527552,-252.735,-2366.019,5,0
$CH,120.000,L1CA,5,1491,33.5,0.107812191,-2750.280,-4015.291,4,2
$CH,120.000,L1CA,22,2175,32.3,0.491959733,4071.534,9039.800,0,0
$CH,120.000,L1CA,10,191,36.7,0.908546025,4933.712,944.357,0,2
$CH,120.000,L1CA,17,1042,34.2,0.974831026,-2228.831,-2319.522,0,1
$CH,120.000,L1CA,2,119490,45.2,0.065146174,-1669.659,-200319.199,18,0
$CH,120.000,L1CA,6,245,35.3,0.790160142,-1696.074,-405.624,0,1
$CH,120.000,L1CA,26,114691,50.8,0.565770039,-2504.171,-284231.069,17,0
$CH,120.000,L1CA,21,115191,45.1,0.302212940,-1401.296,-162685.020,17,0
$CH,120.000,L1CA,16,115791,52.8,0.197378047,-207.274,-19229.370,18,0
$CH,120.000,L1CA,20,518,35.6,0.987774501,-1757.497,-931.822,0,0
$CH,120.000,L1CA,12,439,35.7,0.508907662,791.877,349.702,3,1
$CH,120.000,L1CA,4,118591,48.9,0.646971116,1861.794,220232.347,18,0
$CH,120.000,L1CA,8,117291,43.5,0.620743294,2122.476,247333.273,18,0
$CH,120.000,L1CA,1,119891,45.9,0.388421075,-2097.821,-251658.711,18,0
$CH,120.000,L1CA,27,114591,44.3,0.409813644,1943.865,222470.259,17,0
$CH,120.000,L1CA,3,119091,53.5,0.514157611,791.766,98750.695,18,0
$CH,120.000,L1CA,31,114191,45.9,0.771810841,-2586.241,-296043.104,17,0
$CH,120.000,L1CA,13,1191,33.0,0.337686267,-2232.306,-2680.907,1,1
$CH,120.000,L1CA,24,2791,32.4,0.665177725,-729.878,-2048.034,0,0
$CH,120.000,L1CA,29,1591,33.0,0.967787920,752.895,1173.747,0,0
$CH,120.000,L1CA,25,9947,32.0,0.552407161,772.479,7702.559,1,0
$CH,120.000,L1CA,9,117091,43.8,0.067709916,2282.187,266134.789,18,0
$CH,120.000,L1CA,28,6350,32.9,0.591796224,-207.024,-1301.955,0,0
$CH,120.000,L1CA,30,691,35.2,0.243842099,-208.108,-181.442,2,0
$CH,120.000,L1CA,32,991,35.9,0.784812330,-705.122,-680.862,0,0
$CH,120.000,L1CA,19,91,35.5,0.195486933,362.669,45.150,0,0
$CH,120.000,L1CA,18,2859,33.4,0.321013062,1297.121,3680.650,0,1
$CH,120.000,L1CA,7,117491,43.9,0.197360921,1332.672,158217.608,18,0
$CH,120.000,L1CA,14,791,36.1,0.433959299,-123.958,-160.102,1,0
$CH,120.000,L1CA,23,5413,32.8,0.470892626,-255.682,-1362.649,0,0
$OBS,120.000,2279,388920.000,G02,1C,45.2,23403342.368,200320.869,-1668.850,0
$OBS,120.000,2279,388920.000,G26,1C,50.8,21155086.137,284234.074,-2504.646,0
$OBS,120.000,2279,388920.000,G21,1C,45.1,23474413.144,162686.421,-1401.419,0
$OBS,120.000,2279,388920.000,G16,1C,52.8,19845474.710,19229.577,-207.283,0
$OBS,120.000,2279,388920.000,G04,1C,48.9,22078806.136,-220233.709,1861.860,0
$OBS,120.000,2279,388920.000,G08,1C,43.5,23869697.919,-247335.396,2124.168,0
$OBS,120.000,2279,388920.000,G01,1C,45.9,23200465.369,251661.309,-2096.757,0
$OBS,120.000,2279,388920.000,G27,1C,44.3,23206877.940,-222472.203,1942.279,0
$OBS,120.000,2279,388920.000,G03,1C,53.5,19940442.651,-98751.486,792.078,0
$OBS,120.000,2279,388920.000,G31,1C,45.9,23015610.361,296046.190,-2586.500,0
$OBS,120.000,2279,388920.000,G09,1C,43.8,24003695.140,-266136.572,2282.509,0
$OBS,120.000,2279,388920.000,G07,1C,43.9,24042563.702,-158218.441,1332.498,0
$POS,120.000,2023,9,14,12,2,0.001999994,15.391009243,73.878070723,14.044,7,12
$LOG,120.141,L1CA,18,SIGNAL LOST (L1CA, 31.7)
$LOG,120.174,L1CA,18,SIGNAL FOUND (35.7,1663.0,0.6376000)
$LOG,120.227,L1CA,3,FRAME SYNC (N)
$LNAV,120.067,L1CA,3,8B55567E9A164E1D216A0337FD1800A10D5BBAF96788270F40BF41180068
$LOG,120.209,L1CA,24,SIGNAL LOST (L1CA, 30.8)
$LOG,120.227,L1CA,16,FRAME SYNC (N)
$LNAV,120.067,L1CA,16,8B55567E9A164E1D216A0337FD1800A10D5BBAF96788270F40BF41180068
$LOG,120.238,L1CA,27,FRAME SYNC (N)
$LNAV,120.078,L1CA,27,8B55567E9A164E1D216A0337FD1800A10D5BBAF96788270F40BF41180068
$LOG,120.231,L1CA,26,FRAME SYNC (R)
$LNAV,120.071,L1CA,26,8B55567E9A164E1D216A0337FD1800A10D5BBAF96788270F40BF41180068
$LOG,120.241,L1CA,7,FRAME SYNC (R)
$LNAV,120.081,L1CA,7,8B55567E9A164E1D216A0337FD1800A10D5BBAF96788270F40BF41180068
$LOG,120.239,L1CA,2,FRAME SYNC (N)
$LNAV,120.079,L1CA,2,8B55567E9A164E1D216A0337FD1800A10D5BBAF96788270F40BF41180068
$LOG,120.234,L1CA,4,FRAME SYNC (R)
$LNAV,120.074,L1CA,4,8B55567E9A164E1D216A0337FD1800A10D5BBAF96788270F40BF41180068
$LOG,120.240,L1CA,8,FRAME SYNC (N)
$LNAV,120.080,L1CA,8,8B55567E9A164E1D216A0337FD1800A10D5BBAF96788270F40BF41180068
$LOG,120.239,L1CA,21,FRAME SYNC (N)
$LNAV,120.079,L1CA,21,8B55567E9A164E1D216A0337FD1800A10D5BBAF96788270F40BF41180068
$LOG,120.241,L1CA,9,FRAME SYNC (R)
$LNAV,120.081,L1CA,9,8B55567E9A164E1D216A0337FD1800A10D5BBAF96788270F40BF41180068
$LOG,120.238,L1CA,1,FRAME SYNC (R)
$LOG,120.237,L1CA,31,FRAME SYNC (R)
$LNAV,120.078,L1CA,1,8B55567E9A164E1D216A0337FD1800A10D5BBAF96788270F40BF41180068
$LNAV,120.077,L1CA,31,8B55567E9A164E1D216A0337FD1800A10D5BBAF96788270F40BF41180068
$LOG,120.237,L1CA,24,SIGNAL FOUND (36.4,1144.3,0.8488000)
$LOG,120.409,L1CA,29,SIGNAL LOST (L1CA, 31.2)
$LOG,120.409,L1CA,15,SIGNAL LOST (L1CA, 30.7)
$LOG,120.499,L1CA,29,SIGNAL FOUND (35.4,2011.6,0.9660800)
$LOG,120.509,L1CA,15,SIGNAL NOT FOUND (34.9)
$LOG,120.609,L1CA,15,SIGNAL FOUND (36.0,-89.1,0.2654400)
$LOG,120.809,L1CA,13,SIGNAL LOST (L1CA, 31.7)
$LOG,120.825,L1CA,22,SIGNAL LOST (L1CA, 31.1)
$LOG,120.877,L1CA,22,SIGNAL NOT FOUND (34.9)
$TIME,121.000,2025,4,14,12,38,26.414000,UTC
$LOG,120.909,L1CA,13,SIGNAL FOUND (35.2,4522.0,0.9259200)
$CH,121.000,L1CA,29,501,35.4,0.965574977,1640.900,899.033,0,0
$CH,121.000,L1CA,1,120891,46.2,0.389755735,-2096.491,-253756.000,19,0
$CH,121.000,L1CA,5,2491,32.3,0.109558048,-2756.247,-6768.147,4,2
$CH,121.000,L1CA,15,391,36.0,0.265494253,-210.191,-79.226,5,0
$CH,121.000,L1CA,7,118491,44.5,0.196517005,1333.206,159550.342,19,0
$CH,121.000,L1CA,6,1245,33.8,0.791042202,-1686.169,-2047.448,0,1
$CH,121.000,L1CA,10,1191,33.0,0.905474798,4839.375,5829.934,0,2
$CH,121.000,L1CA,20,1518,34.0,0.988893853,-1675.721,-2662.453,0,0
$CH,121.000,L1CA,32,1991,34.5,0.785217923,-708.359,-1388.855,0,0
$CH,121.000,L1CA,18,826,35.7,0.636691279,1728.648,1460.906,0,1
$CH,121.000,L1CA,25,10947,32.3,0.551957008,772.793,8478.864,1,0
$CH,121.000,L1CA,27,115591,44.6,0.408588830,1944.024,224413.738,18,0
$CH,121.000,L1CA,31,115191,46.5,0.773455167,-2586.210,-298629.379,18,0
$CH,121.000,L1CA,24,763,36.4,0.848269663,1252.354,937.998,0,0
$CH,121.000,L1CA,23,6413,32.4,0.471073103,-250.742,-1611.953,0,0
$CH,121.000,L1CA,19,1091,34.3,0.195281709,301.121,347.597,0,0
$CH,121.000,L1CA,17,2042,32.6,0.976280052,-2232.697,-4547.733,0,1
$CH,121.000,L1CA,9,118091,44.1,0.066265764,2282.990,268417.172,19,0
$CH,121.000,L1CA,30,1691,33.6,0.243956067,-199.093,-396.111,2,0
$CH,121.000,L1CA,21,116191,44.9,0.303106794,-1401.883,-164086.876,18,0
$CH,121.000,L1CA,26,115691,51.1,0.567360942,-2504.957,-286735.742,18,0
$CH,121.000,L1CA,4,119591,48.9,0.645795806,1861.343,222094.081,19,0
$CH,121.000,L1CA,8,118291,43.9,0.619395082,2123.827,249457.000,19,0
$CH,121.000,L1CA,11,1891,34.3,0.613587014,-1180.122,-2241.374,0,0
$CH,121.000,L1CA,12,1439,33.7,0.508321665,825.360,1186.483,3,1
$CH,121.000,L1CA,2,120490,44.7,0.066205530,-1668.969,-201987.996,19,0
$CH,121.000,L1CA,3,120091,53.8,0.513661557,791.175,99542.243,19,0
$CH,121.000,L1CA,16,116791,52.5,0.197523069,-207.909,-19437.094,19,0
$CH,121.000,L1CA,14,1791,34.2,0.434217809,-197.880,-350.531,1,0
$CH,121.000,L1CA,28,7350,32.5,0.591920327,-207.488,-1509.558,0,0
$CH,121.000,L1CA,13,91,35.2,0.925667847,4612.141,416.474,1,1
$LOG,121.009,L1CA,22,SIGNAL FOUND (35.5,-3871.6,0.9326400)
$OBS,121.000,2279,388921.000,G01,1C,46.2,23200865.485,253758.597,-2097.598,0
$OBS,121.000,2279,388921.000,G07,1C,44.5,24042310.709,-159551.175,1331.825,0
$OBS,121.000,2279,388921.000,G27,1C,44.6,23206510.735,-224415.682,1943.578,0
$OBS,121.000,2279,388921.000,G31,1C,46.5,23016103.330,298632.466,-2586.449,0
$OBS,121.000,2279,388921.000,G09,1C,44.1,24003262.182,-268418.955,2282.401,0
$OBS,121.000,2279,388921.000,G21,1C,44.9,23474681.109,164088.278,-1400.936,0
$OBS,121.000,2279,388921.000,G26,1C,51.1,21155563.069,286738.747,-2504.803,0
$OBS,121.000,2279,388921.000,G04,1C,48.9,22078453.781,-222095.443,1861.014,0
$OBS,121.000,2279,388921.000,G08,1C,43.9,23869293.737,-249459.124,2124.923,0
$OBS,121.000,2279,388921.000,G02,1C,44.7,23403659.962,201989.665,-1668.204,0
$OBS,121.000,2279,388921.000,G03,1C,53.8,19940293.940,-99543.035,790.915,0
$OBS,121.000,2279,388921.000,G16,1C,52.5,19845518.196,19437.302,-207.982,0
$POS,121.000,2023,9,14,12,2,1.001999995,15.391015664,73.878064336,10.819,7,12
$LOG,121.482,L1CA,20,SIGNAL LOST (L1CA, 31.3)
$LOG,121.509,L1CA,5,SIGNAL LOST (L1CA, 31.3)
$LOG,121.587,L1CA,23,SIGNAL LOST (L1CA, 31.7)
$LOG,121.506,L1CA,20,SIGNAL FOUND (35.6,-3166.9,0.7361600)
$LOG,121.609,L1CA,23,SIGNAL FOUND (37.0,1531.6,0.1585600)
$LOG,121.755,L1CA,6,SIGNAL LOST (L1CA, 31.3)
$LOG,121.709,L1CA,5,SIGNAL FOUND (35.6,2020.0,0.1417600)
$LOG,121.809,L1CA,10,SIGNAL LOST (L1CA, 31.4)
$LOG,121.809,L1CA,6,SIGNAL FOUND (35.7,-3414.2,0.2283200)
$LOG,121.958,L1CA,17,SIGNAL LOST (L1CA, 32.0)
$TIME,122.000,2025,4,14,12,38,34.089000,UTC
$LOG,121.909,L1CA,10,SIGNAL FOUND (36.1,-1486.0,0.5582400)
$CH,122.000,L1CA,10,91,36.1,0.558331508,-1620.960,-140.352,0,2
$CH,122.000,L1CA,19,2091,34.2,0.195090358,290.991,638.625,0,0
$CH,122.000,L1CA,22,991,35.5,0.934985776,-3762.458,-3804.274,0,0
$CH,122.000,L1CA,1,121891,47.0,0.391080818,-2097.630,-255853.253,19,0
$CH,122.000,L1CA,27,116591,45.3,0.407354306,1943.162,226357.245,18,0
$CH,122.000,L1CA,3,121091,53.2,0.513163971,790.487,100333.157,19,0
$CH,122.000,L1CA,6,191,35.7,0.228682777,-3270.706,-631.016,0,1
$CH,122.000,L1CA,21,117191,45.1,0.303989068,-1401.679,-165488.540,18,0
$CH,122.000,L1CA,31,116191,46.4,0.775101246,-2585.404,-301215.547,18,0
$CH,122.000,L1CA,20,494,35.6,0.737092725,-3208.370,-1588.652,0,0
$CH,122.000,L1CA,25,11947,32.5,0.551401730,778.253,9256.855,1,0
$CH,122.000,L1CA,2,121490,44.5,0.067265347,-1669.026,-203656.673,19,0
$CH,122.000,L1CA,7,119491,44.2,0.195673329,1331.265,160882.854,19,0
$CH,122.000,L1CA,16,117791,52.7,0.197679902,-208.323,-19645.524,19,0
$CH,122.000,L1CA,15,1391,35.4,0.265728906,-228.748,-287.853,5,0
$CH,122.000,L1CA,29,1501,34.3,0.964582119,1698.275,2606.414,0,0
$CH,122.000,L1CA,5,291,35.6,0.141469040,1780.887,527.014,4,2
$CH,122.000,L1CA,13,1091,33.2,0.922674729,4987.805,5193.064,1,1
$CH,122.000,L1CA,28,8350,32.9,0.592088497,-212.722,-1718.018,0,0
$CH,122.000,L1CA,30,2691,32.2,0.244190256,-201.511,-600.973,2,0
$CH,122.000,L1CA,23,391,37.0,0.158283177,1263.867,515.856,0,0
$CH,122.000,L1CA,9,119091,44.0,0.064825042,2282.290,270699.715,19,0
$CH,122.000,L1CA,24,1763,33.5,0.847710842,1291.780,2233.663,0,0
$CH,122.000,L1CA,8,119291,43.9,0.618050421,2124.901,251580.982,19,0
$CH,122.000,L1CA,4,120591,48.8,0.644615796,1861.629,223955.883,19,0
$CH,122.000,L1CA,14,2791,33.7,0.434450064,-194.920,-545.066,1,0
$CH,122.000,L1CA,32,2991,33.0,0.785574048,-713.063,-2097.787,0,0
$CH,122.000,L1CA,18,1826,34.1,0.635734736,1704.798,3164.174,0,1
$CH,122.000,L1CA,11,2891,32.6,0.614307693,-1178.042,-3421.456,0,0
$CH,122.000,L1CA,26,116691,50.5,0.568948201,-2505.266,-289240.873,18,0
$CH,122.000,L1CA,12,2439,32.3,0.507836999,816.263,2008.402,3,1
$LOG,122.009,L1CA,17,SIGNAL FOUND (35.5,-4015.3,0.9110400)
$OBS,122.000,2279,388922.000,G01,1C,47.0,23201262.739,255855.850,-2098.561,0
$OBS,122.000,2279,388922.000,G27,1C,45.3,23206140.651,-226359.189,1943.959,0
$OBS,122.000,2279,388922.000,G03,1C,53.2,19940144.759,-100333.948,790.486,0
$OBS,122.000,2279,388922.000,G21,1C,45.1,23474945.620,165489.942,-1400.764,0
$OBS,122.000,2279,388922.000,G31,1C,46.4,23016596.804,301218.633,-2586.153,0
$OBS,122.000,2279,388922.000,G02,1C,44.5,23403977.678,203658.342,-1668.272,0
$OBS,122.000,2279,388922.000,G07,1C,44.2,24042057.785,-160883.685,1332.744,0
$OBS,122.000,2279,388922.000,G16,1C,52.7,19845565.207,19645.733,-209.031,0
$OBS,122.000,2279,388922.000,G09,1C,44.0,24002830.272,-270701.497,2283.166,0
$OBS,122.000,2279,388922.000,G08,1C,43.9,23868890.620,-251583.106,2124.665,0
$OBS,122.000,2279,388922.000,G04,1C,48.8,22078100.031,-223957.245,1861.953,0
$OBS,122.000,2279,388922.000,G26,1C,50.5,21156038.919,289243.878,-2505.250,0
$POS,122.000,2023,9,14,12,2,2.002000005,15.391026138,73.878046725,3.420,7,12
$LOG,122.109,L1CA,11,SIGNAL LOST (L1CA, 31.2)
$LOG,122.130,L1CA,11,SIGNAL FOUND (35.9,-199.8,0.0985600)
$LOG,122.237,L1CA,24,SIGNAL LOST (L1CA, 32.0)
$LOG,122.250,L1CA,24,SIGNAL FOUND (35.2,-3021.1,0.6172800)
$LOG,122.309,L1CA,30,SIGNAL LOST (L1CA, 31.5)
$LOG,122.376,L1CA,30,SIGNAL FOUND (36.3,3099.0,0.1772800)
$LOG,122.499,L1CA,29,SIGNAL LOST (L1CA, 31.9)
$LOG,122.509,L1CA,29,SIGNAL FOUND (35.5,3550.5,0.6190400)
$LOG,122.909,L1CA,13,SIGNAL LOST (L1CA, 30.3)
$TIME,123.000,2025,4,14,12,38,41.113000,UTC
$CH,123.000,L1CA,29,491,35.5,0.617949888,3768.731,1837.734,0,0
$CH,123.000,L1CA,5,1291,34.5,0.140482674,1871.483,2368.326,4,2
$CH,123.000,L1CA,31,117191,46.6,0.776743216,-2586.045,-303801.606,18,0
$CH,123.000,L1CA,15,2391,33.9,0.265792143,-219.618,-512.285,5,0
$CH,123.000,L1CA,14,3791,32.7,0.434739014,-189.800,-739.559,1,0
$CH,123.000,L1CA,32,3991,32.0,0.785937738,-704.946,-2807.035,0,0
$LOG,123.009,L1CA,32,SIGNAL LOST (L1CA, 31.5)
$CH,123.000,L1CA,10,1091,34.5,0.559271602,-1767.658,-1864.053,0,2
$CH,123.000,L1CA,27,117591,45.4,0.406116624,1944.404,228300.786,18,0
$CH,123.000,L1CA,11,870,35.9,0.098711954,-213.903,-205.514,0,0
$CH,123.000,L1CA,16,118791,53.3,0.197840629,-209.583,-19854.665,19,0
$CH,123.000,L1CA,24,750,35.2,0.618637210,-2662.221,-2150.876,0,0
$CH,123.000,L1CA,1,122891,47.1,0.392421834,-2097.339,-257950.473,19,0
$CH,123.000,L1CA,22,1991,32.5,0.937344641,-3756.522,-7564.108,0,0
$CH,123.000,L1CA,28,9350,32.3,0.592212753,-208.742,-1927.136,0,0
$CH,123.000,L1CA,21,118191,44.9,0.304881926,-1401.802,-166890.030,18,0
$LOG,123.009,L1CA,22,SIGNAL LOST (L1CA, 31.1)
$CH,123.000,L1CA,12,3439,32.2,0.507200366,817.360,2830.059,3,1
$CH,123.000,L1CA,8,120291,44.3,0.616699635,2123.566,253705.212,19,0
$CH,123.000,L1CA,4,121591,48.6,0.643431467,1861.797,225817.769,19,0
$CH,123.000,L1CA,7,120491,44.0,0.194828513,1332.018,162215.123,19,0
$CH,123.000,L1CA,9,120091,44.2,0.063375723,2283.451,272982.420,19,0
$CH,123.000,L1CA,19,3091,33.0,0.194921069,294.537,928.780,0,0
$CH,123.000,L1CA,6,1191,32.5,0.230765912,-3410.390,-3929.548,0,1
$CH,123.000,L1CA,17,991,35.5,0.913708261,-4223.243,-4244.969,0,1
$CH,123.000,L1CA,30,624,36.3,0.176157292,3379.515,2060.180,2,0
$CH,123.000,L1CA,18,2826,32.8,0.634792710,1704.678,4864.794,0,1
$CH,123.000,L1CA,25,12947,33.3,0.550854230,785.597,10038.870,1,0
$CH,123.000,L1CA,20,1494,33.6,0.739140235,-3238.749,-4837.392,0,0
$CH,123.000,L1CA,3,122091,53.1,0.512655463,789.934,101123.440,19,0
$CH,123.000,L1CA,26,117691,49.9,0.570540027,-2505.502,-291746.457,18,0
$CH,123.000,L1CA,2,122490,44.9,0.068323571,-1667.968,-205325.206,19,0
$CH,123.000,L1CA,23,1391,34.9,0.157488548,1290.478,1809.916,0,0
$LOG,123.000,L1CA,13,SIGNAL FOUND (36.0,-232.8,0.0248000)
$CH,123.000,L1CA,13,0,36.0,0.024800000,-232.769,0.000,1,1
$OBS,123.000,2279,388923.000,G31,1C,46.6,23017089.058,303804.692,-2586.539,0
$OBS,123.000,2279,388923.000,G27,1C,45.4,23205769.589,-228302.730,1942.537,0
$OBS,123.000,2279,388923.000,G16,1C,53.3,19845613.387,19854.874,-209.535,0
$OBS,123.000,2279,388923.000,G01,1C,47.1,23201664.775,257953.070,-2095.925,0
$OBS,123.000,2279,388923.000,G21,1C,44.9,23475213.288,166891.432,-1402.184,0
$OBS,123.000,2279,388923.000,G08,1C,44.3,23868485.670,-253707.336,2124.319,0
$OBS,123.000,2279,388923.000,G04,1C,48.6,22077744.971,-225819.131,1861.808,0
$OBS,123.000,2279,388923.000,G07,1C,44.0,24041804.513,-162215.955,1331.706,0
$OBS,123.000,2279,388923.000,G09,1C,44.2,24002395.779,-272984.204,2282.382,0
$OBS,123.000,2279,388923.000,G03,1C,53.1,19939992.313,-101124.230,790.135,0
$OBS,123.000,2279,388923.000,G26,1C,49.9,21156516.130,291749.462,-2506.159,0
$OBS,123.000,2279,388923.000,G02,1C,44.9,23404294.923,205326.874,-1668.393,0
$POS,123.000,2023,9,14,12,2,3.002000018,15.391037410,73.878004536,-3.963,7,12
$LOG,123.053,L1CA,25,SIGNAL LOST (L1CA, 31.9)
$LOG,123.047,L1CA,22,SIGNAL FOUND (35.0,1637.7,0.0433600)
$LOG,123.174,L1CA,18,SIGNAL LOST (L1CA, 31.5)
$LOG,123.109,L1CA,25,SIGNAL FOUND (36.2,3968.1,0.3680000)
$LOG,123.209,L1CA,32,SIGNAL FOUND (37.5,1057.6,0.1763200)
$LOG,123.309,L1CA,18,SIGNAL FOUND (35.3,-2508.3,0.1430400)
$LOG,123.809,L1CA,6,SIGNAL LOST (L1CA, 31.0)
$LOG,123.839,L1CA,6,SIGNAL FOUND (35.6,-2532.2,0.3779200)
$LOG,123.909,L1CA,10,SIGNAL LOST (L1CA, 30.5)
$TIME,124.000,2025,4,14,12,38,46.779000,UTC
$LOG,123.970,L1CA,10,SIGNAL FOUND (36.3,966.1,0.8480000)
$CH,124.000,L1CA,30,1624,34.6,0.174067156,3458.752,5505.564,2,0
$CH,124.000,L1CA,19,4091,32.7,0.194597134,290.505,1218.533,0,0
$CH,124.000,L1CA,11,1870,35.0,0.098811436,-214.975,-427.130,0,0
$CH,124.000,L1CA,2,123490,45.0,0.069393921,-1668.436,-206993.623,19,0
$CH,124.000,L1CA,29,1491,33.7,0.615566380,3914.269,5719.793,0,0
$CH,124.000,L1CA,21,119191,44.8,0.305763914,-1401.364,-168291.337,18,0
$CH,124.000,L1CA,25,891,36.2,0.365947629,3815.178,3358.211,1,0
$CH,124.000,L1CA,14,4791,32.9,0.435026647,-194.621,-935.000,1,0
$CH,124.000,L1CA,12,4439,32.5,0.506697695,821.013,3650.546,3,1
$CH,124.000,L1CA,32,791,37.5,0.175875944,1257.796,1011.590,0,0
$CH,124.000,L1CA,8,121291,43.9,0.615360228,2123.525,255829.698,19,0
$CH,124.000,L1CA,6,161,35.6,0.378159104,-2471.922,-403.281,0,1
$CH,124.000,L1CA,18,691,35.3,0.144190843,-2775.946,-1886.577,0,1
$CH,124.000,L1CA,17,1991,32.7,0.916356866,-4205.539,-8446.345,0,1
$CH,124.000,L1CA,3,123091,53.0,0.512164260,789.404,101913.101,19,0
$LOG,124.009,L1CA,17,SIGNAL LOST (L1CA, 30.3)
$CH,124.000,L1CA,9,121091,43.2,0.061922494,2283.348,275265.282,19,0
$CH,124.000,L1CA,27,118591,45.1,0.404881861,1943.398,230244.362,18,0
$CH,124.000,L1CA,1,123891,47.7,0.393739439,-2097.061,-260047.662,19,0
$CH,124.000,L1CA,7,121491,43.8,0.193969133,1331.666,163547.164,19,0
$CH,124.000,L1CA,20,2494,32.1,0.741144327,-3232.225,-8073.708,0,0
$CH,124.000,L1CA,13,1000,35.1,0.024888164,-209.708,-202.500,1,1
$CH,124.000,L1CA,26,118691,50.1,0.572133495,-2506.725,-294252.491,18,0
$CH,124.000,L1CA,28,10350,33.0,0.592351243,-207.592,-2137.048,0,0
$CH,124.000,L1CA,23,2391,32.9,0.156759970,1282.179,3099.908,0,0
$CH,124.000,L1CA,24,1750,33.7,0.620269074,-2652.795,-4797.387,0,0
$CH,124.000,L1CA,4,122591,48.6,0.642255186,1861.757,227679.727,19,0
$CH,124.000,L1CA,5,2291,32.5,0.139310885,1875.054,4243.380,4,2
$CH,124.000,L1CA,31,118191,47.1,0.778378205,-2586.325,-306387.553,18,0
$CH,124.000,L1CA,22,953,35.0,0.042378527,1666.914,1652.361,0,0
$CH,124.000,L1CA,16,119791,53.3,0.197936548,-209.996,-20064.523,19,0
$CH,124.000,L1CA,15,3391,34.6,0.265936663,-221.582,-735.994,5,0
$CH,124.000,L1CA,10,30,36.3,0.847981550,978.132,29.118,0,2
$OBS,124.000,2279,388924.000,G02,1C,45.0,23404615.815,206995.291,-1669.151,0
$OBS,124.000,2279,388924.000,G21,1C,44.8,23475477.694,168292.738,-1401.209,0
$OBS,124.000,2279,388924.000,G08,1C,43.9,23868084.123,-255831.822,2124.325,0
$OBS,124.000,2279,388924.000,G03,1C,53.0,19939845.051,-101913.891,789.091,0
$OBS,124.000,2279,388924.000,G09,1C,43.2,24001960.099,-275267.065,2281.232,0
$OBS,124.000,2279,388924.000,G27,1C,45.1,23205399.418,-230246.305,1943.054,0
$OBS,124.000,2279,388924.000,G01,1C,47.7,23202059.778,260050.259,-2097.552,0
$OBS,124.000,2279,388924.000,G07,1C,43.8,24041546.878,-163547.996,1332.435,0
$OBS,124.000,2279,388924.000,G26,1C,50.1,21156993.847,294255.498,-2505.802,0
$OBS,124.000,2279,388924.000,G04,1C,48.6,22077392.337,-227681.089,1861.918,0
$OBS,124.000,2279,388924.000,G31,1C,47.1,23017579.217,306390.639,-2586.484,0
$OBS,124.000,2279,388924.000,G16,1C,53.3,19845642.145,20064.733,-210.007,0
$POS,124.000,2023,9,14,12,2,4.001999998,15.391024779,73.878074789,5.770,7,12
$LOG,124.038,L1CA,17,SIGNAL FOUND (35.6,2529.3,0.3278400)
$LOG,124.509,L1CA,29,SIGNAL LOST (L1CA, 31.7)
$LOG,124.506,L1CA,20,SIGNAL LOST (L1CA, 31.9)
$LOG,124.599,L1CA,20,SIGNAL FOUND (35.5,5000.0,0.7963200)
$LOG,124.609,L1CA,23,SIGNAL LOST (L1CA, 31.5)
$LOG,124.609,L1CA,29,SIGNAL FOUND (35.4,3457.0,0.9283200)
$LOG,124.709,L1CA,23,SIGNAL FOUND (35.9,3043.5,0.7014400)
$TIME,125.000,2025,4,14,12,38,51.599000,UTC
$CH,125.000,L1CA,2,124490,45.2,0.070432897,-1667.508,-208661.899,19,0
$CH,125.000,L1CA,10,1030,34.1,0.847140171,1274.499,1297.252,0,2
$CH,125.000,L1CA,15,4391,34.4,0.266101015,-222.817,-956.457,5,0
$CH,125.000,L1CA,3,124091,53.3,0.511663936,788.999,102702.131,19,0
$CH,125.000,L1CA,8,122291,44.3,0.614000743,2124.733,257954.433,19,0
$CH,125.000,L1CA,27,119591,44.6,0.403653467,1943.647,232187.969,18,0
$CH,125.000,L1CA,23,291,35.9,0.700855298,3311.063,942.134,0,0
$CH,125.000,L1CA,18,1691,34.0,0.145910762,-2864.980,-4733.608,0,1
$CH,125.000,L1CA,24,2750,32.4,0.621954574,-2649.170,-7445.391,0,0
$CH,125.000,L1CA,7,122491,43.8,0.193141912,1331.064,164878.972,19,0
$CH,125.000,L1CA,17,962,35.6,0.326224848,2779.737,2652.102,0,1
$CH,125.000,L1CA,11,2870,34.9,0.098870363,-217.898,-647.749,0,0
$CH,125.000,L1CA,14,5791,32.6,0.435184333,-202.100,-1133.146,1,0
$CH,125.000,L1CA,30,2624,32.2,0.171797653,3460.792,8966.785,2,0
$CH,125.000,L1CA,22,1953,33.0,0.041361723,1652.336,3305.118,0,0
$CH,125.000,L1CA,20,401,35.5,0.795136496,4719.656,1930.879,0,0
$CH,125.000,L1CA,21,120191,44.9,0.306660072,-1401.357,-169692.458,18,0
$LOG,125.047,L1CA,22,SIGNAL LOST (L1CA, 31.9)
$CH,125.000,L1CA,6,1161,34.2,0.379597409,-2313.098,-2740.732,0,1
$CH,125.000,L1CA,1,124891,47.0,0.395084868,-2097.470,-262144.813,19,0
$CH,125.000,L1CA,5,3291,32.4,0.138058481,1877.862,6118.666,4,2
$CH,125.000,L1CA,16,120791,53.5,0.198050579,-211.108,-20275.094,19,0
$CH,125.000,L1CA,32,1791,36.9,0.175390550,1262.934,2275.397,0,0
$CH,125.000,L1CA,13,2000,33.6,0.024944395,-205.336,-413.188,1,1
$CH,125.000,L1CA,31,119191,46.7,0.780023461,-2585.652,-308973.386,18,0
$CH,125.000,L1CA,25,1891,33.3,0.363493242,3761.291,7118.166,1,0
$CH,125.000,L1CA,28,11350,33.0,0.592469780,-208.174,-2347.583,0,0
$CH,125.000,L1CA,26,119691,50.8,0.573721329,-2506.815,-296758.981,18,0
$CH,125.000,L1CA,19,5091,32.6,0.194353598,293.019,1507.358,0,0
$CH,125.000,L1CA,4,123591,48.7,0.641072462,1861.706,229541.760,19,0
$CH,125.000,L1CA,29,391,35.4,0.927552142,3280.165,1295.166,0,0
$CH,125.000,L1CA,9,122091,43.4,0.060484145,2282.983,277548.308,19,0
$CH,125.000,L1CA,12,5439,32.2,0.506238840,826.886,4471.586,3,1
$OBS,125.000,2279,388925.000,G08,1C,44.3,23867676.556,-257956.558,2124.709,0
$OBS,125.000,2279,388925.000,G03,1C,53.3,19939695.066,-102702.920,788.540,0
$OBS,125.000,2279,388925.000,G02,1C,45.2,23404927.284,208663.566,-1668.449,0
$OBS,125.000,2279,388925.000,G27,1C,44.6,23205031.166,-232189.913,1944.168,0
$OBS,125.000,2279,388925.000,G07,1C,43.8,24041298.875,-164879.803,1331.763,0
$OBS,125.000,2279,388925.000,G21,1C,44.9,23475746.358,169693.859,-1400.447,0
$OBS,125.000,2279,388925.000,G01,1C,47.0,23202463.122,262147.411,-2097.210,0
$OBS,125.000,2279,388925.000,G16,1C,53.5,19845676.330,20275.305,-211.005,0
$OBS,125.000,2279,388925.000,G31,1C,46.7,23018072.447,308976.472,-2585.339,0
$OBS,125.000,2279,388925.000,G26,1C,50.8,21157469.871,296761.987,-2506.303,0
$OBS,125.000,2279,388925.000,G04,1C,48.7,22077037.766,-229543.122,1862.366,0
$OBS,125.000,2279,388925.000,G09,1C,43.4,24001528.904,-277550.091,2283.339,0
$POS,125.000,2023,9,14,12,2,5.001999996,15.391003159,73.878078898,9.909,7,12
$LOG,125.071,L1CA,22,SIGNAL FOUND (36.3,985.5,0.8588800)
$LOG,125.109,L1CA,25,SIGNAL LOST (L1CA, 31.6)
$LOG,125.150,L1CA,25,SIGNAL NOT FOUND (35.0)
$LOG,125.209,L1CA,25,SIGNAL FOUND (35.3,5000.0,0.5955200)
$LOG,125.309,L1CA,18,SIGNAL LOST (L1CA, 31.4)
$LOG,125.376,L1CA,30,SIGNAL LOST (L1CA, 31.7)
$LOG,125.401,L1CA,30,SIGNAL FOUND (35.4,831.7,0.3830400)
$LOG,125.509,L1CA,18,SIGNAL NOT FOUND (34.4)
$LOG,125.666,L1CA,13,SYMBOL SYNC (61.563)
$LOG,125.609,L1CA,18,SIGNAL NOT FOUND (34.7)
$LOG,125.709,L1CA,5,SIGNAL LOST (L1CA, 31.4)
$LOG,125.709,L1CA,18,SIGNAL NOT FOUND (34.6)
$LOG,125.809,L1CA,5,SIGNAL FOUND (36.4,-1060.6,0.1230400)
$LOG,125.909,L1CA,19,SIGNAL LOST (L1CA, 30.4)
$LOG,125.926,L1CA,11,SYMBOL SYNC (65.101)
$TIME,126.000,2025,4,14,12,38,59.058000,UTC
$LOG,125.909,L1CA,18,SIGNAL FOUND (35.7,2036.8,0.9275200)
$CH,126.000,L1CA,14,6791,32.8,0.435338614,-196.647,-1332.575,1,0
$CH,126.000,L1CA,20,1401,33.2,0.792224655,4661.928,6645.799,0,0
$CH,126.000,L1CA,7,123491,43.4,0.192286512,1331.568,166210.539,19,0
$CH,126.000,L1CA,28,12350,33.7,0.592568741,-213.251,-2558.893,0,0
$CH,126.000,L1CA,12,6439,32.1,0.505692440,822.920,5295.530,3,1
$CH,126.000,L1CA,26,120691,50.4,0.575314203,-2507.531,-299265.921,18,0
$CH,126.000,L1CA,2,125490,44.3,0.071500093,-1668.327,-210330.045,19,0
$CH,126.000,L1CA,6,2161,32.4,0.381092898,-2302.708,-5047.819,0,1
$CH,126.000,L1CA,29,1391,33.5,0.925577511,3294.947,4573.351,0,0
$CH,126.000,L1CA,21,121191,45.4,0.307550355,-1400.508,-171093.400,18,0
$CH,126.000,L1CA,15,5391,32.7,0.266263043,-220.992,-1174.638,5,0
$CH,126.000,L1CA,5,191,36.4,0.123147451,-1152.424,-222.927,4,2
$CH,126.000,L1CA,24,3750,32.6,0.623567345,-2650.521,-10093.854,0,0
$CH,126.000,L1CA,8,123291,44.4,0.612656899,2126.063,260079.410,19,0
$CH,126.000,L1CA,10,2030,33.3,0.846408764,1279.397,2574.518,0,2
$CH,126.000,L1CA,3,125091,53.2,0.511153704,787.885,103490.531,19,0
$CH,126.000,L1CA,31,120191,47.4,0.781664241,-2585.705,-311559.109,18,0
$CH,126.000,L1CA,4,124591,48.8,0.639888972,1862.705,231403.873,19,0
$CH,126.000,L1CA,11,3870,35.0,0.098946208,-216.367,-865.903,0,0
$CH,126.000,L1CA,18,91,35.7,0.927411843,1793.573,172.428,0,1
$CH,126.000,L1CA,22,929,36.3,0.858485195,762.252,734.895,0,0
$CH,126.000,L1CA,16,121791,53.2,0.198183712,-211.580,-20486.379,19,0
$CH,126.000,L1CA,9,123091,43.3,0.059020198,2283.517,279831.490,19,0
$CH,126.000,L1CA,23,1291,33.4,0.698837729,3072.679,4134.807,0,0
$CH,126.000,L1CA,27,120591,45.5,0.402415176,1942.753,234131.601,18,0
$CH,126.000,L1CA,32,2791,35.4,0.174811636,1260.254,3534.023,0,0
$CH,126.000,L1CA,13,3000,32.4,0.025141046,-207.207,-624.376,1,1
$CH,126.000,L1CA,17,1962,34.4,0.324539326,2800.292,5445.464,0,1
$CH,126.000,L1CA,25,791,35.3,0.592921076,5205.647,4140.015,1,0
$CH,126.000,L1CA,1,125891,46.5,0.396408846,-2097.215,-264241.933,19,0
$CH,126.000,L1CA,30,599,35.4,0.382722506,765.616,469.691,2,0
$LOG,126.009,L1CA,19,SIGNAL FOUND (35.5,1505.3,0.8816000)
$OBS,126.000,2279,388926.000,G07,1C,43.4,24041042.445,-166211.370,1331.051,0
$OBS,126.000,2279,388926.000,G26,1C,50.4,21157947.397,299268.928,-2507.001,0
$OBS,126.000,2279,388926.000,G02,1C,44.3,23405247.216,210331.714,-1667.639,0
$OBS,126.000,2279,388926.000,G21,1C,45.4,23476013.259,171094.801,-1400.731,0
$OBS,126.000,2279,388926.000,G08,1C,44.4,23867273.682,-260081.536,2124.802,0
$OBS,126.000,2279,388926.000,G03,1C,53.2,19939542.098,-103491.319,787.758,0
$OBS,126.000,2279,388926.000,G31,1C,47.4,23018564.351,311562.195,-2585.400,0
$OBS,126.000,2279,388926.000,G04,1C,48.8,22076682.968,-231405.236,1862.974,0
$OBS,126.000,2279,388926.000,G16,1C,53.2,19845716.256,20486.590,-211.322,0
$OBS,126.000,2279,388926.000,G09,1C,43.3,24001090.014,-279833.273,2283.053,0
$OBS,126.000,2279,388926.000,G27,1C,45.5,23204659.930,-234133.544,1942.762,0
$OBS,126.000,2279,388926.000,G01,1C,46.5,23202860.045,264244.530,-2096.828,0
$POS,126.000,2023,9,14,12,2,6.001999992,15.391004515,73.878073551,12.982,7,12
$LOG,126.227,L1CA,28,FRAME SYNC (N)
$LNAV,126.067,L1CA,28,8B55567E9A8539D0002AAAAAAAAAAAAAAAAAAAAAEA0260AE000031C474FA
$LOG,126.241,L1CA,7,FRAME SYNC (R)
$LNAV,126.081,L1CA,7,8B55567E9A8539D0002AAAAAAAAAAAAAAAAAAAAAE80260AE00FFA408D90F
$LOG,126.250,L1CA,24,SIGNAL LOST (L1CA, 31.5)
$LOG,126.239,L1CA,21,FRAME SYNC (N)
$LNAV,126.079,L1CA,21,8B55567E9A8539D1002AAAAAAAAAAAAAAAAAAAAAEA0260AE00FFF91384F1
$LOG,126.238,L1CA,27,FRAME SYNC (N)
$LNAV,126.078,L1CA,27,8B55567E9A8539D0002AAAAAAAAAAAAAAAAAAAAA030260AE00FFC9FAD82F
$LOG,126.227,L1CA,3,FRAME SYNC (N)
$LNAV,126.067,L1CA,3,8B55567E9A8539D0002AAAAAAAAAAAAAAAAAAAAA040260AE0000B4EE382D
$LOG,126.227,L1CA,16,FRAME SYNC (N)
$LNAV,126.067,L1CA,16,8B55567E9A8539D0002AAAAAAAAAAAAAAAAAAAAAEA0260AE000031C474FA
$LOG,126.241,L1CA,9,FRAME SYNC (R)
$LNAV,126.081,L1CA,9,8B55567E9A8539D0002AAAAAAAAAAAAAAAAAAAAA020260AE00005AF8245E
$LOG,126.240,L1CA,8,FRAME SYNC (N)
$LNAV,126.080,L1CA,8,8B55567E9A8539D1002AAAAAAAAAAAAAAAAAAAAA0B0260AE00FFEFED5C15
$LOG,126.231,L1CA,26,FRAME SYNC (R)
$LNAV,126.071,L1CA,26,8B55567E9A8539D0002AAAAAAAAAAAAAAAAAAAAA0F0260AE00FFF01DF426
$LOG,126.234,L1CA,4,FRAME SYNC (R)
$LNAV,126.074,L1CA,4,8B55567E9A8539D0002AAAAAAAAAAAAAAAAAAAAAF70260AE000062146A2E
$LOG,126.239,L1CA,2,FRAME SYNC (N)
$LNAV,126.079,L1CA,2,8B55567E9A8539D0002AAAAAAAAAAAAAAAAAAAAADA0260AE000027B76176
$LOG,126.237,L1CA,31,FRAME SYNC (R)
$LNAV,126.077,L1CA,31,8B55567E9A8539D0002AAAAAAAAAAAAAAAAAAAAAE40260AE00FFFBE2B95A
$LOG,126.238,L1CA,1,FRAME SYNC (R)
$LNAV,126.078,L1CA,1,8B55567E9A8539D1FC2AAAAAAAAAAAAAAAAAAAAA0B0260AE00FFF815B212
$LOG,126.261,L1CA,24,SIGNAL FOUND (36.0,398.2,0.9851200)
$LOG,126.561,L1CA,12,SIGNAL LOST (L1CA, 31.6)
$LOG,126.599,L1CA,20,SIGNAL LOST (L1CA, 31.0)
$LOG,126.571,L1CA,12,SIGNAL NOT FOUND (34.9)
$LOG,126.626,L1CA,15,SYMBOL SYNC (-86.492)
$LOG,126.609,L1CA,29,SIGNAL LOST (L1CA, 31.7)
$LOG,126.609,L1CA,20,SIGNAL FOUND (35.3,-1.0,0.5412800)
$LOG,126.709,L1CA,23,SIGNAL LOST (L1CA, 31.6)
$LOG,126.709,L1CA,29,SIGNAL NOT FOUND (34.5)
$LOG,126.839,L1CA,6,SIGNAL LOST (L1CA, 31.2)
$LOG,126.809,L1CA,12,SIGNAL FOUND (35.5,-2637.0,0.4932800)
$TIME,127.000,2025,4,14,12,39,6.797000,UTC
$LOG,126.970,L1CA,10,SIGNAL LOST (L1CA, 31.7)
$LOG,126.909,L1CA,23,SIGNAL NOT FOUND (34.5)
$CH,127.000,L1CA,9,124091,43.8,0.057570563,2283.641,282114.834,20,0
$CH,127.000,L1CA,8,124291,43.3,0.611312119,2124.945,262204.650,20,0
$CH,127.000,L1CA,14,7791,32.6,0.435572388,-202.548,-1532.372,1,0
$CH,127.000,L1CA,5,1191,34.8,0.123570179,-1165.985,-1415.005,4,2
$CH,127.000,L1CA,28,13350,33.6,0.592759404,-209.567,-2770.894,1,0
$CH,127.000,L1CA,16,122791,53.4,0.198324982,-212.382,-20698.374,20,0
$CH,127.000,L1CA,17,2962,32.4,0.322678474,2801.871,8240.596,0,1
$CH,127.000,L1CA,24,739,36.0,0.984985022,346.092,222.139,0,0
$CH,127.000,L1CA,18,1091,33.0,0.926314196,1812.705,1906.714,0,1
$CH,127.000,L1CA,12,191,35.5,0.493560504,-2594.917,-502.146,3,1
$CH,127.000,L1CA,25,1791,32.9,0.589655172,5193.845,9319.816,1,0
$CH,127.000,L1CA,1,126891,46.1,0.397737458,-2097.220,-266339.019,20,0
$CH,127.000,L1CA,13,4000,32.2,0.025335172,-211.861,-836.407,1,1
$CH,127.000,L1CA,2,126490,44.5,0.072570301,-1669.176,-211998.069,20,0
$CH,127.000,L1CA,7,124491,44.0,0.191431186,1331.106,167541.882,20,0
$CH,127.000,L1CA,26,121691,50.4,0.576907612,-2508.251,-301773.318,19,0
$CH,127.000,L1CA,19,991,35.5,0.880832678,1248.316,1278.003,0,0
$CH,127.000,L1CA,30,1599,34.4,0.382183518,811.844,1260.234,2,0
$CH,127.000,L1CA,3,126091,53.2,0.510642796,787.458,104278.303,20,0
$CH,127.000,L1CA,4,125591,49.0,0.638707937,1863.069,233266.060,20,0
$CH,127.000,L1CA,21,122191,45.3,0.308440550,-1401.065,-172494.159,19,0
$CH,127.000,L1CA,31,121191,47.0,0.783302292,-2585.623,-314144.722,19,0
$CH,127.000,L1CA,15,6391,32.1,0.266477459,-211.376,-1389.856,5,0
$CH,127.000,L1CA,32,3791,33.5,0.174250911,1254.385,4794.588,0,0
$CH,127.000,L1CA,20,391,35.3,0.541355233,-214.163,-60.238,0,0
$CH,127.000,L1CA,27,121591,45.1,0.401180785,1943.974,236075.270,19,0
$CH,127.000,L1CA,11,4870,34.5,0.099008692,-212.227,-1078.800,0,0
$CH,127.000,L1CA,22,1929,34.4,0.858069355,776.492,1513.359,0,0
$OBS,127.000,2279,388927.000,G09,1C,43.8,24000655.434,-282116.618,2282.754,0
$OBS,127.000,2279,388927.000,G08,1C,43.3,23866870.530,-262206.775,2125.083,0
$OBS,127.000,2279,388927.000,G16,1C,53.4,19845758.607,20698.587,-212.691,0
$OBS,127.000,2279,388927.000,G01,1C,46.1,23203258.346,266341.616,-2097.663,0
$OBS,127.000,2279,388927.000,G02,1C,44.5,23405568.056,211999.738,-1667.128,0
$OBS,127.000,2279,388927.000,G26,1C,50.4,21158425.096,301776.326,-2507.738,0
$OBS,127.000,2279,388927.000,G07,1C,44.0,24040786.014,-167542.713,1331.269,0
$OBS,127.000,2279,388927.000,G03,1C,53.2,19939388.937,-104279.090,787.071,0
$OBS,127.000,2279,388927.000,G04,1C,49.0,22076328.886,-233267.424,1862.673,0
$OBS,127.000,2279,388927.000,G21,1C,45.3,23476280.142,172495.560,-1399.487,0
$OBS,127.000,2279,388927.000,G31,1C,47.0,23019055.418,314147.808,-2586.002,0
$OBS,127.000,2279,388927.000,G27,1C,45.1,23204289.863,-236077.214,1943.765,0
$POS,127.000,2023,9,14,12,2,7.001999988,15.391014584,73.878062481,14.761,7,12
$LOG,127.009,L1CA,29,SIGNAL FOUND (35.2,590.7,0.8908800)
$LOG,127.166,L1CA,14,SYMBOL SYNC (-80.439)
$LOG,127.109,L1CA,6,SIGNAL NOT FOUND (34.9)
$LOG,127.209,L1CA,25,SIGNAL LOST (L1CA, 30.7)
$LOG,127.209,L1CA,10,SIGNAL NOT FOUND (35.0)
$LOG,127.309,L1CA,23,SIGNAL FOUND (35.2,-28.4,0.6923200)
$LOG,127.409,L1CA,25,SIGNAL FOUND (35.2,-64.9,0.6961600)
$LOG,127.509,L1CA,6,SIGNAL FOUND (35.1,2583.1,0.4468800)
$LOG,127.609,L1CA,10,SIGNAL FOUND (35.8,1430.5,0.1662400)
$LOG,127.909,L1CA,18,SIGNAL LOST (L1CA, 31.5)
$TIME,128.000,2025,4,14,12,39,14.402000,UTC
$LOG,127.981,L1CA,18,SIGNAL FOUND (35.2,1383.6,0.6384000)
$CH,128.000,L1CA,10,391,35.8,0.165956588,1339.627,514.407,0,2
$CH,128.000,L1CA,8,125291,43.3,0.609962255,2125.287,264330.139,20,0
$CH,128.000,L1CA,19,1991,34.1,0.880196313,1260.299,2543.300,0,0
$CH,128.000,L1CA,24,1739,34.8,0.984688378,232.135,473.828,0,0
$CH,128.000,L1CA,25,591,35.2,0.696224506,-185.955,-117.393,1,0
$CH,128.000,L1CA,5,2191,33.2,0.124118183,-1170.816,-2581.578,4,2
$CH,128.000,L1CA,1,127891,46.4,0.399071109,-2097.020,-268436.071,20,0
$CH,128.000,L1CA,2,127490,44.9,0.073613066,-1667.317,-213665.954,20,0
$CH,128.000,L1CA,31,122191,46.9,0.784942955,-2585.684,-316730.228,19,0
$CH,128.000,L1CA,14,8791,33.3,0.435695209,-200.920,-1736.189,1,0
$CH,128.000,L1CA,16,123791,53.9,0.198479835,-213.236,-20911.087,20,0
$CH,128.000,L1CA,28,14350,32.9,0.592896391,-213.591,-2983.576,1,0
$CH,128.000,L1CA,12,1191,33.6,0.495110412,-2607.039,-3022.706,3,1
$CH,128.000,L1CA,20,1391,33.7,0.541443013,-263.600,-304.892,0,0
$CH,128.000,L1CA,6,491,35.1,0.446097748,2734.709,1324.350,0,1
$CH,128.000,L1CA,23,691,35.2,0.692483854,-258.986,-161.889,0,0
$CH,128.000,L1CA,17,3962,32.0,0.320976146,2803.466,11038.418,0,1
$CH,128.000,L1CA,27,122591,44.5,0.399951575,1944.049,238018.970,19,0
$CH,128.000,L1CA,18,19,35.2,0.638383003,1417.952,26.562,0,1
$CH,128.000,L1CA,9,125091,43.9,0.056124380,2283.759,284398.339,20,0
$CH,128.000,L1CA,30,2599,33.3,0.381649468,806.752,2067.057,2,0
$LOG,128.038,L1CA,17,SIGNAL LOST (L1CA, 30.8)
$CH,128.000,L1CA,11,5870,33.5,0.099184353,-210.086,-1291.539,0,0
$CH,128.000,L1CA,3,127091,52.6,0.510151958,786.665,105065.445,20,0
$CH,128.000,L1CA,22,2929,32.5,0.857547468,777.787,2290.437,0,0
$CH,128.000,L1CA,15,7391,32.4,0.266616608,-216.544,-1602.874,5,0
$CH,128.000,L1CA,4,126591,47.8,0.637518773,1862.437,235128.328,20,0
$CH,128.000,L1CA,21,123191,46.2,0.309324171,-1400.280,-173894.728,19,0
$LOG,128.000,L1CA,13,SIGNAL LOST (L1CA, 31.8)
$CH,128.000,L1CA,26,122691,50.8,0.578500233,-2507.906,-304281.167,19,0
$CH,128.000,L1CA,32,4791,32.8,0.173555201,1267.183,6055.623,0,0
$CH,128.000,L1CA,7,125491,44.4,0.190595658,1333.343,168872.989,20,0
$CH,128.000,L1CA,29,991,35.2,0.890613135,778.356,781.926,0,0
$OBS,128.000,2279,388928.000,G08,1C,43.3,23866465.859,-264332.264,2125.648,0
$OBS,128.000,2279,388928.000,G01,1C,46.4,23203658.165,268438.668,-2096.942,0
$OBS,128.000,2279,388928.000,G02,1C,44.9,23405880.677,213667.621,-1667.459,0
$OBS,128.000,2279,388928.000,G31,1C,46.9,23019547.270,316733.314,-2585.966,0
$OBS,128.000,2279,388928.000,G16,1C,53.9,19845805.025,20911.300,-213.137,0
$OBS,128.000,2279,388928.000,G27,1C,44.5,23203921.367,-238020.914,1943.646,0
$OBS,128.000,2279,388928.000,G09,1C,43.9,24000221.883,-284400.123,2283.923,0
$OBS,128.000,2279,388928.000,G03,1C,52.6,19939241.780,-105066.231,786.780,0
$OBS,128.000,2279,388928.000,G04,1C,47.8,22075972.395,-235129.690,1861.992,0
$OBS,128.000,2279,388928.000,G21,1C,46.2,23476545.037,173896.128,-1400.713,0
$OBS,128.000,2279,388928.000,G26,1C,50.8,21158902.552,304284.175,-2507.804,0
$OBS,128.000,2279,388928.000,G07,1C,44.4,24040535.533,-168873.823,1329.466,0
$POS,128.000,2023,9,14,12,2,8.002000008,15.391024922,73.878027725,3.891,7,12
$LOG,128.071,L1CA,22,SIGNAL LOST (L1CA, 31.7)
$LOG,128.074,L1CA,13,SIGNAL FOUND (36.1,1503.3,0.9702400)
$LOG,128.109,L1CA,17,SIGNAL NOT FOUND (33.9)
$LOG,128.209,L1CA,22,SIGNAL NOT FOUND (34.4)
$LOG,128.309,L1CA,17,SIGNAL FOUND (35.6,568.1,0.7107200)
$LOG,128.409,L1CA,22,SIGNAL FOUND (35.2,3937.5,0.3036800)
$LOG,128.609,L1CA,20,SIGNAL LOST (L1CA, 31.4)
$LOG,128.684,L1CA,20,SIGNAL FOUND (35.2,-558.9,0.8432000)
$LOG,128.809,L1CA,12,SIGNAL LOST (L1CA, 31.7)
$LOG,128.819,L1CA,12,SIGNAL FOUND (35.6,-106.5,0.7297600)
$TIME,129.000,2025,4,14,12,39,22.045000,UTC
$CH,129.000,L1CA,9,126091,42.8,0.054678973,2283.694,286682.003,20,0
$CH,129.000,L1CA,7,126491,44.4,0.189759358,1331.466,170203.862,20,0
$CH,129.000,L1CA,32,5791,32.4,0.172784070,1266.343,7316.785,0,0
$CH,129.000,L1CA,27,123591,44.6,0.398716906,1944.436,239962.701,19,0
$CH,129.000,L1CA,13,926,36.1,0.969265252,1854.268,1598.858,1,1
$CH,129.000,L1CA,10,1391,34.1,0.165350196,1263.059,1810.943,0,2
$CH,129.000,L1CA,5,3191,32.1,0.124663900,-1175.460,-3751.084,4,2
$CH,129.000,L1CA,3,128091,52.4,0.509656897,786.291,105851.960,20,0
$CH,129.000,L1CA,25,1591,34.6,0.696297099,-250.044,-359.580,1,0
$CH,129.000,L1CA,11,6870,33.3,0.099351527,-212.755,-1504.970,0,0
$CH,129.000,L1CA,22,591,35.2,0.302283716,3736.679,2237.897,0,0
$CH,129.000,L1CA,2,128490,45.1,0.074678376,-1668.660,-215333.712,20,0
$CH,129.000,L1CA,16,124791,53.5,0.198640082,-214.113,-21124.510,20,0
$CH,129.000,L1CA,17,691,35.6,0.710361193,801.981,545.968,0,1
$CH,129.000,L1CA,8,126291,43.7,0.608604020,2125.628,266455.872,20,0
$CH,129.000,L1CA,23,1691,33.2,0.692603360,-125.704,-306.218,0,0
$CH,129.000,L1CA,30,3599,32.9,0.381175467,802.850,2874.026,2,0
$CH,129.000,L1CA,21,124191,46.0,0.310206647,-1401.487,-175295.123,19,0
$CH,129.000,L1CA,1,128891,47.0,0.400404234,-2097.859,-270533.084,20,0
$CH,129.000,L1CA,4,127591,47.7,0.636342618,1862.397,236990.667,20,0
$CH,129.000,L1CA,15,8391,33.3,0.266650025,-212.656,-1815.447,5,0
$CH,129.000,L1CA,18,1019,33.3,0.637718455,1217.508,1282.781,0,1
$CH,129.000,L1CA,31,123191,46.8,0.786584576,-2585.276,-319315.623,19,0
$CH,129.000,L1CA,14,9791,33.6,0.435763252,-211.869,-1942.919,1,0
$CH,129.000,L1CA,29,1991,35.0,0.890376008,752.411,1539.904,0,0
$CH,129.000,L1CA,19,2991,33.2,0.879580999,1263.572,3808.589,0,0
$LOG,129.009,L1CA,19,SIGNAL LOST (L1CA, 31.9)
$CH,129.000,L1CA,6,1491,33.1,0.444585307,2479.347,3862.617,0,1
$CH,129.000,L1CA,20,316,35.2,0.843277396,-739.738,-222.033,0,0
$CH,129.000,L1CA,28,15350,33.1,0.593055524,-212.754,-3196.976,1,0
$CH,129.000,L1CA,26,123691,50.8,0.580092704,-2508.470,-306789.466,19,0
$CH,129.000,L1CA,12,181,35.6,0.729777030,-231.732,-34.305,3,1
$CH,129.000,L1CA,24,2739,32.5,0.984415227,230.074,707.220,0,0
$OBS,129.000,2279,388929.000,G09,1C,42.8,23999788.559,-286683.787,2283.827,0
$OBS,129.000,2279,388929.000,G27,1C,44.6,23203551.213,-239964.645,1944.935,0
$OBS,129.000,2279,388929.000,G07,1C,44.4,24040284.808,-170204.694,1330.594,0
$OBS,129.000,2279,388929.000,G03,1C,52.4,19939093.365,-105852.746,786.197,0
$OBS,129.000,2279,388929.000,G02,1C,45.1,23406200.051,215335.380,-1667.258,0
$OBS,129.000,2279,388929.000,G16,1C,53.5,19845853.065,21124.724,-213.738,0
$OBS,129.000,2279,388929.000,G08,1C,43.7,23866058.659,-266457.998,2125.761,0
$OBS,129.000,2279,388929.000,G21,1C,46.0,23476809.600,175296.524,-1400.763,0
$OBS,129.000,2279,388929.000,G01,1C,47.0,23204057.828,270535.682,-2098.057,0
$OBS,129.000,2279,388929.000,G04,1C,47.7,22075619.796,-236992.029,1863.014,0
$OBS,129.000,2279,388929.000,G31,1C,46.8,23020039.418,319318.709,-2586.101,0
$OBS,129.000,2279,388929.000,G26,1C,50.8,21159379.955,306792.475,-2508.343,0
$POS,129.000,2023,9,14,12,2,9.002000015,15.391037122,73.878018139,-2.729,7,12
$LOG,129.066,L1CA,19,SIGNAL FOUND (35.7,-5000.0,0.4304000)
$LOG,129.209,L1CA,32,SIGNAL LOST (L1CA, 30.8)
$LOG,129.261,L1CA,24,SIGNAL LOST (L1CA, 30.6)
$LOG,129.309,L1CA,23,SIGNAL LOST (L1CA, 31.5)
$LOG,129.302,L1CA,24,SIGNAL FOUND (36.3,-27.5,0.1771200)
$LOG,129.409,L1CA,32,SIGNAL FOUND (36.5,1486.9,0.4361600)
$LOG,129.509,L1CA,6,SIGNAL LOST (L1CA, 31.1)
$LOG,129.509,L1CA,23,SIGNAL FOUND (35.3,-481.6,0.5180800)
$LOG,129.609,L1CA,6,SIGNAL NOT FOUND (34.8)
$LOG,129.709,L1CA,6,SIGNAL NOT FOUND (34.4)
$LOG,129.809,L1CA,5,SIGNAL LOST (L1CA, 31.3)
$LOG,129.809,L1CA,6,SIGNAL NOT FOUND (34.2)
$TIME,130.000,2025,4,14,12,39,29.766000,UTC
$LOG,129.981,L1CA,18,SIGNAL LOST (L1CA, 31.6)
$LOG,129.909,L1CA,5,SIGNAL NOT FOUND (34.6)
$CH,130.000,L1CA,14,10791,33.3,0.435825444,-212.813,-2151.711,1,0
$CH,130.000,L1CA,15,9391,33.0,0.266695940,-212.546,-2029.578,5,0
$CH,130.000,L1CA,3,129091,52.3,0.509161555,785.647,106637.843,20,0
$CH,130.000,L1CA,22,1591,32.9,0.299946789,3739.003,5996.671,0,0
$CH,130.000,L1CA,17,1691,34.4,0.709960653,778.133,1327.439,0,1
$CH,130.000,L1CA,10,2391,32.7,0.164606229,1270.147,3080.610,0,2
$CH,130.000,L1CA,1,129891,47.5,0.401728059,-2097.192,-272630.068,20,0
$CH,130.000,L1CA,28,16350,33.4,0.593190201,-215.200,-3411.205,1,0
$CH,130.000,L1CA,2,129490,45.2,0.075739722,-1668.249,-217001.339,20,0
$CH,130.000,L1CA,23,491,35.3,0.518260244,-658.852,-323.812,0,0
$CH,130.000,L1CA,19,934,35.7,0.433300857,-4865.005,-4717.647,0,0
$CH,130.000,L1CA,13,1926,34.8,0.968130625,1874.105,3473.710,1,1
$CH,130.000,L1CA,4,128591,47.9,0.635157841,1862.028,238853.086,20,0
$CH,130.000,L1CA,12,1181,34.0,0.729892399,-223.260,-253.853,3,1
$CH,130.000,L1CA,11,7870,33.2,0.099515867,-213.068,-1719.787,0,0
$CH,130.000,L1CA,8,127291,43.5,0.607254679,2126.554,268581.862,20,0
$CH,130.000,L1CA,9,127091,43.4,0.053223006,2284.273,288965.824,20,0
$CH,130.000,L1CA,24,698,36.3,0.177201235,-222.921,-154.745,0,0
$CH,130.000,L1CA,26,124691,51.1,0.581685831,-2509.341,-309298.222,19,0
$CH,130.000,L1CA,7,127491,44.2,0.188904604,1329.401,171534.503,20,0
$CH,130.000,L1CA,32,591,36.5,0.435756016,1232.423,744.692,0,0
$CH,130.000,L1CA,16,125791,53.6,0.198760951,-214.373,-21338.642,20,0
$CH,130.000,L1CA,21,125191,45.7,0.311102761,-1400.948,-176695.328,19,0
$CH,130.000,L1CA,20,1316,33.8,0.843661198,-784.074,-1031.186,0,0
$CH,130.000,L1CA,29,2991,34.3,0.890023532,758.542,2297.506,0,0
$CH,130.000,L1CA,27,124591,44.9,0.397482499,1943.652,241906.458,19,0
$CH,130.000,L1CA,31,124191,46.7,0.788229145,-2586.465,-321900.908,19,0
$CH,130.000,L1CA,25,2591,33.2,0.696514618,-249.488,-610.110,1,0
$CH,130.000,L1CA,30,4599,33.0,0.380634114,809.783,3680.334,2,0
$LOG,130.009,L1CA,6,SIGNAL NOT FOUND (34.8)
$OBS,130.000,2279,388930.000,G01,1C,47.5,23204454.698,272632.665,-2097.453,0
$OBS,130.000,2279,388930.000,G02,1C,45.2,23406518.238,217003.007,-1667.564,0
$OBS,130.000,2279,388930.000,G04,1C,47.9,22075264.597,-238854.448,1862.192,0
$OBS,130.000,2279,388930.000,G08,1C,43.5,23865654.145,-268583.989,2126.522,0
$OBS,130.000,2279,388930.000,G09,1C,43.4,23999352.060,-288967.609,2282.639,0
$OBS,130.000,2279,388930.000,G26,1C,51.1,21159857.567,309301.232,-2508.934,0
$OBS,130.000,2279,388930.000,G07,1C,44.2,24040028.569,-171535.333,1330.660,0
$OBS,130.000,2279,388930.000,G16,1C,53.6,19845889.292,21338.857,-214.553,0
$OBS,130.000,2279,388930.000,G21,1C,45.7,23477078.246,176696.729,-1400.032,0
$OBS,130.000,2279,388930.000,G27,1C,44.9,23203181.146,-241908.402,1943.150,0
$OBS,130.000,2279,388930.000,G31,1C,46.7,23020532.457,321903.995,-2585.206,0
$OBS,130.000,2279,388930.000,G03,1C,52.3,19938944.864,-106638.628,785.742,0
$POS,130.000,2023,9,14,12,2,10.002000007,15.391030825,73.878035817,1.356,7,12
$LOG,130.109,L1CA,18,SIGNAL FOUND (35.1,3931.5,0.3835200)
$LOG,130.282,L1CA,30,SYMBOL SYNC (-74.906)
$LOG,130.209,L1CA,5,SIGNAL FOUND (35.9,-3057.0,0.0838400)
$LOG,130.309,L1CA,6,SIGNAL FOUND (35.3,-1961.4,0.1656000)
$LOG,130.409,L1CA,22,SIGNAL LOST (L1CA, 31.4)
$LOG,130.498,L1CA,22,SIGNAL FOUND (36.3,4558.5,0.0073600)
$LOG,130.609,L1CA,10,SIGNAL LOST (L1CA, 31.6)
$LOG,130.702,L1CA,10,SIGNAL FOUND (36.7,-641.8,0.4032000)
$TIME,131.000,2025,4,14,12,39,37.445000,UTC
$CH,131.000,L1CA,21,126191,45.3,0.311990951,-1400.310,-178095.355,19,0
$CH,131.000,L1CA,30,5599,32.5,0.380091902,810.046,4485.005,2,0
$CH,131.000,L1CA,7,128491,44.7,0.188059936,1330.183,172864.908,20,0
$CH,131.000,L1CA,19,1934,33.4,0.436415868,-4910.872,-9620.167,0,0
$CH,131.000,L1CA,32,1591,34.9,0.435130775,1299.791,2036.486,0,0
$CH,131.000,L1CA,15,10391,32.9,0.266873615,-213.756,-2244.524,5,0
$CH,131.000,L1CA,10,298,36.7,0.403361236,-741.856,-212.485,0,2
$CH,131.000,L1CA,20,2316,32.2,0.844184493,-792.313,-1818.869,0,0
$CH,131.000,L1CA,23,1491,34.5,0.518619809,-790.285,-1093.579,0,0
$CH,131.000,L1CA,12,2181,32.7,0.730085946,-225.002,-472.722,3,1
$CH,131.000,L1CA,4,129591,48.5,0.633972627,1862.095,240715.576,20,0
$CH,131.000,L1CA,16,126791,53.6,0.198872966,-214.961,-21553.498,20,0
$CH,131.000,L1CA,28,17350,33.6,0.593251991,-210.405,-3625.705,1,0
$CH,131.000,L1CA,2,130490,45.2,0.076787382,-1667.637,-218668.831,20,0
$CH,131.000,L1CA,11,8870,33.9,0.099646584,-215.662,-1934.432,0,0
$CH,131.000,L1CA,3,130091,52.6,0.508667984,785.083,107423.103,20,0
$CH,131.000,L1CA,5,791,35.9,0.085272797,-3142.089,-2452.683,4,2
$CH,131.000,L1CA,25,3591,32.4,0.696761861,-254.416,-860.452,1,0
$CH,131.000,L1CA,22,502,36.3,0.005891465,4736.229,2339.554,0,0
$CH,131.000,L1CA,26,125691,51.1,0.583278252,-2509.668,-311807.427,19,0
$CH,131.000,L1CA,9,128091,43.6,0.051764947,2284.649,291249.809,20,0
$CH,131.000,L1CA,31,125191,46.5,0.789869019,-2584.797,-324486.079,19,0
$CH,131.000,L1CA,6,691,35.3,0.166487224,-2170.913,-1496.515,0,1
$CH,131.000,L1CA,29,3991,33.2,0.889487125,761.284,3056.054,0,0
$CH,131.000,L1CA,14,11791,33.1,0.435945518,-210.972,-2361.316,1,0
$CH,131.000,L1CA,8,128291,43.7,0.605908092,2125.783,270708.103,20,0
$CH,131.000,L1CA,27,125591,45.2,0.396242289,1943.544,243850.247,19,0
$CH,131.000,L1CA,1,130891,46.9,0.403065803,-2096.468,-274727.014,20,0
$CH,131.000,L1CA,18,891,35.1,0.381446461,3820.832,3390.983,0,1
$CH,131.000,L1CA,13,2926,34.1,0.967034141,1876.090,5349.021,1,1
$CH,131.000,L1CA,24,1698,34.7,0.177263899,-212.046,-376.025,0,0
$CH,131.000,L1CA,17,2691,33.1,0.709421214,777.496,2103.548,0,1
$OBS,131.000,2279,388931.000,G07,1C,44.7,24039775.349,-172865.739,1330.226,0
$OBS,131.000,2279,388931.000,G21,1C,45.3,23477344.518,178096.755,-1398.289,0
$OBS,131.000,2279,388931.000,G04,1C,48.5,22074909.276,-240716.938,1862.193,0
$OBS,131.000,2279,388931.000,G16,1C,53.6,19845922.884,21553.713,-215.282,0
$OBS,131.000,2279,388931.000,G02,1C,45.2,23406832.307,218670.499,-1667.201,0
$OBS,131.000,2279,388931.000,G03,1C,52.6,19938796.904,-107423.888,784.721,0
$OBS,131.000,2279,388931.000,G26,1C,51.1,21160334.953,311810.437,-2509.754,0
$OBS,131.000,2279,388931.000,G09,1C,43.6,23998914.949,-291251.594,2284.763,0
$OBS,131.000,2279,388931.000,G31,1C,46.5,23021024.082,324489.163,-2585.230,0
$OBS,131.000,2279,388931.000,G08,1C,43.7,23865250.452,-270710.229,2126.441,0
$OBS,131.000,2279,388931.000,G27,1C,45.2,23202809.352,-243852.191,1945.045,0
$OBS,131.000,2279,388931.000,G01,1C,46.9,23204855.756,274729.610,-2097.021,0
$POS,131.000,2023,9,14,12,2,11.002000006,15.391009617,73.878061846,4.704,7,12
$LOG,131.066,L1CA,19,SIGNAL LOST (L1CA, 31.1)
$LOG,131.085,L1CA,12,SYMBOL SYNC (-51.418)
$LOG,131.109,L1CA,19,SIGNAL FOUND (35.1,538.5,0.2564800)
$LOG,131.684,L1CA,20,SIGNAL LOST (L1CA, 30.8)
$LOG,131.786,L1CA,24,SYMBOL SYNC (77.334)
$LOG,131.709,L1CA,20,SIGNAL FOUND (35.6,1424.8,0.5385600)
$TIME,132.000,2025,4,14,12,39,44.958000,UTC
$CH,132.000,L1CA,29,4991,32.4,0.888954582,760.018,3815.089,0,0
$CH,132.000,L1CA,23,2491,33.6,0.518906313,-791.639,-1880.945,0,0
$CH,132.000,L1CA,21,127191,45.5,0.312878281,-1398.974,-179495.203,19,0
$CH,132.000,L1CA,18,1891,33.3,0.379100971,3753.021,7150.990,0,1
$CH,132.000,L1CA,27,126591,45.7,0.395014480,1943.880,245794.072,19,0
$CH,132.000,L1CA,5,1791,33.2,0.087247671,-3265.545,-5711.575,4,2
$CH,132.000,L1CA,20,291,35.6,0.538285554,1266.634,378.191,0,0
$CH,132.000,L1CA,25,4591,32.2,0.696920682,-251.466,-1109.439,1,0
$CH,132.000,L1CA,28,18350,33.6,0.593397043,-216.376,-3841.050,1,0
$CH,132.000,L1CA,14,12791,32.9,0.436076133,-219.111,-2574.623,1,0
$CH,132.000,L1CA,13,3926,33.0,0.965815195,1880.389,7222.873,1,1
$CH,132.000,L1CA,4,130591,48.9,0.632795706,1862.756,242578.146,20,0
$CH,132.000,L1CA,6,1691,32.8,0.167806665,-2090.435,-3605.235,0,1
$CH,132.000,L1CA,1,131891,47.1,0.404397019,-2096.688,-276823.929,20,0
$CH,132.000,L1CA,9,129091,43.8,0.050319330,2284.650,293533.950,20,0
$CH,132.000,L1CA,22,1502,33.5,0.002866819,4744.731,7100.401,0,0
$CH,132.000,L1CA,12,3181,32.7,0.730299283,-218.581,-690.665,3,1
$CH,132.000,L1CA,31,126191,46.4,0.791510208,-2584.809,-327071.144,19,0
$CH,132.000,L1CA,30,6599,32.0,0.379583304,805.617,5285.764,2,0
$CH,132.000,L1CA,19,891,35.1,0.256088776,772.011,616.433,0,0
$CH,132.000,L1CA,32,2591,32.8,0.434431596,1293.458,3331.449,0,0
$CH,132.000,L1CA,17,3691,32.7,0.708928888,774.647,2879.698,0,1
$CH,132.000,L1CA,7,129491,44.2,0.187215415,1330.955,174195.085,20,0
$CH,132.000,L1CA,26,126691,50.8,0.584868078,-2509.598,-314317.088,19,0
$CH,132.000,L1CA,24,2698,34.1,0.177396985,-219.003,-591.511,0,0
$CH,132.000,L1CA,16,127791,52.6,0.198989444,-216.099,-21769.055,20,0
$CH,132.000,L1CA,10,1298,33.5,0.403731028,-734.443,-940.305,0,2
$CH,132.000,L1CA,8,129291,43.9,0.604556890,2126.544,272834.590,20,0
$CH,132.000,L1CA,3,131091,52.6,0.508174588,784.415,108207.725,20,0
$CH,132.000,L1CA,2,131490,44.7,0.077861683,-1665.759,-220336.198,20,0
$CH,132.000,L1CA,11,9870,34.0,0.099814021,-215.369,-2150.037,0,0
$CH,132.000,L1CA,15,11391,32.5,0.267071904,-212.464,-2460.055,5,0
$LOG,132.074,L1CA,13,SIGNAL LOST (L1CA, 32.0)
$OBS,132.000,2279,388932.000,G21,1C,45.5,23477610.530,179496.602,-1401.001,0
$OBS,132.000,2279,388932.000,G27,1C,45.7,23202441.257,-245796.016,1944.350,0
$OBS,132.000,2279,388932.000,G04,1C,48.9,22074556.450,-242579.509,1862.627,0
$OBS,132.000,2279,388932.000,G01,1C,47.1,23205254.843,276826.525,-2097.255,0
$OBS,132.000,2279,388932.000,G09,1C,43.8,23998481.573,-293535.734,2283.914,0
$OBS,132.000,2279,388932.000,G31,1C,46.4,23021516.091,327074.229,-2585.713,0
$OBS,132.000,2279,388932.000,G26,1C,50.8,21160811.571,314320.098,-2510.209,0
$OBS,132.000,2279,388932.000,G16,1C,52.6,19845957.802,21769.271,-215.639,0
$OBS,132.000,2279,388932.000,G08,1C,43.9,23864845.362,-272836.717,2126.595,0
$OBS,132.000,2279,388932.000,G03,1C,52.6,19938648.978,-108208.509,784.468,0
$OBS,132.000,2279,388932.000,G07,1C,44.2,24039522.164,-174195.916,1329.137,0
$OBS,132.000,2279,388932.000,G02,1C,44.7,23407154.386,220337.864,-1667.647,0
$POS,132.000,2023,9,14,12,2,12.001999987,15.391012634,73.878107924,13.089,7,12
$LOG,132.109,L1CA,18,SIGNAL LOST (L1CA, 31.0)
$LOG,132.102,L1CA,13,SIGNAL FOUND (36.1,-2074.2,0.5998400)
$LOG,132.227,L1CA,16,FRAME SYNC (N)
$LNAV,132.067,L1CA,16,8B55567E9B0B0201C5340C18D95CD401E106D9C9E50801A10D36B960AE7F
$LOG,132.209,L1CA,5,SIGNAL LOST (L1CA, 31.3)
$LOG,132.227,L1CA,3,FRAME SYNC (N)
$LNAV,132.067,L1CA,3,8B55567E9B0B02033E319A67FA0FC40287029FBC0204FAA10CC49560AE7C
$LOG,132.241,L1CA,9,FRAME SYNC (R)
$LNAV,132.081,L1CA,9,8B55567E9B0B02F44732E607C2795AF5AA0165FC4E10E0A10C659C60AE7D
$LOG,132.239,L1CA,21,FRAME SYNC (N)
$LNAV,132.079,L1CA,21,8B55567E9B0B0207B13120F16C7FDD06350CB0B95116A3A10C958360AE7C
$LOG,132.241,L1CA,7,FRAME SYNC (R)
$LNAV,132.081,L1CA,7,8B55567E9B0B0204B02F117CAA84A403B508FBB21F186FA10DD8C260AE7D
$LOG,132.237,L1CA,31,FRAME SYNC (R)
$LNAV,132.077,L1CA,31,8B55567E9B0B0203362FA55A1DF3980267055A86481826A10D0E6E60AE7C
$LOG,132.240,L1CA,8,FRAME SYNC (N)
$LNAV,132.080,L1CA,8,8B55567E9B0B02F8B43253F0A48CD0F9D3046AA54B1186A10DFF5C60AE7C
$LOG,132.238,L1CA,1,FRAME SYNC (R)
$LNAV,132.078,L1CA,1,8B55567E9B0B020A7628C299006BDA088E06965F0E1633A10D18A660AE7D
$LOG,132.231,L1CA,26,FRAME SYNC (R)
$LNAV,132.071,L1CA,26,8B55567E9B0B02046A3BBF3BCE192F0406042F75F1083CA10DFACB60AE7F
$LOG,132.238,L1CA,27,FRAME SYNC (N)
$LNAV,132.078,L1CA,27,8B55567E9B0B02F97D3079F392B45EFA9405F30C8A121BA10D5C5960AE7D
$LOG,132.234,L1CA,4,FRAME SYNC (R)
$LNAV,132.074,L1CA,4,8B55567E9B0B02F4C8307AE314F10DF5E5014CEC221234A10D069A60AE7F
$LOG,132.239,L1CA,2,FRAME SYNC (N)
$LNAV,132.079,L1CA,2,8B55567E9B0B0208282F330695ECBE06E4082DF0241780A10E011860AE7D
$LOG,132.209,L1CA,18,SIGNAL FOUND (35.7,5000.0,0.8628800)
$LOG,132.309,L1CA,6,SIGNAL LOST (L1CA, 31.6)
$LOG,132.345,L1CA,28,SYMBOL SYNC (-67.100)
$LOG,132.309,L1CA,5,SIGNAL FOUND (35.9,563.7,0.4961600)
$LOG,132.401,L1CA,30,SIGNAL LOST (L1CA, 31.5)
$LOG,132.409,L1CA,32,SIGNAL LOST (L1CA, 31.3)
$LOG,132.498,L1CA,22,SIGNAL LOST (L1CA, 31.9)
$LOG,132.409,L1CA,6,SIGNAL FOUND (37.2,-456.4,0.3232000)
$LOG,132.509,L1CA,22,SIGNAL FOUND (36.3,-2600.8,0.2537600)
$LOG,132.609,L1CA,15,SIGNAL LOST (L1CA, 31.9)
$LOG,132.609,L1CA,30,SIGNAL FOUND (36.0,-4554.3,0.5492800)
$LOG,132.702,L1CA,10,SIGNAL LOST (L1CA, 31.8)
$LOG,132.709,L1CA,32,SIGNAL NOT FOUND (35.0)
$LOG,132.819,L1CA,12,SIGNAL LOST (L1CA, 31.9)
$LOG,132.809,L1CA,10,SIGNAL FOUND (35.1,552.8,0.2891200)
$TIME,133.000,2025,4,14,12,39,49.348000,UTC
$LOG,132.909,L1CA,12,SIGNAL FOUND (35.2,5000.0,0.1912000)
$CH,133.000,L1CA,23,3491,32.7,0.519293324,-791.146,-2668.567,0,0
$CH,133.000,L1CA,28,19350,33.3,0.593529866,-218.964,-4057.292,1,0
$CH,133.000,L1CA,14,13791,33.0,0.436243556,-215.166,-2790.787,1,0
$CH,133.000,L1CA,24,3698,32.7,0.177505848,-216.009,-807.876,0,0
$CH,133.000,L1CA,27,127591,46.0,0.393776150,1944.045,247737.919,20,0
$CH,133.000,L1CA,16,128791,53.2,0.199124990,-216.542,-21985.329,21,0
$CH,133.000,L1CA,10,191,35.1,0.288984120,710.642,127.329,0,2
$CH,133.000,L1CA,11,10870,33.4,0.099991314,-210.725,-2366.247,0,0
$CH,133.000,L1CA,31,127191,46.8,0.793151583,-2584.787,-329656.097,20,0
$CH,133.000,L1CA,20,1291,33.1,0.537454000,1217.888,1639.465,0,0
$CH,133.000,L1CA,4,131591,47.9,0.631608098,1862.932,244440.792,21,0
$CH,133.000,L1CA,9,130091,43.2,0.048879165,2285.013,295818.257,21,0
$CH,133.000,L1CA,22,491,36.3,0.254502456,-2988.710,-1357.001,0,0
$CH,133.000,L1CA,18,791,35.7,0.860582303,4753.750,3788.584,0,1
$CH,133.000,L1CA,19,1891,32.8,0.255527393,789.720,1414.922,0,0
$CH,133.000,L1CA,12,91,35.2,0.190929530,4804.151,446.056,3,1
$CH,133.000,L1CA,5,691,35.9,0.495917282,787.854,507.698,4,2
$CH,133.000,L1CA,1,132891,46.4,0.405721027,-2096.582,-278920.810,21,0
$CH,133.000,L1CA,2,132490,44.5,0.078915966,-1668.125,-222003.433,21,0
$CH,133.000,L1CA,7,130491,44.7,0.186373374,1329.588,175525.026,21,0
$CH,133.000,L1CA,29,5991,32.3,0.888439041,762.886,4574.160,0,0
$LOG,133.009,L1CA,29,SIGNAL LOST (L1CA, 31.8)
$CH,133.000,L1CA,30,391,36.0,0.550394764,-4844.655,-1843.317,2,0
$CH,133.000,L1CA,17,4691,32.9,0.708365926,779.500,3655.463,0,1
$CH,133.000,L1CA,21,128191,44.7,0.313740659,-1399.648,-180894.861,20,0
$CH,133.000,L1CA,26,127691,50.4,0.586467422,-2510.392,-316827.200,20,0
$CH,133.000,L1CA,8,130291,43.4,0.603205654,2126.520,274961.335,21,0
$CH,133.000,L1CA,3,132091,52.6,0.507682374,783.721,108991.720,21,0
$CH,133.000,L1CA,6,591,37.2,0.323422198,-742.996,-401.619,0,1
$CH,133.000,L1CA,13,898,36.1,0.600833120,-2064.858,-1931.611,1,1
$CH,133.000,L1CA,25,5591,32.3,0.697235390,-252.740,-1357.659,1,0
$LOG,133.009,L1CA,15,SIGNAL NOT FOUND (34.9)
$OBS,133.000,2279,388933.000,G27,1C,46.0,23202070.021,-247739.863,1943.931,0
$OBS,133.000,2279,388933.000,G16,1C,53.2,19845998.443,21985.546,-216.669,0
$OBS,133.000,2279,388933.000,G31,1C,46.8,23022008.169,329659.182,-2584.040,0
$OBS,133.000,2279,388933.000,G04,1C,47.9,22074200.413,-244442.155,1863.017,0
$OBS,133.000,2279,388933.000,G09,1C,43.2,23998049.820,-295820.042,2284.070,0
$OBS,133.000,2279,388933.000,G01,1C,46.4,23205651.765,278923.406,-2096.913,0
$OBS,133.000,2279,388933.000,G02,1C,44.5,23407470.444,222005.101,-1666.696,0
$OBS,133.000,2279,388933.000,G07,1C,44.7,24039269.729,-175525.855,1330.970,0
$OBS,133.000,2279,388933.000,G21,1C,44.7,23477869.072,180896.261,-1399.640,0
$OBS,133.000,2279,388933.000,G26,1C,50.4,21161291.050,316830.210,-2510.072,0
$OBS,133.000,2279,388933.000,G08,1C,43.4,23864440.273,-274963.462,2126.656,0
$OBS,133.000,2279,388933.000,G03,1C,52.6,19938501.419,-108992.504,783.649,0
$POS,133.000,2023,9,14,12,2,13.001999992,15.391007485,73.878103563,10.592,7,12
$LOG,133.109,L1CA,19,SIGNAL LOST (L1CA, 31.0)
$LOG,133.109,L1CA,29,SIGNAL NOT FOUND (34.8)
$LOG,133.209,L1CA,32,SIGNAL FOUND (35.3,947.6,0.1606400)
$LOG,133.302,L1CA,24,SIGNAL LOST (L1CA, 31.7)
$LOG,133.309,L1CA,15,SIGNAL FOUND (35.2,-120.0,0.7497600)
$LOG,133.409,L1CA,25,SIGNAL LOST (L1CA, 31.8)
$LOG,133.409,L1CA,19,SIGNAL FOUND (35.3,-2473.0,0.6988800)
$LOG,133.509,L1CA,24,SIGNAL FOUND (35.9,2374.3,0.0694400)
$LOG,133.609,L1CA,25,SIGNAL FOUND (35.3,2023.3,0.1401600)
$LOG,133.709,L1CA,29,SIGNAL NOT FOUND (34.6)
$LOG,133.809,L1CA,29,SIGNAL FOUND (35.5,1529.8,0.5024000)
$TIME,134.000,2025,4,14,12,39,55.554000,UTC
$CH,134.000,L1CA,30,1391,33.4,0.553462178,-4933.003,-6712.834,2,0
$CH,134.000,L1CA,31,128191,47.4,0.794790123,-2584.140,-332240.935,20,0
$CH,134.000,L1CA,10,1191,33.3,0.288328620,800.505,888.410,0,2
$CH,134.000,L1CA,23,4491,32.3,0.519603529,-791.870,-3457.626,0,0
$CH,134.000,L1CA,9,131091,43.0,0.047423580,2283.698,298102.719,21,0
$CH,134.000,L1CA,13,1898,34.0,0.602097227,-2125.143,-4057.709,1,1
$CH,134.000,L1CA,29,191,35.5,0.502201134,1762.860,322.454,0,0
$CH,134.000,L1CA,32,791,35.3,0.160395607,776.704,635.172,0,0
$CH,134.000,L1CA,2,133490,44.7,0.079969919,-1667.825,-223670.541,21,0
$CH,134.000,L1CA,22,1491,34.4,0.256369322,-2847.635,-4232.525,0,0
$CH,134.000,L1CA,26,128691,49.8,0.588054936,-2510.699,-319337.765,20,0
$CH,134.000,L1CA,24,491,35.9,0.068800781,2294.017,1129.481,0,0
$CH,134.000,L1CA,21,129191,44.3,0.314648591,-1399.963,-182294.341,20,0
$CH,134.000,L1CA,14,14791,32.2,0.436424023,-220.010,-3007.758,1,0
$CH,134.000,L1CA,5,1691,35.0,0.495498842,771.248,1273.576,4,2
$CH,134.000,L1CA,28,20350,32.6,0.593686150,-223.108,-4274.330,1,0
$CH,134.000,L1CA,16,129791,53.5,0.199283502,-217.903,-22202.320,21,0
$CH,134.000,L1CA,7,131491,45.1,0.185518772,1329.341,176854.743,21,0
$CH,134.000,L1CA,8,131291,43.5,0.601849257,2127.490,277088.322,21,0
$CH,134.000,L1CA,15,691,35.2,0.749856727,-217.084,-171.358,5,0
$CH,134.000,L1CA,3,133091,52.5,0.507171278,783.615,109775.093,21,0
$CH,134.000,L1CA,25,391,35.3,0.139711310,1837.686,729.552,1,0
$CH,134.000,L1CA,12,1091,33.9,0.188098541,4776.853,5204.577,3,1
$CH,134.000,L1CA,18,1791,33.1,0.857570786,4744.408,8541.988,0,1
$CH,134.000,L1CA,19,591,35.3,0.699705487,-2262.963,-1368.432,0,0
$CH,134.000,L1CA,27,128591,45.3,0.392543327,1942.715,249681.797,20,0
$CH,134.000,L1CA,4,132591,46.7,0.630427975,1862.723,246303.514,21,0
$CH,134.000,L1CA,6,1591,35.0,0.323801838,-777.339,-1160.293,0,1
$CH,134.000,L1CA,1,133891,46.7,0.407054229,-2095.941,-281017.647,21,0
$CH,134.000,L1CA,11,11870,33.4,0.100110329,-217.155,-2583.348,0,0
$CH,134.000,L1CA,17,5691,33.1,0.707786264,771.511,4431.024,0,1
$CH,134.000,L1CA,20,2291,32.6,0.536864228,1226.835,2864.158,0,0
$OBS,134.000,2279,388934.000,G31,1C,47.4,23022499.393,332244.019,-2586.094,0
$OBS,134.000,2279,388934.000,G09,1C,43.0,23997613.442,-298104.503,2284.072,0
$OBS,134.000,2279,388934.000,G02,1C,44.7,23407786.415,223672.209,-1666.059,0
$OBS,134.000,2279,388934.000,G26,1C,49.8,21161766.970,319340.775,-2510.211,0
$OBS,134.000,2279,388934.000,G21,1C,44.3,23478141.261,182295.741,-1400.200,0
$OBS,134.000,2279,388934.000,G16,1C,53.5,19846045.960,22202.538,-217.811,0
$OBS,134.000,2279,388934.000,G07,1C,45.1,24039013.525,-176855.572,1329.806,0
$OBS,134.000,2279,388934.000,G08,1C,43.5,23864033.631,-277090.450,2126.910,0
$OBS,134.000,2279,388934.000,G03,1C,52.5,19938348.206,-109775.876,783.563,0
$OBS,134.000,2279,388934.000,G27,1C,45.3,23201700.425,-249683.740,1944.285,0
$OBS,134.000,2279,388934.000,G01,1C,46.7,23206051.445,281020.243,-2095.932,0
$OBS,134.000,2279,388934.000,G04,1C,46.7,22073846.627,-246304.877,1862.334,0
$POS,134.000,2023,9,14,12,2,14.002000000,15.391016561,73.878069485,7.420,7,12
$LOG,134.209,L1CA,14,SIGNAL LOST (L1CA, 31.9)
$LOG,134.209,L1CA,18,SIGNAL LOST (L1CA, 31.4)
$LOG,134.283,L1CA,14,SIGNAL FOUND (36.0,-4455.7,0.1326400)
$LOG,134.309,L1CA,18,SIGNAL NOT FOUND (34.4)
$LOG,134.409,L1CA,18,SIGNAL NOT FOUND (34.9)
$LOG,134.509,L1CA,23,SIGNAL LOST (L1CA, 31.0)
$LOG,134.509,L1CA,18,SIGNAL NOT FOUND (34.5)
$LOG,134.650,L1CA,28,SIGNAL LOST (L1CA, 31.8)
$LOG,134.609,L1CA,23,SIGNAL NOT FOUND (34.9)
$LOG,134.746,L1CA,32,SYMBOL SYNC (-81.597)
$LOG,134.709,L1CA,28,SIGNAL FOUND (35.0,-4036.1,0.3158400)
$LOG,134.809,L1CA,18,SIGNAL NOT FOUND (34.9)
$LOG,134.909,L1CA,12,SIGNAL LOST (L1CA, 31.9)
$TIME,135.000,2025,4,14,12,40,3.110000,UTC
$LOG,134.909,L1CA,23,SIGNAL FOUND (35.1,1110.9,0.4243200)
$CH,135.000,L1CA,5,2691,33.7,0.494954743,773.098,2044.196,4,2
$CH,135.000,L1CA,8,132291,43.2,0.600494009,2127.031,279215.563,21,0
$CH,135.000,L1CA,23,91,35.1,0.424252137,1216.024,107.765,0,0
$CH,135.000,L1CA,26,129691,50.1,0.589649852,-2510.837,-321848.780,20,0
$CH,135.000,L1CA,15,1691,32.9,0.749888464,-240.639,-399.580,5,0
$CH,135.000,L1CA,22,2491,32.4,0.258199905,-2843.445,-7082.982,0,0
$CH,135.000,L1CA,4,133591,47.6,0.629246950,1862.564,248166.314,21,0
$CH,135.000,L1CA,28,291,35.0,0.316573630,-4170.663,-1203.876,1,0
$CH,135.000,L1CA,10,2191,32.8,0.287681180,809.122,1694.787,0,2
$CH,135.000,L1CA,30,2391,32.6,0.556603033,-4925.216,-11642.668,2,0
$CH,135.000,L1CA,17,6691,32.5,0.707267552,772.252,5208.076,0,1
$CH,135.000,L1CA,31,129191,46.8,0.796431909,-2584.686,-334825.666,20,0
$CH,135.000,L1CA,2,134490,44.9,0.081031417,-1667.751,-225337.522,21,0
$CH,135.000,L1CA,14,717,36.0,0.134647023,-4621.639,-3268.898,1,0
$CH,135.000,L1CA,24,1491,34.2,0.067502624,2229.092,3382.804,0,0
$CH,135.000,L1CA,29,1191,35.4,0.501283014,1835.885,2081.536,0,0
$CH,135.000,L1CA,7,132491,45.4,0.184683842,1329.535,178184.217,21,0
$CH,135.000,L1CA,9,132091,43.3,0.045982345,2284.439,300387.339,21,0
$CH,135.000,L1CA,21,130191,44.1,0.315538127,-1398.055,-183693.636,20,0
$CH,135.000,L1CA,20,3291,32.7,0.536344620,1229.900,4089.236,0,0
$CH,135.000,L1CA,25,1391,34.0,0.138678510,1703.898,2470.244,1,0
$CH,135.000,L1CA,19,1591,33.0,0.701168897,-2329.285,-3683.950,0,0
$CH,135.000,L1CA,6,2591,32.6,0.324165856,-776.454,-1934.832,0,1
$CH,135.000,L1CA,16,130791,53.7,0.199440683,-217.888,-22420.023,21,0
$CH,135.000,L1CA,11,12870,32.6,0.100200115,-219.618,-2801.008,0,0
$CH,135.000,L1CA,32,1791,34.5,0.160072344,783.268,1420.855,0,0
$CH,135.000,L1CA,27,129591,45.2,0.391300684,1944.319,251625.714,20,0
$CH,135.000,L1CA,1,134891,46.6,0.408390418,-2097.182,-283114.461,21,0
$CH,135.000,L1CA,13,2898,32.7,0.603367780,-2128.703,-6183.465,1,1
$CH,135.000,L1CA,3,134091,52.2,0.506669707,782.385,110557.829,21,0
$LOG,135.009,L1CA,12,SIGNAL NOT FOUND (34.8)
$OBS,135.000,2279,388935.000,G08,1C,43.2,23863627.337,-279217.690,2128.878,0
$OBS,135.000,2279,388935.000,G04,1C,47.6,22073492.562,-248167.677,1862.549,0
$OBS,135.000,2279,388935.000,G26,1C,50.1,21162245.124,321851.790,-2511.711,0
$OBS,135.000,2279,388935.000,G31,1C,46.8,23022991.576,334828.751,-2584.857,0
$OBS,135.000,2279,388935.000,G02,1C,44.9,23408104.637,225339.190,-1666.244,0
$OBS,135.000,2279,388935.000,G07,1C,45.4,24038763.219,-178185.047,1329.165,0
$OBS,135.000,2279,388935.000,G09,1C,43.3,23997181.375,-300389.124,2283.888,0
$OBS,135.000,2279,388935.000,G21,1C,44.1,23478407.935,183695.034,-1399.115,0
$OBS,135.000,2279,388935.000,G16,1C,53.7,19846093.076,22420.241,-217.722,0
$OBS,135.000,2279,388935.000,G27,1C,45.2,23201327.881,-251627.658,1943.363,0
$OBS,135.000,2279,388935.000,G01,1C,46.6,23206452.032,283117.058,-2097.306,0
$OBS,135.000,2279,388935.000,G03,1C,52.2,19938197.838,-110558.611,782.666,0
$POS,135.000,2023,9,14,12,2,15.002000008,15.391019020,73.878050761,2.959,7,12
$LOG,135.085,L1CA,18,SIGNAL FOUND (35.7,2944.5,0.4812800)
$LOG,135.102,L1CA,13,SIGNAL LOST (L1CA, 31.5)
$LOG,135.109,L1CA,12,SIGNAL FOUND (35.7,62.5,0.0841600)
$LOG,135.209,L1CA,13,SIGNAL FOUND (35.9,1012.2,0.7088000)
$LOG,135.309,L1CA,15,SIGNAL LOST (L1CA, 30.7)
$LOG,135.309,L1CA,17,SIGNAL LOST (L1CA, 31.8)
$LOG,135.337,L1CA,15,SIGNAL FOUND (36.2,2469.1,0.1897600)
$LOG,135.409,L1CA,19,SIGNAL LOST (L1CA, 31.8)
$LOG,135.409,L1CA,6,SIGNAL LOST (L1CA, 31.1)
$LOG,135.409,L1CA,17,SIGNAL NOT FOUND (34.3)
$LOG,135.509,L1CA,22,SIGNAL LOST (L1CA, 31.3)
$LOG,135.509,L1CA,19,SIGNAL NOT FOUND (34.5)
$LOG,135.609,L1CA,30,SIGNAL LOST (L1CA, 31.4)
$LOG,135.609,L1CA,22,SIGNAL FOUND (35.1,-431.5,0.3793600)
$LOG,135.709,L1CA,30,SIGNAL FOUND (36.3,466.9,0.3860800)
$LOG,135.809,L1CA,6,SIGNAL FOUND (35.9,4485.2,0.9745600)
$TIME,136.000,2025,4,14,12,40,10.748000,UTC
$LOG,135.909,L1CA,17,SIGNAL NOT FOUND (34.5)
$CH,136.000,L1CA,13,791,35.9,0.708265943,1271.482,978.406,1,1
$CH,136.000,L1CA,16,131791,53.5,0.199601257,-219.003,-22638.437,21,0
$CH,136.000,L1CA,9,133091,43.6,0.044514721,2284.983,302672.124,21,0
$CH,136.000,L1CA,15,663,36.2,0.188932333,2258.766,1509.450,5,0
$CH,136.000,L1CA,12,891,35.7,0.083957134,232.074,222.227,3,1
$CH,136.000,L1CA,18,915,35.7,0.479754932,2748.726,2548.007,0,1
$CH,136.000,L1CA,5,3691,33.2,0.494370011,770.775,2817.627,4,2
$CH,136.000,L1CA,22,391,35.1,0.379460553,-216.126,-104.254,0,0
$CH,136.000,L1CA,20,4291,32.4,0.535771217,1224.279,5314.910,0,0
$CH,136.000,L1CA,31,130191,46.7,0.798068192,-2585.375,-337410.283,20,0
$CH,136.000,L1CA,27,130591,45.0,0.390083874,1943.765,253569.654,20,0
$CH,136.000,L1CA,2,135490,44.3,0.082080464,-1667.555,-227004.357,21,0
$CH,136.000,L1CA,4,134591,48.3,0.628059941,1863.557,250029.186,21,0
$CH,136.000,L1CA,3,135091,51.8,0.506157860,781.659,111339.940,21,0
$CH,136.000,L1CA,6,191,35.9,0.974049840,4346.834,843.994,0,1
$CH,136.000,L1CA,8,133291,43.5,0.599155385,2127.116,281343.055,21,0
$CH,136.000,L1CA,30,291,36.3,0.386025218,250.099,102.024,2,0
$CH,136.000,L1CA,10,3191,32.7,0.287081356,810.407,2499.415,0,2
$CH,136.000,L1CA,28,1291,32.2,0.319214158,-4245.512,-5439.673,1,0
$CH,136.000,L1CA,11,13870,32.9,0.100362248,-223.571,-3019.471,0,0
$CH,136.000,L1CA,23,1091,33.9,0.423596543,1121.626,1299.942,0,0
$CH,136.000,L1CA,21,131191,43.5,0.316428776,-1399.353,-185092.745,20,0
$CH,136.000,L1CA,29,2191,34.0,0.500280503,1822.739,3911.841,0,0
$CH,136.000,L1CA,32,2791,34.0,0.159594231,780.764,2202.940,0,0
$CH,136.000,L1CA,14,1717,33.1,0.137589051,-4607.875,-7874.776,1,0
$CH,136.000,L1CA,24,2491,32.5,0.066157382,2228.492,5609.673,0,0
$CH,136.000,L1CA,1,135891,46.5,0.409719385,-2096.790,-285211.237,21,0
$CH,136.000,L1CA,7,133491,44.9,0.183853812,1330.300,179513.460,21,0
$CH,136.000,L1CA,26,130691,50.5,0.591241888,-2511.453,-324360.249,20,0
$CH,136.000,L1CA,25,2391,32.5,0.137599221,1706.975,4170.670,1,0
$LOG,136.009,L1CA,19,SIGNAL FOUND (35.2,-2909.7,0.1518400)
$OBS,136.000,2279,388936.000,G16,1C,53.5,19846141.221,22638.656,-219.100,0
$OBS,136.000,2279,388936.000,G09,1C,43.6,23996741.385,-302673.909,2284.633,0
$OBS,136.000,2279,388936.000,G31,1C,46.7,23023482.119,337413.368,-2584.469,0
$OBS,136.000,2279,388936.000,G02,1C,44.3,23408419.142,227006.025,-1666.674,0
$OBS,136.000,2279,388936.000,G27,1C,45.0,23200963.101,-253571.598,1944.868,0
$OBS,136.000,2279,388936.000,G04,1C,48.3,22073136.700,-250030.549,1863.583,0
$OBS,136.000,2279,388936.000,G03,1C,51.8,19938044.381,-111340.721,781.403,0
$OBS,136.000,2279,388936.000,G08,1C,43.5,23863226.035,-281345.182,2127.817,0
$OBS,136.000,2279,388936.000,G21,1C,43.5,23478674.941,185094.145,-1399.557,0
$OBS,136.000,2279,388936.000,G01,1C,46.5,23206850.438,285213.834,-2096.439,0
$OBS,136.000,2279,388936.000,G07,1C,44.9,24038514.379,-179514.291,1328.542,0
$OBS,136.000,2279,388936.000,G26,1C,50.5,21162722.404,324363.260,-2511.739,0
$POS,136.000,2023,9,14,12,2,16.002000016,15.391042751,73.877988306,-0.604,7,12
$LOG,136.109,L1CA,17,SIGNAL NOT FOUND (34.4)
$LOG,136.283,L1CA,14,SIGNAL LOST (L1CA, 31.2)
$LOG,136.209,L1CA,17,SIGNAL FOUND (35.4,-2369.6,0.2001600)
$LOG,136.309,L1CA,14,SIGNAL FOUND (35.2,4439.1,0.5288000)
$LOG,136.509,L1CA,24,SIGNAL LOST (L1CA, 31.6)
$LOG,136.569,L1CA,24,SIGNAL FOUND (35.5,613.7,0.2652800)
$LOG,136.609,L1CA,25,SIGNAL LOST (L1CA, 31.4)
$LOG,136.668,L1CA,25,SIGNAL FOUND (35.2,-4437.6,0.8929600)
$LOG,136.709,L1CA,28,SIGNAL LOST (L1CA, 31.1)
$LOG,136.794,L1CA,28,SIGNAL FOUND (35.0,1492.7,0.8604800)
$LOG,136.809,L1CA,29,SIGNAL LOST (L1CA, 31.7)
$LOG,136.899,L1CA,29,SIGNAL FOUND (36.4,33.1,0.6748800)
$TIME,137.000,2025,4,14,12,40,18.193000,UTC
$CH,137.000,L1CA,29,101,36.4,0.674860425,164.758,6.517,0,0
$CH,137.000,L1CA,3,136091,51.6,0.505672000,781.295,112121.419,21,0
$CH,137.000,L1CA,15,1663,33.4,0.187560188,2349.938,3849.635,5,0
$CH,137.000,L1CA,31,131191,46.5,0.799715432,-2585.036,-339994.792,20,0
$CH,137.000,L1CA,22,1391,34.4,0.379527024,-292.122,-349.663,0,0
$CH,137.000,L1CA,32,3791,33.6,0.159147093,779.343,2984.387,0,0
$CH,137.000,L1CA,7,134491,44.3,0.183002098,1328.052,180842.479,21,0
$CH,137.000,L1CA,24,431,35.5,0.265115556,884.848,312.324,0,0
$CH,137.000,L1CA,1,136891,45.4,0.411050633,-2096.811,-287307.976,21,0
$CH,137.000,L1CA,27,131591,45.2,0.388853528,1943.199,255513.629,20,0
$CH,137.000,L1CA,28,206,35.0,0.860305301,1673.493,315.780,1,0
$CH,137.000,L1CA,16,132791,53.5,0.199723031,-219.569,-22857.562,21,0
$CH,137.000,L1CA,11,14870,32.9,0.100477145,-222.088,-3238.606,0,0
$CH,137.000,L1CA,9,134091,43.8,0.043080893,2284.144,304957.068,21,0
$CH,137.000,L1CA,25,332,35.2,0.893830966,-4298.213,-1425.785,1,0
$CH,137.000,L1CA,10,4191,33.0,0.286420753,805.443,3303.919,0,2
$CH,137.000,L1CA,18,1915,34.7,0.478090701,2807.891,5348.958,0,1
$CH,137.000,L1CA,20,5291,32.0,0.535175741,1226.649,6540.448,0,0
$CH,137.000,L1CA,14,691,35.2,0.527003732,4088.126,2896.516,1,0
$CH,137.000,L1CA,12,1891,35.3,0.083735224,262.279,480.223,3,1
$CH,137.000,L1CA,8,134291,43.8,0.597800012,2127.209,283470.796,21,0
$CH,137.000,L1CA,23,2091,32.9,0.423020035,1111.807,2419.056,0,0
$CH,137.000,L1CA,30,1291,34.7,0.385895893,275.436,377.131,2,0
$CH,137.000,L1CA,26,131691,50.2,0.592837463,-2512.248,-326872.167,20,0
$CH,137.000,L1CA,21,132191,43.4,0.317311039,-1398.477,-186491.672,20,0
$CH,137.000,L1CA,19,991,35.2,0.153492593,-2772.300,-2746.066,0,0
$CH,137.000,L1CA,2,136490,44.6,0.083146682,-1666.524,-228671.075,21,0
$CH,137.000,L1CA,17,791,35.4,0.201214551,-2241.341,-1784.623,0,1
$CH,137.000,L1CA,4,135591,49.1,0.626886001,1863.289,251892.136,21,0
$CH,137.000,L1CA,5,4691,32.7,0.493905407,771.508,3592.868,4,2
$CH,137.000,L1CA,13,1791,34.5,0.707661125,1257.401,2241.552,1,1
$CH,137.000,L1CA,6,1191,33.1,0.971376808,4308.538,5141.242,0,1
$OBS,137.000,2279,388937.000,G03,1C,51.6,19937898.724,-112122.201,781.082,0
$OBS,137.000,2279,388937.000,G31,1C,46.5,23023975.961,339997.877,-2583.824,0
$OBS,137.000,2279,388937.000,G07,1C,44.3,24038259.048,-180843.307,1329.484,0
$OBS,137.000,2279,388937.000,G01,1C,45.4,23207249.542,287310.572,-2096.784,0
$OBS,137.000,2279,388937.000,G27,1C,45.2,23200594.256,-255515.572,1945.413,0
$OBS,137.000,2279,388937.000,G16,1C,53.5,19846177.727,22857.781,-219.484,0
$OBS,137.000,2279,388937.000,G09,1C,43.8,23996311.534,-304958.852,2284.505,0
$OBS,137.000,2279,388937.000,G08,1C,43.8,23862819.706,-283472.923,2127.851,0
$OBS,137.000,2279,388937.000,G26,1C,50.2,21163200.732,326875.180,-2512.387,0
$OBS,137.000,2279,388937.000,G21,1C,43.4,23478939.433,186493.070,-1398.075,0
$OBS,137.000,2279,388937.000,G02,1C,44.6,23408738.778,228672.742,-1666.722,0
$OBS,137.000,2279,388937.000,G04,1C,49.1,22072784.764,-251893.499,1862.534,0
$POS,137.000,2023,9,14,12,2,17.001999999,15.391030762,73.878030194,5.826,7,12
$LOG,137.209,L1CA,13,SIGNAL LOST (L1CA, 31.6)
$LOG,137.219,L1CA,13,SIGNAL FOUND (35.3,3817.8,0.2006400)
$LOG,137.337,L1CA,15,SIGNAL LOST (L1CA, 31.5)
$LOG,137.371,L1CA,15,SIGNAL FOUND (35.3,2919.6,0.3089600)
$LOG,137.709,L1CA,20,SIGNAL LOST (L1CA, 31.4)
$LOG,137.769,L1CA,20,SIGNAL NOT FOUND (34.9)
$LOG,137.809,L1CA,6,SIGNAL LOST (L1CA, 31.6)
$LOG,137.809,L1CA,20,SIGNAL FOUND (35.1,-2436.3,0.8313600)
$LOG,137.909,L1CA,23,SIGNAL LOST (L1CA, 31.9)
$TIME,138.000,2025,4,14,12,40,24.616000,UTC
$LOG,137.909,L1CA,6,SIGNAL NOT FOUND (34.6)
$CH,138.000,L1CA,25,1332,32.6,0.896493651,-4246.900,-5648.072,1,0
$CH,138.000,L1CA,32,4791,33.9,0.158657081,785.492,3765.228,0,0
$CH,138.000,L1CA,8,135291,43.9,0.596458251,2128.248,285598.793,21,0
$CH,138.000,L1CA,12,2891,34.0,0.083400960,255.014,741.599,3,1
$CH,138.000,L1CA,14,1691,33.0,0.524411954,4135.603,7015.366,1,0
$CH,138.000,L1CA,29,1101,36.1,0.674699992,285.481,251.491,0,0
$CH,138.000,L1CA,7,135491,44.6,0.182154367,1328.605,182171.253,21,0
$CH,138.000,L1CA,27,132591,45.0,0.387606992,1943.401,257457.632,20,0
$CH,138.000,L1CA,11,15870,33.1,0.100649606,-219.695,-3458.455,0,0
$CH,138.000,L1CA,21,133191,44.0,0.318208241,-1399.027,-187890.419,20,0
$CH,138.000,L1CA,16,133791,53.3,0.199856494,-220.162,-23077.408,21,0
$CH,138.000,L1CA,19,1991,34.1,0.155227653,-2768.224,-5516.140,0,0
$CH,138.000,L1CA,28,1206,33.5,0.859335400,1687.377,2017.487,1,0
$CH,138.000,L1CA,9,135091,43.1,0.041625558,2286.382,307242.168,21,0
$CH,138.000,L1CA,31,132191,46.0,0.801355468,-2584.039,-342579.190,20,0
$CH,138.000,L1CA,2,137490,44.8,0.084209595,-1666.776,-230337.647,21,0
$CH,138.000,L1CA,3,137091,51.8,0.505177453,780.635,112902.275,21,0
$CH,138.000,L1CA,15,629,35.3,0.307796974,3122.586,1874.389,5,0
$CH,138.000,L1CA,26,132691,50.1,0.594431070,-2512.761,-329384.538,20,0
$CH,138.000,L1CA,17,1791,33.6,0.202714007,-2304.826,-4083.865,0,1
$CH,138.000,L1CA,4,136591,48.5,0.625693536,1863.072,253755.160,21,0
$CH,138.000,L1CA,13,781,35.3,0.198868775,3930.060,2974.517,1,1
$CH,138.000,L1CA,30,2291,33.6,0.385841240,273.310,657.687,2,0
$CH,138.000,L1CA,10,5191,33.1,0.285806461,804.831,4106.727,0,2
$CH,138.000,L1CA,18,2915,32.8,0.476322987,2806.546,8152.128,0,1
$CH,138.000,L1CA,1,137891,45.1,0.412382155,-2097.538,-289404.678,21,0
$CH,138.000,L1CA,20,191,35.1,0.831591889,-2212.853,-445.388,0,0
$CH,138.000,L1CA,5,5691,32.1,0.493536387,772.782,4367.390,4,2
$CH,138.000,L1CA,22,2391,33.8,0.379709601,-290.547,-646.823,0,0
$CH,138.000,L1CA,24,1431,34.4,0.264844452,682.034,1077.715,0,0
$LOG,138.085,L1CA,18,SIGNAL LOST (L1CA, 31.7)
$LOG,138.009,L1CA,23,SIGNAL FOUND (35.3,-1483.1,0.1353600)
$OBS,138.000,2279,388938.000,G08,1C,43.9,23862417.461,-285600.921,2128.302,0
$OBS,138.000,2279,388938.000,G07,1C,44.6,24038004.903,-182172.082,1329.298,0
$OBS,138.000,2279,388938.000,G27,1C,45.0,23200220.542,-257459.575,1943.374,0
$OBS,138.000,2279,388938.000,G21,1C,44.0,23479208.411,187891.818,-1399.274,0
$OBS,138.000,2279,388938.000,G16,1C,53.3,19846217.740,23077.628,-220.018,0
$OBS,138.000,2279,388938.000,G09,1C,43.1,23995875.243,-307243.955,2284.256,0
$OBS,138.000,2279,388938.000,G31,1C,46.0,23024467.620,342582.274,-2583.683,0
$OBS,138.000,2279,388938.000,G02,1C,44.8,23409057.436,230339.313,-1666.588,0
$OBS,138.000,2279,388938.000,G03,1C,51.8,19937750.467,-112903.056,780.402,0
$OBS,138.000,2279,388938.000,G04,1C,48.5,22072427.279,-253756.523,1862.913,0
$OBS,138.000,2279,388938.000,G26,1C,50.1,21163678.484,329387.551,-2513.022,0
$OBS,138.000,2279,388938.000,G01,1C,45.1,23207648.716,289407.276,-2095.904,0
$POS,138.000,2023,9,14,12,2,18.002000004,15.391032175,73.878039165,5.177,7,12
$LOG,138.109,L1CA,6,SIGNAL FOUND (35.8,32.9,0.8276800)
$LOG,138.227,L1CA,3,FRAME SYNC (N)
$LNAV,138.067,L1CA,3,8B55567E9B8DFFF539D93AD0FFC527EFC2612AB32D2C2CEEFFA6700203D1
$LOG,138.238,L1CA,27,FRAME SYNC (N)
$LNAV,138.078,L1CA,27,8B55567E9B8D0016E449881E0057275B63281B681E3CFCFDFFA65A02EEE0
$LOG,138.209,L1CA,17,SIGNAL LOST (L1CA, 30.9)
$LOG,138.227,L1CA,16,FRAME SYNC (N)
$LNAV,138.067,L1CA,16,8B55567E9B8DFFA8BD5FEE95005727436AD4267F20538147FFA31902003C
$LOG,138.241,L1CA,9,FRAME SYNC (R)
$LOG,138.231,L1CA,26,FRAME SYNC (R)
$LNAV,138.071,L1CA,26,8B55567E9B8DFFDCB6DF60AF003025FFFB7F245213149BEAFFA06302063A
$LOG,138.239,L1CA,21,FRAME SYNC (N)
$LNAV,138.079,L1CA,21,8B55567E9B8DFFD50B8DF721FF012733E1391641E331A9F5FFA5CF020F75
$LOG,138.238,L1CA,1,FRAME SYNC (R)
$LNAV,138.078,L1CA,1,8B55567E9B8D005B0FE62318FFCB285C23AF17B3286FFB0BFFAEBC02130A
$LNAV,138.081,L1CA,9,8B55567E9B8DFFEF638A90D5000F26FCAD431BDD4F18AEF4FFA61202E975
$LOG,138.227,L1CA,11,FRAME SYNC (R)
$LNAV,138.067,L1CA,11,8B55567E9B8DFFA8BD5FEE95005727436AD4267F20538147FFA31902003C
$LOG,138.237,L1CA,31,FRAME SYNC (R)
$LNAV,138.077,L1CA,31,8B55567E9B8DFFA49007C4C3FFC126E7250313F217C45689FFA9C3020A14
$LOG,138.239,L1CA,2,FRAME SYNC (N)
$LNAV,138.079,L1CA,2,8B55567E9B8DFF960BC91110FFA3276F73F71596C9272FAFFFA71F0209F9
$LOG,138.240,L1CA,8,FRAME SYNC (N)
$LNAV,138.080,L1CA,8,8B55567E9B8D0049E34C61ED002626FE02571AD00B1094CCFFA61902EE09
$LOG,138.234,L1CA,4,FRAME SYNC (R)
$LNAV,138.074,L1CA,4,8B55567E9B8D001365E2DB3DFFFC27424FEB1AD784181729FFA82302E94A
$LOG,138.241,L1CA,7,FRAME SYNC (R)
$LNAV,138.081,L1CA,7,8B55567E9B8D001F8F328FD0FFA826BCF49A11FEA775E7BBFFAC86020EBD
$LOG,138.209,L1CA,18,SIGNAL FOUND (35.3,2003.5,0.8196800)
$LOG,138.306,L1CA,5,SYMBOL SYNC (-74.298)
$LOG,138.309,L1CA,14,SIGNAL LOST (L1CA, 31.5)
$LOG,138.309,L1CA,17,SIGNAL FOUND (37.3,2919.7,0.1728000)
$LOG,138.409,L1CA,14,SIGNAL FOUND (35.8,-3040.6,0.6897600)
$LOG,138.668,L1CA,25,SIGNAL LOST (L1CA, 30.8)
$LOG,138.794,L1CA,28,SIGNAL LOST (L1CA, 31.9)
$LOG,138.709,L1CA,25,SIGNAL FOUND (35.9,1443.1,0.0044800)
$LOG,138.809,L1CA,28,SIGNAL FOUND (35.1,-1001.9,0.7209600)
$TIME,139.000,2025,4,14,12,40,30.901000,UTC
$CH,139.000,L1CA,25,291,35.9,0.004249026,1274.221,376.244,1,0
$CH,139.000,L1CA,5,6691,32.5,0.493052097,778.450,5146.463,4,2
$CH,139.000,L1CA,20,1191,33.3,0.832930011,-2525.077,-2821.255,0,0
$CH,139.000,L1CA,12,3891,32.3,0.082995648,257.278,1002.762,3,1
$CH,139.000,L1CA,18,791,35.3,0.818746054,1660.739,1420.287,0,1
$CH,139.000,L1CA,4,137591,48.9,0.624518737,1863.270,255618.262,22,0
$CH,139.000,L1CA,7,136491,44.5,0.181323897,1328.868,183499.807,22,0
$CH,139.000,L1CA,19,2991,32.3,0.156977230,-2772.906,-8286.099,0,0
$CH,139.000,L1CA,21,134191,44.0,0.319093161,-1397.987,-189288.984,21,0
$CH,139.000,L1CA,26,133691,50.4,0.596026335,-2513.165,-331897.365,21,0
$CH,139.000,L1CA,3,138091,52.4,0.504683009,779.851,113682.493,22,0
$CH,139.000,L1CA,17,691,37.3,0.171667721,2680.356,1892.960,0,1
$CH,139.000,L1CA,9,136091,43.4,0.040174570,2285.370,309527.432,22,0
$CH,139.000,L1CA,24,2431,33.0,0.264564935,686.003,1764.030,0,0
$CH,139.000,L1CA,13,1781,33.5,0.196338372,3763.243,6770.530,1,1
$CH,139.000,L1CA,28,191,35.1,0.721100871,-930.814,-181.685,1,0
$CH,139.000,L1CA,10,6191,32.7,0.285282007,802.821,4909.564,0,2
$CH,139.000,L1CA,29,2101,34.4,0.674388000,288.533,541.317,0,0
$CH,139.000,L1CA,6,891,35.8,0.827473322,358.350,216.286,0,1
$CH,139.000,L1CA,15,1629,33.3,0.305767848,3303.322,5163.735,5,0
$CH,139.000,L1CA,31,133191,46.4,0.802986927,-2584.028,-345163.476,21,0
$CH,139.000,L1CA,11,16870,33.6,0.100828206,-226.212,-3678.948,1,0
$CH,139.000,L1CA,22,3391,33.5,0.379878289,-297.036,-943.686,0,0
$CH,139.000,L1CA,2,138490,45.0,0.085254942,-1667.406,-232004.105,22,0
$CH,139.000,L1CA,8,136291,43.5,0.595101378,2128.814,287727.030,22,0
$CH,139.000,L1CA,16,134791,53.4,0.199981970,-220.890,-23297.959,22,0
$CH,139.000,L1CA,1,138891,45.4,0.413707438,-2096.800,-291501.347,22,0
$CH,139.000,L1CA,32,5791,32.9,0.158102390,782.866,4545.442,0,0
$CH,139.000,L1CA,27,133591,45.0,0.386374642,1944.306,259401.663,21,0
$CH,139.000,L1CA,30,3291,33.1,0.385776393,283.997,937.173,2,0
$CH,139.000,L1CA,14,591,35.8,0.690888175,-3305.447,-1907.805,1,0
$CH,139.000,L1CA,23,991,35.3,0.136430933,-2077.905,-1840.439,0,0
$OBS,139.000,2279,388939.000,G04,1C,48.9,22072075.081,-255619.625,1863.234,0
$OBS,139.000,2279,388939.000,G07,1C,44.5,24037755.923,-183500.636,1327.865,0
$OBS,139.000,2279,388939.000,G21,1C,44.0,23479473.707,189290.382,-1398.274,0
$OBS,139.000,2279,388939.000,G26,1C,50.4,21164156.743,331900.378,-2513.414,0
$OBS,139.000,2279,388939.000,G03,1C,52.4,19937602.244,-113683.273,779.912,0
$OBS,139.000,2279,388939.000,G09,1C,43.4,23995440.244,-309529.218,2284.600,0
$OBS,139.000,2279,388939.000,G31,1C,46.4,23024956.733,345166.560,-2583.676,0
$OBS,139.000,2279,388939.000,G02,1C,45.0,23409370.825,232005.773,-1666.532,0
$OBS,139.000,2279,388939.000,G08,1C,43.5,23862010.679,-287729.159,2129.181,0
$OBS,139.000,2279,388939.000,G16,1C,53.4,19846255.345,23298.179,-221.208,0
$OBS,139.000,2279,388939.000,G01,1C,45.4,23208046.040,291503.944,-2096.762,0
$OBS,139.000,2279,388939.000,G27,1C,45.0,23199851.104,-259403.607,1944.437,0
$POS,139.000,2023,9,14,12,2,19.002000002,15.391015548,73.878059908,7.615,7,12
$LOG,139.009,L1CA,23,SIGNAL LOST (L1CA, 32.0)
$LOG,139.019,L1CA,23,SIGNAL FOUND (35.3,2877.5,0.4057600)
$LOG,139.109,L1CA,12,SIGNAL LOST (L1CA, 31.8)
$LOG,139.174,L1CA,12,SIGNAL FOUND (35.0,-1385.5,0.9630400)
$LOG,139.209,L1CA,32,SIGNAL LOST (L1CA, 32.0)
$LOG,139.253,L1CA,32,SIGNAL FOUND (36.4,-9.8,0.1686400)
$LOG,139.330,L1CA,10,SYMBOL SYNC (82.943)
$LOG,139.371,L1CA,15,SIGNAL LOST (L1CA, 31.2)
$LOG,139.400,L1CA,15,SIGNAL FOUND (35.3,2497.3,0.4166400)
$LOG,139.569,L1CA,24,SIGNAL LOST (L1CA, 31.9)
$LOG,139.599,L1CA,24,SIGNAL FOUND (36.0,-2513.5,0.4356800)
$LOG,139.709,L1CA,30,SIGNAL LOST (L1CA, 31.8)
$LOG,139.762,L1CA,30,SIGNAL FOUND (35.9,2511.8,0.5492800)
$LOG,139.809,L1CA,20,SIGNAL LOST (L1CA, 31.5)
$LOG,139.819,L1CA,20,SIGNAL FOUND (35.2,4526.5,0.7270400)
$TIME,140.000,2025,4,14,12,40,41.960000,UTC
$CH,140.000,L1CA,7,137491,43.2,0.180476694,1327.876,184828.115,22,0
$CH,140.000,L1CA,14,1591,33.3,0.693034588,-3284.161,-5215.489,1,0
$CH,140.000,L1CA,2,139490,45.1,0.086317970,-1667.627,-233670.417,22,0
$CH,140.000,L1CA,25,1291,34.7,0.003529892,1292.860,1618.285,1,0
$CH,140.000,L1CA,32,747,36.4,0.168727617,-210.574,-150.086,0,0
$CH,140.000,L1CA,5,7691,32.3,0.492508770,779.215,5926.052,4,2
$CH,140.000,L1CA,26,134691,50.4,0.597620365,-2513.568,-334410.640,21,0
$CH,140.000,L1CA,15,600,35.3,0.415802637,2264.895,1368.479,5,0
$CH,140.000,L1CA,8,137291,44.3,0.593754289,2127.296,289855.521,22,0
$CH,140.000,L1CA,1,139891,45.9,0.415042636,-2096.693,-293597.982,22,0
$CH,140.000,L1CA,21,135191,44.2,0.319977128,-1398.411,-190687.354,21,0
$CH,140.000,L1CA,9,137091,43.5,0.038736817,2285.784,311812.854,22,0
$CH,140.000,L1CA,22,4391,33.4,0.380004548,-303.718,-1242.066,0,0
$CH,140.000,L1CA,29,3101,32.8,0.674282494,289.780,826.870,0,0
$CH,140.000,L1CA,16,135791,53.4,0.200108036,-221.598,-23519.226,22,0
$CH,140.000,L1CA,11,17870,33.3,0.100919962,-224.723,-3900.185,1,0
$CH,140.000,L1CA,10,7191,33.1,0.284719682,796.206,5711.971,0,2
$CH,140.000,L1CA,20,181,35.2,0.726568719,4272.682,785.381,0,0
$CH,140.000,L1CA,4,138591,49.1,0.623332829,1863.634,257481.436,22,0
$CH,140.000,L1CA,3,139091,52.9,0.504197753,779.206,114462.084,22,0
$CH,140.000,L1CA,27,134591,44.6,0.385146654,1944.238,261345.725,21,0
$CH,140.000,L1CA,31,134191,45.9,0.804632087,-2583.564,-347747.653,21,0
$CH,140.000,L1CA,30,238,35.9,0.548875280,2787.604,639.921,2,0
$CH,140.000,L1CA,18,1791,33.8,0.817716834,1657.226,3084.651,0,1
$CH,140.000,L1CA,17,1691,35.3,0.170028824,2697.444,4574.914,0,1
$CH,140.000,L1CA,19,3991,32.2,0.158740955,-2762.884,-11055.837,0,0
$CH,140.000,L1CA,24,401,36.0,0.436340726,-2567.070,-1057.540,0,0
$CH,140.000,L1CA,6,1891,34.5,0.827156982,344.204,563.680,0,1
$LOG,140.009,L1CA,19,SIGNAL LOST (L1CA, 31.5)
$CH,140.000,L1CA,23,981,35.3,0.404097022,2708.852,2700.389,0,0
$CH,140.000,L1CA,12,826,35.0,0.963690977,-1199.402,-1048.276,3,1
$CH,140.000,L1CA,13,2781,32.6,0.193997946,3766.914,10535.686,1,1
$CH,140.000,L1CA,28,1191,34.0,0.721544477,-722.727,-962.553,1,0
$OBS,140.000,2279,388940.000,G02,1C,45.1,23409689.518,233672.085,-1666.581,0
$OBS,140.000,2279,388940.000,G07,1C,43.2,24037501.952,-184828.943,1328.879,0
$OBS,140.000,2279,388940.000,G26,1C,50.4,21164634.617,334413.653,-2513.751,0
$OBS,140.000,2279,388940.000,G08,1C,44.3,23861606.829,-289857.648,2128.054,0
$OBS,140.000,2279,388940.000,G01,1C,45.9,23208446.313,293600.579,-2096.949,0
$OBS,140.000,2279,388940.000,G21,1C,44.2,23479738.706,190688.753,-1398.820,0
$OBS,140.000,2279,388940.000,G09,1C,43.5,23995009.224,-311814.640,2285.533,0
$OBS,140.000,2279,388940.000,G16,1C,53.4,19846293.142,23519.447,-221.824,0
$OBS,140.000,2279,388940.000,G04,1C,49.1,22071719.550,-257482.799,1863.785,0
$OBS,140.000,2279,388940.000,G03,1C,52.9,19937456.762,-114462.864,779.180,0
$OBS,140.000,2279,388940.000,G27,1C,44.6,23199482.956,-261347.669,1943.879,0
$OBS,140.000,2279,388940.000,G31,1C,45.9,23025449.928,347750.736,-2583.732,0
$POS,140.000,2023,9,14,12,2,20.001999993,15.391018511,73.878082796,11.014,7,12
$LOG,140.019,L1CA,19,SIGNAL FOUND (35.8,2592.9,0.3252800)
$LOG,140.219,L1CA,13,SIGNAL LOST (L1CA, 31.3)
$LOG,140.270,L1CA,13,SIGNAL NOT FOUND (35.0)
$LOG,140.309,L1CA,13,SIGNAL FOUND (35.7,-1578.2,0.5500800)
$LOG,140.409,L1CA,14,SIGNAL LOST (L1CA, 31.7)
$LOG,140.464,L1CA,14,SIGNAL FOUND (35.1,-47.0,0.4372800)
$TIME,141.000,2025,4,14,12,40,47.931000,UTC
$CH,141.000,L1CA,8,138291,44.8,0.592402714,2128.373,291984.264,22,0
$CH,141.000,L1CA,6,2891,33.0,0.826831957,346.792,909.852,0,1
$CH,141.000,L1CA,10,8191,33.0,0.284235082,807.335,6513.597,0,2
$CH,141.000,L1CA,28,2191,33.4,0.722022434,-715.606,-1686.418,1,0
$CH,141.000,L1CA,11,18870,33.2,0.101049327,-220.954,-4121.722,1,0
$CH,141.000,L1CA,23,1981,32.9,0.402476735,2685.436,5392.171,0,0
$CH,141.000,L1CA,1,140891,45.6,0.416376333,-2096.737,-295694.581,22,0
$CH,141.000,L1CA,27,135591,44.6,0.383903242,1943.889,263289.815,21,0
$CH,141.000,L1CA,14,536,35.1,0.437377316,-46.554,-89.350,1,0
$LOG,141.019,L1CA,23,SIGNAL LOST (L1CA, 31.2)
$CH,141.000,L1CA,3,140091,53.0,0.503708436,778.633,115241.051,22,0
$CH,141.000,L1CA,15,1600,32.9,0.414494481,2357.759,3712.095,5,0
$CH,141.000,L1CA,21,136191,44.3,0.320872149,-1399.142,-192085.549,21,0
$CH,141.000,L1CA,20,1181,33.5,0.723954006,4231.117,5018.168,0,0
$CH,141.000,L1CA,19,981,35.8,0.323482299,2797.766,2729.709,0,0
$CH,141.000,L1CA,7,138491,43.1,0.179632278,1328.770,186156.195,22,0
$CH,141.000,L1CA,5,8691,33.2,0.492017158,777.045,6705.083,4,2
$CH,141.000,L1CA,26,135691,50.4,0.599217198,-2514.455,-336924.370,21,0
$CH,141.000,L1CA,30,1238,33.9,0.547247621,2756.147,3437.716,2,0
$CH,141.000,L1CA,13,691,35.7,0.550726215,-1662.796,-1170.719,1,1
$CH,141.000,L1CA,4,139591,48.3,0.622147035,1863.640,259344.690,22,0
$CH,141.000,L1CA,2,140490,45.8,0.087376083,-1665.386,-235336.607,22,0
$CH,141.000,L1CA,12,1826,33.8,0.964374050,-1265.683,-2307.475,3,1
$CH,141.000,L1CA,29,4101,32.1,0.674200758,283.625,1105.731,0,0
$CH,141.000,L1CA,16,136791,53.5,0.200249545,-222.574,-23741.209,22,0
$CH,141.000,L1CA,24,1401,34.5,0.438003271,-2678.967,-3741.215,0,0
$CH,141.000,L1CA,9,138091,42.7,0.037266488,2286.535,314098.435,22,0
$CH,141.000,L1CA,25,2291,32.9,0.002564774,1290.832,2905.021,1,0
$CH,141.000,L1CA,32,1747,35.2,0.168733450,-227.864,-367.319,0,0
$CH,141.000,L1CA,31,135191,45.9,0.806276222,-2585.291,-350331.714,21,0
$CH,141.000,L1CA,18,2791,33.0,0.816643176,1665.673,4744.689,0,1
$CH,141.000,L1CA,17,2691,32.7,0.168340974,2699.537,7268.846,0,1
$CH,141.000,L1CA,22,5391,33.0,0.380182200,-301.584,-1540.470,0,0
$OBS,141.000,2279,388941.000,G08,1C,44.8,23861201.635,-291986.393,2129.190,0
$OBS,141.000,2279,388941.000,G01,1C,45.6,23208846.150,295697.178,-2096.079,0
$OBS,141.000,2279,388941.000,G27,1C,44.6,23199110.185,-263291.759,1944.262,0
$OBS,141.000,2279,388941.000,G03,1C,53.0,19937310.075,-115241.830,778.607,0
$OBS,141.000,2279,388941.000,G21,1C,44.3,23480007.038,192086.948,-1397.899,0
$OBS,141.000,2279,388941.000,G07,1C,43.1,24037248.802,-186157.024,1327.699,0
$OBS,141.000,2279,388941.000,G26,1C,50.4,21165113.329,336927.385,-2513.835,0
$OBS,141.000,2279,388941.000,G04,1C,48.3,22071364.055,-259346.053,1863.824,0
$OBS,141.000,2279,388941.000,G02,1C,45.8,23410006.728,235338.272,-1667.336,0
$OBS,141.000,2279,388941.000,G16,1C,53.5,19846335.564,23741.431,-222.183,0
$OBS,141.000,2279,388941.000,G09,1C,42.7,23994568.414,-314100.222,2285.199,0
$OBS,141.000,2279,388941.000,G31,1C,45.9,23025942.827,350334.799,-2583.653,0
$POS,141.000,2023,9,14,12,2,21.001999997,15.391012446,73.878087878,8.857,7,12
$LOG,141.099,L1CA,23,SIGNAL FOUND (35.0,3841.3,0.1875200)
$LOG,141.309,L1CA,17,SIGNAL LOST (L1CA, 31.8)
$LOG,141.400,L1CA,15,SIGNAL LOST (L1CA, 30.4)
$LOG,141.403,L1CA,17,SIGNAL FOUND (37.9,1974.2,0.4428800)
$LOG,141.418,L1CA,15,SIGNAL FOUND (35.5,921.3,0.0147200)
$LOG,141.506,L1CA,32,SYMBOL SYNC (75.445)
$LOG,141.599,L1CA,24,SIGNAL LOST (L1CA, 31.9)
$LOG,141.609,L1CA,24,SIGNAL FOUND (35.7,2123.6,0.7566400)
$LOG,141.819,L1CA,20,SIGNAL LOST (L1CA, 31.3)
$LOG,141.899,L1CA,29,SIGNAL LOST (L1CA, 31.3)
$LOG,141.829,L1CA,20,SIGNAL FOUND (35.1,1175.4,0.8796800)
$TIME,142.000,2025,4,14,12,40,52.958000,UTC
$LOG,141.909,L1CA,29,SIGNAL FOUND (35.3,-5000.0,0.2747200)
$CH,142.000,L1CA,9,139091,43.4,0.035824387,2285.563,316384.182,22,0
$CH,142.000,L1CA,4,140591,48.4,0.620970667,1863.133,261208.019,22,0
$CH,142.000,L1CA,10,9191,32.2,0.283711817,800.850,7314.916,0,2
$CH,142.000,L1CA,31,136191,46.2,0.807916073,-2583.477,-352915.670,21,0
$CH,142.000,L1CA,17,597,37.9,0.442299946,1697.359,1053.694,0,1
$CH,142.000,L1CA,11,19870,33.2,0.101204737,-225.464,-4344.384,1,0
$CH,142.000,L1CA,24,391,35.7,0.756098156,2215.553,876.045,0,0
$CH,142.000,L1CA,16,137791,52.9,0.200404137,-222.938,-23963.905,22,0
$CH,142.000,L1CA,32,2747,34.1,0.168778928,-219.315,-589.661,0,0
$CH,142.000,L1CA,12,2826,32.6,0.965168536,-1265.080,-3572.222,3,1
$CH,142.000,L1CA,14,1536,34.3,0.437510527,-175.072,-220.209,1,0
$CH,142.000,L1CA,30,2238,32.3,0.545533594,2753.320,6193.528,2,0
$CH,142.000,L1CA,5,9691,33.8,0.491526515,774.592,7483.408,4,2
$CH,142.000,L1CA,3,141091,53.2,0.503209655,777.929,116019.385,22,0
$CH,142.000,L1CA,20,171,35.1,0.879562728,1298.877,215.250,0,0
$CH,142.000,L1CA,7,139491,43.6,0.178782542,1328.561,187484.045,22,0
$CH,142.000,L1CA,1,141891,46.5,0.417706684,-2096.736,-297791.143,22,0
$CH,142.000,L1CA,2,141490,45.8,0.088435867,-1666.143,-237002.662,22,0
$CH,142.000,L1CA,23,901,35.0,0.185407501,3971.356,3454.625,0,0
$CH,142.000,L1CA,19,1981,34.2,0.321855189,2782.283,5513.295,0,0
$CH,142.000,L1CA,28,3191,33.0,0.722301387,-722.095,-2408.541,1,0
$CH,142.000,L1CA,29,91,35.3,0.275014348,-4864.563,-448.548,0,0
$CH,142.000,L1CA,21,137191,44.3,0.321748236,-1397.864,-193483.563,21,0
$CH,142.000,L1CA,13,1691,33.9,0.551719579,-1756.284,-2912.207,1,1
$CH,142.000,L1CA,26,136691,50.5,0.600811905,-2514.221,-339438.548,21,0
$CH,142.000,L1CA,8,139291,43.5,0.591055198,2127.459,294113.256,22,0
$CH,142.000,L1CA,15,582,35.5,0.014441136,892.290,478.583,5,0
$CH,142.000,L1CA,22,6391,32.9,0.380362234,-298.474,-1836.820,0,0
$CH,142.000,L1CA,27,136591,44.1,0.382668112,1943.844,265233.935,21,0
$CH,142.000,L1CA,18,3791,32.1,0.815599558,1660.539,6407.904,0,1
$CH,142.000,L1CA,6,3891,32.1,0.826434484,343.262,1256.305,0,1
$CH,142.000,L1CA,25,3291,33.3,0.001754711,1274.678,4188.574,1,0
$OBS,142.000,2279,388942.000,G09,1C,43.4,23994136.085,-316385.967,2286.262,0
$OBS,142.000,2279,388942.000,G04,1C,48.4,22071011.403,-261209.382,1863.334,0
$OBS,142.000,2279,388942.000,G31,1C,46.2,23026434.452,352918.753,-2584.526,0
$OBS,142.000,2279,388942.000,G16,1C,52.9,19846381.912,23964.127,-222.990,0
$OBS,142.000,2279,388942.000,G03,1C,53.2,19937160.544,-116020.163,777.666,0
$OBS,142.000,2279,388942.000,G07,1C,43.6,24036994.046,-187484.873,1327.990,0
$OBS,142.000,2279,388942.000,G01,1C,46.5,23209244.975,297793.740,-2096.154,0
$OBS,142.000,2279,388942.000,G02,1C,45.8,23410324.444,237004.328,-1665.662,0
$OBS,142.000,2279,388942.000,G21,1C,44.3,23480269.681,193484.961,-1398.844,0
$OBS,142.000,2279,388942.000,G26,1C,50.5,21165591.412,339441.562,-2514.312,0
$OBS,142.000,2279,388942.000,G08,1C,43.5,23860797.662,-294115.384,2128.590,0
$OBS,142.000,2279,388942.000,G27,1C,44.1,23198739.909,-265235.879,1943.007,0
$POS,142.000,2023,9,14,12,2,22.001999999,15.391014335,73.878078964,7.246,7,12
$LOG,142.109,L1CA,6,SIGNAL LOST (L1CA, 31.5)
$LOG,142.174,L1CA,12,SIGNAL LOST (L1CA, 30.7)
$LOG,142.137,L1CA,6,SIGNAL FOUND (35.9,526.2,0.9928000)
$LOG,142.209,L1CA,18,SIGNAL LOST (L1CA, 31.3)
$LOG,142.209,L1CA,12,SIGNAL NOT FOUND (34.9)
$LOG,142.309,L1CA,18,SIGNAL FOUND (35.5,3571.4,0.6966400)
$LOG,142.409,L1CA,12,SIGNAL NOT FOUND (34.5)
$LOG,142.509,L1CA,12,SIGNAL FOUND (35.2,-2552.0,0.2116800)
$LOG,142.609,L1CA,22,SIGNAL LOST (L1CA, 31.8)
$LOG,142.687,L1CA,22,SIGNAL FOUND (35.1,-3410.4,0.8124800)
$LOG,142.762,L1CA,30,SIGNAL LOST (L1CA, 31.7)
$LOG,142.809,L1CA,28,SIGNAL LOST (L1CA, 31.5)
$LOG,142.809,L1CA,30,SIGNAL FOUND (35.4,3944.5,0.1380800)
$TIME,143.000,2025,4,14,12,40,58.856000,UTC
$LOG,142.909,L1CA,28,SIGNAL FOUND (37.5,-3340.4,0.4432000)
$CH,143.000,L1CA,20,1171,33.5,0.878940091,1306.154,1495.262,0,0
$CH,143.000,L1CA,3,142091,53.0,0.502712607,777.387,116797.086,22,0
$CH,143.000,L1CA,24,1391,35.1,0.754644663,2241.706,3135.687,0,0
$CH,143.000,L1CA,4,141591,48.5,0.619784167,1863.709,263071.422,22,0
$CH,143.000,L1CA,16,138791,53.2,0.200560499,-223.723,-24187.306,22,0
$CH,143.000,L1CA,29,1091,33.9,0.278037031,-4839.188,-5317.301,0,0
$CH,143.000,L1CA,30,191,35.4,0.137649640,3782.302,725.472,2,0
$CH,143.000,L1CA,6,863,35.9,0.992327675,779.735,675.006,0,1
$CH,143.000,L1CA,5,10691,33.7,0.491053170,781.375,8261.091,4,2
$CH,143.000,L1CA,31,137191,45.7,0.809559730,-2583.181,-355499.513,21,0
$CH,143.000,L1CA,11,20870,32.5,0.101340934,-220.532,-4567.789,1,0
$CH,143.000,L1CA,17,1597,35.7,0.441435191,1697.658,2751.475,0,1
$CH,143.000,L1CA,8,140291,43.7,0.589701261,2129.086,296242.496,22,0
$CH,143.000,L1CA,13,2691,32.7,0.552877227,-1751.939,-4667.788,1,1
$CH,143.000,L1CA,28,91,37.5,0.443363826,-3233.130,-297.240,1,0
$CH,143.000,L1CA,12,491,35.2,0.212514157,-2762.085,-1353.342,3,1
$CH,143.000,L1CA,19,2981,32.6,0.320151465,2783.602,8296.809,0,0
$CH,143.000,L1CA,32,3747,32.3,0.168931748,-228.442,-812.828,0,0
$LOG,143.019,L1CA,19,SIGNAL LOST (L1CA, 31.4)
$CH,143.000,L1CA,23,1901,32.6,0.182860602,4039.994,7491.069,0,0
$CH,143.000,L1CA,14,2536,33.8,0.437632975,-176.150,-392.614,1,0
$CH,143.000,L1CA,2,142490,45.8,0.089490305,-1666.438,-238668.585,22,0
$CH,143.000,L1CA,25,4291,33.4,0.001029481,1278.803,5466.067,1,0
$CH,143.000,L1CA,9,140091,43.2,0.034371080,2287.099,318670.081,22,0
$CH,143.000,L1CA,18,691,35.5,0.695103582,3715.850,2550.886,0,1
$CH,143.000,L1CA,26,137691,50.0,0.602408794,-2515.142,-341953.181,21,0
$CH,143.000,L1CA,21,138191,44.4,0.322646645,-1397.486,-194881.390,21,0
$CH,143.000,L1CA,10,10191,32.2,0.283218600,799.903,8116.621,0,2
$CH,143.000,L1CA,22,313,35.1,0.813126334,-3180.764,-1036.128,0,0
$CH,143.000,L1CA,15,1582,34.5,0.014073288,782.228,1270.212,5,0
$CH,143.000,L1CA,1,142891,46.5,0.419036314,-2096.293,-299887.670,22,0
$CH,143.000,L1CA,27,137591,44.4,0.381443424,1944.472,267178.090,21,0
$CH,143.000,L1CA,7,140491,43.5,0.177939317,1327.322,188811.659,22,0
$OBS,143.000,2279,388943.000,G03,1C,53.0,19937011.520,-116797.864,777.169,0
$OBS,143.000,2279,388943.000,G04,1C,48.5,22070655.698,-263072.785,1864.176,0
$OBS,143.000,2279,388943.000,G16,1C,53.2,19846428.800,24187.529,-223.621,0
$OBS,143.000,2279,388943.000,G31,1C,45.7,23026927.194,355502.596,-2584.238,0
$OBS,143.000,2279,388943.000,G08,1C,43.7,23860391.753,-296244.625,2128.174,0
$OBS,143.000,2279,388943.000,G02,1C,45.8,23410640.555,238670.251,-1665.792,0
$OBS,143.000,2279,388943.000,G09,1C,43.2,23993700.405,-318671.868,2286.126,0
$OBS,143.000,2279,388943.000,G26,1C,50.0,21166070.159,341956.196,-2514.819,0
$OBS,143.000,2279,388943.000,G21,1C,44.4,23480539.008,194882.788,-1396.636,0
$OBS,143.000,2279,388943.000,G01,1C,46.5,23209643.590,299890.266,-2097.183,0
$OBS,143.000,2279,388943.000,G27,1C,44.4,23198372.756,-267180.034,1944.504,0
$OBS,143.000,2279,388943.000,G07,1C,43.5,24036741.263,-188812.486,1326.948,0
$POS,143.000,2023,9,14,12,2,23.002000003,15.391026806,73.878043179,4.288,7,12
$LOG,143.099,L1CA,23,SIGNAL LOST (L1CA, 31.9)
$LOG,143.075,L1CA,19,SIGNAL FOUND (36.2,3963.3,0.2016000)
$LOG,143.130,L1CA,11,SIGNAL LOST (L1CA, 31.5)
$LOG,143.126,L1CA,15,SYMBOL SYNC (-73.958)
$LOG,143.109,L1CA,23,SIGNAL FOUND (36.4,1424.4,0.1616000)
$LOG,143.253,L1CA,32,SIGNAL LOST (L1CA, 31.4)
$LOG,143.209,L1CA,11,SIGNAL FOUND (35.3,-2732.0,0.3622400)
$LOG,143.309,L1CA,32,SIGNAL FOUND (36.4,1537.7,0.1664000)
$LOG,143.829,L1CA,20,SIGNAL LOST (L1CA, 31.7)
$LOG,143.862,L1CA,20,SIGNAL FOUND (35.3,3950.4,0.9796800)
$LOG,143.909,L1CA,29,SIGNAL LOST (L1CA, 31.8)
$TIME,144.000,2025,4,14,12,41,6.850000,UTC
$LOG,143.993,L1CA,29,SIGNAL FOUND (36.2,4015.8,0.0188800)
$CH,144.000,L1CA,4,142591,48.9,0.618605717,1863.634,264934.903,22,0
$CH,144.000,L1CA,17,2597,32.8,0.440544795,1702.621,4448.333,0,1
$CH,144.000,L1CA,19,925,36.2,0.199455389,3786.485,3481.455,0,0
$CH,144.000,L1CA,29,7,36.2,0.018862187,3983.778,28.062,0,0
$CH,144.000,L1CA,32,691,36.4,0.165738663,1725.676,1185.929,0,0
$CH,144.000,L1CA,16,139791,53.1,0.200719694,-224.435,-24411.427,22,0
$CH,144.000,L1CA,31,138191,45.5,0.811190200,-2583.559,-358083.243,21,0
$CH,144.000,L1CA,9,141091,43.1,0.032916949,2287.761,320956.143,22,0
$CH,144.000,L1CA,7,141491,44.1,0.177099428,1326.008,190139.040,22,0
$CH,144.000,L1CA,18,1691,33.3,0.692732540,3781.662,6325.859,0,1
$CH,144.000,L1CA,23,891,36.4,0.161025218,1270.965,1124.346,0,0
$CH,144.000,L1CA,15,2582,33.2,0.013653313,778.564,2046.628,5,0
$CH,144.000,L1CA,2,143490,45.6,0.090545044,-1666.062,-240334.377,22,0
$CH,144.000,L1CA,20,138,35.3,0.979344464,3791.774,529.027,0,0
$CH,144.000,L1CA,11,791,35.3,0.363475345,-2469.800,-2108.210,1,0
$CH,144.000,L1CA,6,1863,33.6,0.991883169,786.525,1466.252,0,1
$CH,144.000,L1CA,26,138691,49.3,0.604005460,-2515.225,-344468.264,21,0
$CH,144.000,L1CA,5,11691,32.6,0.490437142,777.570,9038.181,4,2
$CH,144.000,L1CA,8,141291,43.7,0.588347492,2129.583,298371.991,22,0
$CH,144.000,L1CA,30,1191,33.2,0.135352283,3586.331,4416.417,2,0
$CH,144.000,L1CA,25,5291,33.2,0.000395995,1277.796,6743.201,1,0
$CH,144.000,L1CA,1,143891,46.6,0.420366030,-2096.787,-301984.163,22,0
$CH,144.000,L1CA,21,139191,44.3,0.323533763,-1397.087,-196279.031,21,0
$CH,144.000,L1CA,13,3691,32.2,0.554019512,-1749.163,-6420.138,1,1
$CH,144.000,L1CA,12,1491,32.9,0.214297205,-2858.323,-4195.505,3,1
$CH,144.000,L1CA,10,11191,33.0,0.282747774,804.234,8918.074,0,2
$CH,144.000,L1CA,14,3536,33.9,0.437793233,-177.155,-566.832,1,0
$CH,144.000,L1CA,22,1313,33.3,0.815169144,-3123.014,-4236.950,0,0
$CH,144.000,L1CA,24,2391,34.0,0.753298014,2248.852,5377.111,0,0
$CH,144.000,L1CA,3,143091,53.7,0.502224751,776.166,117574.161,22,0
$CH,144.000,L1CA,27,138591,44.6,0.380202792,1944.990,269122.266,21,0
$CH,144.000,L1CA,28,1091,33.9,0.445335677,-3197.743,-3567.426,1,0
$OBS,144.000,2279,388944.000,G04,1C,48.9,22070302.401,-264936.267,1863.264,0
$OBS,144.000,2279,388944.000,G16,1C,53.1,19846476.527,24411.651,-224.557,0
$OBS,144.000,2279,388944.000,G31,1C,45.5,23027416.009,358086.327,-2584.493,0
$OBS,144.000,2279,388944.000,G09,1C,43.1,23993264.464,-320957.930,2285.469,0
$OBS,144.000,2279,388944.000,G07,1C,44.1,24036489.473,-190139.866,1328.194,0
$OBS,144.000,2279,388944.000,G02,1C,45.6,23410956.753,240336.043,-1665.869,0
$OBS,144.000,2279,388944.000,G26,1C,49.3,21166548.818,344471.279,-2514.554,0
$OBS,144.000,2279,388944.000,G08,1C,43.7,23859985.913,-298374.120,2129.111,0
$OBS,144.000,2279,388944.000,G01,1C,46.6,23210042.223,301986.760,-2097.301,0
$OBS,144.000,2279,388944.000,G21,1C,44.3,23480804.966,196280.428,-1397.449,0
$OBS,144.000,2279,388944.000,G03,1C,53.7,19936865.269,-117574.937,776.853,0
$OBS,144.000,2279,388944.000,G27,1C,44.6,23198000.822,-269124.211,1943.865,0
$POS,144.000,2023,9,14,12,2,24.002000017,15.391032568,73.878043551,-3.947,7,12
$LOG,144.238,L1CA,1,FRAME SYNC (R)
$LNAV,144.078,L1CA,1,8B55567E9C11765555555555555555555555555555555555555555555555
$LOG,144.227,L1CA,16,FRAME SYNC (N)
$LNAV,144.067,L1CA,16,8B55567E9C11765555555555555555555555555555555555555555555555
$LOG,144.234,L1CA,4,FRAME SYNC (R)
$LNAV,144.074,L1CA,4,8B55567E9C11765555555555555555555555555555555555555555555555
$LOG,144.231,L1CA,26,FRAME SYNC (R)
$LNAV,144.071,L1CA,26,8B55567E9C11765555555555555555555555555555555555555555555555
$LOG,144.238,L1CA,27,FRAME SYNC (N)
$LNAV,144.078,L1CA,27,8B55567E9C11765555555555555555555555555555555555555555555555
$LOG,144.241,L1CA,7,FRAME SYNC (R)
$LNAV,144.081,L1CA,7,8B55567E9C11765555555555555555555555555555555555555555555555
$LOG,144.227,L1CA,3,FRAME SYNC (N)
$LNAV,144.067,L1CA,3,8B55567E9C11765555555555555555555555555555555555555555555555
$LOG,144.241,L1CA,9,FRAME SYNC (R)
$LNAV,144.081,L1CA,9,8B55567E9C11765555555555555555555555555555555555555555555555
$LOG,144.237,L1CA,31,FRAME SYNC (R)
$LNAV,144.077,L1CA,31,8B55567E9C11765555555555555555555555555555555555555555555555
$LOG,144.239,L1CA,2,FRAME SYNC (N)
$LNAV,144.079,L1CA,2,8B55567E9C11765555555555555555555555555555555555555555555555
$LOG,144.240,L1CA,8,FRAME SYNC (N)
$LNAV,144.080,L1CA,8,8B55567E9C11765555555555555555555555555555555555555555555555
$LOG,144.239,L1CA,21,FRAME SYNC (N)
$LNAV,144.079,L1CA,21,8B55567E9C11765555555555555555555555555555555555555555555555
$LOG,144.309,L1CA,18,SIGNAL LOST (L1CA, 32.0)
$LOG,144.309,L1CA,13,SIGNAL LOST (L1CA, 31.0)
$LOG,144.403,L1CA,17,SIGNAL LOST (L1CA, 31.7)
$LOG,144.402,L1CA,13,SIGNAL FOUND (36.5,961.7,0.8028800)
$LOG,144.509,L1CA,12,SIGNAL LOST (L1CA, 30.9)
$LOG,144.509,L1CA,17,SIGNAL FOUND (35.1,-2530.7,0.4432000)
$LOG,144.687,L1CA,22,SIGNAL LOST (L1CA, 31.4)
$LOG,144.609,L1CA,18,SIGNAL FOUND (35.6,949.9,0.3152000)
$LOG,144.709,L1CA,22,SIGNAL FOUND (35.8,-3994.0,0.9360000)
$LOG,144.809,L1CA,30,SIGNAL LOST (L1CA, 31.0)
$LOG,144.809,L1CA,12,SIGNAL FOUND (35.7,2044.9,0.9289600)
$TIME,145.000,2025,4,14,12,41,15.012000,UTC
$LOG,144.909,L1CA,30,SIGNAL FOUND (35.4,913.8,0.7529600)
$CH,145.000,L1CA,2,144490,45.2,0.091608668,-1664.667,-242000.039,23,0
$CH,145.000,L1CA,21,140191,44.2,0.324416861,-1397.676,-197676.488,22,0
$CH,145.000,L1CA,17,491,35.1,0.444015962,-2774.407,-1332.576,0,1
$CH,145.000,L1CA,28,2091,32.4,0.447349710,-3199.969,-6764.158,1,0
$CH,145.000,L1CA,16,140791,53.1,0.200872790,-225.335,-24636.258,23,0
$CH,145.000,L1CA,26,139691,49.5,0.605602857,-2516.197,-346983.797,22,0
$CH,145.000,L1CA,13,598,36.5,0.802501399,593.070,456.693,1,1
$CH,145.000,L1CA,32,1691,34.1,0.164904060,1702.538,2889.242,0,0
$CH,145.000,L1CA,14,4536,33.9,0.437891224,-179.786,-740.890,1,0
$CH,145.000,L1CA,30,91,35.4,0.752910210,779.080,75.695,2,0
$CH,145.000,L1CA,22,291,35.8,0.936718017,-4193.713,-1207.069,0,0
$CH,145.000,L1CA,19,1925,33.8,0.197089294,3774.247,7249.421,0,0
$CH,145.000,L1CA,24,3391,33.1,0.751854224,2239.423,7620.220,0,0
$CH,145.000,L1CA,29,1007,34.0,0.016518108,3689.176,3715.701,0,0
$CH,145.000,L1CA,6,2863,32.6,0.991490369,791.296,2258.102,0,1
$CH,145.000,L1CA,10,12191,33.2,0.282193358,799.630,9721.153,0,2
$CH,145.000,L1CA,7,142491,44.3,0.176252886,1327.584,191466.190,23,0
$CH,145.000,L1CA,11,1791,33.8,0.364939889,-2303.313,-4430.498,1,0
$CH,145.000,L1CA,23,1891,35.2,0.160297907,1252.525,2385.167,0,0
$CH,145.000,L1CA,12,191,35.7,0.928763564,1786.960,355.709,3,1
$CH,145.000,L1CA,3,144091,53.4,0.501720482,776.114,118350.605,23,0
$CH,145.000,L1CA,27,139591,44.0,0.378968804,1944.487,271066.476,22,0
$CH,145.000,L1CA,1,144891,46.8,0.421698956,-2096.727,-304080.615,23,0
$CH,145.000,L1CA,31,139191,45.7,0.812841355,-2583.228,-360666.863,22,0
$CH,145.000,L1CA,9,142091,43.3,0.031463110,2284.952,323242.363,23,0
$CH,145.000,L1CA,18,391,35.6,0.314959417,826.728,318.501,0,1
$CH,145.000,L1CA,4,143591,47.9,0.617420006,1863.204,266798.457,23,0
$CH,145.000,L1CA,8,142291,43.8,0.586989931,2130.735,300501.734,23,0
$CH,145.000,L1CA,25,6292,32.4,0.999800054,1280.892,8019.785,1,0
$CH,145.000,L1CA,15,3582,32.1,0.013120965,774.639,2823.012,5,0
$CH,145.000,L1CA,5,12691,32.7,0.489953572,778.740,9814.010,4,2
$CH,145.000,L1CA,20,1138,32.7,0.977025310,3770.630,4336.601,0,0
$OBS,145.000,2279,388945.000,G21,1C,44.2,23481069.704,197677.886,-1397.246,0
$OBS,145.000,2279,388945.000,G02,1C,45.2,23411275.621,242001.703,-1665.343,0
$OBS,145.000,2279,388945.000,G16,1C,53.1,19846522.421,24636.483,-225.174,0
$OBS,145.000,2279,388945.000,G26,1C,49.5,21167027.705,346986.813,-2515.479,0
$OBS,145.000,2279,388945.000,G07,1C,44.3,24036235.677,-191467.017,1326.194,0
$OBS,145.000,2279,388945.000,G03,1C,53.4,19936714.098,-118351.381,775.999,0
$OBS,145.000,2279,388945.000,G01,1C,46.8,23210441.833,304083.212,-2097.433,0
$OBS,145.000,2279,388945.000,G31,1C,45.7,23027911.002,360669.946,-2583.742,0
$OBS,145.000,2279,388945.000,G09,1C,43.3,23992828.610,-323244.148,2285.907,0
$OBS,145.000,2279,388945.000,G27,1C,44.0,23197630.878,-271068.421,1944.365,0
$OBS,145.000,2279,388945.000,G04,1C,47.9,22069946.940,-266799.820,1863.575,0
$OBS,145.000,2279,388945.000,G08,1C,43.8,23859578.922,-300503.864,2129.494,0
$POS,145.000,2023,9,14,12,2,25.002000013,15.391034925,73.878012614,-1.942,7,12
$LOG,145.137,L1CA,6,SIGNAL LOST (L1CA, 30.7)
$LOG,145.183,L1CA,6,SIGNAL NOT FOUND (34.9)
$LOG,145.209,L1CA,6,SIGNAL FOUND (35.1,-1063.1,0.1508800)
$LOG,145.708,L1CA,25,SIGNAL LOST (L1CA, 31.1)
$LOG,145.754,L1CA,25,SIGNAL FOUND (35.3,-467.2,0.0896000)
$LOG,145.862,L1CA,20,SIGNAL LOST (L1CA, 30.2)
$LOG,145.909,L1CA,28,SIGNAL LOST (L1CA, 30.5)
$LOG,145.901,L1CA,20,SIGNAL FOUND (36.4,1506.7,0.5315200)
$TIME,146.000,2025,4,14,12,41,23.086000,UTC
$LOG,145.993,L1CA,29,SIGNAL LOST (L1CA, 31.5)
$LOG,145.990,L1CA,28,SIGNAL FOUND (35.6,1603.9,0.9254400)
$CH,146.000,L1CA,10,13191,33.4,0.281699028,802.820,10523.159,0,2
$CH,146.000,L1CA,19,2925,32.2,0.194695119,3765.864,11018.328,0,0
$CH,146.000,L1CA,27,140591,43.6,0.377741838,1944.359,273010.713,22,0
$CH,146.000,L1CA,32,2691,32.5,0.163970888,1704.988,4592.812,0,0
$CH,146.000,L1CA,20,99,36.4,0.531433106,1281.662,135.266,0,0
$CH,146.000,L1CA,17,1491,34.0,0.445641567,-2778.911,-4079.026,0,1
$CH,146.000,L1CA,15,4582,33.0,0.012691952,778.393,3598.962,5,0
$CH,146.000,L1CA,12,1191,34.1,0.927873048,1674.098,2058.432,3,1
$CH,146.000,L1CA,13,1598,34.9,0.802046147,756.308,1197.009,1,1
$CH,146.000,L1CA,28,10,35.6,0.925426846,1644.218,16.250,1,0
$CH,146.000,L1CA,6,791,35.1,0.151364768,-1214.611,-984.734,0,1
$CH,146.000,L1CA,7,143491,44.5,0.175419866,1328.093,192793.112,23,0
$CH,146.000,L1CA,25,246,35.3,0.089604432,-238.518,-66.877,1,0
$CH,146.000,L1CA,8,143291,43.3,0.585641914,2129.467,302631.722,23,0
$CH,146.000,L1CA,2,145490,45.4,0.092659029,-1664.620,-243665.567,23,0
$CH,146.000,L1CA,21,141191,45.0,0.325301765,-1396.804,-199073.768,22,0
$CH,146.000,L1CA,31,140191,46.4,0.814484864,-2584.786,-363250.372,22,0
$CH,146.000,L1CA,24,4391,32.9,0.750556589,2236.174,9863.724,0,0
$CH,146.000,L1CA,26,140691,49.1,0.607194460,-2516.327,-349499.783,22,0
$CH,146.000,L1CA,30,1091,34.6,0.752516304,763.648,818.158,2,0
$CH,146.000,L1CA,3,145091,52.9,0.501223971,775.607,119126.421,23,0
$CH,146.000,L1CA,1,145891,46.4,0.423028277,-2096.423,-306177.035,23,0
$CH,146.000,L1CA,22,1291,32.9,0.939461586,-4457.903,-5590.092,0,0
$CH,146.000,L1CA,14,5536,33.8,0.438005427,-178.004,-916.320,1,0
$CH,146.000,L1CA,4,144591,48.1,0.616232629,1863.996,268662.088,23,0
$CH,146.000,L1CA,9,143091,43.2,0.030025376,2285.728,325528.740,23,0
$CH,146.000,L1CA,23,2891,34.1,0.159611078,1256.647,3642.889,0,0
$CH,146.000,L1CA,5,13691,33.0,0.489532295,781.059,10589.457,4,2
$CH,146.000,L1CA,18,1391,34.5,0.314418848,746.429,1081.844,0,1
$CH,146.000,L1CA,16,141791,52.6,0.200989989,-226.112,-24861.804,23,0
$CH,146.000,L1CA,11,2791,32.1,0.366372975,-2311.456,-6740.998,1,0
$LOG,146.075,L1CA,19,SIGNAL LOST (L1CA, 31.1)
$LOG,146.009,L1CA,29,SIGNAL NOT FOUND (34.9)
$OBS,146.000,2279,388946.000,G27,1C,43.6,23197263.044,-273012.657,1943.553,0
$OBS,146.000,2279,388946.000,G07,1C,44.5,24035985.947,-192793.940,1326.927,0
$OBS,146.000,2279,388946.000,G08,1C,43.3,23859174.792,-302633.852,2131.117,0
$OBS,146.000,2279,388946.000,G02,1C,45.4,23411590.510,243667.231,-1666.586,0
$OBS,146.000,2279,388946.000,G21,1C,45.0,23481334.999,199075.165,-1396.670,0
$OBS,146.000,2279,388946.000,G31,1C,46.4,23028403.726,363253.456,-2583.604,0
$OBS,146.000,2279,388946.000,G26,1C,49.1,21167504.864,349502.799,-2515.661,0
$OBS,146.000,2279,388946.000,G03,1C,52.9,19936565.248,-119127.197,775.336,0
$OBS,146.000,2279,388946.000,G01,1C,46.4,23210840.343,306179.631,-2095.420,0
$OBS,146.000,2279,388946.000,G04,1C,48.1,22069590.973,-268663.452,1863.682,0
$OBS,146.000,2279,388946.000,G09,1C,43.2,23992397.589,-325530.526,2287.391,0
$OBS,146.000,2279,388946.000,G16,1C,52.6,19846557.548,24862.030,-226.327,0
$POS,146.000,2023,9,14,12,2,26.002000002,15.391025230,73.878024626,6.486,7,12
$LOG,146.109,L1CA,19,SIGNAL FOUND (35.9,1481.4,0.6849600)
$LOG,146.209,L1CA,11,SIGNAL LOST (L1CA, 30.7)
$LOG,146.209,L1CA,29,SIGNAL FOUND (37.4,12.6,0.6702400)
$LOG,146.309,L1CA,11,SIGNAL FOUND (36.4,-3506.4,0.2342400)
$LOG,146.709,L1CA,22,SIGNAL LOST (L1CA, 30.4)
$LOG,146.782,L1CA,22,SIGNAL FOUND (35.4,3664.6,0.7577600)
$TIME,147.000,2025,4,14,12,41,30.979000,UTC
$CH,147.000,L1CA,5,14691,33.3,0.489067713,769.469,11364.588,4,2
$CH,147.000,L1CA,23,3891,32.1,0.158941570,1260.036,4898.961,0,0
$CH,147.000,L1CA,15,5582,33.0,0.012169831,779.899,4374.044,5,0
$CH,147.000,L1CA,20,1099,34.8,0.530684514,1266.425,1436.833,0,0
$CH,147.000,L1CA,29,791,37.4,0.670351959,-225.749,-205.992,0,0
$CH,147.000,L1CA,17,2491,32.6,0.447399073,-2775.071,-6854.030,0,1
$CH,147.000,L1CA,4,145591,48.1,0.615056557,1863.741,270525.797,23,0
$CH,147.000,L1CA,6,1791,32.5,0.152000215,-1182.226,-2163.631,0,1
$CH,147.000,L1CA,21,142191,45.2,0.326189831,-1397.219,-200470.857,22,0
$CH,147.000,L1CA,2,146490,45.3,0.093718532,-1664.726,-245330.961,23,0
$CH,147.000,L1CA,24,5391,32.6,0.749154263,2244.237,12107.405,0,0
$CH,147.000,L1CA,26,141691,49.3,0.608796160,-2516.786,-352016.219,22,0
$CH,147.000,L1CA,27,141591,43.9,0.376507010,1944.158,274954.982,22,0
$CH,147.000,L1CA,28,1010,34.4,0.924360161,1792.148,1797.225,1,0
$CH,147.000,L1CA,32,3691,32.2,0.162896895,1708.889,6297.475,0,0
$CH,147.000,L1CA,13,2598,33.4,0.801487728,761.714,1956.018,1,1
$CH,147.000,L1CA,19,891,35.9,0.684329735,1277.531,1131.271,0,0
$CH,147.000,L1CA,25,1246,33.9,0.089653893,-221.637,-275.693,1,0
$CH,147.000,L1CA,14,6536,33.1,0.438195957,-177.077,-1094.607,1,0
$CH,147.000,L1CA,22,218,35.4,0.757246405,3772.605,821.122,0,0
$CH,147.000,L1CA,11,691,36.4,0.235713504,-3426.874,-2365.967,1,0
$CH,147.000,L1CA,9,144091,43.3,0.028563890,2286.050,327815.281,23,0
$CH,147.000,L1CA,18,2391,33.6,0.313872431,745.808,1831.904,0,1
$CH,147.000,L1CA,12,2191,32.4,0.927025998,1667.511,3725.997,3,1
$CH,147.000,L1CA,8,144291,43.6,0.584291803,2129.714,304761.962,23,0
$CH,147.000,L1CA,10,14191,33.1,0.281177049,806.390,11322.948,0,2
$CH,147.000,L1CA,3,146091,52.5,0.500735163,774.860,119901.605,23,0
$CH,147.000,L1CA,31,141191,46.7,0.816117164,-2583.766,-365833.765,22,0
$CH,147.000,L1CA,16,142791,52.3,0.201123434,-226.906,-25088.061,23,0
$CH,147.000,L1CA,1,146891,46.7,0.424354380,-2096.359,-308273.419,23,0
$CH,147.000,L1CA,7,144491,44.3,0.174575851,1325.811,194119.792,23,0
$CH,147.000,L1CA,30,2091,33.4,0.752085054,776.305,1586.412,2,0
$OBS,147.000,2279,388947.000,G21,1C,45.2,23481601.237,200472.254,-1396.424,0
$OBS,147.000,2279,388947.000,G02,1C,45.3,23411908.139,245332.626,-1665.425,0
$OBS,147.000,2279,388947.000,G26,1C,49.3,21167985.041,352019.235,-2516.587,0
$OBS,147.000,2279,388947.000,G27,1C,43.9,23196892.855,-274956.926,1943.353,0
$OBS,147.000,2279,388947.000,G04,1C,48.1,22069238.391,-270527.160,1863.069,0
$OBS,147.000,2279,388947.000,G09,1C,43.3,23991959.449,-327817.067,2286.629,0
$OBS,147.000,2279,388947.000,G08,1C,43.6,23858770.052,-304764.092,2130.360,0
$OBS,147.000,2279,388947.000,G03,1C,52.5,19936418.701,-119902.380,774.790,0
$OBS,147.000,2279,388947.000,G31,1C,46.7,23028893.065,365836.848,-2583.131,0
$OBS,147.000,2279,388947.000,G16,1C,52.3,19846597.561,25088.288,-226.692,0
$OBS,147.000,2279,388947.000,G01,1C,46.7,23211237.912,308276.015,-2096.035,0
$OBS,147.000,2279,388947.000,G07,1C,44.3,24035732.919,-194120.618,1326.312,0
$POS,147.000,2023,9,14,12,2,27.001999997,15.391018245,73.878050232,8.796,7,12
$LOG,147.109,L1CA,23,SIGNAL LOST (L1CA, 30.3)
$LOG,147.209,L1CA,6,SIGNAL LOST (L1CA, 30.9)
$LOG,147.246,L1CA,13,SYMBOL SYNC (61.150)
$LOG,147.201,L1CA,23,SIGNAL NOT FOUND (34.9)
$LOG,147.309,L1CA,32,SIGNAL LOST (L1CA, 31.7)
$LOG,147.326,L1CA,25,SYMBOL SYNC (-96.028)
$LOG,147.309,L1CA,6,SIGNAL FOUND (35.7,5000.0,0.2148800)
$LOG,147.409,L1CA,23,SIGNAL FOUND (35.2,815.6,0.8864000)
$LOG,147.509,L1CA,17,SIGNAL LOST (L1CA, 31.4)
$LOG,147.546,L1CA,30,SYMBOL SYNC (60.977)
$LOG,147.509,L1CA,32,SIGNAL FOUND (36.5,1554.2,0.6763200)
$LOG,147.609,L1CA,24,SIGNAL LOST (L1CA, 31.9)
$LOG,147.609,L1CA,17,SIGNAL FOUND (36.0,478.1,0.7329600)
$LOG,147.709,L1CA,24,SIGNAL FOUND (35.8,2190.1,0.1200000)
$LOG,147.809,L1CA,12,SIGNAL LOST (L1CA, 30.7)
$LOG,147.825,L1CA,12,SIGNAL FOUND (35.6,2064.9,0.6528000)
$TIME,148.000,2025,4,14,12,41,39.053000,UTC
$CH,148.000,L1CA,28,2010,32.9,0.923318240,1788.245,3585.449,1,0
$CH,148.000,L1CA,27,142591,44.5,0.375270613,1944.820,276899.274,22,0
$CH,148.000,L1CA,30,3091,32.5,0.751617487,771.841,2360.216,2,0
$CH,148.000,L1CA,10,15191,32.2,0.280710140,799.783,12122.884,0,2
$CH,148.000,L1CA,24,291,35.8,0.119562700,2405.519,660.582,0,0
$CH,148.000,L1CA,22,1218,33.6,0.754953263,3647.227,4492.633,0,0
$CH,148.000,L1CA,32,491,36.5,0.675749956,1888.795,886.520,0,0
$CH,148.000,L1CA,5,15691,32.5,0.488513344,777.896,12139.169,4,2
$CH,148.000,L1CA,20,2099,33.6,0.530012852,1271.609,2703.895,0,0
$CH,148.000,L1CA,25,2246,32.3,0.089597795,-231.480,-501.936,1,0
$CH,148.000,L1CA,12,175,35.6,0.652548492,2300.630,390.284,3,1
$CH,148.000,L1CA,31,142191,47.1,0.817758088,-2583.764,-368417.054,22,0
$CH,148.000,L1CA,3,147091,52.5,0.500234248,774.248,120676.157,23,0
$CH,148.000,L1CA,17,391,36.0,0.732893848,494.347,212.919,0,1
$CH,148.000,L1CA,2,147490,44.8,0.094783481,-1664.560,-246996.227,23,0
$CH,148.000,L1CA,8,145291,43.8,0.582934577,2129.270,306892.455,23,0
$CH,148.000,L1CA,1,147891,46.7,0.425693022,-2095.768,-310369.769,23,0
$CH,148.000,L1CA,19,1891,33.5,0.683625968,1274.698,2405.641,0,0
$CH,148.000,L1CA,29,1791,36.0,0.670388065,-246.515,-448.546,0,0
$CH,148.000,L1CA,23,591,35.2,0.886158234,755.120,447.544,0,0
$CH,148.000,L1CA,11,1691,33.8,0.237828196,-3358.770,-5737.302,1,0
$CH,148.000,L1CA,9,145091,43.5,0.027109099,2286.111,330101.980,23,0
$CH,148.000,L1CA,14,7536,32.8,0.438354634,-175.768,-1276.123,1,0
$CH,148.000,L1CA,21,143191,44.8,0.327080779,-1396.589,-201867.769,22,0
$CH,148.000,L1CA,7,145491,44.6,0.173734152,1325.795,195446.250,23,0
$CH,148.000,L1CA,18,3391,33.0,0.313272357,749.838,2584.360,0,1
$CH,148.000,L1CA,26,142691,49.5,0.610394719,-2516.903,-354533.106,22,0
$CH,148.000,L1CA,13,3598,33.1,0.800948798,759.678,2719.452,1,1
$CH,148.000,L1CA,6,691,35.7,0.212745623,4756.890,3317.210,0,1
$CH,148.000,L1CA,15,6582,33.0,0.011613757,773.473,5148.617,5,0
$CH,148.000,L1CA,4,146591,47.6,0.613874746,1863.192,272389.576,23,0
$CH,148.000,L1CA,16,143791,51.9,0.201257420,-227.350,-25315.029,23,0
$OBS,148.000,2279,388948.000,G27,1C,44.5,23196522.195,-276901.218,1944.339,0
$OBS,148.000,2279,388948.000,G31,1C,47.1,23029385.005,368420.138,-2582.792,0
$OBS,148.000,2279,388948.000,G03,1C,52.5,19936268.542,-120676.931,774.161,0
$OBS,148.000,2279,388948.000,G02,1C,44.8,23412227.408,246997.892,-1666.647,0
$OBS,148.000,2279,388948.000,G08,1C,43.8,23858363.165,-306894.584,2129.735,0
$OBS,148.000,2279,388948.000,G01,1C,46.7,23211639.214,310372.365,-2095.602,0
$OBS,148.000,2279,388948.000,G09,1C,43.5,23991523.316,-330103.766,2286.693,0
$OBS,148.000,2279,388948.000,G21,1C,44.8,23481868.330,201869.165,-1396.432,0
$OBS,148.000,2279,388948.000,G07,1C,44.6,24035480.589,-195447.075,1325.563,0
$OBS,148.000,2279,388948.000,G26,1C,49.5,21168464.276,354536.123,-2517.156,0
$OBS,148.000,2279,388948.000,G04,1C,47.6,22068884.099,-272390.939,1863.823,0
$OBS,148.000,2279,388948.000,G16,1C,51.9,19846637.732,25315.256,-227.494,0
$POS,148.000,2023,9,14,12,2,28.001999986,15.391012832,73.878057186,15.317,7,12
$LOG,148.309,L1CA,11,SIGNAL LOST (L1CA, 31.6)
$LOG,148.360,L1CA,11,SIGNAL FOUND (35.1,1174.6,0.7409600)
$LOG,148.754,L1CA,25,SIGNAL LOST (L1CA, 31.6)
$LOG,148.782,L1CA,22,SIGNAL LOST (L1CA, 31.6)
$LOG,148.764,L1CA,25,SIGNAL FOUND (35.4,3038.6,0.2798400)
$LOG,148.809,L1CA,22,SIGNAL NOT FOUND (35.0)
$TIME,149.000,2025,4,14,12,41,46.076000,UTC
$LOG,148.990,L1CA,28,SIGNAL LOST (L1CA, 31.7)
$LOG,148.909,L1CA,22,SIGNAL FOUND (36.5,1584.8,0.9041600)
$CH,149.000,L1CA,7,146491,44.8,0.172881931,1325.504,196772.465,23,0
$CH,149.000,L1CA,5,16691,32.3,0.487953678,767.421,12912.970,4,2
$CH,149.000,L1CA,26,143691,49.6,0.611990195,-2517.248,-357050.445,22,0
$CH,149.000,L1CA,8,146291,44.4,0.581585687,2131.884,309023.197,23,0
$CH,149.000,L1CA,13,4598,33.2,0.800457463,769.740,3487.123,1,1
$CH,149.000,L1CA,29,2791,33.9,0.670574780,-243.047,-695.393,0,0
$CH,149.000,L1CA,24,1291,32.6,0.118236122,2168.663,2901.813,0,0
$CH,149.000,L1CA,14,8536,32.6,0.438434426,-185.471,-1458.540,1,0
$CH,149.000,L1CA,12,1175,34.0,0.651224681,2423.649,2735.895,3,1
$CH,149.000,L1CA,11,640,35.1,0.740463813,1254.469,794.325,1,0
$CH,149.000,L1CA,2,148490,44.0,0.095829164,-1664.771,-248661.359,23,0
$CH,149.000,L1CA,20,3099,32.8,0.529416170,1276.452,3975.685,0,0
$CH,149.000,L1CA,10,16191,32.1,0.280202083,795.291,12921.216,0,2
$CH,149.000,L1CA,25,236,35.4,0.279385719,2669.084,669.352,1,0
$CH,149.000,L1CA,19,2891,32.4,0.682975018,1273.018,3678.692,0,0
$CH,149.000,L1CA,22,91,36.5,0.904065070,1781.778,155.916,0,0
$CH,149.000,L1CA,9,146091,43.0,0.025667561,2287.036,332388.839,23,0
$CH,149.000,L1CA,23,1591,34.3,0.885873045,831.313,1253.080,0,0
$CH,149.000,L1CA,1,148891,47.3,0.427017903,-2096.510,-312466.077,23,0
$CH,149.000,L1CA,16,144791,52.7,0.201397254,-228.150,-25542.724,23,0
$CH,149.000,L1CA,32,1491,34.2,0.674733897,1784.877,2693.798,0,0
$CH,149.000,L1CA,30,4091,32.5,0.751082678,774.293,3133.981,2,0
$CH,149.000,L1CA,27,143591,45.0,0.374031693,1944.020,278843.597,22,0
$CH,149.000,L1CA,17,1391,34.8,0.732813003,260.926,527.385,0,1
$CH,149.000,L1CA,21,144191,44.0,0.327955916,-1397.523,-203264.491,22,0
$CH,149.000,L1CA,3,148091,52.9,0.499746629,773.605,121450.093,23,0
$CH,149.000,L1CA,15,7582,32.5,0.011077152,768.218,5922.667,5,0
$CH,149.000,L1CA,31,143191,47.3,0.819398247,-2583.273,-371000.231,22,0
$CH,149.000,L1CA,6,1691,32.9,0.209724745,4800.894,8108.521,0,1
$CH,149.000,L1CA,18,4391,32.9,0.312746757,756.175,3337.542,0,1
$CH,149.000,L1CA,4,147591,47.2,0.612688237,1864.197,274253.436,23,0
$OBS,149.000,2279,388949.000,G07,1C,44.8,24035225.100,-196773.291,1326.486,0
$OBS,149.000,2279,388949.000,G26,1C,49.6,21168942.587,357053.463,-2518.010,0
$OBS,149.000,2279,388949.000,G08,1C,44.4,23857958.774,-309025.329,2130.175,0
$OBS,149.000,2279,388949.000,G02,1C,44.0,23412540.901,248663.024,-1664.842,0
$OBS,149.000,2279,388949.000,G09,1C,43.0,23991091.144,-332390.626,2286.760,0
$OBS,149.000,2279,388949.000,G01,1C,47.3,23212036.416,312468.673,-2096.627,0
$OBS,149.000,2279,388949.000,G16,1C,52.7,19846679.647,25542.952,-227.952,0
$OBS,149.000,2279,388949.000,G27,1C,45.0,23196150.768,-278845.541,1943.991,0
$OBS,149.000,2279,388949.000,G21,1C,44.0,23482130.694,203265.888,-1397.195,0
$OBS,149.000,2279,388949.000,G03,1C,52.9,19936122.344,-121450.866,773.530,0
$OBS,149.000,2279,388949.000,G31,1C,47.3,23029876.717,371003.314,-2582.799,0
$OBS,149.000,2279,388949.000,G04,1C,47.2,22068528.377,-274254.800,1864.125,0
$POS,149.000,2023,9,14,12,2,29.001999993,15.391003269,73.878059361,13.432,7,12
$LOG,149.009,L1CA,28,SIGNAL FOUND (36.6,487.6,0.8691200)
$LOG,149.136,L1CA,18,SYMBOL SYNC (74.428)
$LOG,149.109,L1CA,19,SIGNAL LOST (L1CA, 31.6)
$LOG,149.173,L1CA,19,SIGNAL FOUND (35.8,-4329.9,0.4566400)
$LOG,149.309,L1CA,6,SIGNAL LOST (L1CA, 31.2)
$LOG,149.393,L1CA,6,SIGNAL FOUND (36.7,-1978.7,0.9552000)
$LOG,149.709,L1CA,24,SIGNAL LOST (L1CA, 31.0)
$LOG,149.755,L1CA,24,SIGNAL FOUND (36.2,-2951.7,0.6088000)
$LOG,149.825,L1CA,12,SIGNAL LOST (L1CA, 31.9)
$LOG,149.854,L1CA,12,SIGNAL NOT FOUND (34.8)
$LOG,149.901,L1CA,20,SIGNAL LOST (L1CA, 31.8)
$TIME,150.000,2025,4,14,12,41,50.685000,UTC
$LOG,149.909,L1CA,12,SIGNAL FOUND (35.3,-5000.0,0.4768000)
$CH,150.000,L1CA,23,2591,33.4,0.885425842,828.172,2078.387,0,0
$CH,150.000,L1CA,12,91,35.3,0.477094257,-4910.929,-451.820,3,1
$CH,150.000,L1CA,29,3791,32.3,0.670804501,-248.189,-940.050,0,0
$CH,150.000,L1CA,2,149490,43.8,0.096884897,-1664.443,-250326.362,23,0
$CH,150.000,L1CA,31,144191,45.9,0.821041951,-2582.768,-373583.293,22,0
$CH,150.000,L1CA,8,147291,44.1,0.580223452,2131.226,311154.186,23,0
$CH,150.000,L1CA,21,145191,43.8,0.328846929,-1396.593,-204661.027,22,0
$CH,150.000,L1CA,5,17691,32.6,0.487461136,774.138,13686.367,4,2
$CH,150.000,L1CA,30,5091,32.2,0.750630364,772.455,3906.934,2,0
$CH,150.000,L1CA,26,144691,49.5,0.613588956,-2518.279,-359568.232,22,0
$CH,150.000,L1CA,19,827,35.8,0.458842156,-4231.266,-3545.059,0,0
$CH,150.000,L1CA,1,149891,47.2,0.428348078,-2097.165,-314562.350,23,0
$CH,150.000,L1CA,7,147491,44.6,0.172048633,1326.967,198098.454,23,0
$CH,150.000,L1CA,13,5598,32.9,0.799907305,772.309,4257.861,1,1
$CH,150.000,L1CA,3,149091,53.0,0.499263546,772.926,122223.384,23,0
$CH,150.000,L1CA,15,8582,32.5,0.010571049,776.592,6695.901,5,0
$CH,150.000,L1CA,9,147091,42.5,0.024198278,2286.995,334675.860,23,0
$CH,150.000,L1CA,11,1640,33.2,0.739735978,1222.758,2020.459,1,0
$CH,150.000,L1CA,6,607,36.7,0.955950289,-2298.170,-1369.820,0,1
$CH,150.000,L1CA,22,1091,34.9,0.903138656,1662.220,1903.107,0,0
$CH,150.000,L1CA,24,245,36.2,0.609170452,-2780.102,-694.242,0,0
$CH,150.000,L1CA,10,17191,32.2,0.279702194,804.817,13720.591,0,2
$CH,150.000,L1CA,25,1236,33.8,0.277708456,2780.431,3439.970,1,0
$CH,150.000,L1CA,4,148591,48.1,0.611500437,1863.653,276117.367,23,0
$CH,150.000,L1CA,17,2391,32.8,0.732738737,258.169,792.748,0,1
$CH,150.000,L1CA,28,991,36.6,0.868950753,244.135,272.000,1,0
$CH,150.000,L1CA,32,2491,32.1,0.673647804,1795.291,4485.305,0,0
$CH,150.000,L1CA,27,144591,45.0,0.372793483,1944.347,280787.956,22,0
$CH,150.000,L1CA,16,145791,53.1,0.201544104,-228.795,-25771.117,23,0
$CH,150.000,L1CA,18,5391,33.1,0.312228033,761.721,4093.981,0,1
$CH,150.000,L1CA,14,9536,32.3,0.438609514,-184.940,-1642.975,1,0
$LOG,150.009,L1CA,20,SIGNAL FOUND (35.7,1496.7,0.9488000)
$OBS,150.000,2279,388950.000,G31,1C,45.9,23030369.476,373586.375,-2583.513,0
$OBS,150.000,2279,388950.000,G08,1C,44.1,23857550.386,-311156.317,2131.208,0
$OBS,150.000,2279,388950.000,G21,1C,43.8,23482397.805,204662.423,-1396.552,0
$OBS,150.000,2279,388950.000,G02,1C,43.8,23412857.396,250328.027,-1665.112,0
$OBS,150.000,2279,388950.000,G26,1C,49.5,21169421.875,359571.251,-2517.888,0
$OBS,150.000,2279,388950.000,G01,1C,47.2,23212435.189,314564.948,-2096.231,0
$OBS,150.000,2279,388950.000,G07,1C,44.6,24034975.283,-198099.281,1325.467,0
$OBS,150.000,2279,388950.000,G03,1C,53.0,19935977.524,-122224.157,773.234,0
$OBS,150.000,2279,388950.000,G09,1C,42.5,23990650.666,-334677.647,2287.024,0
$OBS,150.000,2279,388950.000,G04,1C,48.1,22068172.288,-276118.731,1863.576,0
$OBS,150.000,2279,388950.000,G27,1C,45.0,23195779.566,-280789.900,1945.200,0
$OBS,150.000,2279,388950.000,G16,1C,53.1,19846723.674,25771.346,-228.849,0
$POS,150.000,2023,9,14,12,2,30.001999998,15.391002956,73.878060329,10.325,7,12
$LOG,150.227,L1CA,3,FRAME SYNC (N)
$LNAV,150.067,L1CA,3,8B55567E9C974F7E4B6AF9FBFD1400A10E395E96C53296DAAA7CEB0A0024
$LOG,150.227,L1CA,15,FRAME SYNC (R)
$LNAV,150.067,L1CA,15,8B55567E9C974F7E4B6AF9FBFD1400A10E395E96C53296DAAA7CEB0A0024
$LOG,150.227,L1CA,16,FRAME SYNC (N)
$LNAV,150.067,L1CA,16,8B55567E9C974F7E4B6AF9FBFD1400A10E395E96C53296DAAA7CEB0A0024
$LOG,150.227,L1CA,5,FRAME SYNC (R)
$LOG,150.067,L1CA,5,LNAV PARITY ERROR
$LOG,150.231,L1CA,26,FRAME SYNC (R)
$LNAV,150.071,L1CA,26,8B55567E9C974F7E4B6AF9FBFD1400A10E395E96C53296DAAA7CEB0A0024
$LOG,150.240,L1CA,8,FRAME SYNC (N)
$LNAV,150.080,L1CA,8,8B55567E9C974F7E4B6AF9FBFD1400A10E395E96C53296DAAA7CEB0A0024
$LOG,150.237,L1CA,31,FRAME SYNC (R)
$LNAV,150.077,L1CA,31,8B55567E9C974F7E4B6AF9FBFD1400A10E395E96C53296DAAA7CEB0A0024
$LOG,150.238,L1CA,1,FRAME SYNC (R)
$LNAV,150.078,L1CA,1,8B55567E9C974F7E4B6AF9FBFD1400A10E395E96C53296DAAA7CEB0A0024
$LOG,150.239,L1CA,2,FRAME SYNC (N)
$LNAV,150.079,L1CA,2,8B55567E9C974F7E4B6AF9FBFD1400A10E395E96C53296DAAA7CEB0A0024
$LOG,150.238,L1CA,27,FRAME SYNC (N)
$LNAV,150.078,L1CA,27,8B55567E9C974F7E4B6AF9FBFD1400A10E395E96C53296DAAA7CEB0A0024
$LOG,150.234,L1CA,4,FRAME SYNC (R)
$LNAV,150.074,L1CA,4,8B55567E9C974F7E4B6AF9FBFD1400A10E395E96C53296DAAA7CEB0A0024
$LOG,150.239,L1CA,21,FRAME SYNC (N)
$LOG,150.241,L1CA,7,FRAME SYNC (R)
$LNAV,150.079,L1CA,21,8B55567E9C974F7E4B6AF9FBFD1400A10E395E96C53296DAAA7CEB0A0024
$LNAV,150.081,L1CA,7,8B55567E9C974F7E4B6AF9FBFD1400A10E395E96C53296DAAA7CEB0A0024
$LOG,150.241,L1CA,9,FRAME SYNC (R)
$LNAV,150.081,L1CA,9,8B55567E9C974F7E4B6AF9FBFD1400A10E395E96C53296DAAA7CEB0A0024
$LOG,150.266,L1CA,5,SYMBOL SYNC (-79.102)
$LOG,150.509,L1CA,32,SIGNAL LOST (L1CA, 31.6)
$LOG,150.609,L1CA,17,SIGNAL LOST (L1CA, 31.1)
$LOG,150.609,L1CA,32,SIGNAL FOUND (35.7,1296.0,0.1627200)
$LOG,150.709,L1CA,17,SIGNAL FOUND (35.9,-3020.1,0.4734400)
$TIME,151.000,2025,4,14,12,41,58.369000,UTC
$CH,151.000,L1CA,27,145591,44.8,0.371569787,1944.636,282732.337,23,0
$CH,151.000,L1CA,3,150091,52.7,0.498777963,772.236,122996.050,24,0
$CH,151.000,L1CA,2,150490,44.9,0.097940677,-1664.880,-251991.230,24,0
$CH,151.000,L1CA,26,145691,49.6,0.615185524,-2518.373,-362086.473,23,0
$CH,151.000,L1CA,30,6091,32.2,0.750068120,771.638,4679.482,2,0
$CH,151.000,L1CA,21,146191,44.2,0.329733695,-1397.117,-206057.382,23,0
$CH,151.000,L1CA,13,6598,33.2,0.799355635,772.429,5030.517,1,1
$CH,151.000,L1CA,1,150891,47.0,0.429685758,-2096.968,-316658.592,24,0
$CH,151.000,L1CA,18,6391,32.8,0.311726446,764.683,4853.313,0,1
$CH,151.000,L1CA,7,148491,44.9,0.171200324,1325.435,199424.211,24,0
$CH,151.000,L1CA,14,10536,32.4,0.438750789,-182.229,-1829.449,1,0
$CH,151.000,L1CA,28,1991,36.0,0.868849249,246.531,525.079,1,0
$CH,151.000,L1CA,25,2236,32.6,0.275940128,2786.579,6221.406,1,0
$CH,151.000,L1CA,6,1607,34.2,0.957515376,-2514.104,-3844.126,0,1
$CH,151.000,L1CA,32,391,35.7,0.162450994,1352.281,506.840,0,0
$CH,151.000,L1CA,22,2091,33.2,0.902159930,1671.566,3571.385,0,0
$CH,151.000,L1CA,10,18191,32.3,0.279134888,802.647,14519.129,0,2
$CH,151.000,L1CA,12,1091,32.7,0.480148656,-4905.091,-5268.542,3,1
$CH,151.000,L1CA,23,3591,33.1,0.884861195,817.966,2902.104,0,0
$CH,151.000,L1CA,9,148091,42.3,0.022755878,2286.904,336963.041,24,0
$CH,151.000,L1CA,24,1245,34.1,0.610779272,-2574.801,-3308.976,0,0
$CH,151.000,L1CA,4,149591,48.9,0.610314569,1864.887,277981.373,24,0
$CH,151.000,L1CA,15,9582,33.0,0.010077134,771.430,7468.130,6,0
$CH,151.000,L1CA,8,148291,44.7,0.578886856,2130.661,313285.423,24,0
$CH,151.000,L1CA,11,2640,32.2,0.738945480,1219.244,3238.075,1,0
$CH,151.000,L1CA,29,4791,32.1,0.670923145,-236.545,-1182.558,0,0
$CH,151.000,L1CA,20,991,35.7,0.948121494,1228.425,1261.979,0,0
$CH,151.000,L1CA,5,18691,32.7,0.486995566,771.203,14458.377,4,3
$CH,151.000,L1CA,31,145191,45.9,0.822672823,-2582.850,-376166.245,23,0
$CH,151.000,L1CA,17,291,35.9,0.473999715,-3175.046,-930.017,0,1
$CH,151.000,L1CA,19,1827,33.9,0.461452332,-4191.409,-7736.725,0,0
$CH,151.000,L1CA,16,146791,52.9,0.201690203,-229.315,-26000.226,24,0
$OBS,151.000,2279,388951.000,G27,1C,44.8,23195412.711,-282734.282,1944.566,0
$OBS,151.000,2279,388951.000,G03,1C,52.7,19935831.955,-122996.822,772.019,0
$OBS,151.000,2279,388951.000,G26,1C,49.6,21169900.517,362089.491,-2518.908,0
$OBS,151.000,2279,388951.000,G02,1C,44.9,23413173.908,251992.895,-1665.299,0
$OBS,151.000,2279,388951.000,G21,1C,44.2,23482663.659,206058.779,-1395.577,0
$OBS,151.000,2279,388951.000,G01,1C,47.0,23212836.212,316661.189,-2096.341,0
$OBS,151.000,2279,388951.000,G07,1C,44.9,24034720.964,-199425.036,1325.613,0
$OBS,151.000,2279,388951.000,G09,1C,42.3,23990218.249,-336964.828,2288.468,0
$OBS,151.000,2279,388951.000,G04,1C,48.9,22067816.774,-277982.738,1864.266,0
$OBS,151.000,2279,388951.000,G08,1C,44.7,23857149.677,-313287.554,2131.415,0
$OBS,151.000,2279,388951.000,G31,1C,45.9,23030858.414,376169.328,-2582.816,0
$OBS,151.000,2279,388951.000,G16,1C,52.9,19846767.474,26000.456,-229.527,0
$POS,151.000,2023,9,14,12,2,31.002000001,15.391021249,73.878061257,7.940,7,13
$LOG,151.360,L1CA,11,SIGNAL LOST (L1CA, 31.3)
$LOG,151.396,L1CA,11,SIGNAL NOT FOUND (34.9)
$LOG,151.409,L1CA,11,SIGNAL NOT FOUND (34.8)
$LOG,151.509,L1CA,11,SIGNAL FOUND (35.2,-2406.8,0.6731200)
$LOG,151.764,L1CA,25,SIGNAL LOST (L1CA, 31.6)
$LOG,151.809,L1CA,25,SIGNAL FOUND (35.4,3480.4,0.3350400)
$LOG,151.909,L1CA,12,SIGNAL LOST (L1CA, 31.3)
$LOG,151.909,L1CA,30,SIGNAL LOST (L1CA, 31.6)
$TIME,152.000,2025,4,14,12,42,6.516000,UTC
$LOG,151.957,L1CA,30,SIGNAL NOT FOUND (34.9)
$CH,152.000,L1CA,18,7391,32.6,0.311158000,757.319,5614.138,0,1
$CH,152.000,L1CA,2,151490,44.9,0.099000695,-1664.794,-253655.963,24,0
$CH,152.000,L1CA,26,146691,49.5,0.616786678,-2519.275,-364605.165,23,0
$CH,152.000,L1CA,19,2827,32.1,0.464125837,-4189.796,-11931.275,0,0
$CH,152.000,L1CA,10,19191,33.0,0.278621715,800.267,15316.603,0,2
$CH,152.000,L1CA,28,2991,35.0,0.868852812,254.212,777.339,1,0
$CH,152.000,L1CA,11,491,35.2,0.673778792,-2308.116,-1129.562,1,0
$CH,152.000,L1CA,14,11536,32.4,0.438929602,-192.167,-2017.810,1,0
$CH,152.000,L1CA,29,5791,32.1,0.671021370,-238.169,-1426.250,0,0
$CH,152.000,L1CA,7,149491,45.0,0.170350711,1325.070,200749.739,24,0
$CH,152.000,L1CA,22,3091,32.2,0.901058234,1669.306,5239.655,0,0
$CH,152.000,L1CA,31,146191,46.3,0.824313833,-2583.627,-378749.086,23,0
$CH,152.000,L1CA,27,146591,44.6,0.370327167,1944.997,284676.743,23,0
$CH,152.000,L1CA,16,147791,52.3,0.201844681,-230.210,-26230.047,24,0
$CH,152.000,L1CA,3,151091,53.0,0.498284991,771.528,123768.081,24,0
$CH,152.000,L1CA,4,150591,49.0,0.609146244,1864.342,279845.465,24,0
$CH,152.000,L1CA,20,1991,33.8,0.947503647,1228.322,2489.484,0,0
$CH,152.000,L1CA,13,7598,33.3,0.798807485,771.520,5802.635,1,1
$CH,152.000,L1CA,15,10582,32.4,0.009643642,769.748,8239.977,6,0
$CH,152.000,L1CA,23,4591,33.4,0.884303185,820.561,3725.573,0,0
$CH,152.000,L1CA,6,2607,32.2,0.959120020,-2509.017,-6358.772,0,1
$CH,152.000,L1CA,32,1391,34.4,0.161868242,1266.902,1793.371,0,0
$CH,152.000,L1CA,21,147191,44.7,0.330632029,-1395.742,-207453.555,23,0
$CH,152.000,L1CA,25,191,35.4,0.334594076,3232.952,630.784,1,0
$CH,152.000,L1CA,17,1291,32.7,0.476050707,-3313.787,-4211.905,0,1
$CH,152.000,L1CA,5,19691,33.2,0.486552512,770.699,15230.055,4,3
$CH,152.000,L1CA,8,149291,44.6,0.577526330,2130.508,315416.912,24,0
$CH,152.000,L1CA,24,2245,32.5,0.612428875,-2576.016,-5878.263,0,0
$CH,152.000,L1CA,1,151891,46.8,0.431009046,-2096.367,-318754.792,24,0
$CH,152.000,L1CA,9,149091,42.9,0.021313117,2287.819,339250.373,24,0
$LOG,152.009,L1CA,12,SIGNAL FOUND (35.4,-3010.0,0.9752000)
$OBS,152.000,2279,388952.000,G02,1C,44.9,23413491.694,253657.628,-1664.494,0
$OBS,152.000,2279,388952.000,G26,1C,49.5,21170380.537,364608.185,-2518.850,0
$OBS,152.000,2279,388952.000,G07,1C,45.0,24034466.243,-200750.564,1326.218,0
$OBS,152.000,2279,388952.000,G31,1C,46.3,23031350.370,378752.169,-2583.046,0
$OBS,152.000,2279,388952.000,G27,1C,44.6,23195040.183,-284678.688,1944.113,0
$OBS,152.000,2279,388952.000,G03,1C,53.0,19935684.169,-123768.853,771.603,0
$OBS,152.000,2279,388952.000,G16,1C,52.3,19846813.787,26230.277,-230.178,0
$OBS,152.000,2279,388952.000,G04,1C,49.0,22067466.514,-279846.829,1864.259,0
$OBS,152.000,2279,388952.000,G21,1C,44.7,23482932.968,207454.950,-1395.537,0
$OBS,152.000,2279,388952.000,G08,1C,44.6,23856741.813,-315419.043,2132.001,0
$OBS,152.000,2279,388952.000,G01,1C,46.8,23213232.925,318757.389,-2096.412,0
$OBS,152.000,2279,388952.000,G09,1C,42.9,23989785.728,-339252.161,2287.242,0
$POS,152.000,2023,9,14,12,2,32.001999998,15.391004955,73.878071213,8.316,7,13
$LOG,152.173,L1CA,19,SIGNAL LOST (L1CA, 30.7)
$LOG,152.109,L1CA,30,SIGNAL FOUND (35.2,1522.4,0.5302400)
$LOG,152.209,L1CA,19,SIGNAL FOUND (35.7,-1057.1,0.1510400)
$LOG,152.393,L1CA,6,SIGNAL LOST (L1CA, 31.8)
$LOG,152.418,L1CA,15,SIGNAL LOST (L1CA, 31.7)
$LOG,152.407,L1CA,6,SIGNAL FOUND (35.6,-52.7,0.8206400)
$LOG,152.509,L1CA,15,SIGNAL FOUND (36.0,-3979.8,0.1705600)
$LOG,152.709,L1CA,17,SIGNAL LOST (L1CA, 30.5)
$LOG,152.755,L1CA,24,SIGNAL LOST (L1CA, 31.3)
$LOG,152.738,L1CA,17,SIGNAL FOUND (36.5,-3543.6,0.1091200)
$LOG,152.809,L1CA,24,SIGNAL FOUND (35.4,1415.7,0.7670400)
$LOG,152.909,L1CA,22,SIGNAL LOST (L1CA, 31.4)
$TIME,153.000,2025,4,14,12,42,14.615000,UTC
$LOG,152.953,L1CA,22,SIGNAL NOT FOUND (34.7)
$CH,153.000,L1CA,3,152091,53.0,0.497797347,771.142,124539.484,24,0
$CH,153.000,L1CA,7,150491,45.2,0.169519948,1325.507,202075.021,24,0
$CH,153.000,L1CA,1,152891,46.9,0.432342818,-2096.061,-320850.960,24,0
$CH,153.000,L1CA,23,5591,33.5,0.883875903,820.862,4549.430,0,0
$CH,153.000,L1CA,26,147691,49.5,0.618385097,-2519.494,-367124.306,23,0
$CH,153.000,L1CA,5,20691,33.0,0.486023334,768.559,16001.538,4,3
$CH,153.000,L1CA,25,1191,33.3,0.332618804,3147.162,3812.517,1,0
$CH,153.000,L1CA,29,6791,32.5,0.671144407,-242.869,-1669.043,0,0
$CH,153.000,L1CA,9,150091,43.0,0.019850999,2286.779,341537.876,24,0
$CH,153.000,L1CA,32,2391,33.6,0.161276560,1270.906,3057.865,0,0
$CH,153.000,L1CA,28,3991,33.4,0.868875802,248.057,1029.133,1,0
$CH,153.000,L1CA,12,991,35.4,0.977115307,-3177.937,-3189.703,3,1
$CH,153.000,L1CA,13,8598,33.7,0.798282954,770.023,6573.996,1,1
$LOG,153.009,L1CA,28,SIGNAL LOST (L1CA, 32.0)
$CH,153.000,L1CA,4,151591,49.2,0.607959002,1864.382,281709.622,24,0
$CH,153.000,L1CA,19,791,35.7,0.151538942,-1255.513,-981.677,0,0
$CH,153.000,L1CA,14,12536,32.6,0.439082141,-185.773,-2207.109,1,0
$CH,153.000,L1CA,11,1491,32.3,0.675252261,-2242.186,-3403.442,1,0
$CH,153.000,L1CA,8,150291,44.4,0.576174558,2131.673,317548.650,24,0
$CH,153.000,L1CA,24,191,35.4,0.766870334,1183.384,247.290,0,0
$CH,153.000,L1CA,17,262,36.5,0.109703670,-3634.621,-963.160,0,1
$CH,153.000,L1CA,10,20191,33.1,0.278238609,790.038,16111.434,0,2
$CH,153.000,L1CA,18,8391,32.7,0.310634313,765.786,6377.404,0,1
$CH,153.000,L1CA,2,152490,44.6,0.100064937,-1665.096,-255320.567,24,0
$CH,153.000,L1CA,30,891,35.2,0.529528859,1134.688,1067.708,2,0
$CH,153.000,L1CA,16,148791,52.6,0.202001437,-230.608,-26460.581,24,0
$CH,153.000,L1CA,20,2991,32.4,0.946925404,1225.842,3716.769,0,0
$CH,153.000,L1CA,21,148191,44.7,0.331504782,-1395.715,-208849.539,23,0
$CH,153.000,L1CA,31,147191,46.3,0.825949677,-2583.096,-381331.815,23,0
$LOG,153.009,L1CA,20,SIGNAL LOST (L1CA, 31.0)
$CH,153.000,L1CA,27,147591,44.4,0.369092650,1944.513,286621.183,23,0
$CH,153.000,L1CA,15,491,36.0,0.171785995,-4181.603,-2053.228,6,0
$CH,153.000,L1CA,6,593,35.6,0.820714728,-233.869,-149.732,0,1
$LOG,153.009,L1CA,22,SIGNAL FOUND (35.4,-23.2,0.7000000)
$OBS,153.000,2279,388953.000,G01,1C,46.9,23213632.780,320853.556,-2096.943,0
$OBS,153.000,2279,388953.000,G26,1C,49.5,21170859.738,367127.326,-2518.827,0
$OBS,153.000,2279,388953.000,G09,1C,43.0,23989347.396,-341539.663,2286.996,0
$OBS,153.000,2279,388953.000,G04,1C,49.2,22067110.599,-281710.986,1864.329,0
$OBS,153.000,2279,388953.000,G08,1C,44.4,23856336.549,-317550.782,2131.451,0
$OBS,153.000,2279,388953.000,G02,1C,44.6,23413810.754,255322.232,-1663.370,0
$OBS,153.000,2279,388953.000,G16,1C,52.6,19846860.781,26460.812,-231.085,0
$OBS,153.000,2279,388953.000,G21,1C,44.7,23483194.617,208850.935,-1396.593,0
$OBS,153.000,2279,388953.000,G31,1C,46.3,23031840.791,381334.898,-2581.917,0
$OBS,153.000,2279,388953.000,G27,1C,44.4,23194670.082,-286623.128,1944.855,0
$OBS,153.000,2279,388953.000,G03,1C,53.0,19935537.971,-124540.255,771.113,0
$OBS,153.000,2279,388953.000,G07,1C,45.2,24034217.193,-202075.847,1323.811,0
$POS,153.000,2023,9,14,12,2,33.002000003,15.391022887,73.878065580,4.495,7,12
$LOG,153.109,L1CA,28,SIGNAL NOT FOUND (34.9)
$LOG,153.209,L1CA,20,SIGNAL FOUND (35.7,-1269.6,0.6528000)
$LOG,153.309,L1CA,28,SIGNAL FOUND (36.3,-4509.4,0.6443200)
$LOG,153.509,L1CA,11,SIGNAL LOST (L1CA, 30.7)
$LOG,153.540,L1CA,11,SIGNAL FOUND (35.7,-835.1,0.5598400)
$LOG,153.809,L1CA,25,SIGNAL LOST (L1CA, 31.3)
$TIME,154.000,2025,4,14,12,42,22.836000,UTC
$LOG,153.902,L1CA,25,SIGNAL FOUND (35.2,5000.0,0.3312000)
$CH,154.000,L1CA,22,991,35.4,0.700078739,-275.816,-223.293,0,0
$CH,154.000,L1CA,30,1891,33.2,0.528865635,1064.123,2132.517,2,0
$CH,154.000,L1CA,25,98,35.2,0.330891204,4808.690,477.483,1,0
$CH,154.000,L1CA,15,1491,33.6,0.174523095,-4319.568,-6329.645,6,0
$CH,154.000,L1CA,20,791,35.7,0.653342981,-1270.499,-975.805,0,0
$CH,154.000,L1CA,13,9598,33.5,0.797747112,765.575,7344.843,1,1
$CH,154.000,L1CA,3,153091,53.2,0.497309769,770.849,125310.264,24,0
$CH,154.000,L1CA,6,1593,34.2,0.820859442,-281.627,-412.914,0,1
$CH,154.000,L1CA,10,21191,33.2,0.277815832,795.696,16902.925,0,2
$CH,154.000,L1CA,19,1791,33.4,0.152266949,-1249.034,-2236.816,0,0
$CH,154.000,L1CA,21,149191,44.0,0.332398043,-1395.912,-210245.345,23,0
$CH,154.000,L1CA,5,21691,32.9,0.485560278,775.787,16771.730,4,3
$CH,154.000,L1CA,1,153891,46.5,0.433676090,-2096.078,-322947.082,24,0
$CH,154.000,L1CA,27,148591,44.4,0.367855884,1943.949,288565.652,23,0
$CH,154.000,L1CA,14,13536,32.7,0.439226839,-183.851,-2395.279,1,0
$CH,154.000,L1CA,16,149791,52.7,0.202159802,-231.846,-26691.836,24,0
$CH,154.000,L1CA,32,3391,32.7,0.160580867,1267.920,4324.344,0,0
$CH,154.000,L1CA,23,6591,33.1,0.883478663,829.999,5373.690,0,0
$CH,154.000,L1CA,7,151491,45.1,0.168685122,1325.219,203400.088,24,0
$CH,154.000,L1CA,18,9391,32.5,0.310137138,769.986,7147.338,0,1
$CH,154.000,L1CA,2,153490,44.6,0.101108126,-1664.930,-256985.039,24,0
$CH,154.000,L1CA,31,148191,46.6,0.827592032,-2582.707,-383914.431,23,0
$CH,154.000,L1CA,24,1191,34.3,0.766208645,1197.875,1468.627,0,0
$CH,154.000,L1CA,11,460,35.7,0.560091229,-731.994,-348.349,1,0
$CH,154.000,L1CA,26,148691,49.7,0.619985022,-2520.032,-369643.898,23,0
$CH,154.000,L1CA,8,151291,44.7,0.574819313,2132.584,319680.633,24,0
$CH,154.000,L1CA,9,151091,43.2,0.018411910,2288.233,343825.528,24,0
$CH,154.000,L1CA,17,1262,33.8,0.111860040,-3468.865,-4424.327,0,1
$CH,154.000,L1CA,29,7791,32.4,0.671296448,-236.851,-1910.104,0,0
$CH,154.000,L1CA,28,691,36.3,0.646198666,-4337.996,-3065.241,1,0
$CH,154.000,L1CA,12,1991,32.9,0.979137930,-3166.758,-6360.450,3,1
$LOG,154.009,L1CA,12,SIGNAL LOST (L1CA, 31.0)
$CH,154.000,L1CA,4,152591,49.1,0.606772723,1864.585,283573.858,24,0
$OBS,154.000,2279,388954.000,G03,1C,53.2,19935391.790,-125311.035,770.331,0
$OBS,154.000,2279,388954.000,G21,1C,44.0,23483462.408,210246.740,-1395.610,0
$OBS,154.000,2279,388954.000,G01,1C,46.5,23214032.477,322949.679,-2096.363,0
$OBS,154.000,2279,388954.000,G27,1C,44.4,23194299.317,-288567.596,1944.419,0
$OBS,154.000,2279,388954.000,G16,1C,52.7,19846908.245,26692.067,-232.057,0
$OBS,154.000,2279,388954.000,G07,1C,45.1,24033966.922,-203400.913,1325.952,0
$OBS,154.000,2279,388954.000,G31,1C,46.6,23032333.149,383917.514,-2582.222,0
$OBS,154.000,2279,388954.000,G02,1C,44.6,23414123.496,256986.704,-1664.244,0
$OBS,154.000,2279,388954.000,G26,1C,49.7,21171339.374,369646.918,-2519.419,0
$OBS,154.000,2279,388954.000,G09,1C,43.2,23988915.957,-343827.316,2287.961,0
$OBS,154.000,2279,388954.000,G04,1C,49.1,22066754.963,-283575.223,1864.507,0
$OBS,154.000,2279,388954.000,G08,1C,44.7,23855930.256,-319682.766,2131.186,0
$POS,154.000,2023,9,14,12,2,34.002000016,15.391017761,73.878040674,-1.271,7,12
$LOG,154.070,L1CA,12,SIGNAL NOT FOUND (34.1)
$LOG,154.109,L1CA,30,SIGNAL LOST (L1CA, 31.5)
$LOG,154.109,L1CA,12,SIGNAL FOUND (35.3,-1582.6,0.7249600)
$LOG,154.209,L1CA,19,SIGNAL LOST (L1CA, 31.6)
$LOG,154.209,L1CA,30,SIGNAL NOT FOUND (34.9)
$LOG,154.309,L1CA,19,SIGNAL FOUND (35.8,-408.3,0.6907200)
$LOG,154.464,L1CA,14,SIGNAL LOST (L1CA, 31.8)
$LOG,154.409,L1CA,30,SIGNAL FOUND (35.0,-4442.7,0.5036800)
$LOG,154.509,L1CA,15,SIGNAL LOST (L1CA, 31.7)
$LOG,154.509,L1CA,14,SIGNAL FOUND (35.3,-3960.6,0.7838400)
$LOG,154.609,L1CA,32,SIGNAL LOST (L1CA, 31.5)
$LOG,154.609,L1CA,15,SIGNAL FOUND (35.2,-557.8,0.2164800)
$LOG,154.709,L1CA,32,SIGNAL FOUND (35.2,-1989.6,0.4398400)
$TIME,155.000,2025,4,14,12,42,30.869000,UTC
$CH,155.000,L1CA,17,2262,32.5,0.114026293,-3461.113,-7890.492,0,1
$CH,155.000,L1CA,16,150791,52.2,0.202323288,-231.929,-26923.796,24,0
$CH,155.000,L1CA,13,10598,33.7,0.797265286,767.426,8114.412,1,1
$CH,155.000,L1CA,12,891,35.3,0.725866937,-1761.677,-1556.615,3,1
$CH,155.000,L1CA,31,149191,46.5,0.829233062,-2583.444,-386496.937,23,0
$CH,155.000,L1CA,30,591,35.0,0.505313882,-4261.265,-2605.083,2,0
$CH,155.000,L1CA,7,152491,44.7,0.167855380,1325.018,204724.912,24,0
$CH,155.000,L1CA,32,291,35.2,0.440140514,-1739.122,-530.859,0,0
$CH,155.000,L1CA,15,391,35.2,0.216656391,-712.818,-273.920,6,0
$CH,155.000,L1CA,9,152091,43.5,0.016960558,2287.765,346113.351,24,0
$CH,155.000,L1CA,4,153591,48.9,0.605592338,1864.063,285438.167,24,0
$CH,155.000,L1CA,10,22191,33.9,0.277334244,788.987,17693.300,0,2
$CH,155.000,L1CA,27,149591,44.2,0.366624993,1943.380,290510.148,23,0
$CH,155.000,L1CA,29,8791,32.8,0.671474530,-244.208,-2151.614,0,0
$CH,155.000,L1CA,5,22691,33.2,0.485122703,768.424,17541.917,4,3
$CH,155.000,L1CA,14,491,35.3,0.784937726,-3718.170,-1853.132,1,0
$CH,155.000,L1CA,28,1691,33.5,0.648957440,-4319.431,-7391.722,1,0
$CH,155.000,L1CA,24,2191,32.4,0.765518016,1197.318,2669.208,0,0
$CH,155.000,L1CA,18,10391,32.5,0.309590498,770.963,7917.367,0,1
$CH,155.000,L1CA,25,1098,33.1,0.327923294,4679.721,5211.562,1,0
$CH,155.000,L1CA,21,150191,43.6,0.333277982,-1395.576,-211640.964,23,0
$CH,155.000,L1CA,26,149691,49.5,0.621585408,-2520.713,-372163.938,23,0
$CH,155.000,L1CA,20,1791,32.8,0.653899930,-1207.232,-2188.004,0,0
$CH,155.000,L1CA,2,154490,44.1,0.102177032,-1663.645,-258649.377,24,0
$CH,155.000,L1CA,3,154091,52.8,0.496813491,769.769,126080.407,24,0
$CH,155.000,L1CA,6,2593,33.1,0.821234294,-282.699,-689.969,0,1
$CH,155.000,L1CA,19,691,35.8,0.690823770,-231.481,-164.764,0,0
$CH,155.000,L1CA,8,152291,44.8,0.573476474,2132.633,321812.869,24,0
$CH,155.000,L1CA,1,154891,46.6,0.435000582,-2095.846,-325043.177,24,0
$CH,155.000,L1CA,23,7591,32.9,0.882994181,820.139,6197.946,0,0
$CH,155.000,L1CA,11,1460,34.4,0.560468398,-836.377,-1152.009,1,0
$CH,155.000,L1CA,22,1991,34.2,0.700175229,-284.252,-506.365,0,0
$OBS,155.000,2279,388955.000,G16,1C,52.1,19846957.263,26924.028,-232.440,0
$OBS,155.000,2279,388955.000,G31,1C,46.5,23032825.123,386500.020,-2581.915,0
$OBS,155.000,2279,388955.000,G07,1C,44.7,24033718.169,-204725.737,1325.306,0
$OBS,155.000,2279,388955.000,G09,1C,43.5,23988480.853,-346115.139,2287.791,0
$OBS,155.000,2279,388955.000,G04,1C,48.9,22066401.090,-285439.531,1864.193,0
$OBS,155.000,2279,388955.000,G27,1C,44.2,23193930.297,-290512.092,1944.020,0
$OBS,155.000,2279,388955.000,G21,1C,43.6,23483726.203,211642.359,-1394.683,0
$OBS,155.000,2279,388955.000,G26,1C,49.5,21171819.151,372166.959,-2519.900,0
$OBS,155.000,2279,388955.000,G02,1C,44.1,23414443.935,258651.041,-1665.396,0
$OBS,155.000,2279,388955.000,G03,1C,52.8,19935243.010,-126081.177,769.672,0
$OBS,155.000,2279,388955.000,G08,1C,44.8,23855527.696,-321815.002,2132.299,0
$OBS,155.000,2279,388955.000,G01,1C,46.6,23214429.556,325045.773,-2096.196,0
$POS,155.000,2023,9,14,12,2,35.002000013,15.391032231,73.878022518,-1.550,7,12
$LOG,155.209,L1CA,20,SIGNAL LOST (L1CA, 30.4)
$LOG,155.309,L1CA,28,SIGNAL LOST (L1CA, 31.9)
$LOG,155.302,L1CA,20,SIGNAL FOUND (35.5,-3520.6,0.8259200)
$LOG,155.409,L1CA,28,SIGNAL NOT FOUND (35.0)
$LOG,155.509,L1CA,28,SIGNAL FOUND (35.8,494.8,0.9784000)
$LOG,155.738,L1CA,17,SIGNAL LOST (L1CA, 30.9)
$LOG,155.794,L1CA,17,SIGNAL NOT FOUND (34.4)
$LOG,155.809,L1CA,24,SIGNAL LOST (L1CA, 31.2)
$LOG,155.809,L1CA,17,SIGNAL FOUND (35.4,67.3,0.6744000)
$LOG,155.902,L1CA,25,SIGNAL LOST (L1CA, 31.4)
$TIME,156.000,2025,4,14,12,42,38.999000,UTC
$LOG,155.909,L1CA,24,SIGNAL FOUND (35.7,-982.7,0.2678400)
$CH,156.000,L1CA,27,150591,44.7,0.365398574,1943.297,292454.666,23,0
$CH,156.000,L1CA,7,153491,45.0,0.167011640,1324.142,206049.504,24,0
$CH,156.000,L1CA,30,1591,32.6,0.508040347,-4321.529,-6918.274,2,0
$CH,156.000,L1CA,23,8591,32.2,0.882505405,828.323,7021.552,0,0
$CH,156.000,L1CA,22,2991,33.0,0.700336839,-290.230,-790.134,0,0
$CH,156.000,L1CA,20,698,35.5,0.827321113,-3285.625,-2403.331,0,0
$CH,156.000,L1CA,24,91,35.7,0.267911476,-1189.992,-101.107,0,0
$CH,156.000,L1CA,2,155490,44.5,0.103221943,-1663.458,-260313.584,24,0
$CH,156.000,L1CA,5,23691,33.1,0.484592853,768.275,18311.502,4,3
$CH,156.000,L1CA,11,2460,33.8,0.560808014,-825.134,-1981.919,1,0
$CH,156.000,L1CA,13,11598,34.0,0.796785771,765.868,8883.881,1,1
$CH,156.000,L1CA,15,1391,33.5,0.217040672,-772.130,-1022.835,6,0
$CH,156.000,L1CA,16,151791,52.9,0.202467906,-232.730,-27156.475,24,0
$CH,156.000,L1CA,10,23191,34.0,0.276856956,788.998,18482.919,0,2
$CH,156.000,L1CA,12,1891,33.8,0.726882608,-1719.082,-3278.184,3,1
$CH,156.000,L1CA,31,150191,46.6,0.830878778,-2582.314,-389079.331,23,0
$CH,156.000,L1CA,19,1691,35.0,0.690924176,-264.116,-422.555,0,0
$CH,156.000,L1CA,14,1491,33.4,0.787424880,-4107.514,-5882.947,1,0
$CH,156.000,L1CA,18,11391,32.8,0.309109286,771.791,8686.835,0,1
$CH,156.000,L1CA,6,3593,32.8,0.821493485,-279.810,-967.272,0,1
$CH,156.000,L1CA,4,154591,49.0,0.604399455,1864.550,287302.551,24,0
$CH,156.000,L1CA,29,9791,33.0,0.671659794,-245.144,-2392.684,0,0
$CH,156.000,L1CA,3,155091,52.8,0.496330341,769.297,126849.927,24,0
$CH,156.000,L1CA,32,1291,33.8,0.441056120,-1688.095,-2247.527,0,0
$CH,156.000,L1CA,28,491,35.8,0.978324855,272.838,153.593,1,0
$CH,156.000,L1CA,17,191,35.4,0.674387120,263.091,34.968,0,1
$CH,156.000,L1CA,9,153091,43.7,0.015493385,2287.797,348401.322,24,0
$CH,156.000,L1CA,21,151191,43.8,0.334175499,-1394.387,-213036.400,23,0
$CH,156.000,L1CA,1,155891,47.6,0.436325833,-2095.176,-327139.229,24,0
$CH,156.000,L1CA,26,150691,49.6,0.623185383,-2520.690,-374684.432,23,0
$CH,156.000,L1CA,8,153291,44.5,0.572105611,2133.282,323945.355,24,0
$LOG,156.009,L1CA,25,SIGNAL NOT FOUND (34.9)
$OBS,156.000,2279,388956.000,G27,1C,44.7,23193562.638,-292456.609,1944.711,0
$OBS,156.000,2279,388956.000,G07,1C,45.0,24033465.228,-206050.329,1324.519,0
$OBS,156.000,2279,388956.000,G02,1C,44.5,23414757.201,260315.248,-1664.317,0
$OBS,156.000,2279,388956.000,G16,1C,52.9,19847000.627,27156.707,-232.867,0
$OBS,156.000,2279,388956.000,G31,1C,46.6,23033318.493,389082.414,-2582.601,0
$OBS,156.000,2279,388956.000,G04,1C,49.0,22066043.466,-287303.916,1864.307,0
$OBS,156.000,2279,388956.000,G03,1C,52.8,19935098.173,-126850.697,769.459,0
$OBS,156.000,2279,388956.000,G09,1C,43.7,23988041.003,-348403.110,2287.656,0
$OBS,156.000,2279,388956.000,G21,1C,43.8,23483995.285,213037.794,-1395.715,0
$OBS,156.000,2279,388956.000,G01,1C,47.6,23214826.863,327141.824,-2095.822,0
$OBS,156.000,2279,388956.000,G26,1C,49.6,21172298.822,374687.452,-2520.367,0
$OBS,156.000,2279,388956.000,G08,1C,44.5,23855116.709,-323947.488,2132.590,0
$POS,156.000,2023,9,14,12,2,36.002000017,15.391033266,73.878003762,-3.112,7,12
$LOG,156.109,L1CA,25,SIGNAL NOT FOUND (34.6)
$LOG,156.209,L1CA,29,SIGNAL LOST (L1CA, 32.0)
$LOG,156.231,L1CA,26,FRAME SYNC (R)
$LNAV,156.071,L1CA,26,8B55567E9D0739D0002AAAAAAAAAAAAAAAAAAAAA0F0260AE00FFF01DF426
$LOG,156.241,L1CA,7,FRAME SYNC (R)
$LNAV,156.081,L1CA,7,8B55567E9D0739D0002AAAAAAAAAAAAAAAAAAAAAE80260AE00FFA408D90F
$LOG,156.227,L1CA,16,FRAME SYNC (N)
$LNAV,156.067,L1CA,16,8B55567E9D0739D0002AAAAAAAAAAAAAAAAAAAAAEA0260AE000031C474FA
$LOG,156.238,L1CA,27,FRAME SYNC (N)
$LNAV,156.078,L1CA,27,8B55567E9D0739D0002AAAAAAAAAAAAAAAAAAAAA030260AE00FFC9FAD82F
$LOG,156.238,L1CA,1,FRAME SYNC (R)
$LNAV,156.078,L1CA,1,8B55567E9D0739D1FC2AAAAAAAAAAAAAAAAAAAAA0B0260AE00FFF815B212
$LOG,156.234,L1CA,4,FRAME SYNC (R)
$LNAV,156.074,L1CA,4,8B55567E9D0739D0002AAAAAAAAAAAAAAAAAAAAAF70260AE000062146A2E
$LOG,156.241,L1CA,9,FRAME SYNC (R)
$LNAV,156.081,L1CA,9,8B55567E9D0739D0002AAAAAAAAAAAAAAAAAAAAA020260AE00005AF8245E
$LOG,156.240,L1CA,8,FRAME SYNC (N)
$LNAV,156.080,L1CA,8,8B55567E9D0739D1002AAAAAAAAAAAAAAAAAAAAA0B0260AE00FFEFED5C15
$LOG,156.239,L1CA,2,FRAME SYNC (N)
$LOG,156.227,L1CA,3,FRAME SYNC (N)
$LNAV,156.067,L1CA,3,8B55567E9D0739D0002AAAAAAAAAAAAAAAAAAAAA040260AE0000B4EE382D
$LOG,156.239,L1CA,21,FRAME SYNC (N)
$LOG,156.237,L1CA,31,FRAME SYNC (R)
$LNAV,156.079,L1CA,21,8B55567E9D0739D1002AAAAAAAAAAAAAAAAAAAAAEA0260AE00FFF91384F1
$LNAV,156.079,L1CA,2,8B55567E9D0739D0002AAAAAAAAAAAAAAAAAAAAADA0260AE000027B76176
$LNAV,156.077,L1CA,31,8B55567E9D0739D0002AAAAAAAAAAAAAAAAAAAAAE40260AE00FFFBE2B95A
$LOG,156.209,L1CA,25,SIGNAL NOT FOUND (34.9)
$LOG,156.309,L1CA,29,SIGNAL NOT FOUND (35.0)
$LOG,156.409,L1CA,30,SIGNAL LOST (L1CA, 31.5)
$LOG,156.409,L1CA,23,SIGNAL LOST (L1CA, 31.8)
$LOG,156.409,L1CA,25,SIGNAL FOUND (35.2,17.6,0.0169600)
$LOG,156.509,L1CA,14,SIGNAL LOST (L1CA, 31.9)
$LOG,156.509,L1CA,29,SIGNAL NOT FOUND (34.9)
$LOG,156.609,L1CA,30,SIGNAL FOUND (35.2,2027.6,0.9153600)
$LOG,156.709,L1CA,14,SIGNAL FOUND (36.0,-3406.6,0.3894400)
$LOG,156.809,L1CA,23,SIGNAL FOUND (35.5,-2183.1,0.1635200)
$TIME,157.000,2025,4,14,12,42,45.901000,UTC
$LOG,156.909,L1CA,29,SIGNAL FOUND (35.4,-4560.1,0.4264000)
$CH,157.000,L1CA,13,12598,34.3,0.796287481,767.943,9652.887,1,1
$CH,157.000,L1CA,19,2691,33.4,0.691121042,-273.292,-690.648,0,0
$CH,157.000,L1CA,8,154291,44.7,0.570765503,2131.921,326078.088,25,0
$CH,157.000,L1CA,6,4593,33.0,0.821787638,-280.594,-1244.604,0,1
$CH,157.000,L1CA,4,155591,49.5,0.603220566,1863.997,289167.016,25,0
$CH,157.000,L1CA,26,151691,49.6,0.624783595,-2521.415,-377205.373,24,0
$CH,157.000,L1CA,9,154091,43.9,0.014051332,2288.955,350689.462,25,0
$CH,157.000,L1CA,5,24691,32.8,0.484116151,765.412,19079.794,4,3
$CH,157.000,L1CA,18,12391,32.9,0.308608843,767.050,9455.350,0,1
$CH,157.000,L1CA,31,151191,46.4,0.832506510,-2582.432,-391661.614,24,0
$CH,157.000,L1CA,32,2291,32.1,0.442098424,-1687.682,-3934.353,0,0
$CH,157.000,L1CA,28,1491,33.9,0.978322853,112.339,293.852,1,0
$CH,157.000,L1CA,23,191,35.5,0.163792776,-2288.858,-426.441,0,0
$CH,157.000,L1CA,12,2891,32.3,0.727910882,-1711.194,-4994.801,3,1
$CH,157.000,L1CA,10,24191,34.0,0.276391730,793.519,19272.632,0,2
$CH,157.000,L1CA,16,152791,53.6,0.202614412,-233.607,-27389.858,25,0
$CH,157.000,L1CA,1,156891,47.2,0.437661442,-2095.481,-329235.251,25,0
$CH,157.000,L1CA,30,391,35.2,0.914930391,1848.564,764.478,2,0
$CH,157.000,L1CA,2,156490,44.8,0.104285083,-1664.460,-261977.658,25,0
$CH,157.000,L1CA,17,1191,33.7,0.674167833,316.237,322.390,0,1
$CH,157.000,L1CA,15,2391,32.6,0.217406754,-780.810,-1800.149,6,0
$CH,157.000,L1CA,25,591,35.2,0.016927586,230.534,101.701,1,0
$CH,157.000,L1CA,21,152191,44.4,0.335049566,-1394.655,-214431.645,24,0
$CH,157.000,L1CA,27,151591,45.4,0.364161591,1944.961,294399.222,24,0
$CH,157.000,L1CA,22,3991,32.0,0.700484245,-279.936,-1073.840,0,0
$CH,157.000,L1CA,14,291,36.0,0.390059438,-3395.258,-981.228,1,0
$LOG,157.009,L1CA,22,SIGNAL LOST (L1CA, 31.4)
$CH,157.000,L1CA,11,3460,32.5,0.561235321,-831.878,-2811.706,1,0
$CH,157.000,L1CA,3,156091,53.1,0.495845549,768.675,127618.806,25,0
$CH,157.000,L1CA,7,154491,44.2,0.166157972,1323.406,207373.871,25,0
$CH,157.000,L1CA,20,1698,33.5,0.829443737,-3408.082,-5796.093,0,0
$CH,157.000,L1CA,24,1091,34.3,0.268565636,-1254.790,-1357.671,0,0
$CH,157.000,L1CA,29,91,35.4,0.426658742,-4727.426,-423.827,0,0
$OBS,157.000,2279,388957.000,G08,1C,44.7,23854714.953,-326080.220,2133.934,0
$OBS,157.000,2279,388957.000,G04,1C,49.5,22065690.046,-289168.380,1863.985,0
$OBS,157.000,2279,388957.000,G26,1C,49.6,21172777.953,377208.395,-2520.890,0
$OBS,157.000,2279,388957.000,G09,1C,43.9,23987608.691,-350691.251,2287.124,0
$OBS,157.000,2279,388957.000,G31,1C,46.4,23033806.471,391664.696,-2582.616,0
$OBS,157.000,2279,388957.000,G16,1C,53.6,19847044.549,27390.091,-233.583,0
$OBS,157.000,2279,388957.000,G01,1C,47.2,23215227.258,329237.847,-2095.376,0
$OBS,157.000,2279,388957.000,G02,1C,44.8,23415075.912,261979.322,-1664.800,0
$OBS,157.000,2279,388957.000,G21,1C,44.4,23484257.318,214433.040,-1394.914,0
$OBS,157.000,2279,388957.000,G27,1C,45.4,23193191.786,-294401.167,1944.565,0
$OBS,157.000,2279,388957.000,G03,1C,53.1,19934952.830,-127619.575,768.472,0
$OBS,157.000,2279,388957.000,G07,1C,44.2,24033209.304,-207374.694,1324.073,0
$POS,157.000,2023,9,14,12,2,37.002000017,15.391041060,73.878029957,-3.971,7,12
$LOG,157.053,L1CA,22,SIGNAL FOUND (35.1,4064.2,0.2896000)
$LOG,157.109,L1CA,12,SIGNAL LOST (L1CA, 31.5)
$LOG,157.184,L1CA,12,SIGNAL FOUND (35.1,-13.4,0.0736000)
$LOG,157.302,L1CA,20,SIGNAL LOST (L1CA, 31.5)
$LOG,157.383,L1CA,20,SIGNAL FOUND (35.0,-2512.0,0.0518400)
$LOG,157.709,L1CA,32,SIGNAL LOST (L1CA, 30.6)
$LOG,157.786,L1CA,32,SIGNAL FOUND (35.3,-2404.1,0.0657600)
$LOG,157.809,L1CA,17,SIGNAL LOST (L1CA, 31.5)
$LOG,157.897,L1CA,17,SIGNAL FOUND (35.9,-3487.1,0.4798400)
$TIME,158.000,2025,4,14,12,42,50.289000,UTC
$CH,158.000,L1CA,4,156591,49.5,0.602040807,1864.589,291031.546,25,0
$CH,158.000,L1CA,25,1591,33.8,0.016807018,237.629,336.615,1,0
$CH,158.000,L1CA,6,5593,32.2,0.822024638,-277.556,-1522.228,0,1
$CH,158.000,L1CA,5,25691,32.8,0.483648688,772.930,19848.082,4,3
$CH,158.000,L1CA,30,1391,33.9,0.913909185,1829.405,2637.047,2,0
$CH,158.000,L1CA,16,153791,53.8,0.202754068,-234.689,-27623.970,25,0
$CH,158.000,L1CA,11,4460,32.3,0.561618350,-837.829,-3643.321,1,0
$CH,158.000,L1CA,19,3691,33.0,0.691377844,-261.788,-958.811,0,0
$CH,158.000,L1CA,12,816,35.1,0.073575594,-269.259,-168.866,3,1
$CH,158.000,L1CA,3,157091,52.7,0.495345611,768.001,128387.073,25,0
$CH,158.000,L1CA,28,2491,32.3,0.978377646,118.768,407.584,1,0
$CH,158.000,L1CA,15,3391,32.0,0.217921431,-778.172,-2580.314,6,0
$CH,158.000,L1CA,32,214,35.3,0.066060309,-2249.352,-495.291,0,0
$CH,158.000,L1CA,20,617,35.0,0.052812246,-2823.752,-1673.948,0,0
$CH,158.000,L1CA,10,25191,33.6,0.275854987,789.395,20061.415,0,2
$CH,158.000,L1CA,17,103,35.9,0.480071006,-3661.125,-370.738,0,1
$CH,158.000,L1CA,23,1191,33.9,0.165172230,-2304.525,-2732.183,0,0
$CH,158.000,L1CA,31,152191,46.2,0.834150880,-2581.901,-394243.786,24,0
$CH,158.000,L1CA,22,947,35.1,0.287192705,4196.891,3928.211,0,0
$CH,158.000,L1CA,21,153191,44.3,0.335937627,-1395.989,-215826.705,24,0
$CH,158.000,L1CA,1,157891,47.1,0.438991664,-2095.816,-331331.229,25,0
$CH,158.000,L1CA,26,152691,49.7,0.626385386,-2521.385,-379726.767,24,0
$CH,158.000,L1CA,8,155291,44.8,0.569413304,2133.373,328211.071,25,0
$CH,158.000,L1CA,13,13598,34.4,0.795795824,764.303,10421.067,1,1
$CH,158.000,L1CA,29,1091,32.8,0.429663798,-4823.857,-5159.111,0,0
$CH,158.000,L1CA,9,155091,44.4,0.012599904,2288.965,352977.753,25,0
$CH,158.000,L1CA,24,2091,33.2,0.269151331,-1248.861,-2606.960,0,0
$CH,158.000,L1CA,27,152591,45.8,0.362930741,1945.700,296343.804,24,0
$CH,158.000,L1CA,7,155491,44.4,0.165316107,1323.334,208698.001,25,0
$CH,158.000,L1CA,2,157490,44.9,0.105338562,-1664.763,-263641.599,25,0
$CH,158.000,L1CA,18,13391,33.0,0.308100114,774.186,10223.499,0,1
$CH,158.000,L1CA,14,1291,33.6,0.392197753,-3512.364,-4432.070,1,0
$OBS,158.000,2279,388958.000,G16,1C,53.8,19847086.412,27624.204,-234.631,0
$OBS,158.000,2279,388958.000,G03,1C,52.7,19934802.950,-128387.841,768.178,0
$OBS,158.000,2279,388958.000,G31,1C,46.2,23034299.440,394246.868,-2582.400,0
$OBS,158.000,2279,388958.000,G21,1C,44.3,23484523.556,215828.101,-1394.646,0
$OBS,158.000,2279,388958.000,G01,1C,47.1,23215626.048,331333.825,-2095.930,0
$OBS,158.000,2279,388958.000,G26,1C,49.7,21173258.148,379729.788,-2521.380,0
$OBS,158.000,2279,388958.000,G08,1C,44.8,23854309.584,-328213.204,2132.945,0
$OBS,158.000,2279,388958.000,G09,1C,44.4,23987173.570,-352979.542,2287.116,0
$OBS,158.000,2279,388958.000,G27,1C,45.8,23192822.784,-296345.750,1944.199,0
$OBS,158.000,2279,388958.000,G07,1C,44.4,24032956.921,-208698.824,1323.462,0
$OBS,158.000,2279,388958.000,G02,1C,44.9,23415391.743,263643.264,-1663.691,0
$OBS,158.000,2279,388958.000,G04,1C,49.5,22065336.365,-291032.911,1864.906,0
$POS,158.000,2023,9,14,12,2,38.002000006,15.391026524,73.878020972,3.224,7,12
$LOG,158.509,L1CA,28,SIGNAL LOST (L1CA, 31.3)
$LOG,158.540,L1CA,11,SIGNAL LOST (L1CA, 32.0)
$LOG,158.547,L1CA,28,SIGNAL FOUND (36.2,999.9,0.6329600)
$LOG,158.609,L1CA,30,SIGNAL LOST (L1CA, 31.5)
$LOG,158.609,L1CA,15,SIGNAL LOST (L1CA, 30.6)
$LOG,158.609,L1CA,11,SIGNAL FOUND (35.3,-957.3,0.7726400)
$LOG,158.709,L1CA,15,SIGNAL NOT FOUND (34.4)
$LOG,158.809,L1CA,30,SIGNAL FOUND (35.7,5000.0,0.9387200)
$LOG,158.909,L1CA,29,SIGNAL LOST (L1CA, 31.6)
$LOG,158.909,L1CA,24,SIGNAL LOST (L1CA, 31.4)
$TIME,159.000,2025,4,14,12,42,57.957000,UTC
$LOG,158.909,L1CA,15,SIGNAL FOUND (35.3,-1056.9,0.1139200)
$CH,159.000,L1CA,22,1947,33.1,0.284433369,4257.244,8183.221,0,0
$CH,159.000,L1CA,32,1214,33.7,0.067400699,-2307.423,-2749.316,0,0
$CH,159.000,L1CA,17,1103,33.6,0.482419277,-3921.243,-4185.005,0,1
$CH,159.000,L1CA,20,1617,32.8,0.054691725,-2900.832,-4570.140,0,0
$LOG,159.053,L1CA,22,SIGNAL LOST (L1CA, 31.7)
$CH,159.000,L1CA,1,158891,46.9,0.440318548,-2095.819,-333427.173,25,0
$CH,159.000,L1CA,28,453,36.2,0.632638487,1262.804,570.381,1,0
$CH,159.000,L1CA,3,158091,52.8,0.494867869,767.105,129154.699,25,0
$CH,159.000,L1CA,19,4691,32.8,0.691602698,-261.315,-1224.345,0,0
$CH,159.000,L1CA,25,2591,32.1,0.016599174,235.573,578.202,1,0
$CH,159.000,L1CA,11,391,35.3,0.772817966,-706.401,-297.298,1,0
$CH,159.000,L1CA,30,191,35.7,0.938108875,4828.294,932.234,2,0
$CH,159.000,L1CA,2,158490,44.9,0.106402962,-1663.403,-265305.405,25,0
$CH,159.000,L1CA,26,153691,49.4,0.627986026,-2521.964,-382248.611,24,0
$CH,159.000,L1CA,16,154791,54.0,0.202887758,-235.430,-27858.785,25,0
$CH,159.000,L1CA,21,154191,44.1,0.336817459,-1394.989,-217221.587,24,0
$CH,159.000,L1CA,5,26691,33.0,0.483164915,766.755,20615.716,4,3
$CH,159.000,L1CA,15,91,35.3,0.113982859,-1183.031,-102.395,6,0
$CH,159.000,L1CA,23,2191,32.8,0.166581644,-2304.131,-5040.930,0,0
$CH,159.000,L1CA,31,153191,46.7,0.835786876,-2582.007,-396825.846,24,0
$CH,159.000,L1CA,27,153591,45.9,0.361685800,1944.335,298288.405,24,0
$CH,159.000,L1CA,13,14598,34.5,0.795338390,763.237,11188.700,1,1
$CH,159.000,L1CA,12,1816,32.8,0.073635141,-230.022,-401.992,3,1
$CH,159.000,L1CA,18,14391,33.5,0.307643139,766.537,10991.192,0,1
$CH,159.000,L1CA,4,157591,49.8,0.600855514,1864.303,292896.160,25,0
$CH,159.000,L1CA,7,156491,44.4,0.164479209,1323.682,210021.896,25,0
$CH,159.000,L1CA,8,156291,44.3,0.568056357,2132.772,330344.301,25,0
$CH,159.000,L1CA,10,26191,33.4,0.275378746,782.818,20847.226,0,2
$CH,159.000,L1CA,14,2291,32.3,0.394328597,-3521.471,-7948.962,1,0
$CH,159.000,L1CA,9,156091,43.5,0.011151632,2288.846,355266.212,25,0
$CH,159.000,L1CA,6,6593,32.2,0.822167990,-270.969,-1798.180,0,1
$LOG,159.009,L1CA,24,SIGNAL FOUND (35.2,383.6,0.4609600)
$OBS,159.000,2279,388959.000,G01,1C,46.9,23216023.843,333429.768,-2096.034,0
$OBS,159.000,2279,388959.000,G03,1C,52.8,19934659.736,-129155.466,767.289,0
$OBS,159.000,2279,388959.000,G02,1C,44.9,23415710.838,265307.069,-1663.913,0
$OBS,159.000,2279,388959.000,G26,1C,49.4,21173738.011,382251.633,-2522.222,0
$OBS,159.000,2279,388959.000,G16,1C,54.0,19847126.495,27859.021,-234.920,0
$OBS,159.000,2279,388959.000,G21,1C,44.1,23484787.316,217222.982,-1394.554,0
$OBS,159.000,2279,388959.000,G31,1C,46.7,23034789.895,396828.928,-2582.484,0
$OBS,159.000,2279,388959.000,G27,1C,45.9,23192449.576,-298290.350,1943.768,0
$OBS,159.000,2279,388959.000,G04,1C,49.8,22064981.027,-292897.524,1864.559,0
$OBS,159.000,2279,388959.000,G07,1C,44.4,24032706.022,-210022.719,1324.109,0
$OBS,159.000,2279,388959.000,G08,1C,44.3,23853902.785,-330346.433,2133.297,0
$OBS,159.000,2279,388959.000,G09,1C,43.5,23986739.391,-355268.000,2288.966,0
$POS,159.000,2023,9,14,12,2,39.002000003,15.391022226,73.878062365,4.700,7,12
$LOG,159.184,L1CA,12,SIGNAL LOST (L1CA, 31.5)
$LOG,159.109,L1CA,29,SIGNAL NOT FOUND (34.9)
$LOG,159.209,L1CA,12,SIGNAL FOUND (35.4,-1586.0,0.1521600)
$LOG,159.309,L1CA,19,SIGNAL LOST (L1CA, 31.6)
$LOG,159.383,L1CA,20,SIGNAL LOST (L1CA, 31.2)
$LOG,159.309,L1CA,22,SIGNAL NOT FOUND (34.8)
$LOG,159.409,L1CA,25,SIGNAL LOST (L1CA, 30.5)
$LOG,159.409,L1CA,29,SIGNAL FOUND (35.2,984.7,0.1257600)
$LOG,159.509,L1CA,19,SIGNAL NOT FOUND (34.2)
$LOG,159.609,L1CA,20,SIGNAL FOUND (35.1,3370.3,0.9676800)
$LOG,159.709,L1CA,14,SIGNAL LOST (L1CA, 31.2)
$LOG,159.786,L1CA,32,SIGNAL LOST (L1CA, 31.4)
$LOG,159.709,L1CA,22,SIGNAL FOUND (35.5,-1521.4,0.1092800)
$LOG,159.809,L1CA,23,SIGNAL LOST (L1CA, 31.7)
$LOG,159.809,L1CA,25,SIGNAL FOUND (35.2,5000.0,0.2099200)
$TIME,160.000,2025,4,14,12,43,6.065000,UTC
$LOG,159.909,L1CA,32,SIGNAL FOUND (35.8,989.7,0.1816000)
$CH,160.000,L1CA,25,191,35.2,0.209315556,4946.321,948.813,1,0
$CH,160.000,L1CA,31,154191,46.9,0.837425272,-2582.011,-399407.794,24,0
$CH,160.000,L1CA,27,154591,45.5,0.360455406,1944.144,300233.044,24,0
$CH,160.000,L1CA,12,791,35.4,0.152929153,-1856.219,-1365.604,3,1
$CH,160.000,L1CA,10,27191,34.0,0.274863676,785.960,21628.882,0,2
$CH,160.000,L1CA,9,157091,44.4,0.009694120,2289.040,357554.825,25,0
$CH,160.000,L1CA,28,1453,34.5,0.632013822,1334.402,1851.244,1,0
$CH,160.000,L1CA,26,154691,49.6,0.629587771,-2522.887,-384770.903,24,0
$CH,160.000,L1CA,11,1391,33.7,0.773210120,-708.603,-1016.107,1,0
$CH,160.000,L1CA,6,7593,33.0,0.822275580,-270.482,-2074.682,0,1
$CH,160.000,L1CA,24,991,35.2,0.460809447,245.050,230.685,0,0
$CH,160.000,L1CA,13,15598,34.2,0.794851865,767.494,11955.658,1,1
$CH,160.000,L1CA,4,158591,49.4,0.599676378,1864.947,294760.845,25,0
$CH,160.000,L1CA,3,159091,53.2,0.494377440,766.240,129921.693,25,0
$CH,160.000,L1CA,15,1091,34.5,0.114758115,-1213.069,-1408.994,6,0
$CH,160.000,L1CA,30,1191,33.3,0.935218116,4721.354,5671.911,2,0
$CH,160.000,L1CA,32,91,35.8,0.181547042,801.207,82.240,0,0
$CH,160.000,L1CA,29,591,35.2,0.125445351,712.391,455.976,0,0
$CH,160.000,L1CA,1,159891,46.7,0.441652019,-2095.963,-335523.080,25,0
$CH,160.000,L1CA,17,2103,32.0,0.484857973,-3925.485,-8108.102,0,1
$CH,160.000,L1CA,7,157491,44.1,0.163645853,1323.225,211345.558,25,0
$CH,160.000,L1CA,16,155791,54.1,0.203029214,-235.567,-28094.311,25,0
$CH,160.000,L1CA,20,391,35.1,0.966871822,3274.014,1292.125,0,0
$CH,160.000,L1CA,21,155191,44.6,0.337713586,-1393.402,-218616.283,24,0
$CH,160.000,L1CA,18,15391,33.5,0.307198753,764.856,11758.191,0,1
$CH,160.000,L1CA,5,27691,32.2,0.482681526,768.760,21382.676,4,3
$CH,160.000,L1CA,2,159490,45.1,0.107452957,-1664.339,-266969.086,25,0
$CH,160.000,L1CA,8,157291,44.0,0.566699850,2134.271,332477.784,25,0
$CH,160.000,L1CA,22,291,35.5,0.109593091,-1713.844,-485.616,0,0
$LOG,160.009,L1CA,14,SIGNAL FOUND (35.6,1549.2,0.7366400)
$OBS,160.000,2279,388960.000,G31,1C,46.9,23035281.084,399410.876,-2582.613,0
$OBS,160.000,2279,388960.000,G27,1C,45.5,23192080.714,-300234.988,1944.644,0
$OBS,160.000,2279,388960.000,G09,1C,44.4,23986302.438,-357556.614,2289.441,0
$OBS,160.000,2279,388960.000,G26,1C,49.6,21174218.207,384773.926,-2522.401,0
$OBS,160.000,2279,388960.000,G04,1C,49.4,22064627.520,-294762.210,1864.828,0
$OBS,160.000,2279,388960.000,G03,1C,53.2,19934512.701,-129922.459,766.758,0
$OBS,160.000,2279,388960.000,G01,1C,46.7,23216423.610,335525.676,-2095.556,0
$OBS,160.000,2279,388960.000,G07,1C,44.1,24032456.187,-211346.381,1324.094,0
$OBS,160.000,2279,388960.000,G16,1C,54.1,19847168.899,28094.547,-235.836,0
$OBS,160.000,2279,388960.000,G21,1C,44.6,23485055.962,218617.676,-1394.714,0
$OBS,160.000,2279,388960.000,G02,1C,45.1,23416025.623,266970.750,-1663.066,0
$OBS,160.000,2279,388960.000,G08,1C,44.0,23853496.107,-332479.918,2133.908,0
$POS,160.000,2023,9,14,12,2,40.001999998,15.391011600,73.878064852,8.221,7,12
$LOG,160.109,L1CA,19,SIGNAL FOUND (35.3,-984.1,0.4875200)
$LOG,160.209,L1CA,23,SIGNAL FOUND (36.0,4549.8,0.4620800)
$LOG,160.309,L1CA,5,SIGNAL LOST (L1CA, 31.8)
$LOG,160.340,L1CA,5,SIGNAL FOUND (35.8,-3023.9,0.5988800)
$LOG,160.809,L1CA,30,SIGNAL LOST (L1CA, 31.5)
$LOG,160.897,L1CA,17,SIGNAL LOST (L1CA, 30.8)
$LOG,160.885,L1CA,30,SIGNAL FOUND (35.8,1542.1,0.5315200)
$TIME,161.000,2025,4,14,12,43,13.963000,UTC
$LOG,160.909,L1CA,17,SIGNAL FOUND (35.5,-1016.2,0.8035200)
$CH,161.000,L1CA,32,1091,34.3,0.181161505,724.298,832.811,0,0
$CH,161.000,L1CA,5,660,35.8,0.600011432,-2897.997,-1984.793,4,3
$CH,161.000,L1CA,4,159591,49.2,0.598481147,1864.635,296625.607,25,0
$CH,161.000,L1CA,21,156191,45.1,0.338591510,-1393.633,-220010.790,24,0
$CH,161.000,L1CA,22,1291,33.6,0.110566196,-1575.637,-2136.484,0,0
$CH,161.000,L1CA,10,28191,33.2,0.274353369,771.905,22407.096,0,2
$CH,161.000,L1CA,27,155591,45.4,0.359219441,1945.105,302177.707,24,0
$CH,161.000,L1CA,17,91,35.5,0.803604273,-1250.389,-104.106,0,1
$CH,161.000,L1CA,20,1391,33.4,0.964942611,3167.406,4517.320,0,0
$CH,161.000,L1CA,13,16598,34.2,0.794370172,769.133,12722.038,1,1
$CH,161.000,L1CA,28,2453,32.7,0.631150513,1326.597,3180.669,1,0
$CH,161.000,L1CA,11,2391,32.9,0.773550214,-705.540,-1722.491,1,0
$CH,161.000,L1CA,26,155691,49.9,0.631188087,-2523.114,-387293.647,24,0
$CH,161.000,L1CA,29,1591,34.6,0.124861725,727.874,1187.963,0,0
$CH,161.000,L1CA,18,16391,33.4,0.306688284,766.987,12524.546,0,1
$CH,161.000,L1CA,2,160490,45.5,0.108500210,-1663.721,-268632.624,25,0
$CH,161.000,L1CA,14,991,35.6,0.735612482,1754.683,1740.423,1,0
$CH,161.000,L1CA,30,115,35.8,0.531384397,1730.329,191.692,2,0
$CH,161.000,L1CA,16,156791,53.8,0.203168377,-236.791,-28330.550,25,0
$CH,161.000,L1CA,7,158491,44.3,0.162794087,1323.267,212668.993,25,0
$CH,161.000,L1CA,8,158291,43.9,0.565344632,2134.263,334611.511,25,0
$CH,161.000,L1CA,1,160891,46.7,0.442988164,-2096.684,-337618.948,25,0
$CH,161.000,L1CA,25,1191,32.4,0.206106263,5216.466,6083.109,1,0
$CH,161.000,L1CA,9,158091,43.5,0.008237726,2288.266,359843.599,25,0
$CH,161.000,L1CA,6,8593,33.3,0.822445560,-278.227,-2351.090,0,1
$CH,161.000,L1CA,12,1791,34.6,0.154066793,-1804.638,-3175.900,3,1
$CH,161.000,L1CA,24,1991,34.1,0.460665598,247.826,484.164,0,0
$CH,161.000,L1CA,23,791,36.0,0.459786571,4666.867,3756.917,0,0
$CH,161.000,L1CA,31,155191,46.7,0.839066157,-2582.083,-401989.623,24,0
$CH,161.000,L1CA,15,2091,32.1,0.115348120,-1211.334,-2624.199,6,0
$CH,161.000,L1CA,19,891,35.3,0.487906805,-708.253,-668.383,0,0
$CH,161.000,L1CA,3,160091,53.2,0.493893199,766.080,130688.055,25,0
$OBS,161.000,2279,388961.000,G04,1C,49.2,22064269.197,-296626.972,1864.559,0
$OBS,161.000,2279,388961.000,G21,1C,45.1,23485319.163,220012.183,-1393.552,0
$OBS,161.000,2279,388961.000,G27,1C,45.4,23191710.176,-302179.652,1944.886,0
$OBS,161.000,2279,388961.000,G26,1C,49.9,21174697.965,387296.670,-2523.322,0
$OBS,161.000,2279,388961.000,G02,1C,45.5,23416339.587,268634.287,-1662.732,0
$OBS,161.000,2279,388961.000,G16,1C,53.8,19847210.623,28330.787,-236.828,0
$OBS,161.000,2279,388961.000,G07,1C,44.3,24032200.838,-212669.816,1322.983,0
$OBS,161.000,2279,388961.000,G08,1C,43.9,23853089.831,-334613.645,2134.932,0
$OBS,161.000,2279,388961.000,G01,1C,46.7,23216824.180,337621.545,-2096.592,0
$OBS,161.000,2279,388961.000,G09,1C,43.5,23985865.816,-359845.387,2289.386,0
$OBS,161.000,2279,388961.000,G31,1C,46.7,23035773.006,401992.705,-2581.508,0
$OBS,161.000,2279,388961.000,G03,1C,53.2,19934367.532,-130688.821,766.410,0
$POS,161.000,2023,9,14,12,2,41.002000003,15.391008651,73.878059716,8.123,7,12
$LOG,161.547,L1CA,28,SIGNAL LOST (L1CA, 31.7)
$LOG,161.562,L1CA,28,SIGNAL FOUND (36.2,1552.4,0.2795200)
$LOG,161.609,L1CA,20,SIGNAL LOST (L1CA, 31.8)
$LOG,161.682,L1CA,20,SIGNAL FOUND (36.4,911.6,0.6988800)
$LOG,161.709,L1CA,22,SIGNAL LOST (L1CA, 31.3)
$LOG,161.809,L1CA,25,SIGNAL LOST (L1CA, 31.8)
$LOG,161.803,L1CA,22,SIGNAL FOUND (35.0,-1414.4,0.7136000)
$LOG,161.909,L1CA,15,SIGNAL LOST (L1CA, 30.8)
$TIME,162.000,2025,4,14,12,43,22.063000,UTC
$LOG,161.909,L1CA,25,SIGNAL FOUND (35.1,160.0,0.0332800)
$CH,162.000,L1CA,29,2591,33.7,0.124290557,729.313,1916.096,0,0
$CH,162.000,L1CA,30,1115,33.9,0.530412070,1681.117,1940.935,2,0
$CH,162.000,L1CA,21,157191,45.5,0.339472156,-1393.803,-221405.121,24,0
$CH,162.000,L1CA,2,161490,45.3,0.109563107,-1662.860,-270296.029,25,0
$CH,162.000,L1CA,7,159491,44.5,0.161961584,1322.185,213992.191,25,0
$CH,162.000,L1CA,10,29191,33.5,0.273855368,780.822,23185.155,0,2
$CH,162.000,L1CA,32,2091,32.5,0.180827128,712.013,1551.609,0,0
$CH,162.000,L1CA,4,160591,48.4,0.597303391,1865.031,298490.442,25,0
$CH,162.000,L1CA,16,157791,53.7,0.203322143,-237.482,-28567.508,25,0
$CH,162.000,L1CA,31,156191,46.3,0.840708265,-2581.201,-404571.350,24,0
$CH,162.000,L1CA,28,438,36.2,0.279083822,1845.426,768.175,1,0
$CH,162.000,L1CA,1,161891,46.6,0.444309099,-2096.506,-339714.777,25,0
$CH,162.000,L1CA,19,1891,33.8,0.488236795,-722.487,-1394.491,0,0
$CH,162.000,L1CA,13,17598,34.3,0.793844050,768.788,13487.830,1,1
$CH,162.000,L1CA,27,156591,45.4,0.357986157,1945.049,304122.396,24,0
$CH,162.000,L1CA,8,159291,44.0,0.563985510,2133.602,336745.487,25,0
$CH,162.000,L1CA,17,1091,34.8,0.804311241,-1263.654,-1334.601,0,1
$CH,162.000,L1CA,9,159091,44.1,0.006777847,2288.696,362132.533,25,0
$CH,162.000,L1CA,14,1991,33.2,0.734519982,1742.864,3481.218,1,0
$LOG,162.009,L1CA,14,SIGNAL LOST (L1CA, 31.3)
$CH,162.000,L1CA,18,17391,33.3,0.306221943,761.857,13290.273,0,1
$CH,162.000,L1CA,11,3391,32.3,0.773845777,-706.896,-2428.690,1,0
$CH,162.000,L1CA,3,161091,52.5,0.493401468,765.483,131453.794,25,0
$CH,162.000,L1CA,5,1660,33.5,0.601835336,-2871.210,-4875.638,4,3
$CH,162.000,L1CA,26,156691,50.6,0.632788708,-2523.498,-389816.839,24,0
$CH,162.000,L1CA,22,197,35.0,0.713766395,-1267.924,-256.197,0,0
$CH,162.000,L1CA,23,1791,33.4,0.456825137,4634.654,8390.549,0,0
$CH,162.000,L1CA,6,9593,33.0,0.822548459,-276.750,-2627.665,0,1
$CH,162.000,L1CA,25,91,35.1,0.033265436,250.469,20.594,1,0
$CH,162.000,L1CA,12,2791,32.1,0.155208825,-1802.159,-4981.855,3,1
$CH,162.000,L1CA,24,2991,33.3,0.460665877,264.403,739.780,0,0
$CH,162.000,L1CA,20,318,36.4,0.698734673,713.146,244.130,0,0
$LOG,162.009,L1CA,15,SIGNAL FOUND (35.1,94.2,0.9734400)
$OBS,162.000,2279,388962.000,G21,1C,45.5,23485583.168,221406.515,-1394.333,0
$OBS,162.000,2279,388962.000,G02,1C,45.3,23416658.228,270297.692,-1664.008,0
$OBS,162.000,2279,388962.000,G07,1C,44.5,24031951.248,-213993.013,1323.287,0
$OBS,162.000,2279,388962.000,G04,1C,48.4,22063916.127,-298491.807,1864.984,0
$OBS,162.000,2279,388962.000,G16,1C,53.7,19847256.709,28567.745,-237.353,0
$OBS,162.000,2279,388962.000,G31,1C,46.3,23036265.294,404574.431,-2582.134,0
$OBS,162.000,2279,388962.000,G01,1C,46.6,23217220.178,339717.373,-2096.445,0
$OBS,162.000,2279,388962.000,G27,1C,45.4,23191340.440,-304124.341,1944.418,0
$OBS,162.000,2279,388962.000,G08,1C,44.0,23852682.369,-336747.620,2133.977,0
$OBS,162.000,2279,388962.000,G09,1C,44.1,23985428.164,-362134.321,2289.221,0
$OBS,162.000,2279,388962.000,G03,1C,52.5,19934220.113,-131454.560,765.233,0
$OBS,162.000,2279,388962.000,G26,1C,50.6,21175177.829,389819.862,-2523.625,0
$POS,162.000,2023,9,14,12,2,42.001999995,15.391007884,73.878060181,11.050,7,12
$LOG,162.109,L1CA,14,SIGNAL NOT FOUND (34.4)
$LOG,162.227,L1CA,13,FRAME SYNC (R)
$LNAV,162.067,L1CA,13,8B55567E9D8A02033E319A67FA0FC40287029FBC0204FAA10CC49560AE7C
$LOG,162.209,L1CA,12,SIGNAL LOST (L1CA, 31.7)
$LOG,162.209,L1CA,23,SIGNAL LOST (L1CA, 31.1)
$LOG,162.227,L1CA,3,FRAME SYNC (N)
$LNAV,162.067,L1CA,3,8B55567E9D8A02033E319A67FA0FC40287029FBC0204FAA10CC49560AE7C
$LOG,162.238,L1CA,27,FRAME SYNC (N)
$LNAV,162.078,L1CA,27,8B55567E9D8A02F97D3079F392B45EFA9405F30C8A121BA10D5C5960AE7D
$LOG,162.234,L1CA,4,FRAME SYNC (R)
$LNAV,162.074,L1CA,4,8B55567E9D8A02F4C8307AE314F10DF5E5014CEC221234A10D069A60AE7F
$LOG,162.227,L1CA,16,FRAME SYNC (N)
$LNAV,162.067,L1CA,16,8B55567E9D8A0201C5340C18D95CD401E106D9C9E50801A10D36B960AE7F
$LOG,162.231,L1CA,26,FRAME SYNC (R)
$LNAV,162.071,L1CA,26,8B55567E9D8A02046A3BBF3BCE192F0406042F75F1083CA10DFACB60AE7F
$LOG,162.241,L1CA,7,FRAME SYNC (R)
$LNAV,162.081,L1CA,7,8B55567E9D8A0204B02F117CAA84A403B508FBB21F186FA10DD8C260AE7D
$LOG,162.240,L1CA,8,FRAME SYNC (N)
$LNAV,162.080,L1CA,8,8B55567E9D8A02F8B43253F0A48CD0F9D3046AA54B1186A10DFF5C60AE7C
$LOG,162.237,L1CA,31,FRAME SYNC (R)
$LNAV,162.077,L1CA,31,8B55567E9D8A0203362FA55A1DF3980267055A86481826A10D0E6E60AE7C
$LOG,162.241,L1CA,9,FRAME SYNC (R)
$LNAV,162.081,L1CA,9,8B55567E9D8A02F44732E607C2795AF5AA0165FC4E10E0A10C659C60AE7D
$LOG,162.239,L1CA,21,FRAME SYNC (N)
$LNAV,162.079,L1CA,21,8B55567E9D8A0207B13120F16C7FDD06350CB0B95116A3A10C958360AE7C
$LOG,162.238,L1CA,1,FRAME SYNC (R)
$LNAV,162.078,L1CA,1,8B55567E9D8A020A7628C299006BDA088E06965F0E1633A10D18A660AE7D
$LOG,162.239,L1CA,2,FRAME SYNC (N)
$LNAV,162.079,L1CA,2,8B55567E9D8A0208282F330695ECBE06E4082DF0241780A10E011860AE7D
$LOG,162.209,L1CA,14,SIGNAL FOUND (35.0,1488.7,0.4464000)
$LOG,162.309,L1CA,23,SIGNAL NOT FOUND (34.6)
$LOG,162.409,L1CA,12,SIGNAL FOUND (35.7,-3370.5,0.1764800)
$LOG,162.509,L1CA,23,SIGNAL FOUND (35.0,4077.1,0.2947200)
$LOG,162.609,L1CA,11,SIGNAL LOST (L1CA, 31.0)
$LOG,162.668,L1CA,11,SIGNAL FOUND (36.0,2106.0,0.3648000)
$LOG,162.909,L1CA,32,SIGNAL LOST (L1CA, 31.2)
$TIME,163.000,2025,4,14,12,43,30.049000,UTC
$LOG,162.977,L1CA,32,SIGNAL FOUND (35.6,-4513.5,0.5827200)
$CH,163.000,L1CA,9,160091,44.7,0.005329577,2288.652,364421.627,26,0
$CH,163.000,L1CA,19,2891,32.4,0.488506238,-721.961,-2118.662,0,0
$CH,163.000,L1CA,11,332,36.0,0.364393997,2285.315,748.926,1,0
$CH,163.000,L1CA,22,1197,33.5,0.714475429,-1250.366,-1522.064,0,0
$CH,163.000,L1CA,3,162091,52.7,0.492923831,764.724,132218.902,26,0
$CH,163.000,L1CA,12,591,35.7,0.177629258,-3306.271,-1938.109,3,1
$CH,163.000,L1CA,6,10593,32.2,0.822778812,-275.307,-2903.623,0,1
$CH,163.000,L1CA,16,158791,53.7,0.203469818,-238.418,-28805.180,26,0
$CH,163.000,L1CA,28,1438,33.6,0.278084064,1728.671,2540.478,1,0
$CH,163.000,L1CA,23,491,35.0,0.293491260,4190.993,2053.790,0,0
$CH,163.000,L1CA,32,23,35.6,0.582788287,-4499.384,-103.598,0,0
$CH,163.000,L1CA,31,157191,46.7,0.842342069,-2582.658,-407152.958,25,0
$CH,163.000,L1CA,10,30191,32.7,0.273394476,779.826,23961.686,0,2
$CH,163.000,L1CA,21,158191,45.5,0.340357308,-1394.630,-222799.258,25,0
$CH,163.000,L1CA,30,2115,32.2,0.529436463,1672.769,3620.376,2,0
$CH,163.000,L1CA,25,1091,34.6,0.033073405,225.811,265.718,1,0
$CH,163.000,L1CA,14,791,35.0,0.445795994,1271.347,998.011,1,0
$CH,163.000,L1CA,13,18598,33.7,0.793336113,770.613,14252.867,2,1
$CH,163.000,L1CA,29,3591,33.2,0.123806606,726.670,2641.588,0,0
$CH,163.000,L1CA,2,162490,44.5,0.110625567,-1662.267,-271959.308,26,0
$CH,163.000,L1CA,1,162891,45.9,0.445647050,-2095.833,-341810.571,26,0
$CH,163.000,L1CA,5,2660,32.3,0.603627391,-2873.763,-7749.338,4,3
$CH,163.000,L1CA,4,161591,48.8,0.596118796,1865.478,300355.349,26,0
$CH,163.000,L1CA,8,160291,44.4,0.562628321,2134.572,338879.714,26,0
$CH,163.000,L1CA,20,1318,34.2,0.698418984,797.525,1012.296,0,0
$CH,163.000,L1CA,26,157691,50.2,0.634391686,-2523.762,-392340.481,25,0
$CH,163.000,L1CA,27,157591,45.4,0.356756133,1943.825,306067.112,25,0
$CH,163.000,L1CA,15,991,35.1,0.973176203,259.852,220.180,6,0
$CH,163.000,L1CA,18,18391,33.3,0.305687434,759.589,14055.410,0,1
$CH,163.000,L1CA,24,3991,32.4,0.460639080,261.680,1001.146,0,0
$CH,163.000,L1CA,17,2091,33.5,0.804965112,-1266.336,-2597.948,0,1
$LOG,163.009,L1CA,24,SIGNAL LOST (L1CA, 31.9)
$CH,163.000,L1CA,7,160491,44.8,0.161124515,1323.135,215315.164,26,0
$OBS,163.000,2279,388963.000,G09,1C,44.7,23984993.968,-364423.416,2289.941,0
$OBS,163.000,2279,388963.000,G03,1C,52.7,19934076.934,-132219.667,764.449,0
$OBS,163.000,2279,388963.000,G16,1C,53.7,19847300.980,28805.418,-237.627,0
$OBS,163.000,2279,388963.000,G31,1C,46.7,23036755.104,407156.041,-2581.823,0
$OBS,163.000,2279,388963.000,G21,1C,45.5,23485848.533,222800.653,-1394.127,0
$OBS,163.000,2279,388963.000,G02,1C,44.5,23416976.747,271960.971,-1664.390,0
$OBS,163.000,2279,388963.000,G01,1C,45.9,23217621.289,341813.167,-2095.550,0
$OBS,163.000,2279,388963.000,G04,1C,48.8,22063560.998,-300356.714,1865.467,0
$OBS,163.000,2279,388963.000,G08,1C,44.4,23852275.499,-338881.848,2133.782,0
$OBS,163.000,2279,388963.000,G27,1C,45.4,23190971.700,-306069.056,1944.204,0
$OBS,163.000,2279,388963.000,G26,1C,50.2,21175658.390,392343.505,-2523.635,0
$OBS,163.000,2279,388963.000,G07,1C,44.8,24031700.313,-215315.988,1322.978,0
$POS,163.000,2023,9,14,12,2,43.001999994,15.391019768,73.878076395,10.348,7,12
$LOG,163.109,L1CA,19,SIGNAL LOST (L1CA, 31.5)
$LOG,163.109,L1CA,24,SIGNAL FOUND (36.3,-958.0,0.6707200)
$LOG,163.209,L1CA,19,SIGNAL FOUND (35.1,3567.0,0.1888000)
$LOG,163.340,L1CA,5,SIGNAL LOST (L1CA, 31.6)
$LOG,163.407,L1CA,6,SIGNAL LOST (L1CA, 30.8)
$LOG,163.402,L1CA,5,SIGNAL FOUND (35.1,1982.8,0.1476800)
$LOG,163.509,L1CA,6,SIGNAL FOUND (35.2,-988.7,0.7929600)
$LOG,163.682,L1CA,20,SIGNAL LOST (L1CA, 31.9)
$LOG,163.701,L1CA,20,SIGNAL FOUND (35.5,-1547.4,0.6988800)
$LOG,163.885,L1CA,30,SIGNAL LOST (L1CA, 30.2)
$TIME,164.000,2025,4,14,12,43,37.908000,UTC
$LOG,163.909,L1CA,30,SIGNAL NOT FOUND (35.0)
$CH,164.000,L1CA,31,158191,46.8,0.843983242,-2581.149,-409734.457,25,0
$CH,164.000,L1CA,10,31191,32.7,0.272917514,770.264,24735.512,0,2
$CH,164.000,L1CA,11,1332,33.5,0.363239755,2010.719,2844.785,1,0
$CH,164.000,L1CA,29,4591,33.3,0.123318995,723.148,3366.429,0,0
$CH,164.000,L1CA,1,163891,46.1,0.446976890,-2096.230,-343906.325,26,0
$CH,164.000,L1CA,16,159791,53.4,0.203618542,-238.692,-29043.558,26,0
$CH,164.000,L1CA,26,158691,49.7,0.635991371,-2524.384,-394864.573,25,0
$CH,164.000,L1CA,32,1023,32.8,0.585710727,-4802.547,-4785.121,0,0
$CH,164.000,L1CA,17,3091,32.1,0.805695875,-1263.515,-3861.889,0,1
$CH,164.000,L1CA,14,1791,33.3,0.445069787,1259.393,2255.684,1,0
$CH,164.000,L1CA,27,158591,45.4,0.355520278,1944.203,308011.859,25,0
$CH,164.000,L1CA,5,598,35.1,0.147142603,1722.230,1044.235,4,3
$CH,164.000,L1CA,13,19598,33.7,0.792830815,765.311,15017.415,2,1
$CH,164.000,L1CA,25,2091,33.1,0.032917665,232.076,491.112,1,0
$CH,164.000,L1CA,8,161291,43.9,0.561273155,2134.053,341014.185,26,0
$CH,164.000,L1CA,19,791,35.1,0.186932177,3780.313,2976.391,0,0
$CH,164.000,L1CA,12,1591,33.3,0.179743416,-3457.061,-5388.545,3,1
$CH,164.000,L1CA,22,2197,32.0,0.715188537,-1253.199,-2773.229,0,0
$CH,164.000,L1CA,20,299,35.5,0.699182061,-1637.208,-495.516,0,0
$CH,164.000,L1CA,15,1991,34.0,0.972992175,255.589,482.741,6,0
$CH,164.000,L1CA,21,159191,45.6,0.341252011,-1394.454,-224193.216,25,0
$CH,164.000,L1CA,3,163091,52.9,0.492435107,764.096,132983.374,26,0
$CH,164.000,L1CA,24,891,36.3,0.671039452,-710.786,-670.548,0,0
$CH,164.000,L1CA,7,161491,45.4,0.160283051,1322.232,216637.899,26,0
$CH,164.000,L1CA,18,19391,33.6,0.305190070,767.362,14819.840,0,1
$CH,164.000,L1CA,4,162591,49.3,0.594938190,1865.055,302220.343,26,0
$CH,164.000,L1CA,2,163490,44.1,0.111677121,-1662.701,-273622.449,26,0
$CH,164.000,L1CA,6,491,35.2,0.793327817,-1256.942,-590.613,0,1
$CH,164.000,L1CA,28,2438,32.8,0.277049275,1736.683,4276.337,1,0
$CH,164.000,L1CA,9,161091,44.8,0.003877062,2289.078,366710.881,26,0
$CH,164.000,L1CA,23,1491,33.2,0.290802786,4226.624,6237.272,0,0
$LOG,164.009,L1CA,30,SIGNAL NOT FOUND (34.4)
$OBS,164.000,2279,388964.000,G31,1C,46.8,23037247.113,409737.538,-2581.248,0
$OBS,164.000,2279,388964.000,G01,1C,46.1,23218019.956,343908.921,-2095.396,0
$OBS,164.000,2279,388964.000,G16,1C,53.4,19847345.583,29043.796,-238.528,0
$OBS,164.000,2279,388964.000,G26,1C,49.7,21176137.957,394867.597,-2524.470,0
$OBS,164.000,2279,388964.000,G27,1C,45.4,23190601.197,-308013.803,1944.992,0
$OBS,164.000,2279,388964.000,G08,1C,43.9,23851869.223,-341016.319,2134.572,0
$OBS,164.000,2279,388964.000,G21,1C,45.6,23486116.760,224194.610,-1393.701,0
$OBS,164.000,2279,388964.000,G03,1C,52.9,19933930.404,-132984.138,764.407,0
$OBS,164.000,2279,388964.000,G07,1C,45.4,24031448.036,-216638.721,1323.304,0
$OBS,164.000,2279,388964.000,G04,1C,49.3,22063207.055,-302221.708,1864.522,0
$OBS,164.000,2279,388964.000,G02,1C,44.1,23417291.985,273624.112,-1663.179,0
$OBS,164.000,2279,388964.000,G09,1C,44.8,23984558.515,-366712.670,2290.753,0
$POS,164.000,2023,9,14,12,2,44.001999992,15.391010185,73.878077772,12.205,7,12
$LOG,164.109,L1CA,30,SIGNAL NOT FOUND (34.9)
$LOG,164.209,L1CA,30,SIGNAL FOUND (35.6,580.8,0.1275200)
$LOG,164.409,L1CA,12,SIGNAL LOST (L1CA, 31.6)
$LOG,164.503,L1CA,12,SIGNAL FOUND (35.3,-4459.0,0.1636800)
$LOG,164.668,L1CA,11,SIGNAL LOST (L1CA, 31.0)
$LOG,164.702,L1CA,11,SIGNAL FOUND (35.2,-411.9,0.1616000)
$LOG,164.803,L1CA,22,SIGNAL LOST (L1CA, 31.0)
$LOG,164.870,L1CA,22,SIGNAL FOUND (36.1,-2028.8,0.4326400)
$LOG,164.909,L1CA,25,SIGNAL LOST (L1CA, 31.8)
$LOG,164.909,L1CA,17,SIGNAL LOST (L1CA, 31.6)
$TIME,165.000,2025,4,14,12,43,44.417000,UTC
$LOG,164.977,L1CA,32,SIGNAL LOST (L1CA, 31.8)
$LOG,164.969,L1CA,25,SIGNAL FOUND (35.3,935.3,0.1555200)
$CH,165.000,L1CA,13,20598,33.3,0.792311989,758.179,15781.035,2,1
$CH,165.000,L1CA,29,5591,33.5,0.122892638,723.351,4090.111,0,0
$CH,165.000,L1CA,30,791,35.6,0.127150502,709.426,576.120,2,0
$CH,165.000,L1CA,21,160191,45.6,0.342128793,-1394.342,-225586.985,25,0
$CH,165.000,L1CA,3,164091,52.4,0.491945455,763.914,133747.219,26,0
$CH,165.000,L1CA,26,159691,49.3,0.637596397,-2525.025,-397389.113,25,0
$CH,165.000,L1CA,14,2791,32.6,0.444434638,1263.333,3517.539,1,0
$CH,165.000,L1CA,27,159591,45.7,0.354287895,1944.828,309956.627,25,0
$CH,165.000,L1CA,19,1791,33.0,0.184579493,3777.345,6758.813,0,0
$CH,165.000,L1CA,1,164891,46.3,0.448301042,-2096.070,-346002.040,26,0
$CH,165.000,L1CA,22,130,36.1,0.432834492,-2176.001,-275.432,0,0
$CH,165.000,L1CA,23,2491,32.3,0.288163734,4228.787,10459.462,0,0
$CH,165.000,L1CA,5,1598,34.7,0.146176119,1729.924,2781.924,4,3
$CH,165.000,L1CA,12,497,35.3,0.164960374,-4290.383,-2129.371,3,1
$CH,165.000,L1CA,15,2991,33.0,0.972777506,259.629,743.719,6,0
$CH,165.000,L1CA,10,32191,33.3,0.272449788,769.713,25509.264,0,2
$CH,165.000,L1CA,11,298,35.2,0.161626557,-333.523,-99.529,1,0
$CH,165.000,L1CA,2,164490,44.5,0.112732426,-1663.075,-275285.459,26,0
$CH,165.000,L1CA,20,1299,34.2,0.700307862,-1975.889,-2325.921,0,0
$CH,165.000,L1CA,6,1491,33.7,0.794062922,-1214.652,-1800.617,0,1
$CH,165.000,L1CA,28,3438,32.5,0.276016131,1735.759,6013.328,1,0
$CH,165.000,L1CA,24,1891,33.9,0.671384696,-702.668,-1380.098,0,0
$CH,165.000,L1CA,8,162291,43.4,0.559915129,2134.381,343148.913,26,0
$CH,165.000,L1CA,9,162091,44.7,0.002419894,2291.199,369000.294,26,0
$CH,165.000,L1CA,18,20391,33.9,0.304722821,766.500,15583.741,0,1
$CH,165.000,L1CA,16,160791,53.6,0.203770010,-239.623,-29282.652,26,0
$CH,165.000,L1CA,25,31,35.3,0.155499460,962.620,28.884,1,0
$CH,165.000,L1CA,4,163591,49.3,0.593753336,1865.542,304085.396,26,0
$CH,165.000,L1CA,31,159191,46.0,0.845622171,-2581.551,-412315.845,25,0
$CH,165.000,L1CA,7,162491,44.8,0.159436080,1323.262,217960.403,26,0
$LOG,165.009,L1CA,32,SIGNAL NOT FOUND (34.5)
$OBS,165.000,2279,388965.000,G21,1C,45.6,23486379.613,225588.380,-1393.960,0
$OBS,165.000,2279,388965.000,G03,1C,52.4,19933783.613,-133747.983,763.561,0
$OBS,165.000,2279,388965.000,G26,1C,49.3,21176619.130,397392.138,-2525.054,0
$OBS,165.000,2279,388965.000,G27,1C,45.7,23190231.723,-309958.571,1945.129,0
$OBS,165.000,2279,388965.000,G01,1C,46.3,23218416.931,346004.636,-2096.136,0
$OBS,165.000,2279,388965.000,G02,1C,44.5,23417608.357,275287.122,-1662.641,0
$OBS,165.000,2279,388965.000,G08,1C,43.4,23851462.092,-343151.048,2135.515,0
$OBS,165.000,2279,388965.000,G09,1C,44.6,23984121.667,-369002.085,2287.507,0
$OBS,165.000,2279,388965.000,G16,1C,53.6,19847390.988,29282.891,-239.526,0
$OBS,165.000,2279,388965.000,G04,1C,49.3,22062851.838,-304086.762,1864.984,0
$OBS,165.000,2279,388965.000,G31,1C,46.0,23037738.441,412318.926,-2580.593,0
$OBS,165.000,2279,388965.000,G07,1C,44.8,24031194.135,-217961.226,1323.734,0
$POS,165.000,2023,9,14,12,2,45.001999990,15.391009696,73.878066641,13.571,7,12
$LOG,165.109,L1CA,24,SIGNAL LOST (L1CA, 31.9)
$LOG,165.109,L1CA,17,SIGNAL FOUND (35.4,-2477.5,0.4462400)
$LOG,165.209,L1CA,19,SIGNAL LOST (L1CA, 30.5)
$LOG,165.209,L1CA,14,SIGNAL LOST (L1CA, 31.8)
$LOG,165.209,L1CA,24,SIGNAL FOUND (35.8,-1024.4,0.2692800)
$LOG,165.309,L1CA,32,SIGNAL NOT FOUND (34.5)
$LOG,165.409,L1CA,14,SIGNAL NOT FOUND (34.1)
$LOG,165.509,L1CA,6,SIGNAL LOST (L1CA, 31.4)
$LOG,165.509,L1CA,23,SIGNAL LOST (L1CA, 31.3)
$LOG,165.562,L1CA,28,SIGNAL LOST (L1CA, 31.5)
$LOG,165.509,L1CA,19,SIGNAL NOT FOUND (34.3)
$LOG,165.609,L1CA,23,SIGNAL FOUND (35.2,-1959.6,0.4796800)
$LOG,165.709,L1CA,28,SIGNAL NOT FOUND (35.0)
$LOG,165.809,L1CA,32,SIGNAL NOT FOUND (34.3)
$TIME,166.000,2025,4,14,12,43,48.903000,UTC
$LOG,165.909,L1CA,6,SIGNAL NOT FOUND (34.7)
$CH,166.000,L1CA,13,21598,33.0,0.791862762,761.713,16546.724,2,1
$CH,166.000,L1CA,31,160191,45.9,0.847258663,-2581.878,-414897.122,25,0
$CH,166.000,L1CA,21,161191,46.1,0.343016748,-1393.449,-226980.568,25,0
$CH,166.000,L1CA,1,165891,47.3,0.449633596,-2095.243,-348097.724,26,0
$CH,166.000,L1CA,4,164591,48.9,0.592565636,1864.930,305950.535,26,0
$CH,166.000,L1CA,27,160591,45.5,0.353047992,1944.340,311901.430,25,0
$CH,166.000,L1CA,15,3991,32.3,0.972758525,265.833,1003.747,6,0
$CH,166.000,L1CA,22,1130,34.2,0.434069365,-1868.907,-2349.141,0,0
$CH,166.000,L1CA,25,1031,33.4,0.155068943,700.143,840.782,1,0
$CH,166.000,L1CA,29,6591,33.2,0.122373674,718.784,4813.876,0,0
$CH,166.000,L1CA,11,1298,34.9,0.161728219,-210.770,-313.807,1,0
$CH,166.000,L1CA,5,2598,33.4,0.145145768,1731.675,4507.856,4,3
$CH,166.000,L1CA,8,163291,43.6,0.558564141,2136.254,345283.878,26,0
$CH,166.000,L1CA,18,21391,33.9,0.304237818,762.044,16346.932,0,1
$CH,166.000,L1CA,26,160691,48.6,0.639201070,-2525.050,-399914.103,25,0
$CH,166.000,L1CA,2,165490,44.9,0.113791058,-1662.211,-276948.335,26,0
$CH,166.000,L1CA,17,891,35.4,0.447453752,-2365.951,-2094.621,0,1
$CH,166.000,L1CA,10,33191,33.6,0.271963701,767.421,26280.035,0,2
$CH,166.000,L1CA,3,165091,52.1,0.491459386,762.949,134510.437,26,0
$CH,166.000,L1CA,12,1497,33.4,0.167679565,-4262.274,-6411.941,3,1
$CH,166.000,L1CA,20,2299,32.5,0.701592955,-1977.944,-4303.642,0,0
$CH,166.000,L1CA,24,791,35.8,0.269822876,-1279.788,-977.006,0,0
$CH,166.000,L1CA,16,161791,52.8,0.203928010,-240.193,-29522.464,26,0
$CH,166.000,L1CA,7,163491,44.4,0.158605690,1322.912,219282.678,26,0
$CH,166.000,L1CA,30,1791,35.0,0.126565316,772.765,1346.547,2,0
$CH,166.000,L1CA,9,163091,44.2,0.000969722,2289.927,371289.857,26,0
$CH,166.000,L1CA,23,391,35.2,0.480078115,-1790.912,-693.503,0,0
$LOG,166.009,L1CA,15,SIGNAL LOST (L1CA, 31.7)
$OBS,166.000,2279,388966.000,G31,1C,45.9,23038229.054,414900.204,-2581.354,0
$OBS,166.000,2279,388966.000,G21,1C,46.1,23486645.816,226981.962,-1393.356,0
$OBS,166.000,2279,388966.000,G01,1C,47.3,23218816.419,348100.319,-2096.150,0
$OBS,166.000,2279,388966.000,G04,1C,48.9,22062495.784,-305951.900,1865.231,0
$OBS,166.000,2279,388966.000,G27,1C,45.5,23189860.016,-311903.374,1944.511,0
$OBS,166.000,2279,388966.000,G08,1C,43.6,23851057.090,-345286.015,2135.614,0
$OBS,166.000,2279,388966.000,G26,1C,48.6,21177100.197,399917.128,-2525.035,0
$OBS,166.000,2279,388966.000,G02,1C,44.9,23417925.742,276949.997,-1663.586,0
$OBS,166.000,2279,388966.000,G03,1C,52.1,19933637.904,-134511.200,762.864,0
$OBS,166.000,2279,388966.000,G16,1C,52.8,19847438.348,29522.704,-240.496,0
$OBS,166.000,2279,388966.000,G07,1C,44.4,24030945.190,-219283.500,1321.884,0
$OBS,166.000,2279,388966.000,G09,1C,44.2,23983686.929,-371291.647,2289.606,0
$POS,166.000,2023,9,14,12,2,46.001999995,15.391014532,73.878058465,11.261,7,12
$LOG,166.009,L1CA,14,SIGNAL FOUND (35.2,1997.3,0.4104000)
$LOG,166.109,L1CA,15,SIGNAL FOUND (36.2,-32.8,0.2332800)
$LOG,166.209,L1CA,19,SIGNAL FOUND (36.7,924.0,0.1219200)
$LOG,166.309,L1CA,28,SIGNAL FOUND (35.6,-2397.7,0.6516800)
$LOG,166.409,L1CA,32,SIGNAL FOUND (35.4,979.4,0.4062400)
$LOG,166.503,L1CA,12,SIGNAL LOST (L1CA, 31.7)
$LOG,166.509,L1CA,6,SIGNAL FOUND (35.5,4029.4,0.4728000)
$LOG,166.609,L1CA,12,SIGNAL NOT FOUND (34.7)
$LOG,166.701,L1CA,20,SIGNAL LOST (L1CA, 31.0)
$LOG,166.709,L1CA,12,SIGNAL NOT FOUND (34.7)
$LOG,166.809,L1CA,20,SIGNAL NOT FOUND (34.9)
$LOG,166.969,L1CA,25,SIGNAL LOST (L1CA, 32.0)
$TIME,167.000,2025,4,14,12,43,55.166000,UTC
$LOG,166.909,L1CA,12,SIGNAL NOT FOUND (34.9)
$CH,167.000,L1CA,3,166091,53.1,0.490976041,762.191,135273.009,26,0
$CH,167.000,L1CA,31,161191,46.3,0.848901840,-2581.468,-417478.286,25,0
$CH,167.000,L1CA,27,161591,45.2,0.351815988,1944.061,313846.253,25,0
$CH,167.000,L1CA,30,2791,34.7,0.125918449,775.412,2121.462,2,0
$CH,167.000,L1CA,13,22598,32.5,0.791447940,762.652,17311.505,2,1
$CH,167.000,L1CA,26,161691,49.0,0.640802616,-2525.688,-402439.543,25,0
$CH,167.000,L1CA,1,166891,46.6,0.450969816,-2095.168,-350193.367,26,0
$CH,167.000,L1CA,23,1391,34.2,0.481148374,-1787.892,-2469.594,0,0
$CH,167.000,L1CA,28,691,35.6,0.652514318,-2329.192,-1584.174,1,0
$CH,167.000,L1CA,10,34191,33.3,0.271474938,762.389,27048.142,0,2
$CH,167.000,L1CA,6,491,35.5,0.471645860,4057.484,1935.946,0,1
$CH,167.000,L1CA,5,3598,32.6,0.144076050,1722.706,6235.429,4,3
$CH,167.000,L1CA,15,891,36.2,0.233202411,286.642,214.439,6,0
$CH,167.000,L1CA,8,164291,44.1,0.557206244,2134.471,347419.105,26,0
$CH,167.000,L1CA,7,164491,44.9,0.157767086,1321.161,220604.722,26,0
$CH,167.000,L1CA,19,791,36.7,0.121525025,741.255,598.975,0,0
$CH,167.000,L1CA,9,164092,44.5,0.999518791,2288.057,373579.594,26,0
$CH,167.000,L1CA,17,1891,34.6,0.448995863,-2402.812,-4491.956,0,1
$CH,167.000,L1CA,22,2130,32.8,0.435213859,-1860.322,-4212.993,0,0
$CH,167.000,L1CA,4,165591,48.3,0.591384188,1865.114,307815.745,26,0
$CH,167.000,L1CA,2,166490,44.9,0.114835504,-1662.778,-278611.080,26,0
$CH,167.000,L1CA,24,1791,33.9,0.270389881,-1204.642,-2198.563,0,0
$CH,167.000,L1CA,14,991,35.2,0.409344728,1740.643,1760.593,1,0
$CH,167.000,L1CA,18,22391,33.7,0.303756036,763.359,17109.428,0,1
$CH,167.000,L1CA,16,162791,53.0,0.204086397,-240.932,-29762.970,26,0
$CH,167.000,L1CA,21,162191,45.8,0.343899208,-1392.673,-228373.970,25,0
$CH,167.000,L1CA,32,591,35.4,0.405916171,695.063,526.613,0,0
$CH,167.000,L1CA,29,7591,33.1,0.121855227,723.019,5540.001,0,0
$CH,167.000,L1CA,11,2298,34.3,0.161797881,-208.437,-527.692,1,0
$LOG,167.009,L1CA,20,SIGNAL FOUND (35.0,5000.0,0.7753600)
$OBS,167.000,2279,388967.000,G03,1C,53.1,19933492.997,-135273.771,762.211,0
$OBS,167.000,2279,388967.000,G31,1C,46.3,23038721.674,417481.368,-2581.435,0
$OBS,167.000,2279,388967.000,G26,1C,49.0,21177580.340,402442.569,-2525.743,0
$OBS,167.000,2279,388967.000,G01,1C,46.6,23219217.006,350195.962,-2096.004,0
$OBS,167.000,2279,388967.000,G27,1C,45.2,23189490.665,-313848.197,1944.986,0
$OBS,167.000,2279,388967.000,G08,1C,44.1,23850649.994,-347421.240,2135.419,0
$OBS,167.000,2279,388967.000,G07,1C,44.9,24030693.767,-220605.543,1321.488,0
$OBS,167.000,2279,388967.000,G09,1C,44.5,23983251.930,-373581.382,2289.760,0
$OBS,167.000,2279,388967.000,G04,1C,48.3,22062141.597,-307817.111,1865.108,0
$OBS,167.000,2279,388967.000,G02,1C,44.9,23418238.851,278612.742,-1662.930,0
$OBS,167.000,2279,388967.000,G16,1C,53.0,19847485.830,29763.211,-240.758,0
$OBS,167.000,2279,388967.000,G21,1C,45.8,23486910.379,228375.363,-1393.297,0
$POS,167.000,2023,9,14,12,2,47.001999999,15.391006369,73.878045296,9.356,7,12
$LOG,167.109,L1CA,17,SIGNAL LOST (L1CA, 32.0)
$LOG,167.109,L1CA,25,SIGNAL FOUND (36.0,-478.4,0.0795200)
$LOG,167.209,L1CA,12,SIGNAL FOUND (35.3,-3979.8,0.5632000)
$LOG,167.309,L1CA,17,SIGNAL FOUND (35.5,-2075.9,0.6052800)
$LOG,167.402,L1CA,5,SIGNAL LOST (L1CA, 31.8)
$LOG,167.455,L1CA,5,SIGNAL FOUND (35.6,1507.0,0.3694400)
$LOG,167.870,L1CA,22,SIGNAL LOST (L1CA, 31.7)
$LOG,167.885,L1CA,22,SIGNAL FOUND (36.5,1501.8,0.9070400)
$TIME,168.000,2025,4,14,12,44,3.215000,UTC
$CH,168.000,L1CA,6,1491,32.7,0.469010876,4215.944,6081.267,0,1
$CH,168.000,L1CA,17,691,35.5,0.606179318,-2381.365,-1557.696,0,1
$CH,168.000,L1CA,30,3791,33.8,0.125420313,771.783,2896.648,2,0
$CH,168.000,L1CA,21,163191,45.1,0.344782410,-1393.791,-229767.181,25,0
$CH,168.000,L1CA,25,891,36.0,0.079826925,-638.316,-672.383,1,0
$CH,168.000,L1CA,19,1791,35.0,0.121124156,763.423,1347.952,0,0
$CH,168.000,L1CA,7,165491,44.9,0.156920224,1321.875,221926.532,26,0
$CH,168.000,L1CA,18,23391,33.6,0.303280591,763.182,17871.471,0,1
$CH,168.000,L1CA,8,165291,44.0,0.555861544,2136.394,349554.569,26,0
$CH,168.000,L1CA,31,162191,46.7,0.850531971,-2581.498,-420059.339,25,0
$CH,168.000,L1CA,5,545,35.6,0.369062862,1264.182,701.229,4,3
$CH,168.000,L1CA,13,23598,32.8,0.790988917,765.596,18073.464,2,1
$CH,168.000,L1CA,23,2391,33.4,0.482276709,-1789.045,-4261.672,0,0
$CH,168.000,L1CA,3,167091,53.1,0.490487364,761.373,136034.971,26,0
$CH,168.000,L1CA,28,1691,34.9,0.653964172,-2364.048,-3934.740,1,0
$CH,168.000,L1CA,14,1991,34.1,0.408345784,1731.681,3497.451,1,0
$CH,168.000,L1CA,32,1591,34.1,0.405479929,713.875,1213.353,0,0
$CH,168.000,L1CA,15,1891,34.0,0.232961036,280.571,491.791,6,0
$CH,168.000,L1CA,20,991,35.0,0.772407151,4691.229,4738.643,0,0
$CH,168.000,L1CA,10,35191,33.3,0.270941747,767.464,27810.408,0,2
$CH,168.000,L1CA,11,3298,33.8,0.161879817,-214.675,-742.153,1,0
$CH,168.000,L1CA,24,2791,32.3,0.270998241,-1212.895,-3408.549,0,0
$CH,168.000,L1CA,2,167490,44.9,0.115906945,-1661.367,-280273.694,26,0
$CH,168.000,L1CA,22,115,36.5,0.906935589,1382.033,165.886,0,0
$CH,168.000,L1CA,27,162591,45.2,0.350584984,1944.784,315791.107,25,0
$CH,168.000,L1CA,12,791,35.3,0.565146683,-4273.956,-3207.417,3,1
$CH,168.000,L1CA,1,167891,46.2,0.452298013,-2095.834,-352288.968,26,0
$CH,168.000,L1CA,26,162691,48.7,0.642407273,-2526.258,-404965.430,25,0
$CH,168.000,L1CA,29,8591,32.9,0.121363319,728.672,6266.802,0,0
$CH,168.000,L1CA,16,163791,53.1,0.204241073,-241.691,-30004.212,26,0
$CH,168.000,L1CA,9,165092,44.3,0.998056765,2289.828,375869.478,26,0
$CH,168.000,L1CA,4,166591,47.8,0.590203283,1865.711,309681.034,26,0
$OBS,168.000,2279,388968.000,G21,1C,45.1,23487175.151,229768.575,-1393.711,0
$OBS,168.000,2279,388968.000,G07,1C,44.9,24030439.902,-221927.354,1320.369,0
$OBS,168.000,2279,388968.000,G08,1C,44.0,23850246.859,-349556.706,2135.509,0
$OBS,168.000,2279,388968.000,G31,1C,46.7,23039210.367,420062.420,-2581.351,0
$OBS,168.000,2279,388968.000,G03,1C,53.1,19933346.485,-136035.733,761.538,0
$OBS,168.000,2279,388968.000,G02,1C,44.9,23418560.057,280275.356,-1662.964,0
$OBS,168.000,2279,388968.000,G27,1C,45.2,23189121.628,-315793.052,1944.204,0
$OBS,168.000,2279,388968.000,G01,1C,46.2,23219615.203,352291.564,-2096.286,0
$OBS,168.000,2279,388968.000,G26,1C,48.7,21178061.390,404968.457,-2526.229,0
$OBS,168.000,2279,388968.000,G16,1C,53.1,19847532.213,30004.453,-241.754,0
$OBS,168.000,2279,388968.000,G09,1C,44.3,23982813.633,-375871.268,2288.841,0
$OBS,168.000,2279,388968.000,G04,1C,47.8,22061787.567,-309682.399,1865.318,0
$POS,168.000,2023,9,14,12,2,48.001999992,15.391023171,73.878053728,11.725,7,12
$LOG,168.234,L1CA,4,FRAME SYNC (R)
$LNAV,168.074,L1CA,4,8B55567E9E0E001365E2DB3DFFFC27424FEB1AD784181729FFA82302E94A
$LOG,168.227,L1CA,3,FRAME SYNC (N)
$LNAV,168.067,L1CA,3,8B55567E9E0EFFF539D93AD0FFC527EFC2612AB32D2C2CEEFFA6700203D1
$LOG,168.227,L1CA,16,FRAME SYNC (N)
$LNAV,168.067,L1CA,16,8B55567E9E0EFFA8BD5FEE95005727436AD4267F20538147FFA31902003C
$LOG,168.231,L1CA,26,FRAME SYNC (R)
$LNAV,168.071,L1CA,26,8B55567E9E0EFFDCB6DF60AF003025FFFB7F245213149BEAFFA06302063A
$LOG,168.238,L1CA,27,FRAME SYNC (N)
$LNAV,168.078,L1CA,27,8B55567E9E0E0016E449881E0057275B63281B681E3CFCFDFFA65A02EEE0
$LOG,168.240,L1CA,8,FRAME SYNC (N)
$LNAV,168.080,L1CA,8,8B55567E9E0E0049E34C61ED002626FE02571AD00B1094CCFFA61902EE09
$LOG,168.240,L1CA,9,FRAME SYNC (R)
$LNAV,168.080,L1CA,9,8B55567E9E0EFFEF638A90D5000F26FCAD431BDD4F18AEF4FFA61202E975
$LOG,168.238,L1CA,1,FRAME SYNC (R)
$LNAV,168.078,L1CA,1,8B55567E9E0E005B0FE62318FFCB285C23AF17B3286FFB0BFFAEBC02130A
$LOG,168.239,L1CA,21,FRAME SYNC (N)
$LNAV,168.079,L1CA,21,8B55567E9E0EFFD50B8DF721FF012733E1391641E331A9F5FFA5CF020F75
$LOG,168.241,L1CA,7,FRAME SYNC (R)
$LNAV,168.081,L1CA,7,8B55567E9E0E001F8F328FD0FFA826BCF49A11FEA775E7BBFFAC86020EBD
$LOG,168.237,L1CA,31,FRAME SYNC (R)
$LNAV,168.077,L1CA,31,8B55567E9E0EFFA49007C4C3FFC126E7250313F217C45689FFA9C3020A14
$LOG,168.239,L1CA,2,FRAME SYNC (N)
$LNAV,168.079,L1CA,2,8B55567E9E0EFF960BC91110FFA3276F73F71596C9272FAFFFA71F0209F9
$LOG,168.509,L1CA,6,SIGNAL LOST (L1CA, 31.2)
$LOG,168.506,L1CA,13,SYMBOL SYNC (84.512)
$LOG,168.603,L1CA,6,SIGNAL FOUND (35.7,4139.4,0.7785600)
$TIME,169.000,2025,4,14,12,44,11.339000,UTC
$CH,169.000,L1CA,22,1115,34.3,0.906362458,1228.805,1424.395,0,0
$CH,169.000,L1CA,9,166092,43.6,0.996608641,2290.094,378159.531,27,0
$CH,169.000,L1CA,24,3791,32.0,0.271846926,-1210.920,-4620.597,0,0
$CH,169.000,L1CA,21,164191,45.0,0.345673815,-1393.043,-231160.214,26,0
$CH,169.000,L1CA,26,163691,48.6,0.644009809,-2526.168,-407491.770,26,0
$CH,169.000,L1CA,2,168490,45.0,0.116955197,-1662.976,-281936.164,27,0
$CH,169.000,L1CA,12,1791,32.5,0.567986403,-4418.476,-7605.410,3,1
$CH,169.000,L1CA,18,24391,33.7,0.302838107,761.115,18632.768,0,1
$CH,169.000,L1CA,7,166491,44.3,0.156080248,1320.559,223248.106,27,0
$CH,169.000,L1CA,29,9591,32.3,0.120869340,719.986,6993.132,0,0
$CH,169.000,L1CA,15,2891,32.7,0.232619545,270.405,767.987,6,0
$CH,169.000,L1CA,20,1991,32.6,0.769495303,4678.609,9414.533,0,0
$LOG,169.009,L1CA,20,SIGNAL LOST (L1CA, 31.5)
$CH,169.000,L1CA,1,168891,46.5,0.453627518,-2095.299,-354384.537,27,0
$CH,169.000,L1CA,8,166291,43.5,0.554502367,2135.816,351690.286,27,0
$CH,169.000,L1CA,30,4791,33.0,0.124926660,777.401,3671.047,2,0
$CH,169.000,L1CA,13,24598,32.4,0.790490671,758.495,18834.827,2,1
$CH,169.000,L1CA,31,163191,46.3,0.852170949,-2581.039,-422640.274,26,0
$CH,169.000,L1CA,16,164791,52.7,0.204401198,-242.572,-30246.155,27,0
$CH,169.000,L1CA,11,4298,34.0,0.162005422,-207.601,-957.140,1,0
$CH,169.000,L1CA,25,1891,34.3,0.080250173,-582.422,-1258.981,1,0
$CH,169.000,L1CA,28,2691,33.3,0.655460490,-2358.004,-6293.593,1,0
$CH,169.000,L1CA,10,36191,33.6,0.270513408,754.617,28570.428,0,2
$CH,169.000,L1CA,32,2591,33.6,0.405036297,716.069,1924.448,0,0
$CH,169.000,L1CA,5,1545,34.5,0.368452700,1233.351,1947.311,4,3
$CH,169.000,L1CA,3,168091,53.0,0.490006127,761.358,136796.290,27,0
$CH,169.000,L1CA,6,397,35.7,0.777553588,4269.359,1685.964,0,1
$CH,169.000,L1CA,27,163591,44.9,0.349352923,1945.193,317735.989,26,0
$CH,169.000,L1CA,14,2991,32.8,0.407386196,1733.577,5233.949,1,0
$LOG,169.009,L1CA,14,SIGNAL LOST (L1CA, 31.6)
$CH,169.000,L1CA,17,1691,34.2,0.607686562,-2364.123,-3912.346,0,1
$CH,169.000,L1CA,4,167591,47.5,0.589014264,1865.352,311546.392,27,0
$CH,169.000,L1CA,23,3391,32.4,0.483388943,-1790.973,-6054.019,0,0
$CH,169.000,L1CA,19,2791,33.5,0.120601674,762.201,2109.343,0,0
$OBS,169.000,2279,388969.000,G09,1C,43.6,23982379.489,-378161.321,2288.967,0
$OBS,169.000,2279,388969.000,G21,1C,45.0,23487442.384,231161.607,-1392.529,0
$OBS,169.000,2279,388969.000,G26,1C,48.6,21178541.830,407494.796,-2527.005,0
$OBS,169.000,2279,388969.000,G02,1C,45.0,23418874.318,281937.827,-1662.565,0
$OBS,169.000,2279,388969.000,G07,1C,44.3,24030188.078,-223248.926,1322.029,0
$OBS,169.000,2279,388969.000,G01,1C,46.5,23220013.766,354387.133,-2095.863,0
$OBS,169.000,2279,388969.000,G08,1C,43.5,23849839.397,-351692.422,2135.198,0
$OBS,169.000,2279,388969.000,G31,1C,46.3,23039701.730,422643.355,-2580.730,0
$OBS,169.000,2279,388969.000,G16,1C,52.7,19847580.201,30246.398,-242.213,0
$OBS,169.000,2279,388969.000,G03,1C,53.0,19933202.224,-136797.051,760.755,0
$OBS,169.000,2279,388969.000,G27,1C,44.9,23188752.259,-317737.934,1943.969,0
$OBS,169.000,2279,388969.000,G04,1C,47.5,22061431.111,-311547.758,1865.552,0
$POS,169.000,2023,9,14,12,2,49.002000000,15.391028334,73.878036705,7.947,7,12
$LOG,169.080,L1CA,14,SIGNAL FOUND (35.7,3472.1,0.5398400)
$LOG,169.109,L1CA,15,SIGNAL LOST (L1CA, 32.0)
$LOG,169.109,L1CA,20,SIGNAL FOUND (35.1,-84.5,0.5603200)
$LOG,169.209,L1CA,12,SIGNAL LOST (L1CA, 31.8)
$LOG,169.209,L1CA,24,SIGNAL LOST (L1CA, 30.8)
$LOG,169.209,L1CA,15,SIGNAL FOUND (36.0,-61.8,0.2318400)
$LOG,169.309,L1CA,24,SIGNAL FOUND (35.2,583.1,0.3364800)
$LOG,169.409,L1CA,12,SIGNAL FOUND (35.1,-1545.0,0.1534400)
$LOG,169.609,L1CA,23,SIGNAL LOST (L1CA, 30.9)
$LOG,169.667,L1CA,23,SIGNAL FOUND (35.1,3873.1,0.8134400)
$TIME,170.000,2025,4,14,12,44,19.486000,UTC
$CH,170.000,L1CA,32,3591,32.7,0.404650918,710.460,2635.679,0,0
$CH,170.000,L1CA,18,25391,33.4,0.302337553,761.880,19393.538,0,1
$CH,170.000,L1CA,27,164591,45.2,0.348114255,1944.798,319680.893,26,0
$CH,170.000,L1CA,23,333,35.1,0.812676984,3761.484,1270.800,0,0
$CH,170.000,L1CA,17,2691,32.8,0.609196073,-2354.909,-6272.292,0,1
$CH,170.000,L1CA,5,2545,32.6,0.367811328,1229.118,3174.793,4,3
$CH,170.000,L1CA,28,3691,32.3,0.656966682,-2358.689,-8651.205,1,0
$CH,170.000,L1CA,15,791,36.0,0.231984000,-278.621,-193.457,6,0
$CH,170.000,L1CA,10,37191,33.3,0.270064111,759.359,29330.561,0,2
$CH,170.000,L1CA,24,691,35.2,0.336069667,765.215,508.553,0,0
$CH,170.000,L1CA,13,25598,32.6,0.790039875,759.651,19595.460,2,1
$CH,170.000,L1CA,29,10591,32.2,0.120385341,723.723,7717.680,0,0
$CH,170.000,L1CA,12,591,35.1,0.154081497,-1764.097,-1023.234,3,1
$CH,170.000,L1CA,25,2891,33.7,0.080576278,-585.678,-1841.589,1,0
$CH,170.000,L1CA,20,891,35.1,0.560400976,-266.873,-192.417,0,0
$CH,170.000,L1CA,30,5791,32.3,0.124398428,775.873,4444.021,2,0
$CH,170.000,L1CA,11,5298,33.7,0.162079589,-217.236,-1171.781,1,0
$CH,170.000,L1CA,16,165791,52.7,0.204560499,-242.977,-30488.814,27,0
$CH,170.000,L1CA,3,169091,52.1,0.489520018,760.192,137556.982,27,0
$CH,170.000,L1CA,26,164691,49.0,0.645613799,-2526.951,-410018.554,26,0
$CH,170.000,L1CA,31,164191,45.8,0.853808885,-2580.462,-425221.106,26,0
$CH,170.000,L1CA,21,165191,44.7,0.346560025,-1392.446,-232553.056,26,0
$CH,170.000,L1CA,19,3791,33.3,0.120001222,760.252,2869.952,0,0
$CH,170.000,L1CA,14,920,35.7,0.537917216,3366.010,3091.040,1,0
$CH,170.000,L1CA,2,169490,45.3,0.118022940,-1662.105,-283598.509,27,0
$CH,170.000,L1CA,7,167491,43.8,0.155244880,1320.705,224569.451,27,0
$CH,170.000,L1CA,4,168591,48.3,0.587834985,1865.398,313411.827,27,0
$CH,170.000,L1CA,9,167092,43.4,0.995151243,2290.347,380449.739,27,0
$CH,170.000,L1CA,22,2115,33.0,0.905688914,1215.754,2646.319,0,0
$CH,170.000,L1CA,6,1397,33.1,0.774767170,4444.427,6041.345,0,1
$CH,170.000,L1CA,8,167291,43.5,0.553150430,2136.319,353826.249,27,0
$CH,170.000,L1CA,1,169891,46.5,0.454962806,-2095.583,-356480.058,27,0
$OBS,170.000,2279,388970.000,G27,1C,45.2,23188380.918,-319682.837,1945.279,0
$OBS,170.000,2279,388970.000,G16,1C,52.7,19847627.962,30489.057,-242.722,0
$OBS,170.000,2279,388970.000,G03,1C,52.1,19933056.498,-137557.742,760.039,0
$OBS,170.000,2279,388970.000,G31,1C,45.8,23040192.762,425224.187,-2580.787,0
$OBS,170.000,2279,388970.000,G26,1C,49.0,21179022.688,410021.581,-2527.285,0
$OBS,170.000,2279,388970.000,G21,1C,44.7,23487708.063,232554.448,-1392.577,0
$OBS,170.000,2279,388970.000,G02,1C,45.3,23419194.425,283600.172,-1661.663,0
$OBS,170.000,2279,388970.000,G07,1C,43.8,24029937.632,-224570.272,1320.175,0
$OBS,170.000,2279,388970.000,G04,1C,48.3,22061077.570,-313413.192,1865.339,0
$OBS,170.000,2279,388970.000,G09,1C,43.4,23981942.571,-380451.530,2290.427,0
$OBS,170.000,2279,388970.000,G08,1C,43.5,23849434.098,-353828.385,2135.643,0
$OBS,170.000,2279,388970.000,G01,1C,46.5,23220414.074,356482.654,-2095.137,0
$POS,170.000,2023,9,14,12,2,50.001999995,15.391032343,73.878044857,9.133,7,12
$LOG,170.226,L1CA,19,SYMBOL SYNC (61.428)
$LOG,170.309,L1CA,17,SIGNAL LOST (L1CA, 31.6)
$LOG,170.309,L1CA,28,SIGNAL LOST (L1CA, 31.4)
$LOG,170.385,L1CA,28,SIGNAL FOUND (35.8,1373.9,0.4854400)
$LOG,170.409,L1CA,32,SIGNAL LOST (L1CA, 32.0)
$LOG,170.455,L1CA,5,SIGNAL LOST (L1CA, 31.5)
$LOG,170.409,L1CA,17,SIGNAL FOUND (35.5,4148.9,0.7688000)
$LOG,170.509,L1CA,32,SIGNAL FOUND (35.8,1073.3,0.1657600)
$LOG,170.603,L1CA,6,SIGNAL LOST (L1CA, 31.9)
$LOG,170.609,L1CA,5,SIGNAL FOUND (35.5,2488.7,0.7619200)
$LOG,170.709,L1CA,6,SIGNAL FOUND (35.8,4034.5,0.2604800)
$LOG,170.885,L1CA,22,SIGNAL LOST (L1CA, 32.0)
$TIME,171.000,2025,4,14,12,44,27.630000,UTC
$LOG,170.909,L1CA,22,SIGNAL FOUND (35.8,1396.2,0.1537600)
$CH,171.000,L1CA,16,166791,52.8,0.204720798,-243.696,-30732.188,27,0
$CH,171.000,L1CA,1,170891,46.7,0.456286486,-2095.438,-358575.548,27,0
$CH,171.000,L1CA,28,615,35.8,0.484996971,1240.000,800.785,1,0
$CH,171.000,L1CA,10,38191,33.2,0.269609568,755.017,30090.547,0,2
$CH,171.000,L1CA,30,6791,32.0,0.123913419,769.448,5214.527,2,0
$CH,171.000,L1CA,2,170490,45.5,0.119064381,-1662.908,-285260.712,27,0
$CH,171.000,L1CA,26,165691,49.7,0.647218931,-2527.785,-412545.793,26,0
$CH,171.000,L1CA,22,91,35.8,0.153677080,1271.716,117.596,0,0
$CH,171.000,L1CA,20,1891,33.0,0.560454241,-256.196,-447.530,0,0
$CH,171.000,L1CA,7,168491,43.4,0.154410532,1321.145,225890.562,27,0
$CH,171.000,L1CA,19,4791,32.8,0.119381120,758.818,3630.056,0,0
$CH,171.000,L1CA,14,1920,33.5,0.535866509,3301.176,6393.627,1,0
$CH,171.000,L1CA,15,1791,34.2,0.231970869,-224.958,-417.645,6,0
$CH,171.000,L1CA,25,3891,33.2,0.080857731,-588.562,-2423.846,1,0
$CH,171.000,L1CA,4,169591,48.8,0.586645736,1865.451,315277.336,27,0
$CH,171.000,L1CA,6,291,35.8,0.259790607,4132.344,1180.669,0,1
$CH,171.000,L1CA,18,26391,33.1,0.301834854,757.912,20153.516,0,1
$CH,171.000,L1CA,17,591,35.5,0.767265239,4166.095,2509.702,0,1
$CH,171.000,L1CA,8,168291,43.9,0.551781691,2136.117,355962.463,27,0
$CH,171.000,L1CA,13,26598,32.5,0.789575051,759.144,20355.551,2,1
$CH,171.000,L1CA,31,165191,45.7,0.855452490,-2580.524,-427801.813,26,0
$CH,171.000,L1CA,12,1591,34.1,0.155015600,-1761.374,-2790.731,3,1
$CH,171.000,L1CA,9,168092,44.4,0.993690754,2291.029,382740.105,27,0
$CH,171.000,L1CA,5,391,35.5,0.761352625,2252.489,920.048,4,3
$CH,171.000,L1CA,23,1333,33.2,0.810308825,3948.152,5139.427,0,0
$CH,171.000,L1CA,27,165591,45.3,0.346875178,1944.595,321625.824,26,0
$CH,171.000,L1CA,3,170091,51.7,0.489037432,759.733,138317.045,27,0
$CH,171.000,L1CA,24,1691,33.8,0.335688968,734.603,1249.415,0,0
$CH,171.000,L1CA,32,491,35.8,0.165445310,1270.011,595.163,0,0
$CH,171.000,L1CA,11,6298,33.4,0.162209676,-220.571,-1387.590,1,0
$CH,171.000,L1CA,21,166191,44.9,0.347446536,-1392.762,-233945.716,26,0
$CH,171.000,L1CA,29,11591,32.2,0.119923922,731.562,8445.082,0,0
$OBS,171.000,2279,388971.000,G16,1C,52.8,19847676.020,30732.431,-243.870,0
$OBS,171.000,2279,388971.000,G01,1C,46.7,23220810.909,358578.143,-2095.528,0
$OBS,171.000,2279,388971.000,G02,1C,45.5,23419506.644,285262.375,-1661.684,0
$OBS,171.000,2279,388971.000,G26,1C,49.7,21179503.895,412548.821,-2527.805,0
$OBS,171.000,2279,388971.000,G07,1C,43.4,24029687.501,-225891.383,1320.585,0
$OBS,171.000,2279,388971.000,G04,1C,48.8,22060721.045,-315278.702,1865.816,0
$OBS,171.000,2279,388971.000,G08,1C,43.9,23849023.756,-355964.599,2136.649,0
$OBS,171.000,2279,388971.000,G31,1C,45.7,23040685.504,427804.894,-2579.966,0
$OBS,171.000,2279,388971.000,G09,1C,44.4,23981504.727,-382741.896,2289.539,0
$OBS,171.000,2279,388971.000,G27,1C,45.3,23188009.456,-321627.768,1943.742,0
$OBS,171.000,2279,388971.000,G03,1C,51.7,19932911.818,-138317.805,759.482,0
$OBS,171.000,2279,388971.000,G21,1C,44.9,23487973.830,233947.109,-1391.839,0
$POS,171.000,2023,9,14,12,2,51.002000005,15.391022096,73.878020732,5.349,7,12
$LOG,171.109,L1CA,20,SIGNAL LOST (L1CA, 31.8)
$LOG,171.172,L1CA,20,SIGNAL FOUND (36.3,1601.5,0.7414400)
$LOG,171.209,L1CA,19,SIGNAL LOST (L1CA, 32.0)
$LOG,171.219,L1CA,19,SIGNAL FOUND (36.4,-4012.0,0.4595200)
$LOG,171.409,L1CA,29,SIGNAL LOST (L1CA, 31.2)
$LOG,171.409,L1CA,12,SIGNAL LOST (L1CA, 31.5)
$LOG,171.481,L1CA,29,SIGNAL FOUND (35.9,-3966.7,0.4902400)
$LOG,171.509,L1CA,12,SIGNAL FOUND (35.1,-3470.4,0.9700800)
$LOG,171.667,L1CA,23,SIGNAL LOST (L1CA, 31.1)
$LOG,171.704,L1CA,23,SIGNAL NOT FOUND (34.7)
$LOG,171.809,L1CA,23,SIGNAL NOT FOUND (34.6)
$TIME,172.000,2025,4,14,12,44,35.767000,UTC
$LOG,171.909,L1CA,23,SIGNAL FOUND (35.1,-485.6,0.9196800)
$CH,172.000,L1CA,30,7791,32.1,0.123438260,761.706,5981.661,2,0
$CH,172.000,L1CA,17,1591,33.3,0.764631408,4171.527,6692.120,0,1
$CH,172.000,L1CA,9,169092,44.7,0.992244688,2291.720,385030.632,27,0
$CH,172.000,L1CA,8,169291,44.0,0.550440149,2135.668,358098.922,27,0
$CH,172.000,L1CA,31,166191,45.3,0.857084361,-2580.936,-430382.406,26,0
$CH,172.000,L1CA,1,171891,47.0,0.457612103,-2096.113,-360670.999,27,0
$CH,172.000,L1CA,25,4891,32.5,0.081235473,-584.501,-3006.029,1,0
$CH,172.000,L1CA,12,491,35.1,0.971187138,-3750.999,-1791.659,3,1
$CH,172.000,L1CA,11,7298,32.3,0.162356068,-208.528,-1602.019,1,0
$CH,172.000,L1CA,27,166591,45.9,0.345641791,1945.288,323570.782,26,0
$CH,172.000,L1CA,16,167791,53.2,0.204880569,-244.464,-30976.271,27,0
$CH,172.000,L1CA,10,39191,33.1,0.269120857,760.171,30849.950,0,2
$CH,172.000,L1CA,3,171091,52.6,0.488557155,759.168,139076.471,27,0
$CH,172.000,L1CA,22,1091,34.2,0.152960584,1283.042,1361.720,0,0
$CH,172.000,L1CA,4,170591,48.5,0.585463906,1865.194,317142.921,27,0
$CH,172.000,L1CA,18,27391,32.9,0.301354368,766.335,20912.994,0,1
$CH,172.000,L1CA,19,781,36.4,0.461381699,-3795.792,-3023.821,0,0
$CH,172.000,L1CA,21,167191,45.4,0.348324509,-1392.553,-235338.184,26,0
$CH,172.000,L1CA,13,27598,32.7,0.789102973,763.207,21114.306,2,1
$CH,172.000,L1CA,24,2691,32.4,0.335270641,736.938,1984.275,0,0
$CH,172.000,L1CA,2,171490,45.8,0.120118724,-1662.865,-286922.788,27,0
$CH,172.000,L1CA,14,2920,32.3,0.533773139,3296.822,9693.637,1,0
$CH,172.000,L1CA,5,1391,33.2,0.759965947,2291.138,3249.300,4,3
$CH,172.000,L1CA,7,169491,43.3,0.153568120,1320.472,227211.449,27,0
$CH,172.000,L1CA,28,1615,34.2,0.484327581,1162.559,1978.703,1,0
$CH,172.000,L1CA,20,828,36.3,0.740573046,1769.509,1419.274,0,0
$CH,172.000,L1CA,23,91,35.1,0.919715653,-287.946,-33.156,0,0
$CH,172.000,L1CA,32,1491,32.4,0.164894334,1164.701,1793.854,0,0
$CH,172.000,L1CA,6,1291,32.6,0.257196703,4129.874,5312.011,0,1
$CH,172.000,L1CA,26,166691,49.8,0.648822526,-2527.908,-415073.480,26,0
$CH,172.000,L1CA,15,2791,32.5,0.232000501,-217.053,-637.555,6,0
$CH,172.000,L1CA,29,519,35.9,0.491497908,-3878.177,-2042.928,0,0
$OBS,172.000,2279,388972.000,G09,1C,44.7,23981071.211,-385032.423,2291.839,0
$OBS,172.000,2279,388972.000,G08,1C,44.0,23848621.563,-358101.058,2136.341,0
$OBS,172.000,2279,388972.000,G01,1C,47.0,23221208.320,360673.595,-2094.833,0
$OBS,172.000,2279,388972.000,G27,1C,45.9,23187639.703,-323572.727,1945.036,0
$OBS,172.000,2279,388972.000,G16,1C,53.2,19847723.921,30976.515,-244.626,0
$OBS,172.000,2279,388972.000,G03,1C,52.6,19932767.836,-139077.230,759.006,0
$OBS,172.000,2279,388972.000,G04,1C,48.5,22060366.735,-317144.286,1865.670,0
$OBS,172.000,2279,388972.000,G21,1C,45.4,23488237.049,235339.577,-1392.571,0
$OBS,172.000,2279,388972.000,G02,1C,45.8,23419822.720,286924.451,-1661.443,0
$OBS,172.000,2279,388972.000,G07,1C,43.3,24029434.961,-227212.269,1320.122,0
$OBS,172.000,2279,388972.000,G26,1C,49.8,21179984.648,415076.508,-2527.846,0
$OBS,172.000,2279,388972.000,G31,1C,45.3,23041174.721,430385.487,-2581.155,0
$POS,172.000,2023,9,14,12,2,52.002000009,15.391028112,73.878023153,2.837,7,12
$LOG,172.080,L1CA,14,SIGNAL LOST (L1CA, 31.1)
$LOG,172.109,L1CA,14,SIGNAL FOUND (35.5,-1478.2,0.0016000)
$LOG,172.209,L1CA,15,SIGNAL LOST (L1CA, 31.6)
$LOG,172.209,L1CA,30,SIGNAL LOST (L1CA, 31.3)
$LOG,172.232,L1CA,15,SIGNAL FOUND (37.0,2695.1,0.3260800)
$LOG,172.309,L1CA,24,SIGNAL LOST (L1CA, 32.0)
$LOG,172.309,L1CA,30,SIGNAL FOUND (36.1,1539.0,0.3622400)
$LOG,172.409,L1CA,17,SIGNAL LOST (L1CA, 31.4)
$LOG,172.409,L1CA,24,SIGNAL FOUND (36.1,2060.7,0.3876800)
$LOG,172.509,L1CA,32,SIGNAL LOST (L1CA, 30.4)
$LOG,172.509,L1CA,17,SIGNAL FOUND (35.9,-624.0,0.3036800)
$LOG,172.609,L1CA,5,SIGNAL LOST (L1CA, 31.9)
$LOG,172.609,L1CA,32,SIGNAL FOUND (35.2,1505.1,0.1528000)
$LOG,172.702,L1CA,11,SIGNAL LOST (L1CA, 31.6)
$LOG,172.709,L1CA,6,SIGNAL LOST (L1CA, 31.5)
$LOG,172.709,L1CA,5,SIGNAL FOUND (35.4,2646.8,0.1483200)
$LOG,172.809,L1CA,6,SIGNAL NOT FOUND (34.5)
$TIME,173.000,2025,4,14,12,44,43.824000,UTC
$LOG,172.909,L1CA,11,SIGNAL FOUND (35.2,5000.0,0.1734400)
$CH,173.000,L1CA,17,491,35.9,0.303891582,-689.769,-337.096,0,1
$CH,173.000,L1CA,24,591,36.1,0.386942443,2292.597,1325.394,0,0
$CH,173.000,L1CA,30,691,36.1,0.361567928,1829.211,1219.135,2,0
$CH,173.000,L1CA,22,2091,32.6,0.152251633,1278.470,2644.382,0,0
$CH,173.000,L1CA,25,5891,32.1,0.081508396,-579.038,-3586.888,1,0
$CH,173.000,L1CA,4,171591,47.7,0.584283759,1865.428,319008.582,27,0
$CH,173.000,L1CA,1,172891,47.1,0.458955353,-2095.369,-362766.413,27,0
$CH,173.000,L1CA,19,1781,33.9,0.463823766,-3860.204,-6882.020,0,0
$CH,173.000,L1CA,2,172490,45.6,0.121173739,-1661.833,-288584.728,27,0
$CH,173.000,L1CA,27,167591,45.9,0.344402829,1943.818,325515.766,26,0
$CH,173.000,L1CA,21,168191,45.3,0.349206403,-1392.725,-236730.481,26,0
$CH,173.000,L1CA,11,91,35.2,0.173171207,4768.717,441.951,1,0
$CH,173.000,L1CA,32,391,35.2,0.152342394,1784.437,653.964,0,0
$CH,173.000,L1CA,28,2615,32.9,0.483609098,1162.294,3141.598,1,0
$CH,173.000,L1CA,16,168791,53.3,0.205040155,-245.082,-31221.067,27,0
$CH,173.000,L1CA,10,40191,32.7,0.268638650,758.932,31608.728,0,2
$CH,173.000,L1CA,3,172091,52.4,0.488074945,758.511,139835.272,27,0
$CH,173.000,L1CA,18,28391,32.7,0.300849021,760.108,21671.669,0,1
$CH,173.000,L1CA,20,1828,34.8,0.739535672,1698.121,3123.683,0,0
$CH,173.000,L1CA,7,170491,43.7,0.152732133,1319.989,228532.095,27,0
$CH,173.000,L1CA,23,1091,35.4,0.919958636,-273.118,-344.031,0,0
$CH,173.000,L1CA,29,1519,33.1,0.493921102,-3862.516,-5917.877,0,0
$CH,173.000,L1CA,15,768,37.0,0.324896058,2634.862,2076.566,6,0
$CH,173.000,L1CA,8,170291,44.1,0.549080469,2136.539,360235.632,27,0
$CH,173.000,L1CA,12,1491,32.6,0.973535963,-3686.483,-5504.580,3,1
$CH,173.000,L1CA,26,167691,50.0,0.650425052,-2528.403,-417601.613,26,0
$CH,173.000,L1CA,14,891,35.5,0.002544478,-1858.692,-1543.362,1,0
$CH,173.000,L1CA,31,167191,46.3,0.858719000,-2580.450,-432962.904,26,0
$CH,173.000,L1CA,5,291,35.4,0.147854323,2746.238,793.461,4,3
$CH,173.000,L1CA,9,170092,44.5,0.990792179,2290.669,387321.319,27,0
$CH,173.000,L1CA,13,28598,33.4,0.788630437,759.133,21872.825,2,1
$LOG,173.009,L1CA,6,SIGNAL NOT FOUND (34.7)
$OBS,173.000,2279,388973.000,G04,1C,47.7,22060012.932,-319009.948,1865.738,0
$OBS,173.000,2279,388973.000,G01,1C,47.1,23221611.019,362769.009,-2095.194,0
$OBS,173.000,2279,388973.000,G02,1C,45.6,23420139.005,288586.390,-1661.545,0
$OBS,173.000,2279,388973.000,G27,1C,45.9,23187268.258,-325517.710,1945.610,0
$OBS,173.000,2279,388973.000,G21,1C,45.3,23488501.437,236731.873,-1392.373,0
$OBS,173.000,2279,388973.000,G16,1C,53.3,19847771.769,31221.312,-245.090,0
$OBS,173.000,2279,388973.000,G03,1C,52.4,19932623.261,-139836.031,758.279,0
$OBS,173.000,2279,388973.000,G07,1C,43.7,24029184.341,-228532.915,1321.025,0
$OBS,173.000,2279,388973.000,G08,1C,44.1,23848213.944,-360237.768,2138.025,0
$OBS,173.000,2279,388973.000,G26,1C,50.0,21180465.070,417604.641,-2528.577,0
$OBS,173.000,2279,388973.000,G31,1C,46.3,23041664.775,432965.985,-2579.638,0
$OBS,173.000,2279,388973.000,G09,1C,44.5,23980635.759,-387323.109,2290.261,0
$POS,173.000,2023,9,14,12,2,53.002000012,15.391026724,73.878029554,1.405,7,12
$LOG,173.109,L1CA,25,SIGNAL LOST (L1CA, 31.4)
$LOG,173.109,L1CA,6,SIGNAL FOUND (35.7,4316.1,0.5681600)
$LOG,173.209,L1CA,25,SIGNAL FOUND (35.1,4472.6,0.3440000)
$LOG,173.385,L1CA,28,SIGNAL LOST (L1CA, 31.4)
$LOG,173.481,L1CA,29,SIGNAL LOST (L1CA, 31.6)
$LOG,173.409,L1CA,28,SIGNAL FOUND (36.0,-3524.9,0.4281600)
$LOG,173.509,L1CA,12,SIGNAL LOST (L1CA, 31.5)
$LOG,173.509,L1CA,29,SIGNAL FOUND (35.4,-1648.7,0.5483200)
$LOG,173.609,L1CA,12,SIGNAL FOUND (35.5,-97.5,0.8544000)
$LOG,173.809,L1CA,10,SIGNAL LOST (L1CA, 31.5)
$LOG,173.851,L1CA,10,SIGNAL FOUND (35.8,-2574.6,0.8816000)
$LOG,173.909,L1CA,22,SIGNAL LOST (L1CA, 31.4)
$TIME,174.000,2025,4,14,12,44,48.430000,UTC
$LOG,173.919,L1CA,22,SIGNAL FOUND (35.7,4038.7,0.0604800)
$CH,174.000,L1CA,28,591,36.0,0.429400544,-3376.678,-2063.358,1,0
$CH,174.000,L1CA,31,168191,46.1,0.860364315,-2579.584,-435543.274,26,0
$CH,174.000,L1CA,24,1591,32.5,0.385519511,2255.680,3584.826,0,0
$CH,174.000,L1CA,6,891,35.7,0.565833277,4187.240,3759.522,0,1
$CH,174.000,L1CA,10,149,35.8,0.881858485,-2601.937,-393.027,0,2
$CH,174.000,L1CA,2,173490,45.4,0.122229529,-1661.449,-290246.533,27,0
$CH,174.000,L1CA,8,171291,43.6,0.547726789,2136.632,362372.586,27,0
$CH,174.000,L1CA,27,168591,45.7,0.343170688,1944.968,327460.779,26,0
$CH,174.000,L1CA,3,173091,52.1,0.487593566,757.823,140593.440,27,0
$CH,174.000,L1CA,26,168691,50.2,0.652033666,-2528.453,-420130.197,26,0
$CH,174.000,L1CA,18,29391,33.0,0.300398598,758.163,22428.926,0,1
$CH,174.000,L1CA,20,2828,32.6,0.738455647,1698.988,4819.674,0,0
$CH,174.000,L1CA,17,1491,33.7,0.304314492,-703.544,-1074.233,0,1
$CH,174.000,L1CA,29,491,35.4,0.548796630,-1738.367,-862.311,0,0
$CH,174.000,L1CA,16,169791,53.1,0.205200840,-245.923,-31466.580,27,0
$CH,174.000,L1CA,9,171092,43.7,0.989334115,2290.681,389612.164,27,0
$CH,174.000,L1CA,13,29598,33.1,0.788136807,760.250,22630.927,2,1
$CH,174.000,L1CA,30,1691,33.4,0.360434776,1839.446,3056.949,2,0
$CH,174.000,L1CA,7,171491,43.7,0.151888435,1319.407,229852.514,27,0
$CH,174.000,L1CA,23,2091,34.3,0.920253764,-272.078,-611.743,0,0
$CH,174.000,L1CA,12,391,35.5,0.854455015,-303.973,-96.340,3,1
$CH,174.000,L1CA,14,1891,33.4,0.003676525,-1807.970,-3356.218,1,0
$CH,174.000,L1CA,19,2781,32.2,0.466198754,-3865.266,-10748.663,0,0
$CH,174.000,L1CA,25,791,35.1,0.341891707,4419.785,3426.489,1,0
$CH,174.000,L1CA,32,1391,34.8,0.151321371,1787.875,2420.020,0,0
$CH,174.000,L1CA,1,173891,46.6,0.460283118,-2096.751,-364861.784,27,0
$CH,174.000,L1CA,4,172591,47.0,0.583095463,1865.633,320874.314,27,0
$CH,174.000,L1CA,21,169191,44.8,0.350081713,-1392.188,-238122.574,26,0
$CH,174.000,L1CA,11,1091,32.9,0.170243710,4652.622,5121.159,1,0
$CH,174.000,L1CA,22,81,35.7,0.060284732,4046.354,328.911,0,0
$CH,174.000,L1CA,5,1291,33.8,0.146111061,2782.737,3576.933,4,3
$CH,174.000,L1CA,15,1768,35.3,0.323245833,2677.183,4745.889,6,0
$OBS,174.000,2279,388974.000,G31,1C,46.1,23042158.040,435546.354,-2581.069,0
$OBS,174.000,2279,388974.000,G02,1C,45.4,23420455.517,290248.195,-1661.745,0
$OBS,174.000,2279,388974.000,G08,1C,43.6,23847808.121,-362374.723,2137.921,0
$OBS,174.000,2279,388974.000,G03,1C,52.1,19932478.948,-140594.198,757.715,0
$OBS,174.000,2279,388974.000,G26,1C,50.2,21180947.325,420133.225,-2529.332,0
$OBS,174.000,2279,388974.000,G27,1C,45.7,23186898.871,-327462.724,1945.281,0
$OBS,174.000,2279,388974.000,G16,1C,53.1,19847819.932,31466.826,-245.969,0
$OBS,174.000,2279,388974.000,G09,1C,43.7,23980198.648,-389613.954,2291.669,0
$OBS,174.000,2279,388974.000,G07,1C,43.7,24028931.400,-229853.333,1320.642,0
$OBS,174.000,2279,388974.000,G01,1C,46.6,23222009.076,364864.381,-2094.444,0
$OBS,174.000,2279,388974.000,G04,1C,47.0,22059656.686,-320875.680,1865.800,0
$OBS,174.000,2279,388974.000,G21,1C,44.8,23488763.836,238123.967,-1391.751,0
$POS,174.000,2023,9,14,12,2,54.002000012,15.391028188,73.878010773,0.969,7,12
$LOG,174.109,L1CA,14,SIGNAL LOST (L1CA, 31.8)
$LOG,174.172,L1CA,20,SIGNAL LOST (L1CA, 30.4)
$LOG,174.145,L1CA,14,SIGNAL FOUND (35.9,-2991.1,0.8033600)
$LOG,174.239,L1CA,21,FRAME SYNC (N)
$LNAV,174.079,L1CA,21,8B55567E9E93795555555555555555555555555555555555555555555554
$LOG,174.240,L1CA,9,FRAME SYNC (R)
$LNAV,174.080,L1CA,9,8B55567E9E93795555555555555555555555555555555555555555555554
$LOG,174.238,L1CA,1,FRAME SYNC (R)
$LNAV,174.078,L1CA,1,8B55567E9E93795555555555555555555555555555555555555555555554
$LOG,174.240,L1CA,8,FRAME SYNC (N)
$LNAV,174.080,L1CA,8,8B55567E9E93795555555555555555555555555555555555555555555554
$LOG,174.227,L1CA,16,FRAME SYNC (N)
$LNAV,174.067,L1CA,16,8B55567E9E93795555555555555555555555555555555555555555555554
$LOG,174.219,L1CA,19,SIGNAL LOST (L1CA, 31.8)
$LOG,174.234,L1CA,4,FRAME SYNC (R)
$LNAV,174.074,L1CA,4,8B55567E9E93795555555555555555555555555555555555555555555554
$LOG,174.238,L1CA,27,FRAME SYNC (N)
$LNAV,174.078,L1CA,27,8B55567E9E93795555555555555555555555555555555555555555555554
$LOG,174.241,L1CA,7,FRAME SYNC (R)
$LNAV,174.081,L1CA,7,8B55567E9E93795555555555555555555555555555555555555555555554
$LOG,174.239,L1CA,2,FRAME SYNC (N)
$LNAV,174.079,L1CA,2,8B55567E9E93795555555555555555555555555555555555555555555554
$LOG,174.237,L1CA,31,FRAME SYNC (R)
$LNAV,174.077,L1CA,31,8B55567E9E93795555555555555555555555555555555555555555555554
$LOG,174.231,L1CA,26,FRAME SYNC (R)
$LNAV,174.071,L1CA,26,8B55567E9E93795555555555555555555555555555555555555555555554
$LOG,174.227,L1CA,3,FRAME SYNC (N)
$LNAV,174.067,L1CA,3,8B55567E9E93795555555555555555555555555555555555555555555554
$LOG,174.209,L1CA,20,SIGNAL FOUND (35.2,-470.1,0.8209600)
$LOG,174.309,L1CA,30,SIGNAL LOST (L1CA, 31.7)
$LOG,174.309,L1CA,19,SIGNAL NOT FOUND (34.7)
$LOG,174.409,L1CA,24,SIGNAL LOST (L1CA, 31.1)
$LOG,174.409,L1CA,30,SIGNAL FOUND (35.8,-3801.9,0.1848000)
$LOG,174.509,L1CA,19,SIGNAL FOUND (35.2,-1066.0,0.1403200)
$LOG,174.609,L1CA,24,SIGNAL FOUND (35.7,5000.0,0.8001600)
$LOG,174.709,L1CA,5,SIGNAL LOST (L1CA, 31.6)
$LOG,174.779,L1CA,5,SIGNAL FOUND (35.4,-5000.0,0.5553600)
$LOG,174.909,L1CA,11,SIGNAL LOST (L1CA, 31.1)
$TIME,175.000,2025,4,14,12,44,54.460000,UTC
$LOG,174.973,L1CA,11,SIGNAL FOUND (35.3,1951.9,0.8124800)
$CH,175.000,L1CA,11,27,35.3,0.812447593,1882.616,51.962,1,0
$CH,175.000,L1CA,26,169691,49.7,0.653637797,-2529.317,-422659.225,27,0
$CH,175.000,L1CA,19,491,35.2,0.140604053,-1404.906,-614.650,0,0
$CH,175.000,L1CA,3,174091,51.6,0.487113874,757.222,141350.983,28,0
$CH,175.000,L1CA,25,1791,33.5,0.339207787,4213.903,7658.757,1,0
$CH,175.000,L1CA,15,2768,32.6,0.321492884,2677.821,7421.681,6,0
$CH,175.000,L1CA,20,791,35.2,0.821010292,-215.617,-208.237,0,0
$CH,175.000,L1CA,16,170791,52.6,0.205360873,-246.641,-31712.808,28,0
$CH,175.000,L1CA,17,2491,32.9,0.304752780,-710.845,-1780.668,0,1
$CH,175.000,L1CA,10,1149,33.3,0.883376979,-2454.852,-2869.792,0,2
$CH,175.000,L1CA,2,174490,45.1,0.123283314,-1662.268,-291908.208,28,0
$CH,175.000,L1CA,22,1081,32.9,0.057933718,3637.406,4123.217,0,0
$CH,175.000,L1CA,27,169591,45.1,0.341941386,1944.931,329405.818,27,0
$CH,175.000,L1CA,5,221,35.4,0.556057515,-5127.915,-1129.115,4,3
$CH,175.000,L1CA,8,172291,43.5,0.546373573,2138.089,364509.794,28,0
$CH,175.000,L1CA,14,855,35.9,0.805013568,-3157.226,-2775.590,1,0
$CH,175.000,L1CA,1,174891,47.0,0.461604879,-2095.521,-366957.117,28,0
$CH,175.000,L1CA,24,391,35.7,0.798996302,4977.278,1938.367,0,0
$CH,175.000,L1CA,23,3091,34.0,0.920419409,-273.013,-881.439,0,0
$CH,175.000,L1CA,18,30391,32.3,0.299956663,751.566,23185.580,0,1
$CH,175.000,L1CA,29,1491,33.0,0.549803598,-1750.158,-2626.092,0,0
$CH,175.000,L1CA,31,169191,45.8,0.861996053,-2579.633,-438123.543,27,0
$CH,175.000,L1CA,4,173591,47.9,0.581911249,1865.734,322740.122,28,0
$CH,175.000,L1CA,28,1591,33.1,0.431620351,-3523.519,-5552.779,1,0
$CH,175.000,L1CA,9,172092,42.9,0.987893253,2291.714,391903.170,28,0
$CH,175.000,L1CA,6,1891,33.2,0.563162067,4119.718,7886.060,0,1
$CH,175.000,L1CA,32,2391,33.7,0.150330093,1784.052,4206.773,0,0
$CH,175.000,L1CA,13,30598,32.6,0.787690824,756.358,23388.477,2,1
$CH,175.000,L1CA,12,1391,34.9,0.854586176,-276.560,-375.955,3,1
$CH,175.000,L1CA,7,172491,43.7,0.151053674,1319.718,231172.705,28,0
$CH,175.000,L1CA,21,170191,44.7,0.350968795,-1390.727,-239514.495,27,0
$CH,175.000,L1CA,30,591,35.8,0.186102468,-3732.576,-2211.471,2,0
$OBS,175.000,2279,388975.000,G26,1C,49.7,21181428.218,422662.255,-2529.013,0
$OBS,175.000,2279,388975.000,G03,1C,51.6,19932335.140,-141351.740,757.138,0
$OBS,175.000,2279,388975.000,G16,1C,52.6,19847867.920,31713.055,-246.648,0
$OBS,175.000,2279,388975.000,G02,1C,45.1,23420771.436,291909.870,-1661.817,0
$OBS,175.000,2279,388975.000,G27,1C,45.1,23186530.340,-329407.763,1945.717,0
$OBS,175.000,2279,388975.000,G08,1C,43.5,23847402.439,-364511.932,2137.339,0
$OBS,175.000,2279,388975.000,G01,1C,47.0,23222405.318,366959.713,-2095.635,0
$OBS,175.000,2279,388975.000,G31,1C,45.8,23042647.222,438126.623,-2580.212,0
$OBS,175.000,2279,388975.000,G04,1C,47.9,22059301.679,-322741.488,1866.144,0
$OBS,175.000,2279,388975.000,G09,1C,42.9,23979766.685,-391904.962,2290.112,0
$OBS,175.000,2279,388975.000,G07,1C,43.7,24028681.147,-231173.525,1319.488,0
$OBS,175.000,2279,388975.000,G21,1C,44.7,23489029.778,239515.886,-1392.069,0
$POS,175.000,2023,9,14,12,2,55.002000015,15.391038666,73.878008369,-1.040,7,12
$LOG,175.109,L1CA,6,SIGNAL LOST (L1CA, 31.7)
$LOG,175.120,L1CA,6,SIGNAL FOUND (35.4,-1091.1,0.7441600)
$LOG,175.209,L1CA,25,SIGNAL LOST (L1CA, 31.3)
$LOG,175.232,L1CA,15,SIGNAL LOST (L1CA, 31.9)
$LOG,175.251,L1CA,15,SIGNAL FOUND (35.3,1456.0,0.2955200)
$LOG,175.309,L1CA,25,SIGNAL FOUND (36.3,2088.8,0.0753600)
$LOG,175.509,L1CA,29,SIGNAL LOST (L1CA, 31.4)
$LOG,175.571,L1CA,29,SIGNAL FOUND (35.2,3969.1,0.0577600)
$LOG,175.609,L1CA,18,SIGNAL LOST (L1CA, 31.9)
$LOG,175.675,L1CA,18,SIGNAL NOT FOUND (34.8)
$LOG,175.709,L1CA,18,SIGNAL FOUND (36.5,-1512.5,0.3315200)
$LOG,175.919,L1CA,22,SIGNAL LOST (L1CA, 30.9)
$TIME,176.000,2025,4,14,12,45,2.381000,UTC
$CH,176.000,L1CA,6,880,35.4,0.744766149,-1240.027,-1094.726,0,1
$CH,176.000,L1CA,13,31598,32.2,0.787196331,754.329,24145.441,2,1
$CH,176.000,L1CA,11,1027,33.3,0.811480977,1581.819,1717.356,1,0
$CH,176.000,L1CA,16,171791,52.7,0.205520553,-247.459,-31959.742,28,0
$CH,176.000,L1CA,20,1791,33.9,0.821032965,-246.651,-458.427,0,0
$CH,176.000,L1CA,28,2591,32.4,0.433771468,-3519.207,-9072.117,1,0
$CH,176.000,L1CA,21,171191,44.7,0.351861678,-1391.863,-240906.224,27,0
$CH,176.000,L1CA,23,4091,33.5,0.920586380,-268.842,-1149.706,0,0
$CH,176.000,L1CA,32,3391,32.3,0.149268889,1790.196,5993.326,0,0
$CH,176.000,L1CA,24,1391,33.5,0.795931845,4826.691,6778.903,0,0
$CH,176.000,L1CA,1,175891,46.9,0.462945208,-2095.595,-369052.413,28,0
$CH,176.000,L1CA,19,1491,33.6,0.141443762,-1434.373,-2032.341,0,0
$CH,176.000,L1CA,14,1855,33.7,0.806959594,-3130.839,-5901.211,1,0
$CH,176.000,L1CA,12,2391,33.4,0.854786135,-267.529,-646.873,3,1
$CH,176.000,L1CA,3,175091,51.5,0.486633166,756.699,142107.887,28,0
$CH,176.000,L1CA,26,170691,49.7,0.655244026,-2529.963,-425188.707,27,0
$CH,176.000,L1CA,2,175490,45.2,0.124337255,-1660.614,-293569.740,28,0
$CH,176.000,L1CA,8,173291,43.6,0.545011943,2137.514,366647.244,28,0
$CH,176.000,L1CA,5,1221,33.4,0.559155792,-4838.807,-6061.527,4,3
$CH,176.000,L1CA,15,749,35.3,0.294955036,1258.009,940.305,6,0
$CH,176.000,L1CA,4,174591,47.7,0.580722458,1865.623,324606.003,28,0
$CH,176.000,L1CA,31,170191,45.9,0.863638498,-2579.505,-440703.692,27,0
$CH,176.000,L1CA,29,429,35.2,0.056794375,3831.560,1648.854,0,0
$CH,176.000,L1CA,18,291,36.5,0.331820546,-1756.278,-492.133,0,1
$CH,176.000,L1CA,7,173491,44.1,0.150218083,1320.739,232492.656,28,0
$CH,176.000,L1CA,9,173092,42.6,0.986424340,2291.099,394194.331,28,0
$CH,176.000,L1CA,27,170591,45.2,0.340704825,1945.906,331350.883,27,0
$CH,176.000,L1CA,10,2149,32.1,0.884871143,-2460.010,-5324.144,0,2
$CH,176.000,L1CA,17,3491,32.6,0.305173545,-708.592,-2487.966,0,1
$CH,176.000,L1CA,30,1591,33.1,0.188412472,-3608.541,-5839.808,2,0
$CH,176.000,L1CA,25,691,36.3,0.074536057,2256.767,1539.655,1,0
$LOG,176.006,L1CA,22,SIGNAL FOUND (35.5,-1915.4,0.9084800)
$OBS,176.000,2279,388976.000,G16,1C,52.7,19847915.786,31959.989,-247.393,0
$OBS,176.000,2279,388976.000,G21,1C,44.7,23489297.464,240907.616,-1391.171,0
$OBS,176.000,2279,388976.000,G01,1C,46.9,23222807.144,369055.008,-2096.223,0
$OBS,176.000,2279,388976.000,G03,1C,51.5,19932191.037,-142108.644,757.098,0
$OBS,176.000,2279,388976.000,G26,1C,49.7,21181909.756,425191.737,-2530.038,0
$OBS,176.000,2279,388976.000,G02,1C,45.2,23421087.407,293571.401,-1660.937,0
$OBS,176.000,2279,388976.000,G08,1C,43.6,23846994.243,-366649.382,2137.622,0
$OBS,176.000,2279,388976.000,G04,1C,47.7,22058945.293,-324607.368,1866.066,0
$OBS,176.000,2279,388976.000,G31,1C,45.9,23043139.615,440706.771,-2580.763,0
$OBS,176.000,2279,388976.000,G07,1C,44.1,24028430.649,-232493.477,1319.021,0
$OBS,176.000,2279,388976.000,G27,1C,45.2,23186159.628,-331352.829,1944.957,0
$OBS,176.000,2279,388976.000,G09,1C,42.6,23979326.312,-394196.122,2292.274,0
$POS,176.000,2023,9,14,12,2,56.002000017,15.391038566,73.877997006,-2.040,7,12
$LOG,176.145,L1CA,14,SIGNAL LOST (L1CA, 32.0)
$LOG,176.158,L1CA,14,SIGNAL FOUND (36.4,-21.9,0.0212800)
$LOG,176.409,L1CA,28,SIGNAL LOST (L1CA, 31.0)
$LOG,176.409,L1CA,30,SIGNAL LOST (L1CA, 30.9)
$LOG,176.467,L1CA,28,SIGNAL FOUND (35.0,2532.8,0.4803200)
$LOG,176.509,L1CA,30,SIGNAL FOUND (35.4,589.6,0.7756800)
$LOG,176.609,L1CA,32,SIGNAL LOST (L1CA, 30.8)
$LOG,176.619,L1CA,32,SIGNAL FOUND (36.7,3063.7,0.2409600)
$LOG,176.779,L1CA,5,SIGNAL LOST (L1CA, 30.9)
$LOG,176.851,L1CA,10,SIGNAL LOST (L1CA, 31.2)
$LOG,176.809,L1CA,5,SIGNAL FOUND (35.9,4500.5,0.9976000)
$TIME,177.000,2025,4,14,12,45,10.531000,UTC
$LOG,176.909,L1CA,10,SIGNAL FOUND (36.2,-55.2,0.0864000)
$CH,177.000,L1CA,25,1691,35.0,0.073374774,2178.662,3735.303,1,0
$CH,177.000,L1CA,28,533,35.0,0.479423934,2854.812,1452.837,1,0
$CH,177.000,L1CA,23,5091,33.4,0.920749476,-272.261,-1415.726,0,0
$CH,177.000,L1CA,8,174291,43.9,0.543653708,2137.909,368784.940,28,0
$CH,177.000,L1CA,13,32598,32.9,0.786690293,752.631,24901.657,2,1
$CH,177.000,L1CA,19,2491,32.3,0.142344438,-1438.688,-3471.002,0,0
$CH,177.000,L1CA,29,1429,33.2,0.054334586,3989.076,5559.867,0,0
$CH,177.000,L1CA,2,176490,45.1,0.125395334,-1661.778,-295231.150,28,0
$CH,177.000,L1CA,12,3391,32.5,0.855047965,-273.967,-918.865,3,1
$CH,177.000,L1CA,11,2027,32.2,0.810589253,1590.922,3302.811,1,0
$CH,177.000,L1CA,3,176091,51.9,0.486153180,755.602,142864.158,28,0
$CH,177.000,L1CA,24,2391,32.3,0.792906136,4822.504,11602.145,0,0
$CH,177.000,L1CA,5,191,35.9,0.997085542,4300.114,828.985,4,3
$CH,177.000,L1CA,16,172791,52.2,0.205680548,-247.900,-32207.387,28,0
$CH,177.000,L1CA,21,172191,45.3,0.352744438,-1390.642,-242297.773,27,0
$CH,177.000,L1CA,17,4491,33.3,0.305572808,-702.662,-3195.759,0,1
$CH,177.000,L1CA,20,2791,33.1,0.821335598,-247.603,-707.230,0,0
$CH,177.000,L1CA,30,491,35.4,0.775446246,736.339,347.857,2,0
$CH,177.000,L1CA,14,842,36.4,0.021376990,-237.535,-190.799,1,0
$CH,177.000,L1CA,10,91,36.2,0.086400409,-173.414,-14.488,0,2
$CH,177.000,L1CA,27,171591,45.7,0.339465673,1945.323,333295.971,27,0
$CH,177.000,L1CA,26,171691,50.0,0.656849149,-2530.091,-427718.632,27,0
$CH,177.000,L1CA,31,171191,46.0,0.865276885,-2579.656,-443283.737,27,0
$CH,177.000,L1CA,22,994,35.5,0.909468260,-1689.116,-1778.431,0,0
$CH,177.000,L1CA,9,174092,42.6,0.984973270,2289.974,396485.654,28,0
$CH,177.000,L1CA,6,1880,34.9,0.745370119,-1149.919,-2257.269,0,1
$CH,177.000,L1CA,7,174491,43.9,0.149369824,1319.598,233812.380,28,0
$CH,177.000,L1CA,32,381,36.7,0.240231630,3157.799,1211.307,0,0
$CH,177.000,L1CA,1,176891,46.1,0.464266073,-2095.224,-371147.668,28,0
$CH,177.000,L1CA,18,1291,35.2,0.332693661,-1686.459,-2165.293,0,1
$CH,177.000,L1CA,15,1749,34.5,0.294345441,1258.249,2195.648,6,0
$CH,177.000,L1CA,4,175591,48.2,0.579545080,1866.012,326471.957,28,0
$OBS,177.000,2279,388977.000,G08,1C,43.9,23846587.043,-368787.078,2137.805,0
$OBS,177.000,2279,388977.000,G02,1C,45.1,23421404.617,295232.812,-1660.534,0
$OBS,177.000,2279,388977.000,G03,1C,51.9,19932047.142,-142864.913,756.150,0
$OBS,177.000,2279,388977.000,G16,1C,52.2,19847963.756,32207.635,-248.046,0
$OBS,177.000,2279,388977.000,G21,1C,45.3,23489562.096,242299.163,-1390.555,0
$OBS,177.000,2279,388977.000,G27,1C,45.7,23185788.148,-333297.916,1944.687,0
$OBS,177.000,2279,388977.000,G26,1C,50.0,21182390.964,427721.662,-2530.378,0
$OBS,177.000,2279,388977.000,G31,1C,46.0,23043630.786,443286.817,-2579.827,0
$OBS,177.000,2279,388977.000,G09,1C,42.6,23978891.295,-396487.444,2292.973,0
$OBS,177.000,2279,388977.000,G07,1C,43.9,24028176.347,-233813.200,1322.007,0
$OBS,177.000,2279,388977.000,G01,1C,46.1,23223203.125,371150.264,-2095.959,0
$OBS,177.000,2279,388977.000,G04,1C,48.2,22058592.310,-326473.323,1865.992,0
$POS,177.000,2023,9,14,12,2,57.002000015,15.391032602,73.878008564,-1.667,7,12
$LOG,177.225,L1CA,20,SYMBOL SYNC (-105.499)
$LOG,177.309,L1CA,25,SIGNAL LOST (L1CA, 31.7)
$LOG,177.343,L1CA,25,SIGNAL FOUND (35.3,586.5,0.1472000)
$LOG,177.509,L1CA,19,SIGNAL LOST (L1CA, 31.9)
$LOG,177.571,L1CA,29,SIGNAL LOST (L1CA, 31.4)
$LOG,177.609,L1CA,24,SIGNAL LOST (L1CA, 31.2)
$LOG,177.600,L1CA,29,SIGNAL FOUND (35.2,-4401.0,0.0240000)
$LOG,177.709,L1CA,19,SIGNAL FOUND (35.7,1467.0,0.6075200)
$LOG,177.809,L1CA,24,SIGNAL NOT FOUND (34.6)
$LOG,177.973,L1CA,11,SIGNAL LOST (L1CA, 30.6)
$TIME,178.000,2025,4,14,12,45,18.728000,UTC
$LOG,177.909,L1CA,24,SIGNAL FOUND (35.5,5000.0,0.9596800)
$CH,178.000,L1CA,17,5491,33.7,0.305853881,-704.562,-3902.056,0,1
$CH,178.000,L1CA,4,176591,48.9,0.578358929,1865.877,328337.992,28,0
$CH,178.000,L1CA,22,1994,34.0,0.910512669,-1694.289,-3476.560,0,0
$CH,178.000,L1CA,10,1091,35.0,0.086381511,-256.561,-242.978,0,2
$LOG,178.006,L1CA,22,SIGNAL LOST (L1CA, 31.6)
$CH,178.000,L1CA,24,91,35.5,0.959388803,5132.225,461.467,0,0
$CH,178.000,L1CA,19,291,35.7,0.607258620,1272.335,406.952,0,0
$CH,178.000,L1CA,20,3791,32.8,0.821520465,-249.056,-953.672,0,0
$CH,178.000,L1CA,30,1491,34.5,0.774988210,673.781,1045.765,2,0
$CH,178.000,L1CA,21,173191,45.0,0.353619632,-1391.240,-243689.127,27,0
$CH,178.000,L1CA,26,172691,49.3,0.658461667,-2530.615,-430249.006,27,0
$CH,178.000,L1CA,9,175092,43.4,0.983523894,2292.004,398777.137,28,0
$CH,178.000,L1CA,8,175291,43.9,0.542294384,2138.757,370922.885,28,0
$CH,178.000,L1CA,14,1842,34.5,0.021500457,-247.908,-434.738,1,0
$CH,178.000,L1CA,31,172191,46.3,0.866914038,-2579.995,-445863.668,27,0
$CH,178.000,L1CA,1,177891,46.7,0.465599140,-2095.121,-373242.883,28,0
$CH,178.000,L1CA,23,6091,32.4,0.920915552,-264.504,-1682.831,0,0
$CH,178.000,L1CA,7,175491,43.5,0.148542151,1318.564,235131.870,28,0
$CH,178.000,L1CA,16,173791,52.6,0.205839392,-248.712,-32455.747,28,0
$CH,178.000,L1CA,18,2291,32.9,0.333626665,-1687.343,-3846.059,0,1
$CH,178.000,L1CA,13,33598,32.8,0.786209641,754.846,25657.285,2,1
$CH,178.000,L1CA,12,4391,32.9,0.855313973,-272.788,-1191.793,3,1
$CH,178.000,L1CA,6,2880,33.5,0.746028581,-1158.389,-3413.897,0,1
$CH,178.000,L1CA,27,172591,44.9,0.338237341,1944.711,335241.089,27,0
$CH,178.000,L1CA,3,177091,52.8,0.485674862,755.231,143619.798,28,0
$CH,178.000,L1CA,28,1533,33.1,0.477697982,2608.138,4147.512,1,0
$CH,178.000,L1CA,29,400,35.2,0.025046592,-4308.277,-1722.896,0,0
$CH,178.000,L1CA,25,657,35.3,0.146905387,711.188,468.356,1,0
$CH,178.000,L1CA,2,177490,45.2,0.126454372,-1662.268,-296892.418,28,0
$CH,178.000,L1CA,15,2749,32.8,0.293688325,1249.962,3451.265,6,0
$CH,178.000,L1CA,32,1381,33.4,0.238351833,3043.327,4290.275,0,0
$CH,178.000,L1CA,5,1191,33.5,0.994434061,4227.896,5052.121,4,3
$LOG,178.009,L1CA,11,SIGNAL FOUND (35.4,1101.1,0.8352000)
$OBS,178.000,2279,388978.000,G04,1C,48.9,22058236.709,-328339.358,1865.890,0
$OBS,178.000,2279,388978.000,G21,1C,45.0,23489824.478,243690.519,-1391.444,0
$OBS,178.000,2279,388978.000,G26,1C,49.3,21182874.387,430252.037,-2530.379,0
$OBS,178.000,2279,388978.000,G09,1C,43.4,23978456.785,-398778.929,2292.476,0
$OBS,178.000,2279,388978.000,G08,1C,43.9,23846179.528,-370925.024,2138.939,0
$OBS,178.000,2279,388978.000,G31,1C,46.3,23044121.591,445866.748,-2580.033,0
$OBS,178.000,2279,388978.000,G01,1C,46.7,23223602.770,373245.478,-2095.237,0
$OBS,178.000,2279,388978.000,G07,1C,43.5,24027928.205,-235132.689,1319.532,0
$OBS,178.000,2279,388978.000,G16,1C,52.6,19848011.378,32455.996,-248.695,0
$OBS,178.000,2279,388978.000,G27,1C,44.9,23185419.896,-335243.034,1945.258,0
$OBS,178.000,2279,388978.000,G03,1C,52.9,19931903.736,-143620.553,755.108,0
$OBS,178.000,2279,388978.000,G02,1C,45.2,23421722.106,296894.080,-1660.882,0
$POS,178.000,2023,9,14,12,2,58.002000012,15.391039986,73.878000054,-1.460,7,12
$LOG,178.126,L1CA,14,SYMBOL SYNC (70.034)
$LOG,178.120,L1CA,6,SIGNAL LOST (L1CA, 31.9)
$LOG,178.109,L1CA,22,SIGNAL FOUND (35.8,-2475.7,0.5568000)
$LOG,178.251,L1CA,15,SIGNAL LOST (L1CA, 31.8)
$LOG,178.209,L1CA,6,SIGNAL FOUND (35.6,324.4,0.5480000)
$LOG,178.309,L1CA,15,SIGNAL FOUND (36.2,792.3,0.2548800)
$LOG,178.467,L1CA,28,SIGNAL LOST (L1CA, 31.2)
$LOG,178.509,L1CA,28,SIGNAL FOUND (35.1,5000.0,0.7620800)
$LOG,178.619,L1CA,32,SIGNAL LOST (L1CA, 31.4)
$LOG,178.629,L1CA,32,SIGNAL NOT FOUND (34.9)
$LOG,178.709,L1CA,18,SIGNAL LOST (L1CA, 31.4)
$LOG,178.747,L1CA,10,SYMBOL SYNC (-65.329)
$LOG,178.709,L1CA,32,SIGNAL NOT FOUND (34.7)
$LOG,178.809,L1CA,18,SIGNAL FOUND (35.2,-2429.3,0.2233600)
$LOG,178.909,L1CA,23,SIGNAL LOST (L1CA, 31.9)
$TIME,179.000,2025,4,14,12,45,26.642000,UTC
$LOG,178.909,L1CA,32,SIGNAL FOUND (35.3,27.6,0.9918400)
$CH,179.000,L1CA,6,791,35.6,0.547858907,216.322,199.892,0,1
$CH,179.000,L1CA,15,691,36.2,0.254518041,768.158,521.578,6,0
$CH,179.000,L1CA,2,178490,45.2,0.127500750,-1661.446,-298553.559,28,0
$CH,179.000,L1CA,31,173191,46.1,0.868551338,-2580.658,-448443.480,27,0
$CH,179.000,L1CA,18,191,35.2,0.223615528,-2191.144,-434.825,0,1
$CH,179.000,L1CA,13,34598,32.9,0.785701824,752.907,26412.343,2,1
$CH,179.000,L1CA,10,2091,33.4,0.086423778,-254.492,-492.832,0,2
$CH,179.000,L1CA,28,491,35.1,0.760514198,5176.630,2529.229,1,0
$CH,179.000,L1CA,3,178091,53.3,0.485194597,754.953,144374.818,28,0
$CH,179.000,L1CA,29,1400,33.2,0.027748081,-4345.470,-6058.852,0,0
$CH,179.000,L1CA,8,176291,44.2,0.540932873,2138.402,373061.082,28,0
$CH,179.000,L1CA,32,91,35.3,0.991845619,-0.911,-1.653,0,0
$CH,179.000,L1CA,7,176491,43.7,0.147711299,1319.202,236451.135,28,0
$CH,179.000,L1CA,21,174191,44.6,0.354503275,-1390.539,-245080.305,27,0
$CH,179.000,L1CA,26,173691,49.1,0.660065803,-2530.755,-432779.828,27,0
$CH,179.000,L1CA,25,1657,33.2,0.146479628,753.192,1212.384,1,0
$CH,179.000,L1CA,5,2191,32.5,0.991829410,4231.910,9280.965,4,3
$CH,179.000,L1CA,9,176092,43.5,0.982072933,2290.435,401068.778,28,0
$CH,179.000,L1CA,16,174791,52.5,0.205989790,-249.480,-32704.826,28,0
$CH,179.000,L1CA,24,1091,33.4,0.956063607,5203.414,5695.437,0,0
$CH,179.000,L1CA,4,177591,49.1,0.577171600,1865.560,330204.099,28,0
$CH,179.000,L1CA,27,173591,45.7,0.337006318,1944.530,337186.230,27,0
$CH,179.000,L1CA,20,4791,33.1,0.821665008,-250.953,-1202.800,0,0
$CH,179.000,L1CA,12,5391,33.2,0.855482917,-274.990,-1462.583,3,1
$CH,179.000,L1CA,1,178891,46.8,0.466921230,-2095.213,-375338.061,28,0
$CH,179.000,L1CA,19,1291,34.0,0.606488559,1218.589,1623.456,0,0
$CH,179.000,L1CA,22,891,35.8,0.558047864,-2200.132,-2004.035,0,0
$CH,179.000,L1CA,30,2491,34.0,0.774473060,674.541,1715.471,2,0
$CH,179.000,L1CA,11,991,35.4,0.834531505,1258.854,1255.893,1,0
$CH,179.000,L1CA,14,2842,32.9,0.021680604,-251.092,-683.775,1,0
$CH,179.000,L1CA,17,6491,32.7,0.306155132,-710.179,-4606.239,0,1
$OBS,179.000,2279,388979.000,G02,1C,45.2,23422035.792,298555.220,-1660.282,0
$OBS,179.000,2279,388979.000,G31,1C,46.1,23044612.448,448446.561,-2579.957,0
$OBS,179.000,2279,388979.000,G03,1C,53.3,19931759.754,-144375.573,754.948,0
$OBS,179.000,2279,388979.000,G08,1C,44.2,23845771.367,-373063.220,2136.890,0
$OBS,179.000,2279,388979.000,G07,1C,43.7,24027679.120,-236451.954,1318.591,0
$OBS,179.000,2279,388979.000,G21,1C,44.6,23490089.390,245081.696,-1389.944,0
$OBS,179.000,2279,388979.000,G26,1C,49.1,21183355.298,432782.859,-2531.179,0
$OBS,179.000,2279,388979.000,G09,1C,43.5,23978021.803,-401070.568,2291.100,0
$OBS,179.000,2279,388979.000,G16,1C,52.5,19848056.452,32705.076,-249.543,0
$OBS,179.000,2279,388979.000,G04,1C,49.1,22057880.760,-330205.464,1866.018,0
$OBS,179.000,2279,388979.000,G27,1C,45.7,23185050.841,-337188.174,1944.737,0
$OBS,179.000,2279,388979.000,G01,1C,46.8,23223999.116,375340.656,-2094.091,0
$POS,179.000,2023,9,14,12,2,59.002000012,15.391036624,73.877997953,-0.088,7,12
$LOG,179.009,L1CA,23,SIGNAL FOUND (36.2,5000.0,0.0113600)
$LOG,179.343,L1CA,25,SIGNAL LOST (L1CA, 31.7)
$LOG,179.398,L1CA,25,SIGNAL FOUND (35.6,1650.7,0.6996800)
$LOG,179.509,L1CA,17,SIGNAL LOST (L1CA, 31.7)
$LOG,179.571,L1CA,17,SIGNAL FOUND (35.3,-1439.4,0.8659200)
$LOG,179.600,L1CA,29,SIGNAL LOST (L1CA, 31.7)
$LOG,179.693,L1CA,12,SYMBOL SYNC (63.897)
$LOG,179.686,L1CA,29,SIGNAL FOUND (35.2,-424.3,0.8873600)
$LOG,179.809,L1CA,5,SIGNAL LOST (L1CA, 31.5)
$LOG,179.849,L1CA,5,SIGNAL FOUND (36.5,-3025.3,0.6449600)
$TIME,180.000,2025,4,14,12,45,34.820000,UTC
$CH,180.000,L1CA,19,2291,33.1,0.605768132,1213.092,2835.558,0,0
$CH,180.000,L1CA,1,179891,46.2,0.468256340,-2094.679,-377433.200,28,0
$CH,180.000,L1CA,18,1191,33.2,0.224885718,-2293.505,-2667.116,0,1
$CH,180.000,L1CA,6,1791,33.7,0.547744560,187.678,382.287,0,1
$CH,180.000,L1CA,26,174691,49.7,0.661671961,-2532.055,-435311.103,27,0
$CH,180.000,L1CA,8,177291,44.9,0.539581945,2138.782,375199.529,28,0
$CH,180.000,L1CA,2,179490,45.7,0.128547908,-1660.093,-300214.558,28,0
$CH,180.000,L1CA,31,174191,46.4,0.870187708,-2579.220,-451023.175,27,0
$CH,180.000,L1CA,24,2091,32.1,0.952767678,5208.852,10902.836,0,0
$CH,180.000,L1CA,4,178591,48.7,0.575991631,1866.384,332070.277,28,0
$CH,180.000,L1CA,7,177491,43.9,0.146867554,1318.365,237770.161,28,0
$CH,180.000,L1CA,3,179091,54.1,0.484713579,753.452,145129.206,28,0
$CH,180.000,L1CA,21,175191,44.3,0.355386029,-1390.915,-246471.288,27,0
$CH,180.000,L1CA,14,3842,32.3,0.021885816,-251.062,-933.668,1,0
$CH,180.000,L1CA,10,3091,32.7,0.086502329,-248.782,-742.621,0,2
$CH,180.000,L1CA,11,1991,34.0,0.833814931,1260.952,2515.084,1,0
$CH,180.000,L1CA,13,35598,32.9,0.785232264,756.585,27166.680,2,1
$CH,180.000,L1CA,32,1091,33.0,0.992064158,-192.546,-257.829,0,0
$CH,180.000,L1CA,27,174591,45.3,0.335762904,1945.171,339131.397,27,0
$CH,180.000,L1CA,25,602,35.6,0.699024584,1718.186,1059.445,1,0
$CH,180.000,L1CA,12,6391,32.9,0.855664519,-274.005,-1732.418,3,1
$CH,180.000,L1CA,5,151,36.5,0.645260117,-3262.048,-478.001,4,3
$CH,180.000,L1CA,29,314,35.2,0.887410484,-278.049,-90.054,0,0
$CH,180.000,L1CA,9,177092,43.7,0.980609233,2292.847,403360.580,28,0
$CH,180.000,L1CA,28,1491,32.5,0.757178533,5212.932,7742.648,1,0
$CH,180.000,L1CA,16,175791,53.3,0.206156442,-250.217,-32954.620,28,0
$CH,180.000,L1CA,23,991,36.2,0.008146893,5457.952,5159.857,0,0
$CH,180.000,L1CA,22,1891,32.8,0.559531781,-2252.131,-4252.343,0,0
$CH,180.000,L1CA,30,3491,34.0,0.773988943,671.453,2384.558,2,0
$CH,180.000,L1CA,20,5791,33.2,0.821873243,-251.125,-1452.633,0,0
$CH,180.000,L1CA,15,1691,35.4,0.254227409,726.418,1257.917,6,0
$CH,180.000,L1CA,17,429,35.3,0.866232612,-1254.977,-548.070,0,1
$OBS,180.000,2279,388980.000,G26,1C,49.7,21183836.801,435314.135,-2531.786,0
$OBS,180.000,2279,388980.000,G08,1C,44.9,23845366.365,-375201.668,2138.470,0
$OBS,180.000,2279,388980.000,G02,1C,45.7,23422349.721,300216.218,-1661.072,0
$OBS,180.000,2279,388980.000,G01,1C,46.2,23224399.389,377435.795,-2095.752,0
$OBS,180.000,2279,388980.000,G31,1C,46.4,23045103.009,451026.255,-2579.286,0
$OBS,180.000,2279,388980.000,G04,1C,48.7,22057527.027,-332071.643,1866.041,0
$OBS,180.000,2279,388980.000,G07,1C,43.9,24027426.179,-237770.980,1319.566,0
$OBS,180.000,2279,388980.000,G03,1C,54.1,19931615.563,-145129.960,754.214,0
$OBS,180.000,2279,388980.000,G21,1C,44.3,23490354.040,246472.679,-1391.366,0
$OBS,180.000,2279,388980.000,G27,1C,45.3,23184678.087,-339133.342,1945.661,0
$OBS,180.000,2279,388980.000,G09,1C,43.7,23977582.983,-403362.373,2292.010,0
$OBS,180.000,2279,388980.000,G16,1C,53.3,19848106.412,32954.870,-250.052,0
$POS,180.000,2023,9,14,12,3,0.002000020,15.391025293,73.877993386,-3.178,7,12
$LOG,180.109,L1CA,22,SIGNAL LOST (L1CA, 30.7)
$LOG,180.158,L1CA,14,SIGNAL LOST (L1CA, 31.7)
$LOG,180.184,L1CA,22,SIGNAL FOUND (35.4,-4052.2,0.4876800)
$LOG,180.240,L1CA,9,FRAME SYNC (R)
$LNAV,180.080,L1CA,9,8B55567E9F16506D9D6A0DD0FD1900A10D37BD5C8D205381FBB999C40053
$LOG,180.238,L1CA,1,FRAME SYNC (R)
$LNAV,180.078,L1CA,1,8B55567E9F16506D9D6A0DD0FD1900A10D37BD5C8D205381FBB999C40053
$LOG,180.227,L1CA,13,FRAME SYNC (N)
$LNAV,180.067,L1CA,13,8B55567E9F16506D9D6A0DD0FD1900A10D37BD5C8D205381FBB999C40053
$LOG,180.240,L1CA,8,FRAME SYNC (N)
$LNAV,180.080,L1CA,8,8B55567E9F16506D9D6A0DD0FD1900A10D37BD5C8D205381FBB999C40053
$LOG,180.231,L1CA,26,FRAME SYNC (R)
$LNAV,180.071,L1CA,26,8B55567E9F16506D9D6A0DD0FD1900A10D37BD5C8D205381FBB999C40053
$LOG,180.239,L1CA,21,FRAME SYNC (N)
$LNAV,180.079,L1CA,21,8B55567E9F16506D9D6A0DD0FD1900A10D37BD5C8D205381FBB999C40053
$LOG,180.237,L1CA,31,FRAME SYNC (R)
$LNAV,180.077,L1CA,31,8B55567E9F16506D9D6A0DD0FD1900A10D37BD5C8D205381FBB999C40053
$LOG,180.239,L1CA,2,FRAME SYNC (N)
$LNAV,180.079,L1CA,2,8B55567E9F16506D9D6A0DD0FD1900A10D37BD5C8D205381FBB999C40053
$LOG,180.238,L1CA,27,FRAME SYNC (N)
$LNAV,180.078,L1CA,27,8B55567E9F16506D9D6A0DD0FD1900A10D37BD5C8D205381FBB999C40053
$LOG,180.227,L1CA,16,FRAME SYNC (N)
$LNAV,180.067,L1CA,16,8B55567E9F16506D9D6A0DD0FD1900A10D37BD5C8D205381FBB999C40053
$LOG,180.227,L1CA,3,FRAME SYNC (N)
$LNAV,180.067,L1CA,3,8B55567E9F16506D9D6A0DD0FD1900A10D37BD5C8D205381FBB999C40053
$LOG,180.234,L1CA,4,FRAME SYNC (R)
$LNAV,180.074,L1CA,4,8B55567E9F16506D9D6A0DD0FD1900A10D37BD5C8D205381FBB999C40053
$LOG,180.241,L1CA,7,FRAME SYNC (R)
$LNAV,180.081,L1CA,7,8B55567E9F16506D9D6A0DD0FD1900A10D37BD5C8D205381FBB999C40053
$LOG,180.209,L1CA,14,SIGNAL FOUND (35.9,595.6,0.0224000)
$LOG,180.509,L1CA,28,SIGNAL LOST (L1CA, 31.9)
$LOG,180.557,L1CA,28,SIGNAL FOUND (35.3,-1081.3,0.9556800)
$LOG,180.809,L1CA,18,SIGNAL LOST (L1CA, 31.7)
$LOG,180.850,L1CA,18,SIGNAL FOUND (35.2,963.9,0.9782400)
$LOG,180.909,L1CA,24,SIGNAL LOST (L1CA, 31.2)
$LOG,180.909,L1CA,32,SIGNAL LOST (L1CA, 31.6)
$TIME,181.000,2025,4,14,12,45,41.466000,UTC
$LOG,180.992,L1CA,24,SIGNAL FOUND (35.2,-2403.4,0.7628800)
$CH,181.000,L1CA,9,178092,43.8,0.979153030,2292.648,405652.537,29,0
$CH,181.000,L1CA,16,176791,53.6,0.206307909,-250.639,-33205.115,29,0
$CH,181.000,L1CA,2,180490,46.0,0.129611404,-1660.979,-301875.424,29,0
$CH,181.000,L1CA,7,178491,44.2,0.146031817,1318.091,239088.958,29,0
$CH,181.000,L1CA,21,176191,44.9,0.356277437,-1391.452,-247862.091,28,0
$CH,181.000,L1CA,6,2791,32.3,0.547676255,186.234,565.571,0,1
$CH,181.000,L1CA,26,175691,49.5,0.663277616,-2532.008,-437842.821,28,0
$CH,181.000,L1CA,14,791,35.9,0.022003412,785.670,599.935,1,0
$CH,181.000,L1CA,8,178291,44.7,0.538226751,2138.950,377338.212,29,0
$CH,181.000,L1CA,20,6791,32.7,0.822151475,-250.351,-1703.149,0,0
$CH,181.000,L1CA,18,150,35.2,0.978159024,933.075,143.884,0,1
$CH,181.000,L1CA,12,7391,32.7,0.855808090,-265.939,-2000.532,3,1
$CH,181.000,L1CA,3,180091,54.2,0.484235470,753.407,145882.951,29,0
$CH,181.000,L1CA,30,4491,34.0,0.773520975,674.665,3052.273,2,0
$CH,181.000,L1CA,28,443,35.3,0.956001694,-1253.557,-547.379,1,0
$CH,181.000,L1CA,13,36598,32.8,0.784776542,750.547,27920.470,3,1
$CH,181.000,L1CA,22,816,35.4,0.489828820,-4172.105,-3424.187,0,0
$CH,181.000,L1CA,10,4091,32.6,0.086618148,-249.787,-993.068,0,2
$CH,181.000,L1CA,29,1314,34.5,0.887480717,-354.442,-386.199,0,0
$CH,181.000,L1CA,31,175191,46.3,0.871820872,-2579.572,-453602.770,28,0
$CH,181.000,L1CA,15,2691,34.0,0.253902692,723.136,1986.190,6,0
$CH,181.000,L1CA,11,2991,32.8,0.833107885,1252.293,3768.827,1,0
$CH,181.000,L1CA,4,179591,48.3,0.574798601,1865.613,333936.533,29,0
$CH,181.000,L1CA,24,8,35.2,0.762892135,-2366.889,-19.118,0,0
$CH,181.000,L1CA,23,1991,33.5,0.004689186,5460.341,10621.917,0,0
$CH,181.000,L1CA,1,180891,46.3,0.469585358,-2094.625,-379528.299,29,0
$CH,181.000,L1CA,27,175591,45.5,0.334533923,1945.474,341076.591,28,0
$LOG,181.009,L1CA,23,SIGNAL LOST (L1CA, 31.8)
$CH,181.000,L1CA,19,3291,32.6,0.605117346,1213.288,4047.033,0,0
$CH,181.000,L1CA,25,1602,33.5,0.697913654,1777.559,2828.005,1,0
$CH,181.000,L1CA,17,1429,33.7,0.866791984,-1242.301,-1809.079,0,1
$CH,181.000,L1CA,5,1151,34.2,0.647279082,-3143.637,-3709.791,4,3
$LOG,181.009,L1CA,32,SIGNAL FOUND (35.2,-4484.3,0.5980800)
$OBS,181.000,2279,388981.000,G09,1C,43.8,23977146.431,-405654.329,2291.537,0
$OBS,181.000,2279,388981.000,G02,1C,46.0,23422668.554,301877.085,-1661.227,0
$OBS,181.000,2279,388981.000,G07,1C,44.2,24027175.629,-239089.776,1318.650,0
$OBS,181.000,2279,388981.000,G21,1C,44.9,23490621.272,247863.483,-1391.087,0
$OBS,181.000,2279,388981.000,G26,1C,49.5,21184318.166,437845.853,-2532.606,0
$OBS,181.000,2279,388981.000,G08,1C,44.7,23844960.089,-377340.351,2139.331,0
$OBS,181.000,2279,388981.000,G03,1C,54.2,19931472.227,-145883.704,753.561,0
$OBS,181.000,2279,388981.000,G31,1C,46.3,23045592.627,453605.849,-2579.423,0
$OBS,181.000,2279,388981.000,G04,1C,48.3,22057169.349,-333937.899,1865.729,0
$OBS,181.000,2279,388981.000,G01,1C,46.3,23224797.813,379530.893,-2094.547,0
$OBS,181.000,2279,388981.000,G27,1C,45.5,23184309.643,-341078.536,1943.674,0
$OBS,181.000,2279,388981.000,G16,1C,53.6,19848151.835,33205.366,-250.852,0
$POS,181.000,2023,9,14,12,3,1.002000016,15.391044453,73.877998334,-1.297,7,12
$LOG,181.109,L1CA,23,SIGNAL FOUND (37.2,-4516.5,0.3988800)
$LOG,181.659,L1CA,25,SYMBOL SYNC (-67.856)
$LOG,1172.156,,0,END FILE=D:\Record_files\GPS_NavIC_L1C_131224_625.bin
