$LOG,0.000,,0,START FILE=D:\Record_files\GPS_NavIC_L1C_131224_625.bin FS=6.250 FMT=0 IQ=2,2
$TIME,0.000,2025,5,19,5,54,28.433000,UTC
$TIME,1.000,2025,5,19,5,54,29.419000,UTC
$LOG,0.009,L1CA,28,SIGNAL NOT FOUND (0.0)
$TIME,2.000,2025,5,19,5,54,30.824000,UTC
$LOG,0.009,L1CA,31,SIGNAL NOT FOUND (0.0)
$LOG,0.009,L1CA,6,SIGNAL NOT FOUND (0.0)
$LOG,0.009,L1CA,23,SIGNAL NOT FOUND (0.0)
$LOG,0.009,L1CA,9,SIGNAL NOT FOUND (0.0)
$LOG,0.009,L1CA,29,SIGNAL NOT FOUND (0.0)
$LOG,0.009,L1CA,8,SIGNAL NOT FOUND (0.0)
$LOG,0.009,L1CA,12,SIGNAL NOT FOUND (0.0)
$LOG,0.009,L1CA,22,SIGNAL NOT FOUND (0.0)
$LOG,0.009,L1CA,32,SIGNAL NOT FOUND (0.0)
$LOG,0.009,L1CA,18,SIGNAL NOT FOUND (0.0)
$LOG,0.009,L1CA,16,SIGNAL NOT FOUND (0.0)
$LOG,0.009,L1CA,27,SIGNAL NOT FOUND (0.0)
$LOG,0.009,L1CA,20,SIGNAL NOT FOUND (0.0)
$LOG,0.009,L1CA,2,SIGNAL NOT FOUND (0.0)
$LOG,0.009,L1CA,3,SIGNAL NOT FOUND (0.0)
$LOG,0.009,L1CA,21,SIGNAL NOT FOUND (0.0)
$LOG,0.009,L1CA,25,SIGNAL NOT FOUND (0.0)
$LOG,0.009,L1CA,26,SIGNAL NOT FOUND (0.0)
$LOG,0.009,L1CA,11,SIGNAL NOT FOUND (0.0)
$LOG,0.009,L1CA,10,SIGNAL NOT FOUND (0.0)
$LOG,0.009,L1CA,1,SIGNAL NOT FOUND (0.0)
$LOG,0.009,L1CA,17,SIGNAL NOT FOUND (0.0)
$LOG,0.009,L1CA,7,SIGNAL NOT FOUND (0.0)
$LOG,0.009,L1CA,15,SIGNAL NOT FOUND (0.0)
$LOG,0.009,L1CA,5,SIGNAL NOT FOUND (0.0)
$LOG,0.009,L1CA,13,SIGNAL NOT FOUND (0.0)
$LOG,0.009,L1CA,4,SIGNAL NOT FOUND (0.0)
$LOG,0.009,L1CA,24,SIGNAL NOT FOUND (0.0)
$LOG,0.009,L1CA,30,SIGNAL NOT FOUND (0.0)
$LOG,0.009,L1CA,14,SIGNAL NOT FOUND (0.0)
$LOG,0.009,L1CA,19,SIGNAL NOT FOUND (0.0)
$LOG,2.009,L1CA,2,SIGNAL FOUND (43.8,-1619.3,0.9396800)
$TIME,3.000,2025,5,19,5,54,31.415000,UTC
$CH,3.000,L1CA,2,991,43.8,0.940670138,-1681.785,-1666.676,0,0
$LOG,2.709,L1CA,3,SIGNAL FOUND (52.2,882.6,0.5758400)
$CH,3.000,L1CA,3,291,52.2,0.575692522,865.348,252.244,0,0
$LOG,3.517,L1CA,2,SYMBOL SYNC (373.005)
$LOG,3.209,L1CA,4,SIGNAL FOUND (48.1,1884.8,0.7846400)
$TIME,4.000,2025,5,19,5,54,32.027000,UTC
$CH,4.000,L1CA,4,791,48.1,0.783725472,1852.406,1466.255,0,0
$CH,4.000,L1CA,3,1291,52.8,0.575139447,864.470,1117.299,0,0
$CH,4.000,L1CA,2,1991,44.5,0.941723546,-1683.171,-3350.300,0,0
$LOG,3.709,L1CA,5,SIGNAL FOUND (36.2,-4413.1,0.9739200)
$CH,4.000,L1CA,5,291,36.2,0.974722072,-4600.094,-1330.834,0,0
$LOG,4.226,L1CA,3,SYMBOL SYNC (-906.975)
$LOG,4.209,L1CA,6,SIGNAL FOUND (36.0,-2396.3,0.5566400)
$LOG,4.753,L1CA,4,SYMBOL SYNC (560.153)
$TIME,5.000,2025,5,19,5,54,32.804000,UTC
$CH,5.000,L1CA,6,791,36.0,0.557921554,-2789.729,-2113.789,0,0
$CH,5.000,L1CA,5,1291,33.9,0.977682307,-4605.405,-5935.668,0,0
$CH,5.000,L1CA,2,2991,44.8,0.942801738,-1683.591,-5033.638,0,0
$CH,5.000,L1CA,3,2291,53.1,0.574599112,864.318,1981.489,0,0
$CH,5.000,L1CA,4,1791,47.8,0.782551838,1852.693,3318.941,0,0
$LOG,4.709,L1CA,7,SIGNAL FOUND (43.4,1390.3,0.2958400)
$CH,5.000,L1CA,7,291,43.4,0.295600363,1358.905,396.540,0,0
$LOG,5.109,L1CA,8,SIGNAL FOUND (44.0,2056.2,0.7745600)
$LOG,5.509,L1CA,9,SIGNAL FOUND (42.1,2187.2,0.2329600)
$TIME,6.000,2025,5,19,5,54,33.969000,UTC
$CH,6.000,L1CA,9,491,42.1,0.232218865,2263.823,1109.536,0,0
$CH,6.000,L1CA,2,3991,44.9,0.943865308,-1683.319,-6716.854,0,0
$CH,6.000,L1CA,8,891,44.0,0.773364687,2092.860,1865.047,0,0
$CH,6.000,L1CA,5,2291,32.5,0.980569487,-4604.750,-10544.815,0,0
$CH,6.000,L1CA,6,1791,33.8,0.559691790,-2798.783,-4907.770,0,0
$CH,6.000,L1CA,4,2791,48.3,0.781370309,1852.585,5171.641,0,0
$CH,6.000,L1CA,7,1291,43.6,0.294768094,1357.844,1756.446,0,0
$CH,6.000,L1CA,3,3291,53.6,0.574048613,863.289,2845.057,0,0
$LOG,5.909,L1CA,10,SIGNAL FOUND (35.9,3041.6,0.1952000)
$CH,6.000,L1CA,10,91,35.9,0.195021554,3062.729,278.767,0,0
$LOG,6.220,L1CA,7,SYMBOL SYNC (339.847)
$LOG,6.109,L1CA,11,SIGNAL FOUND (37.2,970.9,0.1145600)
$LOG,6.619,L1CA,8,SYMBOL SYNC (-310.825)
$LOG,6.409,L1CA,12,SIGNAL FOUND (35.7,-2405.1,0.7856000)
$LOG,6.709,L1CA,5,SIGNAL LOST (L1CA, 31.3)
$TIME,7.000,2025,5,19,5,54,35.636000,UTC
$LOG,6.709,L1CA,13,SIGNAL FOUND (35.5,1379.0,0.8726400)
$CH,7.000,L1CA,4,3791,48.5,0.780199930,1853.257,7024.412,0,0
$CH,7.000,L1CA,12,591,35.7,0.786531305,-2480.700,-1423.943,0,0
$CH,7.000,L1CA,2,4991,44.4,0.944932944,-1682.990,-8399.952,0,0
$CH,7.000,L1CA,3,4291,53.6,0.573498665,862.224,3708.002,0,0
$CH,7.000,L1CA,8,1891,44.4,0.772032931,2094.161,3959.792,0,0
$CH,7.000,L1CA,9,1491,42.9,0.230771588,2263.967,3373.466,0,0
$CH,7.000,L1CA,7,2291,43.5,0.293920144,1359.515,3115.942,0,0
$CH,7.000,L1CA,6,2791,32.3,0.561443625,-2795.377,-7708.612,0,0
$CH,7.000,L1CA,10,1091,34.1,0.193265853,2757.709,3161.205,0,0
$CH,7.000,L1CA,11,891,37.2,0.114148928,857.444,771.819,0,0
$CH,7.000,L1CA,13,291,35.5,0.872414170,1345.780,397.617,0,0
$LOG,7.100,L1CA,9,SYMBOL SYNC (-304.989)
$LOG,7.209,L1CA,6,SIGNAL LOST (L1CA, 31.3)
$LOG,7.009,L1CA,14,SIGNAL FOUND (36.6,777.8,0.8267200)
$LOG,7.309,L1CA,15,SIGNAL FOUND (36.2,-1026.7,0.2342400)
$LOG,7.609,L1CA,16,SIGNAL FOUND (52.0,-88.6,0.1854400)
$TIME,8.000,2025,5,19,5,54,37.449000,UTC
$CH,8.000,L1CA,15,691,36.2,0.234634523,-1132.053,-768.172,0,0
$CH,8.000,L1CA,11,1891,35.2,0.113720718,862.664,1632.236,0,0
$CH,8.000,L1CA,13,1291,33.7,0.871610798,1370.026,1766.398,0,0
$CH,8.000,L1CA,9,2491,43.4,0.229334336,2264.893,5637.670,0,0
$CH,8.000,L1CA,7,3291,43.3,0.293054289,1358.398,4475.202,0,0
$CH,8.000,L1CA,4,4791,48.5,0.779021905,1851.934,8877.270,0,0
$CH,8.000,L1CA,3,5291,53.5,0.572957013,862.587,4570.316,0,0
$CH,8.000,L1CA,14,991,36.6,0.826200669,943.726,854.568,0,0
$CH,8.000,L1CA,16,391,52.0,0.185520543,-126.910,-48.753,0,0
$CH,8.000,L1CA,2,5991,44.6,0.946007637,-1683.307,-10082.921,0,0
$CH,8.000,L1CA,8,2891,43.8,0.770704770,2095.317,6054.708,0,0
$CH,8.000,L1CA,12,1591,33.4,0.788148841,-2337.081,-3795.645,0,0
$CH,8.000,L1CA,10,2091,32.8,0.191520334,2743.573,5912.212,0,0
$LOG,7.909,L1CA,17,SIGNAL NOT FOUND (34.8)
$LOG,8.209,L1CA,18,SIGNAL FOUND (35.7,-2542.0,0.0036800)
$LOG,8.406,L1CA,11,SYMBOL SYNC (90.468)
$LOG,8.409,L1CA,19,SIGNAL FOUND (37.0,3506.4,0.3654400)
$LOG,8.609,L1CA,20,SIGNAL FOUND (36.3,-5000.0,0.9430400)
$TIME,9.000,2025,5,19,5,54,39.721000,UTC
$LOG,8.909,L1CA,10,SIGNAL LOST (L1CA, 30.9)
$LOG,8.809,L1CA,21,SIGNAL FOUND (44.5,-1431.4,0.2025600)
$CH,9.000,L1CA,11,2891,34.5,0.113334011,862.159,2493.431,0,0
$CH,9.000,L1CA,3,6291,53.7,0.572397821,861.586,5432.012,0,0
$CH,9.000,L1CA,12,2591,32.1,0.789685924,-2340.721,-6133.611,0,0
$CH,9.000,L1CA,7,4291,43.2,0.292193960,1358.582,5834.231,0,0
$CH,9.000,L1CA,9,3491,43.7,0.227900332,2263.964,7902.036,0,0
$CH,9.000,L1CA,18,791,35.7,0.004942035,-2578.204,-2071.595,0,0
$CH,9.000,L1CA,15,1691,35.2,0.235166126,-1139.242,-1911.992,0,0
$CH,9.000,L1CA,14,1991,35.0,0.825651150,915.743,1764.209,0,0
$CH,9.000,L1CA,16,1391,52.1,0.185562876,-127.714,-176.539,0,0
$CH,9.000,L1CA,20,391,36.3,0.944275755,-5082.604,-1996.411,0,0
$CH,9.000,L1CA,19,591,37.0,0.364275950,3372.018,1987.178,0,0
$CH,9.000,L1CA,21,191,44.5,0.202725673,-1421.384,-271.798,0,0
$CH,9.000,L1CA,13,2291,32.7,0.870806186,1364.889,3131.525,0,0
$CH,9.000,L1CA,4,5791,48.7,0.777838935,1852.757,10730.205,0,0
$CH,9.000,L1CA,8,3891,43.6,0.769367223,2096.281,8149.885,0,0
$CH,9.000,L1CA,2,6991,45.2,0.947068230,-1682.893,-11765.776,0,0
$LOG,9.009,L1CA,22,SIGNAL FOUND (35.8,2487.2,0.0897600)
$LOG,9.226,L1CA,16,SYMBOL SYNC (925.389)
$LOG,9.209,L1CA,23,SIGNAL FOUND (35.9,993.5,0.1558400)
$LOG,9.409,L1CA,12,SIGNAL LOST (L1CA, 31.0)
$LOG,9.409,L1CA,24,SIGNAL FOUND (36.6,-2627.9,0.3683200)
$LOG,9.709,L1CA,13,SIGNAL LOST (L1CA, 31.9)
$LOG,9.609,L1CA,25,SIGNAL FOUND (35.9,-2952.3,0.6969600)
$TIME,10.000,2025,5,19,5,54,42.493000,UTC
$CH,10.000,L1CA,18,1791,33.8,0.006586482,-2537.264,-4618.990,0,0
$CH,10.000,L1CA,9,4491,43.7,0.226461724,2265.530,10166.562,0,0
$CH,10.000,L1CA,7,5291,43.1,0.291335003,1358.157,7193.023,0,0
$CH,10.000,L1CA,25,391,35.9,0.697621933,-2827.819,-1119.585,0,0
$CH,10.000,L1CA,21,1191,44.4,0.203629346,-1422.083,-1693.610,0,0
$CH,10.000,L1CA,23,791,35.9,0.155339073,839.283,695.469,0,0
$CH,10.000,L1CA,20,1391,33.2,0.947503705,-5054.221,-7080.570,0,0
$CH,10.000,L1CA,22,991,35.8,0.088263065,2350.586,2339.244,0,0
$CH,10.000,L1CA,2,7991,45.4,0.948140586,-1684.075,-13448.506,0,0
$CH,10.000,L1CA,19,1591,33.9,0.362161376,3333.857,5329.933,0,0
$CH,10.000,L1CA,16,2391,52.0,0.185680287,-128.951,-305.111,0,0
$CH,10.000,L1CA,24,591,36.6,0.369190529,-2663.311,-1550.158,0,0
$CH,10.000,L1CA,3,7291,53.3,0.571866034,860.721,6293.081,0,0
$CH,10.000,L1CA,11,3891,33.4,0.112799723,861.729,3354.617,0,0
$CH,10.000,L1CA,15,2691,32.1,0.235684395,-1133.155,-3049.515,0,0
$CH,10.000,L1CA,8,4891,43.4,0.768041263,2094.481,10245.322,0,0
$CH,10.000,L1CA,4,6791,48.6,0.776668391,1853.833,12583.222,0,0
$CH,10.000,L1CA,14,2991,33.7,0.825056921,913.999,2672.321,0,0
$LOG,9.809,L1CA,26,SIGNAL FOUND (49.9,-2456.6,0.3923200)
$CH,10.000,L1CA,26,191,49.9,0.392634136,-2454.913,-468.767,0,0
$LOG,10.209,L1CA,18,SIGNAL LOST (L1CA, 32.0)
$LOG,10.109,L1CA,27,SIGNAL FOUND (44.6,1945.9,0.5452800)
$LOG,10.309,L1CA,15,SIGNAL LOST (L1CA, 31.1)
$LOG,10.358,L1CA,21,SYMBOL SYNC (-368.391)
$LOG,10.409,L1CA,19,SIGNAL LOST (L1CA, 31.6)
$LOG,10.309,L1CA,28,SIGNAL FOUND (36.9,-502.0,0.5864000)
$LOG,10.609,L1CA,20,SIGNAL LOST (L1CA, 31.2)
$LOG,10.509,L1CA,29,SIGNAL FOUND (36.9,4017.5,0.6524800)
$LOG,10.709,L1CA,30,SIGNAL FOUND (35.6,468.8,0.1955200)
$TIME,11.000,2025,5,19,5,54,45.125000,UTC
$CH,11.000,L1CA,23,1791,32.8,0.154711841,860.059,1551.340,0,0
$CH,11.000,L1CA,26,1191,50.6,0.394211930,-2454.070,-2922.982,0,0
$CH,11.000,L1CA,8,5891,42.8,0.766712815,2096.050,12341.015,0,0
$CH,11.000,L1CA,14,3991,32.6,0.824599380,912.395,3578.777,0,0
$CH,11.000,L1CA,24,1591,34.3,0.370710072,-2615.627,-4166.451,0,0
$CH,11.000,L1CA,11,4891,32.8,0.112297676,862.172,4215.008,0,0
$CH,11.000,L1CA,7,6291,43.4,0.290465648,1358.792,8551.578,0,0
$CH,11.000,L1CA,2,8991,45.1,0.949207590,-1682.393,-15131.116,0,0
$CH,11.000,L1CA,16,3391,52.5,0.185726416,-129.861,-434.395,0,0
$CH,11.000,L1CA,28,691,36.9,0.586652991,-768.923,-463.310,0,0
$CH,11.000,L1CA,27,891,44.6,0.544144408,1938.281,1728.185,0,0
$CH,11.000,L1CA,4,7791,48.2,0.775490866,1853.573,14436.319,0,0
$CH,11.000,L1CA,25,1391,32.8,0.699385712,-2771.097,-3883.949,0,0
$CH,11.000,L1CA,22,1991,33.9,0.086828864,2351.528,4694.530,0,0
$CH,11.000,L1CA,21,2191,44.2,0.204536820,-1420.888,-3115.122,0,0
$CH,11.000,L1CA,29,491,36.9,0.651310199,3753.713,1901.317,0,0
$CH,11.000,L1CA,9,5491,43.3,0.225027058,2264.766,12431.253,0,0
$CH,11.000,L1CA,3,8291,52.8,0.571309534,860.369,7153.527,0,0
$CH,11.000,L1CA,30,291,35.6,0.195421755,350.770,105.016,0,0
$LOG,11.009,L1CA,14,SIGNAL LOST (L1CA, 31.6)
$LOG,10.909,L1CA,31,SIGNAL FOUND (45.6,-2568.8,0.5923200)
$CH,11.000,L1CA,31,91,45.6,0.592470909,-2596.639,-235.657,0,0
$LOG,11.109,L1CA,32,SIGNAL NOT FOUND (34.8)
$LOG,11.310,L1CA,26,SYMBOL SYNC (675.002)
$LOG,11.409,L1CA,24,SIGNAL LOST (L1CA, 31.5)
$LOG,11.309,L1CA,1,SIGNAL FOUND (46.0,-2079.4,0.2436800)
$LOG,11.609,L1CA,25,SIGNAL LOST (L1CA, 31.1)
$LOG,11.657,L1CA,27,SYMBOL SYNC (-415.911)
$LOG,11.509,L1CA,5,SIGNAL FOUND (36.7,899.9,0.1105600)
$LOG,11.709,L1CA,6,SIGNAL FOUND (35.1,3962.0,0.8094400)
$TIME,12.000,2025,5,19,5,54,47.895000,UTC
$CH,12.000,L1CA,2,9991,45.0,0.950267363,-1682.618,-16813.605,0,0
$CH,12.000,L1CA,26,2191,50.7,0.395774963,-2454.548,-5377.663,0,0
$CH,12.000,L1CA,7,7291,44.3,0.289600772,1357.821,9909.896,0,0
$CH,12.000,L1CA,22,2991,32.8,0.085325620,2349.308,7049.753,0,0
$CH,12.000,L1CA,30,1291,34.7,0.195184007,337.989,461.407,0,0
$CH,12.000,L1CA,27,1891,45.2,0.542921533,1940.531,3667.577,0,0
$CH,12.000,L1CA,11,5891,32.2,0.111735913,863.569,5074.887,0,0
$CH,12.000,L1CA,31,1091,46.0,0.594111367,-2599.507,-2833.736,0,0
$CH,12.000,L1CA,4,8791,48.1,0.774309452,1853.056,16289.501,0,0
$CH,12.000,L1CA,5,491,36.7,0.110313664,792.947,419.318,0,0
$CH,12.000,L1CA,29,1491,33.5,0.648946795,3832.070,5716.942,0,0
$CH,12.000,L1CA,6,291,35.1,0.808767033,3839.621,1125.613,0,0
$CH,12.000,L1CA,21,3191,43.8,0.205419726,-1421.197,-4536.469,0,0
$CH,12.000,L1CA,23,2791,32.2,0.154047112,860.729,2404.713,0,0
$CH,12.000,L1CA,9,6491,43.4,0.223576242,2265.316,14696.101,0,0
$CH,12.000,L1CA,1,691,46.0,0.244546009,-2100.613,-1450.760,0,0
$CH,12.000,L1CA,8,6891,42.9,0.765389775,2095.177,14436.972,0,0
$CH,12.000,L1CA,16,4391,53.4,0.185840928,-130.605,-564.389,0,0
$CH,12.000,L1CA,3,9291,52.8,0.570772696,859.342,8013.352,0,0
$CH,12.000,L1CA,28,1691,35.9,0.587050719,-691.083,-1163.961,0,0
$LOG,12.009,L1CA,22,SIGNAL LOST (L1CA, 31.6)
$LOG,11.909,L1CA,10,SIGNAL FOUND (36.4,965.4,0.2366400)
$LOG,12.109,L1CA,11,SIGNAL LOST (L1CA, 32.0)
$CH,12.000,L1CA,10,91,36.4,0.236599916,851.837,82.766,0,0
$LOG,12.209,L1CA,23,SIGNAL LOST (L1CA, 31.6)
$LOG,12.227,L1CA,3,FRAME SYNC (N)
$LNAV,12.067,L1CA,3,8B55567E910802033E319A67FA0FC40287029FBC0204FAA10CC49560AE7C
$LOG,12.234,L1CA,4,FRAME SYNC (R)
$LNAV,12.074,L1CA,4,8B55567E910802F4C8307AE314F10DF5E5014CEC221234A10D069A60AE7F
$LOG,12.238,L1CA,2,FRAME SYNC (R)
$LNAV,12.078,L1CA,2,8B55567E91080208282F330695ECBE06E4082DF0241780A10E011860AE7D
$LOG,12.109,L1CA,12,SIGNAL FOUND (35.8,1028.2,0.1779200)
$LOG,12.416,L1CA,31,SYMBOL SYNC (432.849)
$LOG,12.309,L1CA,13,SIGNAL FOUND (35.4,48.6,0.2588800)
$LOG,12.509,L1CA,29,SIGNAL LOST (L1CA, 31.4)
$LOG,12.509,L1CA,14,SIGNAL FOUND (35.9,965.2,0.0510400)
$LOG,12.837,L1CA,1,SYMBOL SYNC (457.210)
$LOG,12.709,L1CA,15,SIGNAL FOUND (36.2,1000.7,0.6856000)
$TIME,13.000,2025,5,19,5,54,50.955000,UTC
$CH,13.000,L1CA,7,8291,44.1,0.288734475,1358.193,11267.976,0,0
$CH,13.000,L1CA,12,891,35.8,0.177464542,663.194,717.168,0,0
$CH,13.000,L1CA,27,2891,45.6,0.541684011,1939.012,5607.061,0,0
$CH,13.000,L1CA,16,5391,53.2,0.185899345,-131.178,-695.105,0,0
$CH,13.000,L1CA,3,10291,52.4,0.570229401,858.773,8872.551,1,0
$CH,13.000,L1CA,15,291,36.2,0.685444624,882.533,267.073,0,0
$CH,13.000,L1CA,26,3191,50.2,0.397332795,-2455.512,-7832.812,0,0
$CH,13.000,L1CA,5,1491,35.3,0.109951394,817.549,1244.805,0,0
$CH,13.000,L1CA,13,691,35.4,0.258921161,-195.421,-61.902,0,0
$CH,13.000,L1CA,21,4191,43.7,0.206340179,-1420.303,-5957.632,0,0
$CH,13.000,L1CA,30,2291,33.5,0.195056424,334.560,795.402,0,0
$CH,13.000,L1CA,31,2091,45.7,0.595762303,-2597.339,-5431.662,0,0
$CH,13.000,L1CA,10,1091,35.5,0.236216972,863.525,947.152,0,0
$CH,13.000,L1CA,9,7491,43.4,0.222137574,2265.168,16961.110,0,0
$CH,13.000,L1CA,8,7891,42.7,0.764058707,2095.974,16533.184,0,0
$CH,13.000,L1CA,4,9791,47.9,0.773141494,1853.836,18142.759,1,0
$CH,13.000,L1CA,28,2691,33.7,0.587402129,-694.716,-1859.924,0,0
$CH,13.000,L1CA,2,10991,44.9,0.951335024,-1682.401,-18495.971,1,0
$CH,13.000,L1CA,6,1291,33.2,0.806382673,3714.793,4911.589,0,0
$CH,13.000,L1CA,1,1691,45.6,0.245864691,-2099.672,-3550.994,0,0
$CH,13.000,L1CA,14,491,35.9,0.050770160,849.432,424.482,0,0
$LOG,12.909,L1CA,17,SIGNAL FOUND (35.6,428.8,0.8732800)
$CH,13.000,L1CA,17,91,35.6,0.873245497,474.079,42.228,0,0
$LOG,13.109,L1CA,18,SIGNAL FOUND (36.5,5000.0,0.2808000)
$LOG,13.309,L1CA,28,SIGNAL LOST (L1CA, 31.1)
$LOG,13.309,L1CA,19,SIGNAL FOUND (35.7,1033.7,0.6804800)
$LOG,13.509,L1CA,20,SIGNAL FOUND (35.6,2862.2,0.3844800)
$LOG,13.709,L1CA,6,SIGNAL LOST (L1CA, 31.2)
$LOG,13.709,L1CA,22,SIGNAL FOUND (36.7,-1037.9,0.4878400)
$TIME,14.000,2025,5,19,5,54,54.161000,UTC
$LOG,13.946,L1CA,10,SYMBOL SYNC (-75.104)
$CH,14.000,L1CA,14,1491,34.6,0.050327786,851.606,1291.682,0,0
$CH,14.000,L1CA,5,2491,34.1,0.109649318,815.207,2056.555,0,0
$CH,14.000,L1CA,13,1691,34.3,0.258916838,-140.343,-199.320,0,0
$CH,14.000,L1CA,30,3291,32.2,0.194933630,332.273,1129.107,0,0
$CH,14.000,L1CA,15,1291,34.1,0.684958448,858.898,1115.153,0,0
$CH,14.000,L1CA,9,8491,43.8,0.220700352,2264.275,19226.290,0,0
$CH,14.000,L1CA,7,9291,44.1,0.287870544,1357.130,12625.820,0,0
$CH,14.000,L1CA,19,691,35.7,0.679935144,1412.745,888.043,0,0
$CH,14.000,L1CA,12,1891,33.3,0.176985298,709.938,1420.540,0,0
$CH,14.000,L1CA,26,4191,50.3,0.398891535,-2456.133,-10288.420,0,0
$CH,14.000,L1CA,2,11991,45.5,0.952407852,-1682.008,-20178.217,1,0
$CH,14.000,L1CA,16,6391,53.3,0.186000468,-132.049,-826.529,0,0
$CH,14.000,L1CA,4,10791,47.6,0.771968052,1852.793,19996.101,1,0
$CH,14.000,L1CA,27,3891,45.2,0.540461112,1939.815,7546.575,0,0
$CH,14.000,L1CA,10,2091,33.9,0.235829188,859.380,1808.607,0,0
$CH,14.000,L1CA,17,1091,33.5,0.873034917,346.992,410.985,0,0
$CH,14.000,L1CA,20,491,35.6,0.383654680,2837.264,1394.739,0,0
$CH,14.000,L1CA,18,891,36.5,0.278143716,4852.872,4331.962,0,0
$CH,14.000,L1CA,22,291,36.7,0.488031136,-1152.039,-328.410,0,0
$CH,14.000,L1CA,21,5191,43.3,0.207224006,-1420.596,-7378.632,0,0
$CH,14.000,L1CA,3,11291,52.2,0.569671857,858.438,9731.123,1,0
$CH,14.000,L1CA,1,2691,46.5,0.247205361,-2100.804,-5651.277,0,0
$CH,14.000,L1CA,8,8891,43.2,0.762729507,2096.177,18629.648,0,0
$CH,14.000,L1CA,31,3091,45.4,0.597415230,-2597.810,-8029.478,0,0
$LOG,13.909,L1CA,23,SIGNAL FOUND (35.9,-881.8,0.5222400)
$CH,14.000,L1CA,23,91,35.9,0.522287612,-842.855,-80.475,0,0
$LOG,14.266,L1CA,15,SYMBOL SYNC (76.845)
$LOG,14.109,L1CA,24,SIGNAL FOUND (35.4,4506.8,0.6547200)
$LOG,14.309,L1CA,25,SIGNAL FOUND (35.0,5000.0,0.1764800)
$LOG,14.509,L1CA,28,SIGNAL FOUND (36.0,-364.9,0.6534400)
$LOG,14.709,L1CA,30,SIGNAL LOST (L1CA, 31.3)
$LOG,14.609,L1CA,29,SIGNAL FOUND (35.8,3514.1,0.4609600)
$TIME,15.000,2025,5,19,5,54,58.152000,UTC
$LOG,14.909,L1CA,17,SIGNAL LOST (L1CA, 31.7)
$LOG,14.809,L1CA,30,SIGNAL FOUND (36.5,1045.7,0.9875200)
$CH,15.000,L1CA,2,12991,45.4,0.953481118,-1682.214,-21860.340,1,0
$CH,15.000,L1CA,24,891,35.4,0.652213652,4431.163,3927.899,0,0
$CH,15.000,L1CA,15,2291,33.4,0.684485713,855.267,1973.115,0,0
$CH,15.000,L1CA,7,10291,44.1,0.287010052,1357.970,13983.432,0,0
$CH,15.000,L1CA,14,2491,32.5,0.049942650,854.647,2144.539,0,0
$CH,15.000,L1CA,27,4891,45.2,0.539225185,1939.562,9486.135,0,0
$CH,15.000,L1CA,22,1291,34.0,0.488533429,-1075.175,-1420.079,0,0
$CH,15.000,L1CA,12,2891,32.6,0.176443616,701.732,2127.843,0,0
$CH,15.000,L1CA,13,2691,32.3,0.259121623,-141.792,-335.697,0,0
$CH,15.000,L1CA,19,1691,33.5,0.678999573,1461.534,2329.063,0,0
$CH,15.000,L1CA,31,4091,45.6,0.599055024,-2596.716,-10627.193,0,0
$CH,15.000,L1CA,29,391,35.8,0.460123533,3441.572,1356.368,0,0
$CH,15.000,L1CA,4,11791,47.5,0.770782881,1853.323,21849.515,1,0
$CH,15.000,L1CA,18,1891,33.0,0.274992619,4922.636,9244.606,0,0
$CH,15.000,L1CA,21,6191,43.9,0.208133105,-1419.662,-8799.448,0,0
$CH,15.000,L1CA,16,7391,53.7,0.186073351,-132.289,-958.664,0,0
$CH,15.000,L1CA,23,1091,35.1,0.522678882,-638.529,-739.412,0,0
$CH,15.000,L1CA,9,9491,43.3,0.219267601,2265.978,21491.627,0,0
$CH,15.000,L1CA,28,491,36.0,0.653581740,-129.756,-89.482,0,0
$CH,15.000,L1CA,20,1491,33.8,0.381910503,2914.416,4270.687,0,0
$CH,15.000,L1CA,30,191,36.5,0.987421957,878.959,187.381,0,0
$CH,15.000,L1CA,3,12291,52.6,0.569138158,857.613,10589.075,1,0
$CH,15.000,L1CA,8,9891,43.5,0.761393384,2096.286,20726.374,0,0
$CH,15.000,L1CA,25,691,35.0,0.174455570,4721.847,3329.600,0,0
$CH,15.000,L1CA,10,3091,32.8,0.235296067,855.105,2666.578,0,0
$CH,15.000,L1CA,26,5191,50.6,0.400448243,-2456.245,-12744.495,0,0
$CH,15.000,L1CA,5,3491,33.8,0.109199742,812.326,2868.472,0,0
$CH,15.000,L1CA,1,3691,46.4,0.248542058,-2099.950,-7751.546,0,0
$LOG,15.109,L1CA,12,SIGNAL LOST (L1CA, 31.3)
$LOG,15.109,L1CA,18,SIGNAL LOST (L1CA, 31.0)
$LOG,15.009,L1CA,32,SIGNAL FOUND (35.5,-1474.1,0.5516800)
$LOG,15.309,L1CA,13,SIGNAL LOST (L1CA, 31.9)
$LOG,15.209,L1CA,6,SIGNAL FOUND (36.4,990.5,0.7940800)
$LOG,15.509,L1CA,14,SIGNAL LOST (L1CA, 31.5)
$LOG,15.409,L1CA,11,SIGNAL FOUND (37.6,-496.4,0.0635200)
$LOG,15.609,L1CA,12,SIGNAL FOUND (35.7,1031.2,0.2521600)
$TIME,16.000,2025,5,19,5,55,2.052000,UTC
$LOG,15.809,L1CA,13,SIGNAL FOUND (35.0,1307.9,0.8816000)
$CH,16.000,L1CA,3,13291,53.0,0.568585988,856.746,11446.400,1,0
$CH,16.000,L1CA,6,791,36.4,0.793680176,852.463,694.894,0,0
$CH,16.000,L1CA,5,4491,32.9,0.108607805,812.921,3680.842,0,0
$CH,16.000,L1CA,8,10891,43.9,0.760053203,2097.169,22823.368,0,0
$CH,16.000,L1CA,7,11291,44.5,0.286144460,1356.693,15340.813,0,0
$CH,16.000,L1CA,4,12791,47.7,0.769616938,1853.831,23703.011,1,0
$CH,16.000,L1CA,27,5891,45.7,0.537987389,1938.930,11425.739,0,0
$CH,16.000,L1CA,23,2091,34.4,0.522925843,-629.469,-1372.768,0,0
$CH,16.000,L1CA,21,7191,44.8,0.209036956,-1421.338,-10220.093,0,0
$CH,16.000,L1CA,10,4091,32.5,0.234748435,857.818,3523.855,0,0
$CH,16.000,L1CA,11,591,37.6,0.063697332,-458.800,-316.397,0,0
$CH,16.000,L1CA,29,1391,33.0,0.457968701,3340.418,4719.122,0,0
$CH,16.000,L1CA,9,10491,43.3,0.217827071,2265.700,23757.120,0,0
$CH,16.000,L1CA,22,2291,32.0,0.489043987,-1074.055,-2491.517,0,0
$CH,16.000,L1CA,24,1891,33.6,0.649475282,4372.560,8301.258,0,0
$CH,16.000,L1CA,20,2491,32.1,0.380097653,2905.748,7180.574,0,0
$CH,16.000,L1CA,12,391,35.7,0.251998947,812.725,333.851,0,0
$CH,16.000,L1CA,32,991,35.5,0.552601377,-1691.093,-1604.239,0,0
$CH,16.000,L1CA,19,2691,32.5,0.678068690,1457.153,3783.549,0,0
$CH,16.000,L1CA,1,4691,46.6,0.249858925,-2100.063,-9851.790,0,0
$CH,16.000,L1CA,26,6191,50.9,0.402011161,-2457.332,-15201.030,0,0
$CH,16.000,L1CA,31,5091,45.6,0.600704180,-2597.187,-13224.810,0,0
$CH,16.000,L1CA,30,1191,34.6,0.986917307,921.727,1091.590,0,0
$CH,16.000,L1CA,15,3291,33.1,0.683954938,860.813,2830.451,0,0
$CH,16.000,L1CA,13,191,35.0,0.881466036,1352.736,253.372,0,0
$CH,16.000,L1CA,16,8391,52.9,0.186160712,-133.428,-1091.512,0,0
$CH,16.000,L1CA,2,13991,45.7,0.954540793,-1682.469,-23542.347,1,0
$CH,16.000,L1CA,25,1691,32.4,0.171428766,4797.263,8113.471,0,0
$CH,16.000,L1CA,28,1491,34.9,0.653789730,-157.845,-243.812,0,0
$LOG,16.109,L1CA,24,SIGNAL LOST (L1CA, 31.9)
$LOG,16.009,L1CA,14,SIGNAL FOUND (35.7,-3871.3,0.7678400)
$LOG,16.309,L1CA,25,SIGNAL LOST (L1CA, 31.2)
$LOG,16.209,L1CA,17,SIGNAL FOUND (35.6,2140.8,0.5078400)
$LOG,16.509,L1CA,5,SIGNAL LOST (L1CA, 31.7)
$LOG,16.509,L1CA,20,SIGNAL LOST (L1CA, 31.1)
$LOG,16.409,L1CA,18,SIGNAL FOUND (36.6,-2488.2,0.8744000)
$LOG,16.609,L1CA,29,SIGNAL LOST (L1CA, 31.9)
$LOG,16.609,L1CA,20,SIGNAL FOUND (35.7,-3585.1,0.3056000)
$LOG,16.709,L1CA,22,SIGNAL LOST (L1CA, 30.0)
$LOG,16.709,L1CA,24,SIGNAL FOUND (36.2,1809.0,0.5062400)
$TIME,17.000,2025,5,19,5,55,6.164000,UTC
$CH,17.000,L1CA,32,1991,33.0,0.553697578,-1704.651,-3305.772,0,0
$CH,17.000,L1CA,4,13791,47.9,0.768437538,1853.706,25556.589,1,0
$CH,17.000,L1CA,15,4291,32.5,0.683435421,850.957,3687.099,0,0
$CH,17.000,L1CA,12,1391,34.2,0.251459983,840.045,1189.649,0,0
$CH,17.000,L1CA,6,1791,34.6,0.793261988,842.524,1542.480,0,0
$CH,17.000,L1CA,30,2191,33.7,0.986357671,924.567,2013.379,0,0
$CH,17.000,L1CA,23,3091,33.1,0.523150511,-630.514,-2006.154,0,0
$CH,17.000,L1CA,7,12291,44.5,0.285298950,1356.433,16697.945,0,0
$CH,17.000,L1CA,13,1191,33.3,0.880686460,1173.198,1541.201,0,0
$CH,17.000,L1CA,16,9391,52.6,0.186253398,-133.879,-1225.077,0,0
$CH,17.000,L1CA,18,591,36.6,0.875293083,-2583.493,-1502.948,0,0
$CH,17.000,L1CA,11,1591,35.2,0.064008297,-622.230,-926.121,0,0
$CH,17.000,L1CA,31,6091,45.1,0.602351190,-2597.378,-15822.309,0,0
$CH,17.000,L1CA,21,8191,45.5,0.209940864,-1420.755,-11640.550,0,0
$CH,17.000,L1CA,27,6891,45.5,0.536763052,1939.712,13365.383,0,0
$CH,17.000,L1CA,8,11891,44.0,0.758741310,2097.799,24920.608,0,0
$CH,17.000,L1CA,24,291,36.2,0.505912180,1866.077,535.230,0,0
$CH,17.000,L1CA,9,11491,43.2,0.216395170,2266.615,26022.785,0,0
$CH,17.000,L1CA,3,14291,53.2,0.568045807,856.541,12303.102,1,0
$CH,17.000,L1CA,14,991,35.7,0.770084735,-3815.661,-3678.371,0,0
$CH,17.000,L1CA,2,14991,45.8,0.955613704,-1682.162,-25224.231,1,0
$CH,17.000,L1CA,17,791,35.6,0.506833150,2293.297,1805.741,0,0
$CH,17.000,L1CA,1,5691,46.2,0.251203146,-2101.130,-11952.011,0,0
$CH,17.000,L1CA,26,7191,50.8,0.403568295,-2457.202,-17658.030,0,0
$CH,17.000,L1CA,20,391,35.7,0.306410406,-3709.376,-1417.638,0,0
$CH,17.000,L1CA,10,5091,32.8,0.234190813,857.855,4380.530,0,0
$CH,17.000,L1CA,19,3691,32.2,0.677257565,1456.574,5236.715,0,0
$CH,17.000,L1CA,28,2491,33.8,0.653970580,-159.757,-405.075,0,0
$LOG,17.009,L1CA,32,SIGNAL LOST (L1CA, 30.7)
$LOG,16.909,L1CA,25,SIGNAL FOUND (36.0,-7.3,0.3726400)
$CH,17.000,L1CA,25,91,36.0,0.372627162,10.178,0.998,0,0
$LOG,17.109,L1CA,29,SIGNAL FOUND (35.3,-3946.0,0.0772800)
$LOG,17.309,L1CA,19,SIGNAL LOST (L1CA, 31.7)
$LOG,17.309,L1CA,32,SIGNAL FOUND (36.1,-5000.0,0.7886400)
$LOG,17.509,L1CA,5,SIGNAL FOUND (36.2,-3535.7,0.5990400)
$LOG,17.809,L1CA,13,SIGNAL LOST (L1CA, 31.8)
$LOG,17.709,L1CA,19,SIGNAL FOUND (35.7,1506.0,0.9382400)
$TIME,18.000,2025,5,19,5,55,10.223000,UTC
$LOG,17.909,L1CA,23,SIGNAL LOST (L1CA, 31.6)
$LOG,17.909,L1CA,22,SIGNAL FOUND (36.0,-2451.7,0.3132800)
$CH,18.000,L1CA,29,891,35.3,0.079456330,-3740.390,-3481.098,0,0
$CH,18.000,L1CA,8,12891,43.7,0.757390697,2097.118,27018.109,0,0
$CH,18.000,L1CA,31,7091,45.2,0.604001991,-2597.177,-18419.712,0,0
$CH,18.000,L1CA,26,8191,50.7,0.405126167,-2457.620,-20115.496,0,0
$CH,18.000,L1CA,21,9191,45.7,0.210850241,-1420.695,-13060.841,0,0
$CH,18.000,L1CA,2,15991,45.8,0.956675646,-1682.262,-26905.986,1,0
$CH,18.000,L1CA,25,1091,34.6,0.372454707,362.826,306.349,0,0
$CH,18.000,L1CA,10,6091,32.7,0.233679685,856.346,5236.681,0,0
$CH,18.000,L1CA,6,2791,33.6,0.792757465,846.940,2390.787,0,0
$CH,18.000,L1CA,27,7891,44.8,0.535532011,1939.185,15305.070,0,0
$CH,18.000,L1CA,17,1791,33.9,0.505527743,2331.456,4138.350,0,0
$CH,18.000,L1CA,19,291,35.7,0.937991882,1334.031,409.561,0,0
$CH,18.000,L1CA,7,13291,44.2,0.284433531,1355.908,18054.850,0,0
$CH,18.000,L1CA,18,1591,34.2,0.876639051,-2141.373,-3734.441,0,0
$CH,18.000,L1CA,24,1291,34.5,0.504902043,1861.980,2376.388,0,0
$CH,18.000,L1CA,3,15291,53.2,0.567506317,855.920,13159.179,1,0
$CH,18.000,L1CA,11,2591,34.2,0.064404234,-626.380,-1548.207,0,0
$CH,18.000,L1CA,5,491,36.2,0.600079181,-3501.006,-1746.437,0,0
$CH,18.000,L1CA,4,14791,47.8,0.767253088,1853.303,27410.252,1,0
$CH,18.000,L1CA,32,691,36.1,0.790839002,-5130.534,-3537.041,0,0
$CH,18.000,L1CA,16,10391,52.2,0.186322754,-134.295,-1359.351,0,0
$CH,18.000,L1CA,15,5291,32.8,0.682847035,857.422,4543.129,0,0
$CH,18.000,L1CA,1,6691,46.1,0.252541534,-2100.239,-14052.213,0,0
$CH,18.000,L1CA,12,2391,33.9,0.250902969,848.386,2036.812,0,0
$CH,18.000,L1CA,30,3191,32.5,0.985763960,920.816,2934.066,0,0
$CH,18.000,L1CA,28,3491,32.9,0.654105540,-165.946,-567.048,0,0
$CH,18.000,L1CA,9,12491,42.4,0.214953130,2265.948,28288.595,0,0
$CH,18.000,L1CA,20,1391,32.9,0.308787615,-3845.299,-5234.886,0,0
$CH,18.000,L1CA,14,1991,33.5,0.772485623,-3834.015,-7510.874,0,0
$LOG,18.009,L1CA,14,SIGNAL LOST (L1CA, 32.0)
$CH,18.000,L1CA,22,91,36.0,0.313422104,-2522.423,-228.545,0,0
$LOG,18.009,L1CA,23,SIGNAL FOUND (35.1,3980.9,0.2520000)
$LOG,18.209,L1CA,17,SIGNAL LOST (L1CA, 31.8)
$LOG,18.227,L1CA,3,FRAME SYNC (N)
$LNAV,18.067,L1CA,3,8B55567E918EFFF539D93AD0FFC527EFC2612AB32D2C2CEEFFA6700203D1
$LOG,18.234,L1CA,4,FRAME SYNC (R)
$LNAV,18.074,L1CA,4,8B55567E918E001365E2DB3DFFFC27424FEB1AD784181729FFA82302E94A
$LOG,18.231,L1CA,26,FRAME SYNC (R)
$LNAV,18.071,L1CA,26,8B55567E918EFFDCB6DF60AF003025FFFB7F245213149BEAFFA06302063A
$LOG,18.241,L1CA,7,FRAME SYNC (N)
$LNAV,18.081,L1CA,7,8B55567E918E001F8F328FD0FFA826BCF49A11FEA775E7BBFFAC86020EBD
$LOG,18.227,L1CA,16,FRAME SYNC (R)
$LNAV,18.067,L1CA,16,8B55567E918EFFA8BD5FEE95005727436AD4267F20538147FFA31902003C
$LOG,18.238,L1CA,27,FRAME SYNC (R)
$LNAV,18.078,L1CA,27,8B55567E918E0016E449881E0057275B63281B681E3CFCFDFFA65A02EEE0
$LOG,18.240,L1CA,8,FRAME SYNC (R)
$LNAV,18.080,L1CA,8,8B55567E918E0049E34C61ED002626FE02571AD00B1094CCFFA61902EE09
$LOG,18.239,L1CA,21,FRAME SYNC (N)
$LNAV,18.079,L1CA,21,8B55567E918EFFD50B8DF721FF012733E1391641E331A9F5FFA5CF020F75
$LOG,18.241,L1CA,9,FRAME SYNC (N)
$LNAV,18.081,L1CA,9,8B55567E918EFFEF638A90D5000F26FCAD431BDD4F18AEF4FFA61202E975
$LOG,18.238,L1CA,2,FRAME SYNC (R)
$LNAV,18.078,L1CA,2,8B55567E918EFF960BC91110FFA3276F73F71596C9272FAFFFA71F0209F9
$LOG,18.109,L1CA,13,SIGNAL FOUND (36.0,-4092.6,0.2625600)
$LOG,18.309,L1CA,14,SIGNAL FOUND (35.6,36.6,0.6348800)
$LOG,18.409,L1CA,18,SIGNAL LOST (L1CA, 31.8)
$LOG,18.509,L1CA,17,SIGNAL FOUND (36.9,-1957.3,0.6780800)
$LOG,18.609,L1CA,20,SIGNAL LOST (L1CA, 31.4)
$LOG,18.609,L1CA,18,SIGNAL FOUND (35.7,-145.2,0.0236800)
$LOG,18.826,L1CA,12,SYMBOL SYNC (72.263)
$TIME,19.000,2025,5,19,5,55,14.804000,UTC
$LOG,18.809,L1CA,20,SIGNAL FOUND (35.7,3491.6,0.6516800)
$CH,19.000,L1CA,12,3391,33.7,0.250358858,860.805,2890.126,0,0
$CH,19.000,L1CA,16,11391,52.5,0.186442136,-135.405,-1494.342,1,0
$CH,19.000,L1CA,3,16291,53.6,0.566952142,854.800,14014.628,2,0
$CH,19.000,L1CA,24,2291,32.6,0.503720111,1868.541,4241.079,0,0
$CH,19.000,L1CA,10,7091,32.3,0.233167175,859.092,6092.124,0,0
$CH,19.000,L1CA,31,8091,45.3,0.605655895,-2596.945,-21017.005,0,0
$CH,19.000,L1CA,19,1291,34.4,0.937199369,1354.125,1773.674,0,0
$CH,19.000,L1CA,27,8891,45.4,0.534297399,1939.995,17244.797,1,0
$CH,19.000,L1CA,17,491,36.9,0.678678873,-2146.742,-1035.355,0,0
$CH,19.000,L1CA,13,891,36.0,0.264942597,-4370.630,-3793.356,0,0
$CH,19.000,L1CA,26,9191,50.8,0.406688025,-2457.608,-22573.421,1,0
$CH,19.000,L1CA,15,6291,32.6,0.682279009,855.751,5398.672,0,0
$CH,19.000,L1CA,5,1491,33.2,0.602352664,-3592.585,-5277.734,0,0
$CH,19.000,L1CA,23,991,35.1,0.249557793,3817.560,3910.439,0,0
$CH,19.000,L1CA,9,13491,41.7,0.213516236,2267.401,30554.582,1,0
$CH,19.000,L1CA,30,4191,32.9,0.985220047,920.272,3854.565,0,0
$CH,19.000,L1CA,6,3791,33.1,0.792205986,848.096,3241.506,0,0
$CH,19.000,L1CA,22,1091,32.9,0.314983643,-2720.050,-2877.674,0,0
$CH,19.000,L1CA,32,1691,33.0,0.793988099,-4964.220,-8544.521,0,0
$CH,19.000,L1CA,11,3591,32.9,0.064662510,-616.132,-2170.676,0,0
$CH,19.000,L1CA,25,2091,33.7,0.372272429,363.021,671.631,0,0
$CH,19.000,L1CA,29,1891,32.6,0.081925295,-3786.325,-7268.180,0,0
$CH,19.000,L1CA,1,7691,45.7,0.253863332,-2100.904,-16152.379,0,0
$CH,19.000,L1CA,28,4491,32.1,0.654157313,-162.914,-728.953,0,0
$CH,19.000,L1CA,7,14291,42.9,0.283579648,1355.986,19411.509,1,0
$CH,19.000,L1CA,14,691,35.6,0.634959586,-137.580,-95.548,0,0
$CH,19.000,L1CA,2,16991,45.6,0.957739696,-1680.731,-28587.624,2,0
$CH,19.000,L1CA,21,10191,44.7,0.211765384,-1419.446,-14480.965,1,0
$CH,19.000,L1CA,18,391,35.7,0.023727190,-190.925,-60.456,0,0
$CH,19.000,L1CA,8,13891,43.3,0.756066093,2097.963,29115.864,1,0
$CH,19.000,L1CA,20,191,35.7,0.651281970,3362.378,647.784,0,0
$CH,19.000,L1CA,4,15791,47.7,0.766076655,1853.539,29263.993,2,0
$LOG,19.109,L1CA,29,SIGNAL LOST (L1CA, 31.5)
$LOG,19.209,L1CA,29,SIGNAL FOUND (36.2,-412.2,0.3977600)
$LOG,19.309,L1CA,32,SIGNAL LOST (L1CA, 31.2)
$LOG,19.465,L1CA,6,SYMBOL SYNC (84.403)
$LOG,19.409,L1CA,32,SIGNAL FOUND (35.6,4504.7,0.2548800)
$LOG,19.709,L1CA,24,SIGNAL LOST (L1CA, 31.7)
$LOG,19.809,L1CA,24,SIGNAL FOUND (37.3,934.8,0.0992000)
$TIME,20.000,2025,5,19,5,55,19.235000,UTC
$LOG,19.909,L1CA,22,SIGNAL LOST (L1CA, 31.3)
$LOG,19.909,L1CA,10,SIGNAL LOST (L1CA, 31.6)
$CH,20.000,L1CA,31,9091,45.4,0.607299624,-2596.804,-23614.186,0,0
$CH,20.000,L1CA,24,191,37.3,0.099124201,847.363,163.114,0,0
$CH,20.000,L1CA,18,1391,34.3,0.023752848,-101.400,-172.444,0,0
$CH,20.000,L1CA,29,791,36.2,0.398023177,-659.821,-487.063,0,0
$CH,20.000,L1CA,25,3091,33.4,0.372168563,361.023,1035.902,0,0
$CH,20.000,L1CA,6,4791,32.6,0.791654705,848.783,4096.552,0,0
$CH,20.000,L1CA,26,10191,50.5,0.408253929,-2458.453,-25031.810,1,0
$CH,20.000,L1CA,7,15291,43.1,0.282715678,1355.912,20767.945,1,0
$CH,20.000,L1CA,17,1491,34.1,0.680037177,-2177.231,-3229.722,0,0
$CH,20.000,L1CA,9,14491,42.3,0.212080099,2267.121,32820.718,1,0
$CH,20.000,L1CA,2,17991,45.3,0.958817989,-1680.600,-30269.136,2,0
$CH,20.000,L1CA,11,4591,32.5,0.064780236,-615.014,-2792.864,0,0
$CH,20.000,L1CA,13,1891,32.8,0.267661207,-4270.117,-8074.962,0,0
$CH,20.000,L1CA,28,5491,32.1,0.654214142,-162.076,-892.963,0,0
$CH,20.000,L1CA,5,2491,32.6,0.604562477,-3591.305,-8864.186,0,0
$CH,20.000,L1CA,15,7291,32.3,0.681764942,855.087,6253.469,0,0
$CH,20.000,L1CA,27,9891,45.5,0.533069675,1939.825,19184.569,1,0
$CH,20.000,L1CA,3,17291,53.6,0.566424080,854.482,14869.459,2,0
$CH,20.000,L1CA,20,1191,33.9,0.649213728,3354.380,4017.159,0,0
$CH,20.000,L1CA,32,591,35.6,0.253305119,4223.126,2540.087,0,0
$CH,20.000,L1CA,8,14891,43.6,0.754731327,2098.448,31213.890,1,0
$CH,20.000,L1CA,19,2291,33.9,0.936486194,1355.683,3128.514,0,0
$CH,20.000,L1CA,16,12391,52.3,0.186483891,-136.356,-1630.040,1,0
$CH,20.000,L1CA,21,11191,45.1,0.212635707,-1420.256,-15900.904,1,0
$CH,20.000,L1CA,14,1691,34.0,0.635141270,-222.896,-299.838,0,0
$CH,20.000,L1CA,23,1991,33.0,0.247124191,3807.053,7720.794,0,0
$CH,20.000,L1CA,12,4391,33.4,0.249815837,851.963,3744.963,0,0
$CH,20.000,L1CA,1,8691,46.1,0.255198501,-2100.774,-18252.538,0,0
$CH,20.000,L1CA,30,5191,32.5,0.984724667,922.373,4773.814,0,0
$CH,20.000,L1CA,4,16791,48.0,0.764897220,1853.747,31117.812,2,0
$LOG,20.009,L1CA,23,SIGNAL LOST (L1CA, 31.2)
$LOG,20.009,L1CA,10,SIGNAL FOUND (36.0,998.5,0.2272000)
$LOG,20.109,L1CA,13,SIGNAL LOST (L1CA, 31.5)
$LOG,20.109,L1CA,22,SIGNAL FOUND (36.8,2052.0,0.6235200)
$LOG,20.209,L1CA,6,SIGNAL LOST (L1CA, 31.9)
$LOG,20.209,L1CA,23,SIGNAL FOUND (35.7,-14.7,0.2115200)
$LOG,20.309,L1CA,6,SIGNAL FOUND (35.5,3458.8,0.9772800)
$LOG,20.409,L1CA,11,SIGNAL LOST (L1CA, 31.0)
$LOG,20.509,L1CA,5,SIGNAL LOST (L1CA, 31.8)
$LOG,20.409,L1CA,13,SIGNAL FOUND (38.5,18.0,0.0265600)
$LOG,20.609,L1CA,5,SIGNAL FOUND (36.9,4025.3,0.6950400)
$LOG,20.709,L1CA,11,SIGNAL FOUND (35.4,-75.2,0.2267200)
$TIME,21.000,2025,5,19,5,55,23.672000,UTC
$CH,21.000,L1CA,18,2391,33.1,0.023834219,-91.133,-268.178,0,0
$CH,21.000,L1CA,22,891,36.8,0.622632117,1829.609,1681.637,0,0
$CH,21.000,L1CA,24,1191,35.6,0.098659997,839.546,1009.421,0,0
$CH,21.000,L1CA,17,2491,32.3,0.681453464,-2169.605,-5402.608,0,0
$CH,21.000,L1CA,2,18991,45.8,0.959882167,-1681.217,-31950.531,2,0
$CH,21.000,L1CA,11,291,35.4,0.226709837,-167.739,-38.032,0,0
$CH,21.000,L1CA,27,10891,45.3,0.531840220,1939.705,21124.383,1,0
$CH,21.000,L1CA,28,6491,32.5,0.654398378,-169.867,-1058.552,0,0
$CH,21.000,L1CA,15,8291,32.3,0.681155319,851.165,7107.690,0,0
$CH,21.000,L1CA,10,991,36.0,0.226610175,885.782,872.701,0,0
$CH,21.000,L1CA,4,17791,48.1,0.763731491,1853.532,32971.715,2,0
$CH,21.000,L1CA,7,16291,43.0,0.281837188,1356.244,22124.138,1,0
$CH,21.000,L1CA,30,6191,32.4,0.984161911,914.848,5691.122,0,0
$CH,21.000,L1CA,5,391,36.9,0.694147355,3799.682,1511.913,0,0
$CH,21.000,L1CA,26,11191,49.9,0.409811833,-2459.113,-27490.663,1,0
$CH,21.000,L1CA,29,1791,33.9,0.398443202,-717.227,-1211.299,0,0
$CH,21.000,L1CA,1,9691,46.7,0.256535427,-2100.644,-20352.666,0,0
$CH,21.000,L1CA,13,591,38.5,0.026608074,-185.135,-78.068,0,0
$CH,21.000,L1CA,21,12191,44.2,0.213545449,-1420.163,-17320.661,1,0
$CH,21.000,L1CA,23,791,35.7,0.211514228,-152.169,-77.681,0,0
$CH,21.000,L1CA,3,18291,53.3,0.565867217,854.209,15723.659,2,0
$CH,21.000,L1CA,16,13391,51.9,0.186641378,-136.873,-1766.453,1,0
$CH,21.000,L1CA,14,2691,33.2,0.635195101,-223.676,-519.133,0,0
$CH,21.000,L1CA,19,3291,32.5,0.935821360,1358.265,4482.832,0,0
$CH,21.000,L1CA,25,4091,32.7,0.371998391,363.046,1399.461,0,0
$CH,21.000,L1CA,31,10091,45.1,0.608949337,-2597.147,-26211.270,0,0
$CH,21.000,L1CA,20,2191,32.2,0.647110951,3352.283,7374.678,0,0
$CH,21.000,L1CA,9,15491,42.5,0.210642191,2266.286,35087.026,1,0
$CH,21.000,L1CA,6,691,35.5,0.975863865,3305.140,2317.655,0,0
$CH,21.000,L1CA,8,15891,44.2,0.753401812,2099.420,33312.162,1,0
$CH,21.000,L1CA,12,5391,32.4,0.249235734,857.412,4599.138,0,0
$CH,21.000,L1CA,32,1591,33.1,0.250733798,4034.635,6605.490,0,0
$LOG,21.409,L1CA,32,SIGNAL LOST (L1CA, 31.9)
$LOG,21.506,L1CA,24,SYMBOL SYNC (-66.705)
$LOG,21.509,L1CA,32,SIGNAL FOUND (36.5,-5000.0,0.8904000)
$LOG,21.609,L1CA,12,SIGNAL LOST (L1CA, 31.4)
$LOG,21.709,L1CA,15,SIGNAL LOST (L1CA, 31.8)
$LOG,21.709,L1CA,12,SIGNAL FOUND (37.0,30.7,0.1430400)
$LOG,21.809,L1CA,20,SIGNAL LOST (L1CA, 30.8)
$LOG,21.809,L1CA,30,SIGNAL LOST (L1CA, 31.8)
$LOG,21.809,L1CA,15,SIGNAL NOT FOUND (34.7)
$TIME,22.000,2025,5,19,5,55,28.492000,UTC
$LOG,21.909,L1CA,25,SIGNAL LOST (L1CA, 31.2)
$LOG,21.909,L1CA,20,SIGNAL FOUND (36.0,-1390.2,0.6825600)
$CH,22.000,L1CA,9,16491,42.5,0.209193946,2266.234,37353.499,1,0
$CH,22.000,L1CA,13,1591,35.1,0.026634785,-136.052,-226.363,0,0
$CH,22.000,L1CA,20,91,36.0,0.682629282,-1271.497,-125.356,0,0
$CH,22.000,L1CA,3,19291,53.2,0.565334274,853.143,16577.243,2,0
$CH,22.000,L1CA,5,1391,33.9,0.691797781,3807.735,5300.286,0,0
$CH,22.000,L1CA,31,11091,45.2,0.610599136,-2597.272,-28808.246,0,0
$CH,22.000,L1CA,16,14391,51.9,0.186651232,-137.324,-1903.582,1,0
$CH,22.000,L1CA,24,2191,34.8,0.098188616,846.448,1855.363,0,0
$CH,22.000,L1CA,26,12191,50.7,0.411366878,-2459.319,-29949.978,1,0
$CH,22.000,L1CA,32,491,36.5,0.891957297,-5102.992,-2482.373,0,0
$CH,22.000,L1CA,8,16891,44.2,0.752064796,2098.371,35410.694,1,0
$CH,22.000,L1CA,1,10691,47.2,0.257867240,-2100.265,-22452.779,0,0
$CH,22.000,L1CA,6,1691,32.7,0.973793710,3216.919,5556.689,0,0
$CH,22.000,L1CA,14,3691,32.8,0.635372664,-216.772,-741.157,0,0
$CH,22.000,L1CA,17,3491,32.2,0.682839092,-2179.550,-7575.060,0,0
$CH,22.000,L1CA,2,19991,45.9,0.960939278,-1681.433,-33631.809,2,0
$CH,22.000,L1CA,7,17291,43.1,0.280981889,1355.976,23480.093,1,0
$CH,22.000,L1CA,18,3391,32.2,0.023974977,-92.365,-363.828,0,0
$CH,22.000,L1CA,11,1291,34.9,0.226629839,-206.982,-213.211,0,0
$CH,22.000,L1CA,22,1891,34.6,0.621555222,1845.741,3531.076,0,0
$CH,22.000,L1CA,19,4291,32.4,0.935158893,1353.639,5836.250,0,0
$CH,22.000,L1CA,27,11891,45.3,0.530602240,1939.887,23064.236,1,0
$CH,22.000,L1CA,23,1791,33.4,0.211689442,-220.339,-299.088,0,0
$CH,22.000,L1CA,28,7491,32.4,0.654482771,-166.990,-1223.612,0,0
$CH,22.000,L1CA,10,1991,34.8,0.225960492,903.020,1776.015,0,0
$CH,22.000,L1CA,12,291,37.0,0.143075910,-71.597,-20.556,0,0
$CH,22.000,L1CA,4,18791,48.3,0.762553893,1853.799,34825.693,2,0
$CH,22.000,L1CA,21,13191,45.0,0.214450429,-1419.658,-18740.250,1,0
$CH,22.000,L1CA,29,2791,32.3,0.398892289,-723.535,-1933.507,0,0
$LOG,22.009,L1CA,25,SIGNAL FOUND (35.9,-491.6,0.5220800)
$LOG,22.109,L1CA,30,SIGNAL FOUND (36.5,27.9,0.9102400)
$LOG,22.209,L1CA,29,SIGNAL LOST (L1CA, 30.9)
$LOG,22.209,L1CA,23,SIGNAL LOST (L1CA, 31.9)
$LOG,22.209,L1CA,15,SIGNAL FOUND (36.8,-21.5,0.3168000)
$LOG,22.309,L1CA,6,SIGNAL LOST (L1CA, 31.2)
$LOG,22.309,L1CA,23,SIGNAL FOUND (36.1,-4444.2,0.1740800)
$LOG,22.409,L1CA,29,SIGNAL FOUND (35.7,3982.2,0.7683200)
$LOG,22.509,L1CA,17,SIGNAL LOST (L1CA, 31.2)
$LOG,22.586,L1CA,13,SYMBOL SYNC (-84.373)
$LOG,22.509,L1CA,6,SIGNAL FOUND (36.7,2561.1,0.5113600)
$LOG,22.609,L1CA,17,SIGNAL FOUND (35.5,-2352.8,0.6201600)
$LOG,22.709,L1CA,19,SIGNAL LOST (L1CA, 32.0)
$LOG,22.809,L1CA,19,SIGNAL FOUND (35.8,1070.4,0.1384000)
$TIME,23.000,2025,5,19,5,55,34.713000,UTC
$CH,23.000,L1CA,19,191,35.8,0.138256773,940.597,191.143,0,0
$CH,23.000,L1CA,3,20291,53.3,0.564792372,852.557,17430.199,2,0
$CH,23.000,L1CA,6,491,36.7,0.510684518,2341.309,1171.747,0,0
$CH,23.000,L1CA,5,2391,32.0,0.689378112,3807.670,9113.421,0,0
$CH,23.000,L1CA,30,891,36.5,0.910398728,-134.431,-113.615,0,0
$CH,23.000,L1CA,14,4691,32.8,0.635525347,-214.759,-962.602,0,0
$CH,23.000,L1CA,26,13191,50.5,0.412932194,-2460.211,-32409.756,1,0
$CH,23.000,L1CA,21,14191,45.2,0.215345682,-1418.427,-20159.674,1,0
$CH,23.000,L1CA,9,17491,42.7,0.207760144,2266.861,39620.117,1,0
$CH,23.000,L1CA,12,1291,35.9,0.143104352,-92.733,-141.047,0,0
$CH,23.000,L1CA,29,591,35.7,0.766909752,3719.712,2289.672,0,0
$CH,23.000,L1CA,1,11691,46.6,0.259190644,-2100.001,-24552.862,0,0
$CH,23.000,L1CA,23,691,36.1,0.176093215,-4809.701,-3245.940,0,0
$CH,23.000,L1CA,15,791,36.8,0.316838698,-317.564,-140.908,0,0
$CH,23.000,L1CA,8,17891,43.7,0.750734747,2098.589,37509.484,1,0
$CH,23.000,L1CA,31,12091,45.1,0.612252937,-2596.672,-31405.110,0,0
$CH,23.000,L1CA,28,8491,32.5,0.654506907,-165.850,-1387.936,0,0
$CH,23.000,L1CA,16,15391,52.7,0.186799240,-138.167,-2041.420,1,0
$CH,23.000,L1CA,20,1091,33.7,0.683178636,-1103.865,-1271.688,0,0
$CH,23.000,L1CA,32,1491,33.8,0.895244175,-5199.824,-7672.714,0,0
$CH,23.000,L1CA,25,991,35.9,0.522402656,-624.562,-628.027,0,0
$CH,23.000,L1CA,18,4391,32.0,0.024093973,-90.755,-458.434,0,0
$CH,23.000,L1CA,10,2991,33.5,0.225313473,909.528,2677.857,0,0
$CH,23.000,L1CA,13,2591,32.3,0.026855047,-144.072,-368.984,0,0
$CH,23.000,L1CA,11,2291,33.6,0.226516451,-205.682,-425.024,0,0
$CH,23.000,L1CA,4,19791,48.4,0.761370519,1854.352,36679.748,2,0
$CH,23.000,L1CA,17,391,35.5,0.620629013,-2171.527,-864.542,0,0
$CH,23.000,L1CA,22,2891,33.4,0.620396386,1854.820,5380.938,0,0
$CH,23.000,L1CA,2,20991,45.7,0.962023107,-1680.768,-35312.958,2,0
$CH,23.000,L1CA,7,18291,44.1,0.280124437,1355.493,24835.814,1,0
$CH,23.000,L1CA,27,12891,45.6,0.529372827,1940.956,25004.132,1,0
$CH,23.000,L1CA,24,3191,34.2,0.097763880,855.382,2704.542,0,0
$LOG,23.409,L1CA,13,SIGNAL LOST (L1CA, 31.3)
$LOG,23.509,L1CA,32,SIGNAL LOST (L1CA, 31.7)
$LOG,23.509,L1CA,13,SIGNAL FOUND (35.9,912.4,0.0638400)
$LOG,23.609,L1CA,5,SIGNAL LOST (L1CA, 31.1)
$LOG,23.686,L1CA,30,SYMBOL SYNC (74.012)
$LOG,23.609,L1CA,32,SIGNAL FOUND (35.5,-3140.6,0.7921600)
$LOG,23.709,L1CA,5,SIGNAL FOUND (35.6,-2861.2,0.4440000)
$TIME,24.000,2025,5,19,5,55,40.599000,UTC
$CH,24.000,L1CA,5,291,35.6,0.444471680,-2701.171,-783.863,0,0
$CH,24.000,L1CA,31,13091,45.1,0.613887390,-2597.186,-34001.881,0,0
$CH,24.000,L1CA,4,20791,48.7,0.760198913,1854.416,38533.895,2,0
$CH,24.000,L1CA,17,1391,34.3,0.621923635,-2220.012,-3079.389,0,0
$CH,24.000,L1CA,18,5391,32.4,0.024199949,-91.163,-550.111,0,0
$CH,24.000,L1CA,27,13891,45.7,0.528147532,1939.546,26944.070,1,0
$CH,24.000,L1CA,11,3291,32.8,0.226487392,-214.954,-635.008,0,0
$CH,24.000,L1CA,20,2091,32.1,0.683837260,-1099.934,-2369.268,0,0
$CH,24.000,L1CA,30,1891,34.9,0.910559568,-140.769,-252.946,0,0
$CH,24.000,L1CA,2,21991,45.0,0.963086117,-1681.516,-36993.981,2,0
$CH,24.000,L1CA,24,4191,33.2,0.097283994,849.877,3557.075,0,0
$CH,24.000,L1CA,9,18491,43.0,0.206325511,2267.443,41886.915,1,0
$CH,24.000,L1CA,23,1691,33.2,0.179074520,-4775.448,-8027.409,0,0
$CH,24.000,L1CA,32,391,35.5,0.792877486,-3095.980,-1210.634,0,0
$CH,24.000,L1CA,16,16391,52.3,0.186829159,-139.263,-2179.977,1,0
$CH,24.000,L1CA,3,21291,53.5,0.564240180,851.919,18282.526,2,0
$CH,24.000,L1CA,14,5691,32.2,0.635687680,-221.386,-1183.415,0,0
$CH,24.000,L1CA,25,1991,34.4,0.522717075,-635.456,-1265.690,0,0
$CH,24.000,L1CA,6,1491,34.8,0.509295590,2397.674,3567.204,0,0
$CH,24.000,L1CA,26,14191,50.6,0.414498078,-2460.783,-34869.997,1,0
$CH,24.000,L1CA,8,18891,43.7,0.749411971,2098.804,39608.536,1,0
$CH,24.000,L1CA,10,3991,32.9,0.224647679,907.969,3581.141,0,0
$CH,24.000,L1CA,19,1191,34.1,0.137670902,876.648,1062.597,0,0
$CH,24.000,L1CA,1,12691,46.9,0.260525290,-2100.294,-26652.906,0,0
$CH,24.000,L1CA,15,1791,35.6,0.316918936,-190.208,-337.412,0,0
$CH,24.000,L1CA,21,15191,45.3,0.216260467,-1419.317,-21578.902,1,0
$CH,24.000,L1CA,29,1591,33.0,0.764491872,3797.812,6074.830,0,0
$CH,24.000,L1CA,28,9491,32.3,0.654639640,-168.494,-1551.307,0,0
$CH,24.000,L1CA,13,491,35.9,0.063615398,849.586,429.997,0,0
$CH,24.000,L1CA,22,3891,32.4,0.619312276,1847.375,7229.027,0,0
$CH,24.000,L1CA,7,19291,44.4,0.279264273,1355.036,26191.305,1,0
$CH,24.000,L1CA,12,2291,34.6,0.143115582,-93.709,-239.133,0,0
$LOG,24.227,L1CA,16,FRAME SYNC (R)
$LNAV,24.067,L1CA,16,8B55567E9211795555555555555555555555555555555555555555555554
$LOG,24.239,L1CA,21,FRAME SYNC (N)
$LNAV,24.079,L1CA,21,8B55567E9211795555555555555555555555555555555555555555555554
$LOG,24.238,L1CA,27,FRAME SYNC (R)
$LNAV,24.078,L1CA,27,8B55567E9211795555555555555555555555555555555555555555555554
$LOG,24.231,L1CA,26,FRAME SYNC (R)
$LNAV,24.071,L1CA,26,8B55567E9211795555555555555555555555555555555555555555555554
$LOG,24.227,L1CA,3,FRAME SYNC (N)
$LNAV,24.067,L1CA,3,8B55567E9211795555555555555555555555555555555555555555555554
$LOG,24.234,L1CA,4,FRAME SYNC (R)
$LNAV,24.074,L1CA,4,8B55567E9211795555555555555555555555555555555555555555555554
$LOG,24.238,L1CA,2,FRAME SYNC (R)
$LNAV,24.078,L1CA,2,8B55567E9211795555555555555555555555555555555555555555555554
$LOG,24.241,L1CA,7,FRAME SYNC (N)
$LNAV,24.081,L1CA,7,8B55567E9211795555555555555555555555555555555555555555555554
$LOG,24.240,L1CA,8,FRAME SYNC (R)
$LNAV,24.080,L1CA,8,8B55567E9211795555555555555555555555555555555555555555555554
$LOG,24.241,L1CA,9,FRAME SYNC (N)
$LNAV,24.081,L1CA,9,8B55567E9211795555555555555555555555555555555555555555555554
$LOG,24.237,L1CA,31,FRAME SYNC (R)
$LNAV,24.077,L1CA,31,8B55567E9211795555555555555555555555555555555555555555555554
$LOG,24.238,L1CA,1,FRAME SYNC (N)
$LNAV,24.078,L1CA,1,8B55567E9211795555555555555555555555555555555555555555555554
$LOG,24.309,L1CA,23,SIGNAL LOST (L1CA, 31.6)
$LOG,24.309,L1CA,14,SIGNAL LOST (L1CA, 31.6)
$LOG,24.409,L1CA,29,SIGNAL LOST (L1CA, 31.4)
$LOG,24.409,L1CA,14,SIGNAL FOUND (35.7,-5000.0,0.5328000)
$LOG,24.509,L1CA,28,SIGNAL LOST (L1CA, 31.7)
$LOG,24.509,L1CA,23,SIGNAL FOUND (36.0,-915.3,0.7526400)
$LOG,24.609,L1CA,28,SIGNAL FOUND (36.4,5000.0,0.7369600)
$LOG,24.709,L1CA,11,SIGNAL LOST (L1CA, 31.9)
$LOG,24.709,L1CA,29,SIGNAL FOUND (36.6,3385.5,0.0409600)
$LOG,24.809,L1CA,11,SIGNAL FOUND (35.5,-548.0,0.6297600)
$TIME,25.000,2025,5,19,5,55,47.118000,UTC
$LOG,24.909,L1CA,20,SIGNAL LOST (L1CA, 31.5)
$CH,25.000,L1CA,15,2791,34.1,0.317046646,-186.587,-529.136,0,0
$CH,25.000,L1CA,9,19491,43.4,0.204874187,2266.123,44153.861,2,0
$CH,25.000,L1CA,28,391,36.4,0.735809816,4855.703,1899.900,0,0
$CH,25.000,L1CA,10,4991,32.7,0.224036557,895.103,4482.876,0,0
$CH,25.000,L1CA,21,16191,45.5,0.217148615,-1418.796,-22997.962,2,0
$CH,25.000,L1CA,6,2491,32.6,0.507819719,2405.788,5970.249,0,0
$CH,25.000,L1CA,13,1491,34.2,0.063191167,774.408,1227.988,0,0
$CH,25.000,L1CA,12,3291,34.2,0.143282166,-92.718,-337.634,0,0
$CH,25.000,L1CA,25,2991,32.9,0.523065462,-644.018,-1903.046,0,0
$CH,25.000,L1CA,7,20291,44.6,0.278399967,1355.852,27546.557,2,0
$CH,25.000,L1CA,5,1291,32.7,0.446180916,-2741.377,-3535.199,0,0
$CH,25.000,L1CA,32,1391,32.6,0.794847222,-3115.714,-4353.402,0,0
$CH,25.000,L1CA,24,5191,33.0,0.096845745,852.236,4408.715,0,0
$CH,25.000,L1CA,3,22291,52.9,0.563716084,851.116,19134.232,3,0
$CH,25.000,L1CA,14,591,35.7,0.534665865,-5168.206,-3028.920,0,0
$CH,25.000,L1CA,26,15191,50.8,0.416060086,-2460.907,-37330.696,2,0
$CH,25.000,L1CA,2,22991,44.9,0.964148458,-1681.791,-38674.887,3,0
$CH,25.000,L1CA,30,2891,34.0,0.910703883,-144.293,-392.227,0,0
$CH,25.000,L1CA,31,14091,45.4,0.615546050,-2596.544,-36598.535,1,0
$CH,25.000,L1CA,29,291,36.6,0.040394165,3234.222,969.253,0,0
$CH,25.000,L1CA,27,14891,45.7,0.526911254,1940.684,28884.045,2,0
$CH,25.000,L1CA,1,13691,47.1,0.261862193,-2099.688,-28752.945,1,0
$CH,25.000,L1CA,23,491,36.0,0.752938039,-1137.157,-538.586,0,0
$CH,25.000,L1CA,17,2391,33.1,0.623319655,-2226.738,-5305.226,0,0
$CH,25.000,L1CA,8,19891,43.0,0.748069224,2099.998,41707.839,2,0
$CH,25.000,L1CA,18,6391,33.0,0.024215796,-97.004,-641.341,0,0
$CH,25.000,L1CA,19,2191,33.0,0.137154321,875.765,1941.957,0,0
$CH,25.000,L1CA,22,4891,32.3,0.618138483,1850.464,9078.190,0,0
$CH,25.000,L1CA,16,17391,52.6,0.186962764,-139.471,-2319.242,2,0
$CH,25.000,L1CA,4,21791,48.9,0.759018295,1853.718,40388.114,3,0
$CH,25.000,L1CA,11,191,35.5,0.629829419,-464.752,-98.238,0,0
$LOG,25.009,L1CA,25,SIGNAL LOST (L1CA, 31.4)
$LOG,25.009,L1CA,20,SIGNAL FOUND (35.7,-1077.0,0.6828800)
$LOG,25.109,L1CA,25,SIGNAL FOUND (36.5,1934.5,0.1540800)
$LOG,25.609,L1CA,32,SIGNAL LOST (L1CA, 31.3)
$LOG,25.709,L1CA,5,SIGNAL LOST (L1CA, 30.8)
$LOG,25.709,L1CA,32,SIGNAL FOUND (36.8,3589.9,0.3590400)
$LOG,25.809,L1CA,5,SIGNAL FOUND (35.2,-2537.9,0.1305600)
$TIME,26.000,2025,5,19,5,55,53.347000,UTC
$CH,26.000,L1CA,27,15891,45.7,0.525668218,1940.213,30824.074,2,0
$CH,26.000,L1CA,31,15091,45.2,0.617192890,-2596.680,-39195.083,1,0
$CH,26.000,L1CA,13,2491,33.3,0.062740808,774.588,1996.339,0,0
$CH,26.000,L1CA,10,5991,32.3,0.223437307,897.413,5383.385,0,0
$CH,26.000,L1CA,25,891,36.5,0.153093316,1845.637,1653.583,0,0
$CH,26.000,L1CA,26,16191,51.1,0.417617856,-2461.548,-39791.865,2,0
$CH,26.000,L1CA,24,6191,33.3,0.096337909,850.774,5260.394,0,0
$CH,26.000,L1CA,32,291,36.8,0.358447249,3400.262,998.038,0,0
$CH,26.000,L1CA,29,1291,33.8,0.038466497,3076.415,4150.291,0,0
$CH,26.000,L1CA,6,3491,32.3,0.506352491,2403.069,8374.010,0,0
$CH,26.000,L1CA,9,20491,43.6,0.203442305,2266.773,46420.973,2,0
$CH,26.000,L1CA,14,1591,33.9,0.537987756,-5205.518,-8240.978,0,0
$CH,26.000,L1CA,11,1191,34.1,0.629968661,-237.952,-344.008,0,0
$CH,26.000,L1CA,3,23291,52.8,0.563171345,850.679,19985.312,3,0
$CH,26.000,L1CA,16,18391,52.8,0.187015758,-140.387,-2459.220,2,0
$CH,26.000,L1CA,19,3191,32.6,0.136521602,876.659,2820.804,0,0
$CH,26.000,L1CA,8,20891,43.5,0.746742755,2098.175,43807.403,2,0
$CH,26.000,L1CA,23,1491,33.0,0.753568434,-1197.530,-1725.687,0,0
$CH,26.000,L1CA,18,7391,33.1,0.024151182,-94.246,-732.807,0,0
$CH,26.000,L1CA,12,4291,33.0,0.143398726,-96.207,-436.199,0,0
$CH,26.000,L1CA,7,21291,44.7,0.277546440,1355.970,28901.566,2,0
$CH,26.000,L1CA,28,1391,33.7,0.732780531,4710.764,6642.759,0,0
$CH,26.000,L1CA,22,5891,32.1,0.616899542,1852.745,10927.050,0,0
$CH,26.000,L1CA,4,22791,49.0,0.757836653,1854.030,42242.410,3,0
$CH,26.000,L1CA,17,3391,33.4,0.624707856,-2219.139,-7530.647,0,0
$CH,26.000,L1CA,5,191,35.2,0.130900292,-2637.661,-502.527,0,0
$CH,26.000,L1CA,20,991,35.7,0.683391720,-1083.054,-1111.710,0,0
$CH,26.000,L1CA,2,23991,45.4,0.965216773,-1681.478,-40355.668,3,0
$CH,26.000,L1CA,1,14691,47.2,0.263200165,-2100.122,-30852.949,1,0
$CH,26.000,L1CA,15,3791,33.2,0.317124879,-193.930,-720.055,0,0
$CH,26.000,L1CA,21,17191,45.8,0.218049648,-1418.383,-24416.845,2,0
$CH,26.000,L1CA,30,3891,33.4,0.910834727,-140.126,-532.252,0,0
$LOG,26.409,L1CA,14,SIGNAL LOST (L1CA, 32.0)
$LOG,26.509,L1CA,23,SIGNAL LOST (L1CA, 30.9)
$LOG,26.509,L1CA,6,SIGNAL LOST (L1CA, 31.0)
$LOG,26.509,L1CA,14,SIGNAL FOUND (36.8,-943.6,0.0035200)
$LOG,26.609,L1CA,23,SIGNAL FOUND (35.3,-37.8,0.8148800)
$LOG,26.709,L1CA,29,SIGNAL LOST (L1CA, 31.7)
$LOG,26.709,L1CA,6,SIGNAL FOUND (35.8,-2056.3,0.8176000)
$LOG,26.809,L1CA,29,SIGNAL FOUND (36.6,-4294.5,0.2185600)
$TIME,27.000,2025,5,19,5,56,0.083000,UTC
$CH,27.000,L1CA,3,24291,53.1,0.562625839,850.056,20835.769,3,0
$CH,27.000,L1CA,30,4891,32.9,0.910966070,-144.580,-672.889,0,0
$CH,27.000,L1CA,22,6891,32.0,0.615736377,1859.566,12777.274,0,0
$CH,27.000,L1CA,20,1991,34.7,0.684002472,-1073.209,-2188.425,0,0
$CH,27.000,L1CA,15,4791,32.8,0.317269046,-194.526,-911.357,0,0
$CH,27.000,L1CA,21,18191,44.9,0.218948918,-1418.391,-25835.552,2,0
$CH,27.000,L1CA,7,22291,44.3,0.276686615,1353.724,30256.350,2,0
$CH,27.000,L1CA,10,6991,32.3,0.222876688,896.003,6283.105,0,0
$CH,27.000,L1CA,19,4191,32.7,0.135937620,874.047,3700.993,0,0
$CH,27.000,L1CA,13,3491,33.1,0.062209424,765.950,2764.436,0,0
$CH,27.000,L1CA,1,15691,47.4,0.264536825,-2099.586,-32952.941,1,0
$CH,27.000,L1CA,2,24991,45.2,0.966280575,-1680.170,-42036.333,3,0
$CH,27.000,L1CA,12,5291,32.4,0.143537435,-103.634,-536.232,0,0
$CH,27.000,L1CA,8,21891,43.9,0.745414071,2100.051,45907.225,2,0
$CH,27.000,L1CA,4,23791,49.0,0.756669587,1854.404,44096.789,3,0
$CH,27.000,L1CA,17,4391,32.8,0.626143513,-2224.152,-9757.699,0,0
$CH,27.000,L1CA,11,2191,33.3,0.630100788,-232.143,-580.493,0,0
$CH,27.000,L1CA,5,1191,33.6,0.132457350,-2641.186,-3160.044,0,0
$CH,27.000,L1CA,28,2391,32.1,0.729779598,4711.752,11354.761,0,0
$CH,27.000,L1CA,14,491,36.8,0.003839188,-1165.462,-549.168,0,0
$CH,27.000,L1CA,26,17191,50.7,0.419180341,-2462.004,-42253.494,2,0
$CH,27.000,L1CA,29,191,36.6,0.219044020,-4171.164,-798.516,0,0
$CH,27.000,L1CA,27,16891,45.7,0.524449617,1941.564,32764.129,2,0
$CH,27.000,L1CA,24,7191,33.6,0.095819199,851.161,6114.339,0,0
$CH,27.000,L1CA,32,1291,33.7,0.356199534,3692.046,4573.828,0,0
$CH,27.000,L1CA,6,291,35.8,0.817969066,-2168.847,-616.900,0,0
$CH,27.000,L1CA,25,1891,34.6,0.152007794,1770.840,3437.363,0,0
$CH,27.000,L1CA,16,19391,53.2,0.187120368,-141.111,-2599.911,2,0
$CH,27.000,L1CA,18,8391,32.1,0.024162244,-96.335,-824.235,0,0
$CH,27.000,L1CA,23,391,35.3,0.814844800,-156.816,-54.838,0,0
$CH,27.000,L1CA,9,21491,43.8,0.202004784,2267.757,48688.242,2,0
$CH,27.000,L1CA,31,16091,45.1,0.618841882,-2596.442,-41791.536,1,0
$LOG,27.109,L1CA,22,SIGNAL LOST (L1CA, 31.5)
$LOG,27.109,L1CA,30,SIGNAL LOST (L1CA, 32.0)
$LOG,27.209,L1CA,15,SIGNAL LOST (L1CA, 31.3)
$LOG,27.209,L1CA,30,SIGNAL FOUND (35.2,1910.6,0.7550400)
$LOG,27.309,L1CA,15,SIGNAL FOUND (35.3,-5.5,0.0492800)
$LOG,27.409,L1CA,22,SIGNAL FOUND (36.2,985.3,0.8480000)
$LOG,27.509,L1CA,13,SIGNAL LOST (L1CA, 31.9)
$LOG,27.609,L1CA,18,SIGNAL LOST (L1CA, 31.5)
$LOG,27.609,L1CA,28,SIGNAL LOST (L1CA, 30.6)
$LOG,27.609,L1CA,13,SIGNAL FOUND (35.3,-3468.3,0.4614400)
$LOG,27.709,L1CA,12,SIGNAL LOST (L1CA, 31.8)
$LOG,27.709,L1CA,32,SIGNAL LOST (L1CA, 31.7)
$LOG,27.709,L1CA,18,SIGNAL FOUND (35.9,-464.8,0.0129600)
$LOG,27.809,L1CA,5,SIGNAL LOST (L1CA, 31.7)
$LOG,27.809,L1CA,28,SIGNAL FOUND (35.9,27.1,0.2177600)
$TIME,28.000,2025,5,19,5,56,4.589000,UTC
$LOG,27.909,L1CA,32,SIGNAL FOUND (36.3,1453.1,0.4248000)
$CH,28.000,L1CA,9,22491,43.5,0.200564761,2267.364,50955.679,2,0
$CH,28.000,L1CA,17,5391,32.0,0.627568465,-2225.767,-11985.201,0,0
$CH,28.000,L1CA,8,22891,44.1,0.744065470,2099.534,48007.299,2,0
$CH,28.000,L1CA,32,91,36.3,0.424706045,1343.288,125.474,0,0
$CH,28.000,L1CA,22,591,36.2,0.847743259,867.606,514.425,0,0
$CH,28.000,L1CA,25,2891,32.8,0.150772945,1782.519,5214.446,0,0
$CH,28.000,L1CA,19,5191,32.6,0.135419312,880.732,4580.005,0,0
$CH,28.000,L1CA,6,1291,33.9,0.819374736,-2218.974,-2840.729,0,0
$CH,28.000,L1CA,28,191,35.9,0.217769144,-91.811,-11.714,0,0
$CH,28.000,L1CA,13,391,35.3,0.462318065,-3630.392,-1381.436,0,0
$CH,28.000,L1CA,11,3191,32.4,0.630207356,-238.234,-819.171,0,0
$CH,28.000,L1CA,16,20391,52.8,0.187216766,-141.563,-2741.316,2,0
$CH,28.000,L1CA,18,291,35.9,0.013048250,-608.172,-173.648,0,0
$CH,28.000,L1CA,4,24791,48.5,0.755480204,1854.533,45951.256,3,0
$CH,28.000,L1CA,24,8191,33.4,0.095326684,846.286,6964.104,0,0
$CH,28.000,L1CA,3,25291,53.2,0.562098810,849.604,21685.601,3,0
$CH,28.000,L1CA,7,23291,44.3,0.275835521,1353.022,31610.892,2,0
$CH,28.000,L1CA,20,2991,32.2,0.684630379,-1073.322,-3265.489,0,0
$CH,28.000,L1CA,27,17891,45.8,0.523220555,1940.084,34704.230,2,0
$CH,28.000,L1CA,21,19191,44.7,0.219850203,-1418.639,-27254.082,2,0
$CH,28.000,L1CA,1,16691,47.7,0.265861876,-2099.460,-35052.911,1,0
$CH,28.000,L1CA,23,1391,35.1,0.814990273,-385.266,-342.725,0,0
$CH,28.000,L1CA,2,25991,46.0,0.967347541,-1680.919,-43716.868,3,0
$CH,28.000,L1CA,14,1491,33.8,0.004333297,-981.732,-1598.156,0,0
$CH,28.000,L1CA,31,17091,45.3,0.620480278,-2595.285,-44387.866,1,0
$CH,28.000,L1CA,30,791,35.2,0.754144085,1829.791,1449.373,0,0
$CH,28.000,L1CA,10,7991,32.0,0.222319865,893.879,7180.552,0,0
$CH,28.000,L1CA,26,18191,50.6,0.420745995,-2462.243,-44715.581,2,0
$CH,28.000,L1CA,15,691,35.3,0.049350642,-134.612,-88.327,0,0
$CH,28.000,L1CA,29,1191,34.0,0.221607897,-4166.248,-4930.575,0,0
$LOG,28.009,L1CA,20,SIGNAL LOST (L1CA, 31.3)
$LOG,28.009,L1CA,5,SIGNAL NOT FOUND (34.9)
$LOG,28.109,L1CA,25,SIGNAL LOST (L1CA, 31.5)
$LOG,28.109,L1CA,12,SIGNAL FOUND (35.6,5000.0,0.5433600)
$LOG,28.209,L1CA,20,SIGNAL FOUND (36.0,-4015.9,0.7835200)
$LOG,28.309,L1CA,25,SIGNAL FOUND (35.9,3952.3,0.3984000)
$LOG,28.409,L1CA,5,SIGNAL FOUND (36.4,-2014.6,0.8569600)
$LOG,28.509,L1CA,14,SIGNAL LOST (L1CA, 31.0)
$LOG,28.609,L1CA,17,SIGNAL LOST (L1CA, 30.7)
$LOG,28.609,L1CA,14,SIGNAL FOUND (37.2,-392.8,0.8313600)
$LOG,28.709,L1CA,6,SIGNAL LOST (L1CA, 31.9)
$LOG,28.709,L1CA,17,SIGNAL FOUND (36.9,-5000.0,0.1129600)
$LOG,28.809,L1CA,6,SIGNAL FOUND (35.9,-5000.0,0.3000000)
$TIME,29.000,2025,5,19,5,56,9.470000,UTC
$CH,29.000,L1CA,22,1591,34.7,0.847345747,840.044,1368.446,0,0
$CH,29.000,L1CA,12,891,35.6,0.540687166,4970.239,4313.071,0,0
$CH,29.000,L1CA,30,1791,33.1,0.753003780,1836.676,3274.176,0,0
$CH,29.000,L1CA,32,1091,35.3,0.423927104,1378.729,1488.182,0,0
$CH,29.000,L1CA,13,1391,33.4,0.464605399,-3593.822,-5002.786,0,0
$CH,29.000,L1CA,2,26991,45.8,0.968419628,-1680.115,-45397.288,3,0
$CH,29.000,L1CA,8,23891,43.5,0.742745597,2101.407,50107.634,2,0
$CH,29.000,L1CA,7,24291,44.9,0.274964419,1353.127,32965.204,2,0
$CH,29.000,L1CA,27,18891,45.6,0.521989478,1940.427,36644.374,2,0
$CH,29.000,L1CA,14,391,37.2,0.831424658,-157.853,-117.206,0,0
$CH,29.000,L1CA,23,2391,34.3,0.815191593,-389.943,-727.892,0,0
$CH,29.000,L1CA,20,791,36.0,0.785460278,-3950.374,-3164.373,0,0
$CH,29.000,L1CA,28,1191,34.9,0.217805897,-162.783,-165.615,0,0
$CH,29.000,L1CA,10,8991,32.3,0.221761124,889.935,8076.416,0,0
$CH,29.000,L1CA,18,1291,34.0,0.013275669,-735.901,-864.979,0,0
$CH,29.000,L1CA,4,25791,48.4,0.754305799,1854.346,47805.787,3,0
$CH,29.000,L1CA,24,9191,32.8,0.094826411,850.574,7813.343,0,0
$CH,29.000,L1CA,11,4191,32.0,0.630397512,-238.124,-1060.468,0,0
$CH,29.000,L1CA,6,191,35.9,0.300622082,-5135.951,-976.181,0,0
$CH,29.000,L1CA,19,6191,32.2,0.134875593,872.051,5455.396,0,0
$CH,29.000,L1CA,21,20191,44.0,0.220749220,-1417.342,-28672.443,2,0
$CH,29.000,L1CA,17,291,36.9,0.113869804,-5142.506,-1474.963,0,0
$CH,29.000,L1CA,31,18091,45.1,0.622137079,-2596.617,-46984.098,1,0
$CH,29.000,L1CA,9,23491,43.7,0.199116301,2268.581,53223.273,2,0
$CH,29.000,L1CA,1,17691,47.0,0.267197295,-2099.933,-37152.843,1,0
$CH,29.000,L1CA,15,1691,34.3,0.049391860,-199.843,-275.894,0,0
$CH,29.000,L1CA,26,19191,50.4,0.422309952,-2462.937,-47178.137,2,0
$CH,29.000,L1CA,25,691,35.9,0.396768599,3839.693,2655.079,0,0
$CH,29.000,L1CA,16,21391,52.6,0.187285008,-142.769,-2883.434,2,0
$CH,29.000,L1CA,3,26291,53.3,0.561547933,848.806,22534.809,3,0
$CH,29.000,L1CA,29,2191,32.6,0.224274940,-4167.858,-9100.347,0,0
$CH,29.000,L1CA,5,591,36.4,0.857699245,-2137.715,-1262.731,0,0
$LOG,29.783,L1CA,30,SYMBOL SYNC (-63.463)
$LOG,29.809,L1CA,19,SIGNAL LOST (L1CA, 31.7)
$LOG,29.809,L1CA,11,SIGNAL LOST (L1CA, 31.6)
$LOG,29.809,L1CA,29,SIGNAL LOST (L1CA, 31.7)
$TIME,30.000,2025,5,19,5,56,14.350000,UTC
$LOG,29.909,L1CA,11,SIGNAL FOUND (36.2,1516.6,0.6448000)
$CH,30.000,L1CA,11,91,36.2,0.644717465,1408.210,132.288,0,0
$CH,30.000,L1CA,28,2191,34.2,0.217750251,-159.477,-330.959,0,0
$CH,30.000,L1CA,2,27991,44.9,0.969479046,-1680.780,-47077.577,3,0
$CH,30.000,L1CA,7,25291,44.8,0.274108790,1353.651,34319.276,2,0
$CH,30.000,L1CA,23,3391,32.7,0.815368911,-385.645,-1114.935,0,0
$CH,30.000,L1CA,4,26791,48.8,0.753134291,1854.373,49660.407,3,0
$CH,30.000,L1CA,21,21191,44.7,0.221636647,-1417.237,-30090.622,2,0
$CH,30.000,L1CA,16,22391,53.5,0.187439548,-142.943,-3026.265,2,0
$CH,30.000,L1CA,5,1591,34.9,0.858917926,-2151.189,-3415.321,0,0
$CH,30.000,L1CA,26,20191,49.9,0.423871692,-2463.316,-49641.147,2,0
$CH,30.000,L1CA,22,2591,33.0,0.846790811,847.452,2215.448,0,0
$CH,30.000,L1CA,20,1791,34.3,0.787876591,-3775.353,-6950.027,0,0
$CH,30.000,L1CA,32,2091,34.2,0.423152402,1385.931,2869.951,0,0
$CH,30.000,L1CA,15,2691,33.9,0.049463744,-196.515,-474.848,0,0
$CH,30.000,L1CA,8,24891,44.0,0.741412800,2100.981,52208.230,2,0
$CH,30.000,L1CA,25,1691,33.8,0.394401236,3835.591,6491.160,0,0
$CH,30.000,L1CA,31,19091,44.7,0.623782567,-2595.683,-49580.232,1,0
$CH,30.000,L1CA,14,1391,35.7,0.831497956,-113.987,-249.494,0,0
$CH,30.000,L1CA,24,10191,32.8,0.094277318,848.663,8661.918,0,0
$CH,30.000,L1CA,30,2791,32.9,0.751850134,1835.168,5105.887,0,0
$CH,30.000,L1CA,12,1891,33.1,0.537491525,5018.797,9328.529,0,0
$CH,30.000,L1CA,17,1291,34.2,0.117038871,-5174.220,-6592.868,0,0
$CH,30.000,L1CA,1,18691,46.4,0.268529729,-2101.007,-39252.755,1,0
$CH,30.000,L1CA,27,19891,44.6,0.520754778,1940.278,38584.558,2,0
$CH,30.000,L1CA,9,24491,43.5,0.197680019,2267.770,55491.034,2,0
$CH,30.000,L1CA,6,1191,33.5,0.303903497,-5224.849,-6130.891,0,0
$CH,30.000,L1CA,3,27291,53.2,0.561014009,847.954,23383.390,3,0
$CH,30.000,L1CA,18,2291,32.3,0.013683796,-734.398,-1602.168,0,0
$CH,30.000,L1CA,13,2391,32.1,0.466859253,-3593.890,-8593.308,0,0
$CH,30.000,L1CA,10,9991,32.0,0.221198137,890.992,8972.483,0,0
$LOG,30.009,L1CA,10,SIGNAL LOST (L1CA, 31.7)
$LOG,30.009,L1CA,19,SIGNAL FOUND (36.1,545.9,0.5688000)
$LOG,30.109,L1CA,12,SIGNAL LOST (L1CA, 31.1)
$LOG,30.109,L1CA,29,SIGNAL FOUND (36.3,5000.0,0.8228800)
$LOG,30.241,L1CA,7,FRAME SYNC (N)
$LNAV,30.081,L1CA,7,8B55567E92974B095E6A0F5EFD4C00A10CCA1120AA8FD1A7BAF551CFFF75
$LOG,30.238,L1CA,1,FRAME SYNC (N)
$LNAV,30.078,L1CA,1,8B55567E92974B095E6A0F5EFD4C00A10CCA1120AA8FD1A7BAF551CFFF75
$LOG,30.231,L1CA,26,FRAME SYNC (R)
$LNAV,30.071,L1CA,26,8B55567E92974B095E6A0F5EFD4C00A10CCA1120AA8FD1A7BAF551CFFF75
$LOG,30.227,L1CA,16,FRAME SYNC (R)
$LNAV,30.067,L1CA,16,8B55567E92974B095E6A0F5EFD4C00A10CCA1120AA8FD1A7BAF551CFFF75
$LOG,30.238,L1CA,2,FRAME SYNC (R)
$LNAV,30.078,L1CA,2,8B55567E92974B095E6A0F5EFD4C00A10CCA1120AA8FD1A7BAF551CFFF75
$LOG,30.234,L1CA,4,FRAME SYNC (R)
$LNAV,30.074,L1CA,4,8B55567E92974B095E6A0F5EFD4C00A10CCA1120AA8FD1A7BAF551CFFF75
$LOG,30.227,L1CA,24,FRAME SYNC (R)
$LOG,30.067,L1CA,24,LNAV PARITY ERROR
$LOG,30.227,L1CA,3,FRAME SYNC (N)
$LNAV,30.067,L1CA,3,8B55567E92974B095E6A0F5EFD4C00A10CCA1120AA8FD1A7BAF551CFFF75
$LOG,30.240,L1CA,8,FRAME SYNC (R)
$LNAV,30.080,L1CA,8,8B55567E92974B095E6A0F5EFD4C00A10CCA1120AA8FD1A7BAF551CFFF75
$LOG,30.238,L1CA,27,FRAME SYNC (R)
$LNAV,30.078,L1CA,27,8B55567E92974B095E6A0F5EFD4C00A10CCA1120AA8FD1A7BAF551CFFF75
$LOG,30.239,L1CA,21,FRAME SYNC (N)
$LNAV,30.079,L1CA,21,8B55567E92974B095E6A0F5EFD4C00A10CCA1120AA8FD1A7BAF551CFFF75
$LOG,30.237,L1CA,31,FRAME SYNC (R)
$LNAV,30.077,L1CA,31,8B55567E92974B095E6A0F5EFD4C00A10CCA1120AA8FD1A7BAF551CFFF75
$LOG,30.241,L1CA,9,FRAME SYNC (N)
$LNAV,30.081,L1CA,9,8B55567E92974B095E6A0F5EFD4C00A10CCA1120AA8FD1A7BAF551CFFF75
$LOG,30.246,L1CA,24,SYMBOL SYNC (62.046)
$LOG,30.209,L1CA,10,SIGNAL FOUND (37.7,-4553.5,0.9156800)
$LOG,30.309,L1CA,12,SIGNAL FOUND (35.4,4526.8,0.8003200)
$LOG,30.609,L1CA,13,SIGNAL LOST (L1CA, 30.7)
$LOG,30.609,L1CA,23,SIGNAL LOST (L1CA, 31.8)
$LOG,30.709,L1CA,18,SIGNAL LOST (L1CA, 31.1)
$LOG,30.709,L1CA,17,SIGNAL LOST (L1CA, 31.9)
$LOG,30.709,L1CA,13,SIGNAL FOUND (36.5,-2025.8,0.5627200)
$LOG,30.809,L1CA,6,SIGNAL LOST (L1CA, 31.9)
$LOG,30.809,L1CA,17,SIGNAL FOUND (35.9,108.5,0.0259200)
$TIME,31.000,2025,5,19,5,56,19.144000,UTC
$LOG,30.909,L1CA,18,SIGNAL FOUND (36.6,-2604.2,0.1376000)
$CH,31.000,L1CA,2,28991,45.2,0.970545920,-1679.447,-48757.749,4,0
$CH,31.000,L1CA,1,19691,47.1,0.269861399,-2100.270,-41352.641,2,0
$CH,31.000,L1CA,13,291,36.5,0.563133107,-2181.726,-637.107,0,0
$CH,31.000,L1CA,24,11191,33.1,0.093759203,847.623,9509.839,0,1
$CH,31.000,L1CA,22,3591,32.0,0.846241635,853.127,3063.358,0,0
$CH,31.000,L1CA,27,20891,44.8,0.519528834,1940.841,40524.780,3,0
$CH,31.000,L1CA,11,1091,34.0,0.644019411,1397.232,1525.885,0,0
$CH,31.000,L1CA,30,3791,32.6,0.750727127,1832.715,6938.788,0,0
$CH,31.000,L1CA,19,991,36.1,0.568401407,771.586,767.963,0,0
$CH,31.000,L1CA,26,21191,50.1,0.425431558,-2463.904,-52104.624,3,0
$CH,31.000,L1CA,16,23391,52.9,0.187458322,-144.109,-3169.808,3,0
$CH,31.000,L1CA,4,27791,48.9,0.751954966,1853.909,51515.107,4,0
$CH,31.000,L1CA,3,28291,53.1,0.560482586,847.770,24231.347,4,0
$CH,31.000,L1CA,7,26291,44.8,0.273238012,1353.679,35673.107,3,0
$CH,31.000,L1CA,10,791,37.7,0.917990797,-4706.097,-3672.745,0,0
$CH,31.000,L1CA,17,191,35.9,0.025877718,370.327,53.316,0,0
$CH,31.000,L1CA,8,25891,43.9,0.740068699,2100.699,54309.080,3,0
$CH,31.000,L1CA,25,2691,32.3,0.391978247,3845.146,10332.204,0,0
$CH,31.000,L1CA,20,2791,32.4,0.790218298,-3768.779,-10720.076,0,0
$CH,31.000,L1CA,12,691,35.4,0.798306595,4635.377,3230.742,0,0
$CH,31.000,L1CA,21,22191,44.7,0.222544446,-1417.852,-31508.621,3,0
$CH,31.000,L1CA,18,91,36.6,0.137749999,-2640.743,-240.119,0,0
$CH,31.000,L1CA,14,2391,34.6,0.831646502,-118.435,-364.211,0,0
$CH,31.000,L1CA,32,3091,33.7,0.422366476,1376.586,4251.492,0,0
$CH,31.000,L1CA,29,891,36.3,0.820212244,4633.735,4229.487,0,0
$CH,31.000,L1CA,5,2591,33.9,0.860250415,-2149.666,-5567.703,0,0
$CH,31.000,L1CA,28,3191,33.9,0.217796489,-168.000,-496.912,0,0
$CH,31.000,L1CA,9,25491,42.9,0.196247881,2268.800,57758.953,3,0
$CH,31.000,L1CA,31,20091,44.8,0.625432551,-2595.417,-52176.248,2,0
$CH,31.000,L1CA,15,3691,33.2,0.049642857,-197.141,-672.704,0,0
$LOG,31.009,L1CA,23,SIGNAL FOUND (36.1,-98.8,0.2614400)
$LOG,31.109,L1CA,6,SIGNAL FOUND (35.8,-497.7,0.3755200)
$LOG,31.209,L1CA,20,SIGNAL LOST (L1CA, 31.9)
$LOG,31.309,L1CA,25,SIGNAL LOST (L1CA, 31.0)
$LOG,31.309,L1CA,20,SIGNAL FOUND (35.3,-3977.4,0.4446400)
$LOG,31.409,L1CA,22,SIGNAL LOST (L1CA, 31.5)
$LOG,31.409,L1CA,25,SIGNAL FOUND (35.6,-5000.0,0.3364800)
$LOG,31.509,L1CA,22,SIGNAL FOUND (35.7,5000.0,0.6569600)
$TIME,32.000,2025,5,19,5,56,23.902000,UTC
$CH,32.000,L1CA,27,21891,45.6,0.518291141,1940.326,42465.046,3,0
$CH,32.000,L1CA,10,1791,34.3,0.921002047,-4726.315,-8389.574,0,0
$CH,32.000,L1CA,7,27291,44.8,0.272395429,1353.305,37026.712,3,0
$CH,32.000,L1CA,6,891,35.8,0.375798570,-654.120,-582.696,0,0
$CH,32.000,L1CA,14,3391,34.1,0.831697502,-120.985,-479.978,0,0
$CH,32.000,L1CA,23,991,36.1,0.261492027,-188.302,-153.252,0,0
$CH,32.000,L1CA,12,1691,33.1,0.795322685,4725.334,7958.575,0,0
$CH,32.000,L1CA,30,4791,32.3,0.749535940,1838.512,8773.043,0,0
$CH,32.000,L1CA,1,20691,47.2,0.271182516,-2100.102,-43452.510,2,0
$CH,32.000,L1CA,9,26491,42.9,0.194807961,2268.128,60027.036,3,0
$CH,32.000,L1CA,20,691,35.3,0.446437615,-4105.970,-2846.718,0,0
$CH,32.000,L1CA,11,2091,32.1,0.643283664,1390.267,2918.502,0,0
$CH,32.000,L1CA,16,24391,53.4,0.187598852,-144.685,-3314.065,3,0
$CH,32.000,L1CA,21,23191,44.4,0.223447137,-1418.445,-32926.443,3,0
$CH,32.000,L1CA,13,1291,33.9,0.564581787,-2251.082,-2873.938,0,0
$CH,32.000,L1CA,19,1991,34.9,0.567976372,771.403,1543.330,0,0
$CH,32.000,L1CA,24,12191,33.3,0.093180319,851.910,10357.188,0,1
$CH,32.000,L1CA,8,26891,43.4,0.738741047,2102.028,56410.191,3,0
$CH,32.000,L1CA,17,1191,34.1,0.025698056,283.162,376.007,0,0
$CH,32.000,L1CA,25,591,35.6,0.338355439,-5107.615,-2986.259,0,0
$CH,32.000,L1CA,22,491,35.7,0.655515915,4832.079,2407.410,0,0
$CH,32.000,L1CA,4,28791,49.5,0.750782660,1855.183,53369.886,4,0
$CH,32.000,L1CA,26,22191,50.2,0.426998905,-2463.940,-54568.564,3,0
$CH,32.000,L1CA,18,1091,34.3,0.139200401,-2430.270,-2797.444,0,0
$CH,32.000,L1CA,31,21091,45.0,0.627073336,-2595.501,-54772.166,2,0
$CH,32.000,L1CA,3,29291,52.9,0.559932731,846.581,25078.680,4,0
$CH,32.000,L1CA,15,4691,32.7,0.049738487,-192.060,-870.276,0,0
$CH,32.000,L1CA,5,3591,32.9,0.861624367,-2151.678,-7718.195,0,0
$CH,32.000,L1CA,29,1891,33.4,0.817312385,4600.341,8836.783,0,0
$CH,32.000,L1CA,32,4091,33.3,0.421635681,1379.603,5634.473,0,0
$CH,32.000,L1CA,28,4191,32.9,0.217930088,-162.965,-662.957,0,0
$CH,32.000,L1CA,2,29991,45.1,0.971608652,-1679.498,-50437.797,4,0
$LOG,32.109,L1CA,29,SIGNAL LOST (L1CA, 31.1)
$LOG,32.199,L1CA,29,SIGNAL FOUND (37.3,-2537.1,0.9980800)
$LOG,32.209,L1CA,30,SIGNAL LOST (L1CA, 31.7)
$LOG,32.309,L1CA,12,SIGNAL LOST (L1CA, 31.9)
$LOG,32.304,L1CA,30,SIGNAL FOUND (36.8,-4477.3,0.8824000)
$LOG,32.409,L1CA,12,SIGNAL FOUND (37.7,909.6,0.8572800)
$LOG,32.909,L1CA,11,SIGNAL LOST (L1CA, 30.5)
$LOG,32.909,L1CA,18,SIGNAL LOST (L1CA, 31.9)
$TIME,33.000,2025,5,19,5,56,28.560000,UTC
$CH,33.000,L1CA,7,28291,44.5,0.271545870,1353.525,38380.074,3,0
$CH,33.000,L1CA,23,1991,34.6,0.261539034,-226.158,-383.002,0,0
$CH,33.000,L1CA,10,2791,32.4,0.923987505,-4725.440,-13115.206,0,0
$CH,33.000,L1CA,22,1491,33.0,0.652482733,4729.185,7134.637,0,0
$CH,33.000,L1CA,31,22091,45.0,0.628728794,-2596.016,-57367.965,2,0
$CH,33.000,L1CA,27,22891,45.5,0.517055994,1940.828,44405.352,3,0
$CH,33.000,L1CA,20,1691,32.7,0.449111835,-4176.088,-7001.014,0,0
$CH,33.000,L1CA,3,30291,52.7,0.559402009,846.601,25925.381,4,0
$CH,33.000,L1CA,8,27891,43.7,0.737410270,2101.878,58511.550,3,0
$CH,33.000,L1CA,19,2991,33.8,0.567408258,773.626,2318.541,0,0
$CH,33.000,L1CA,5,4591,32.3,0.862971388,-2152.152,-9867.345,0,0
$CH,33.000,L1CA,13,2291,32.6,0.566079443,-2254.537,-5131.831,0,0
$CH,33.000,L1CA,12,591,37.7,0.857000728,801.837,492.089,0,0
$CH,33.000,L1CA,17,2191,33.0,0.025466471,284.567,661.209,0,0
$CH,33.000,L1CA,30,696,36.8,0.884377681,-4542.468,-3169.679,0,0
$CH,33.000,L1CA,25,1591,32.4,0.341593862,-5126.165,-8121.151,0,0
$CH,33.000,L1CA,6,1891,34.0,0.376145544,-737.991,-1313.009,0,0
$CH,33.000,L1CA,9,27491,43.0,0.193372048,2268.021,62295.274,3,0
$CH,33.000,L1CA,32,5091,32.1,0.420923174,1379.687,7018.336,0,0
$CH,33.000,L1CA,16,25391,53.6,0.187644571,-145.585,-3459.032,3,0
$CH,33.000,L1CA,14,4391,33.4,0.831859972,-120.404,-597.189,0,0
$CH,33.000,L1CA,4,29791,49.5,0.749612364,1855.253,55224.752,4,0
$CH,33.000,L1CA,21,24191,44.8,0.224361129,-1417.256,-34344.090,3,0
$CH,33.000,L1CA,2,30991,45.1,0.972679642,-1679.918,-52117.721,4,0
$CH,33.000,L1CA,1,21691,47.5,0.272521411,-2100.297,-45552.359,2,0
$CH,33.000,L1CA,15,5691,32.6,0.049946936,-191.413,-1067.298,0,0
$CH,33.000,L1CA,28,5191,32.1,0.218016595,-167.003,-828.185,0,0
$CH,33.000,L1CA,24,13191,33.3,0.092596777,844.339,11203.857,0,1
$CH,33.000,L1CA,29,801,37.3,0.999450841,-2668.942,-2165.782,0,0
$CH,33.000,L1CA,26,23191,50.3,0.428567351,-2464.372,-57032.966,3,0
$LOG,33.006,L1CA,18,SIGNAL FOUND (35.6,-3558.8,0.7684800)
$LOG,33.109,L1CA,6,SIGNAL LOST (L1CA, 31.8)
$LOG,33.109,L1CA,11,SIGNAL FOUND (35.6,1858.3,0.1457600)
$LOG,33.209,L1CA,10,SIGNAL LOST (L1CA, 31.5)
$LOG,33.209,L1CA,6,SIGNAL FOUND (36.7,395.3,0.1857600)
$LOG,33.309,L1CA,10,SIGNAL FOUND (36.2,3488.8,0.5297600)
$LOG,33.409,L1CA,25,SIGNAL LOST (L1CA, 31.1)
$LOG,33.509,L1CA,22,SIGNAL LOST (L1CA, 31.7)
$LOG,33.509,L1CA,25,SIGNAL FOUND (35.8,1874.4,0.7448000)
$LOG,33.609,L1CA,22,SIGNAL FOUND (36.7,-24.9,0.0644800)
$LOG,33.709,L1CA,13,SIGNAL LOST (L1CA, 31.5)
$LOG,33.809,L1CA,13,SIGNAL FOUND (36.1,4101.3,0.3227200)
$TIME,34.000,2025,5,19,5,56,33.281000,UTC
$LOG,33.909,L1CA,32,SIGNAL LOST (L1CA, 30.9)
$CH,34.000,L1CA,10,691,36.2,0.528394602,3346.345,2332.715,0,0
$CH,34.000,L1CA,13,191,36.1,0.322241158,4340.657,811.198,0,0
$CH,34.000,L1CA,2,31991,45.4,0.973744901,-1679.724,-53797.520,4,0
$CH,34.000,L1CA,28,6191,32.0,0.218036265,-160.743,-989.422,0,0
$CH,34.000,L1CA,23,2991,33.4,0.261627314,-227.453,-614.806,0,0
$CH,34.000,L1CA,11,891,35.6,0.144668818,2164.770,1759.088,0,0
$CH,34.000,L1CA,18,994,35.6,0.770667682,-3611.674,-3540.949,0,0
$CH,34.000,L1CA,6,791,36.7,0.185687133,337.122,271.207,0,0
$CH,34.000,L1CA,3,31291,53.4,0.558862911,845.890,26771.469,4,0
$CH,34.000,L1CA,1,22691,47.1,0.273859344,-2099.823,-47652.170,2,0
$CH,34.000,L1CA,9,28491,43.0,0.191921767,2267.053,64563.677,3,0
$CH,34.000,L1CA,19,3991,32.4,0.566909340,769.077,3093.299,0,0
$CH,34.000,L1CA,25,491,35.8,0.744250843,1821.652,901.597,0,0
$CH,34.000,L1CA,24,14191,33.1,0.092013298,847.941,12050.907,0,1
$CH,34.000,L1CA,21,25191,44.6,0.225252338,-1417.335,-35761.568,3,0
$CH,34.000,L1CA,4,30791,49.0,0.748425928,1854.398,57079.681,4,0
$CH,34.000,L1CA,5,5591,32.1,0.864405219,-2145.227,-12017.530,0,0
$CH,34.000,L1CA,7,29291,44.4,0.270675759,1353.115,39733.209,3,0
$CH,34.000,L1CA,17,3191,32.4,0.025339847,286.992,947.440,0,0
$CH,34.000,L1CA,20,2691,32.3,0.451756618,-4175.208,-11171.853,0,0
$CH,34.000,L1CA,31,23091,44.9,0.630374357,-2595.740,-59963.669,2,0
$CH,34.000,L1CA,12,1591,35.7,0.856527255,799.467,1300.398,0,0
$CH,34.000,L1CA,30,1696,33.3,0.887312724,-4592.140,-7760.246,0,0
$CH,34.000,L1CA,22,391,36.7,0.064535596,-166.055,-51.657,0,0
$CH,34.000,L1CA,16,26391,53.1,0.187763383,-146.274,-3604.717,3,0
$CH,34.000,L1CA,14,5391,33.4,0.832038348,-120.168,-714.635,0,0
$CH,34.000,L1CA,27,23891,45.5,0.515830051,1941.081,46345.696,3,0
$CH,34.000,L1CA,26,24191,50.4,0.430127233,-2464.578,-59497.825,3,0
$CH,34.000,L1CA,15,6691,32.8,0.050070595,-191.063,-1262.277,0,0
$CH,34.000,L1CA,8,28891,44.0,0.736080494,2102.309,60613.175,3,0
$CH,34.000,L1CA,29,1800,34.6,0.001173023,-2720.072,-4882.296,0,0
$LOG,34.009,L1CA,19,SIGNAL LOST (L1CA, 31.4)
$LOG,34.009,L1CA,32,SIGNAL FOUND (35.4,417.1,0.4132800)
$LOG,34.109,L1CA,19,SIGNAL FOUND (35.7,-5000.0,0.8971200)
$LOG,34.309,L1CA,20,SIGNAL LOST (L1CA, 30.9)
$LOG,34.409,L1CA,5,SIGNAL LOST (L1CA, 32.0)
$LOG,34.401,L1CA,20,SIGNAL FOUND (36.6,-422.1,0.7312000)
$LOG,34.509,L1CA,5,SIGNAL FOUND (36.3,1439.5,0.4372800)
$LOG,34.809,L1CA,17,SIGNAL LOST (L1CA, 31.6)
$TIME,35.000,2025,5,19,5,56,38.443000,UTC
$LOG,34.909,L1CA,17,SIGNAL FOUND (36.8,-1036.7,0.6443200)
$CH,35.000,L1CA,2,32991,45.3,0.974817490,-1678.679,-55477.202,4,0
$CH,35.000,L1CA,18,1994,32.2,0.772988429,-3643.348,-7182.822,0,0
$CH,35.000,L1CA,26,25191,49.9,0.431689411,-2466.146,-61963.151,3,0
$CH,35.000,L1CA,22,1391,34.9,0.064656781,-255.098,-288.001,0,0
$CH,35.000,L1CA,10,1691,33.2,0.526158079,3424.534,5749.112,0,0
$CH,35.000,L1CA,29,2800,33.6,0.002960293,-2718.065,-7597.313,0,0
$CH,35.000,L1CA,32,991,35.4,0.413033331,315.674,318.973,0,0
$CH,35.000,L1CA,9,29491,43.6,0.190482980,2268.255,66832.244,3,0
$CH,35.000,L1CA,14,6391,33.9,0.832077899,-111.315,-832.371,0,0
$CH,35.000,L1CA,19,891,35.7,0.900019554,-5126.633,-4645.992,0,0
$CH,35.000,L1CA,21,26191,44.6,0.226153531,-1417.073,-37178.854,3,0
$CH,35.000,L1CA,31,24091,45.1,0.632019998,-2595.378,-62559.261,2,0
$CH,35.000,L1CA,6,1791,35.4,0.185510794,276.467,548.753,0,0
$CH,35.000,L1CA,5,491,36.3,0.436901009,1320.125,661.315,0,0
$CH,35.000,L1CA,1,23691,46.5,0.275194536,-2099.308,-49751.965,2,0
$CH,35.000,L1CA,13,1191,33.9,0.319630124,4219.876,5085.295,0,0
$CH,35.000,L1CA,4,31791,48.4,0.747245280,1855.513,58934.696,4,0
$CH,35.000,L1CA,11,1891,33.1,0.143234466,2245.153,4000.986,0,0
$CH,35.000,L1CA,25,1491,34.0,0.743193659,1871.695,2777.544,0,0
$CH,35.000,L1CA,27,24891,45.6,0.514593879,1940.943,48286.086,3,0
$CH,35.000,L1CA,3,32291,53.3,0.558316708,845.085,27616.928,4,0
$CH,35.000,L1CA,23,3991,32.6,0.261810832,-234.969,-847.553,0,0
$CH,35.000,L1CA,8,29891,44.1,0.734742359,2102.064,62715.054,3,0
$CH,35.000,L1CA,15,7691,33.3,0.050092110,-196.835,-1456.724,0,0
$CH,35.000,L1CA,12,2591,33.9,0.856043146,805.096,2100.371,0,0
$CH,35.000,L1CA,30,2696,32.0,0.890182323,-4595.581,-12354.850,0,0
$CH,35.000,L1CA,28,7191,32.2,0.218095044,-164.389,-1148.482,0,0
$CH,35.000,L1CA,7,30291,44.4,0.269815738,1353.535,41086.105,3,0
$CH,35.000,L1CA,24,15191,32.9,0.091529153,847.139,12900.059,0,1
$CH,35.000,L1CA,20,599,36.6,0.731261428,-193.534,-210.785,0,0
$CH,35.000,L1CA,16,27391,53.2,0.187863017,-146.871,-3751.112,3,0
$LOG,35.006,L1CA,18,SIGNAL LOST (L1CA, 31.4)
$CH,35.000,L1CA,17,91,36.8,0.644366503,-1148.004,-102.139,0,0
$LOG,35.109,L1CA,11,SIGNAL LOST (L1CA, 31.5)
$LOG,35.109,L1CA,18,SIGNAL FOUND (36.7,1080.6,0.3139200)
$LOG,35.209,L1CA,11,SIGNAL FOUND (36.4,5000.0,0.5280000)
$LOG,35.304,L1CA,30,SIGNAL LOST (L1CA, 31.3)
$LOG,35.309,L1CA,10,SIGNAL LOST (L1CA, 31.8)
$LOG,35.402,L1CA,30,SIGNAL FOUND (36.2,575.4,0.1976000)
$LOG,35.509,L1CA,10,SIGNAL FOUND (35.3,-2486.0,0.0947200)
$LOG,35.809,L1CA,13,SIGNAL LOST (L1CA, 31.9)
$LOG,35.809,L1CA,24,SIGNAL LOST (L1CA, 31.7)
$TIME,36.000,2025,5,19,5,56,42.785000,UTC
$LOG,35.905,L1CA,13,SIGNAL FOUND (36.6,39.3,0.0179200)
$CH,36.000,L1CA,18,891,36.7,0.313484099,846.911,749.184,0,0
$CH,36.000,L1CA,32,1991,32.4,0.412779992,341.582,662.242,0,0
$CH,36.000,L1CA,15,8691,33.1,0.050184157,-199.425,-1650.377,0,0
$CH,36.000,L1CA,17,1091,34.8,0.644975270,-1278.489,-1282.269,0,0
$CH,36.000,L1CA,26,26191,49.6,0.433257140,-2466.191,-64428.936,3,0
$CH,36.000,L1CA,22,2391,33.5,0.064819262,-257.330,-542.626,0,0
$CH,36.000,L1CA,11,791,36.4,0.525580092,4886.942,3868.393,0,0
$CH,36.000,L1CA,7,31291,44.4,0.268958511,1352.154,42438.758,3,0
$CH,36.000,L1CA,10,491,35.3,0.095554012,-2591.161,-1273.934,0,0
$CH,36.000,L1CA,8,30891,43.3,0.733401602,2102.053,64817.184,3,0
$CH,36.000,L1CA,19,1891,33.5,0.903300804,-5142.765,-9778.059,0,0
$CH,36.000,L1CA,30,598,36.2,0.197467958,265.282,189.653,0,0
$CH,36.000,L1CA,14,7391,34.7,0.832093806,-116.223,-949.205,0,0
$CH,36.000,L1CA,28,8191,32.0,0.218217089,-150.989,-1303.888,0,0
$CH,36.000,L1CA,5,1491,34.5,0.436258190,1293.832,1968.239,0,0
$CH,36.000,L1CA,29,3800,32.7,0.004623797,-2720.867,-10311.621,0,0
$CH,36.000,L1CA,6,2791,33.6,0.185310027,278.381,821.957,0,0
$CH,36.000,L1CA,31,25091,44.6,0.633672061,-2594.590,-65154.758,2,0
$CH,36.000,L1CA,13,95,36.6,0.017930840,-105.380,-4.949,0,0
$CH,36.000,L1CA,20,1599,34.4,0.731221864,-175.834,-397.805,0,0
$CH,36.000,L1CA,4,32791,48.7,0.746066200,1855.277,60789.797,4,0
$CH,36.000,L1CA,3,33291,53.4,0.557796562,844.630,28461.757,4,0
$CH,36.000,L1CA,12,3591,32.6,0.855489069,796.129,2898.960,0,0
$CH,36.000,L1CA,1,24691,46.3,0.276523929,-2100.259,-51851.733,2,0
$CH,36.000,L1CA,23,4991,32.8,0.261895256,-233.389,-1081.495,0,0
$CH,36.000,L1CA,16,28391,53.7,0.187926463,-147.363,-3898.220,3,0
$CH,36.000,L1CA,9,30491,43.5,0.189051696,2269.134,69100.962,3,0
$CH,36.000,L1CA,2,33991,44.7,0.975874700,-1679.957,-57156.753,4,0
$CH,36.000,L1CA,27,25891,45.8,0.513357425,1940.330,50226.514,3,0
$CH,36.000,L1CA,21,27191,45.1,0.227045069,-1416.860,-38595.980,3,0
$CH,36.000,L1CA,25,2491,32.1,0.742082676,1872.841,4655.874,0,0
$LOG,36.009,L1CA,32,SIGNAL LOST (L1CA, 30.9)
$LOG,36.009,L1CA,24,SIGNAL FOUND (35.7,1048.0,0.9689600)
$LOG,36.109,L1CA,32,SIGNAL FOUND (35.6,1593.0,0.4200000)
$LOG,36.200,L1CA,29,SIGNAL LOST (L1CA, 31.7)
$LOG,36.227,L1CA,3,FRAME SYNC (N)
$LNAV,36.067,L1CA,3,8B55567E930739D0002AAAAAAAAAAAAAAAAAAAAA040260AE0000B4EE382D
$LOG,36.231,L1CA,26,FRAME SYNC (R)
$LNAV,36.071,L1CA,26,8B55567E930739D0002AAAAAAAAAAAAAAAAAAAAA0F0260AE00FFF01DF426
$LOG,36.227,L1CA,16,FRAME SYNC (R)
$LNAV,36.067,L1CA,16,8B55567E930739D0002AAAAAAAAAAAAAAAAAAAAAEA0260AE000031C474FA
$LOG,36.241,L1CA,9,FRAME SYNC (N)
$LNAV,36.081,L1CA,9,8B55567E930739D0002AAAAAAAAAAAAAAAAAAAAA020260AE00005AF8245E
$LOG,36.234,L1CA,4,FRAME SYNC (R)
$LNAV,36.074,L1CA,4,8B55567E930739D0002AAAAAAAAAAAAAAAAAAAAAF70260AE000062146A2E
$LOG,36.238,L1CA,1,FRAME SYNC (N)
$LNAV,36.078,L1CA,1,8B55567E930739D1FC2AAAAAAAAAAAAAAAAAAAAA0B0260AE00FFF815B212
$LOG,36.241,L1CA,7,FRAME SYNC (N)
$LNAV,36.081,L1CA,7,8B55567E930739D0002AAAAAAAAAAAAAAAAAAAAAE80260AE00FFA408D90F
$LOG,36.240,L1CA,8,FRAME SYNC (R)
$LNAV,36.080,L1CA,8,8B55567E930739D1002AAAAAAAAAAAAAAAAAAAAA0B0260AE00FFEFED5C15
$LOG,36.237,L1CA,31,FRAME SYNC (R)
$LNAV,36.077,L1CA,31,8B55567E930739D0002AAAAAAAAAAAAAAAAAAAAAE40260AE00FFFBE2B95A
$LOG,36.239,L1CA,21,FRAME SYNC (N)
$LNAV,36.079,L1CA,21,8B55567E930739D1002AAAAAAAAAAAAAAAAAAAAAEA0260AE00FFF91384F1
$LOG,36.238,L1CA,27,FRAME SYNC (R)
$LNAV,36.078,L1CA,27,8B55567E930739D0002AAAAAAAAAAAAAAAAAAAAA030260AE00FFC9FAD82F
$LOG,36.238,L1CA,2,FRAME SYNC (R)
$LNAV,36.078,L1CA,2,8B55567E930739D0002AAAAAAAAAAAAAAAAAAAAADA0260AE000027B76176
$LOG,36.266,L1CA,28,SYMBOL SYNC (-68.845)
$LOG,36.255,L1CA,29,SIGNAL FOUND (35.1,569.1,0.2888000)
$LOG,36.980,PNTPOS ERROR,no observation data
$LOG,36.509,L1CA,25,SIGNAL LOST (L1CA, 30.7)
$LOG,36.609,L1CA,25,SIGNAL FOUND (35.8,-22.7,0.0560000)
$LOG,36.809,L1CA,28,SIGNAL LOST (L1CA, 31.9)
$LOG,36.872,L1CA,28,SIGNAL FOUND (36.1,-4496.0,0.7470400)
$TIME,37.000,2025,5,19,5,56,49.255000,UTC
$CH,37.000,L1CA,30,1598,35.6,0.197239443,358.141,534.051,0,0
$CH,37.000,L1CA,12,4591,32.5,0.854972755,798.493,3696.007,0,0
$CH,37.000,L1CA,10,1491,33.4,0.097276534,-2646.158,-3928.531,0,0
$CH,37.000,L1CA,28,128,36.1,0.747398220,-4602.821,-582.552,0,0
$CH,37.000,L1CA,8,31891,43.3,0.732074296,2103.261,66919.572,4,0
$CH,37.000,L1CA,31,26091,44.8,0.635309747,-2594.923,-67750.137,3,0
$CH,37.000,L1CA,7,32291,44.2,0.268090458,1352.049,43791.180,4,0
$CH,37.000,L1CA,24,991,35.7,0.968346601,812.956,860.913,0,1
$CH,37.000,L1CA,6,3791,32.1,0.185147639,271.617,1095.540,0,0
$CH,37.000,L1CA,29,745,35.1,0.288513092,851.894,582.749,0,0
$CH,37.000,L1CA,19,2891,32.2,0.906506395,-5136.073,-14917.647,0,0
$CH,37.000,L1CA,23,5991,32.6,0.261966898,-229.248,-1315.289,0,0
$CH,37.000,L1CA,9,31491,43.3,0.187614374,2269.061,71369.852,4,0
$CH,37.000,L1CA,4,33791,48.3,0.744896897,1855.113,62644.968,5,0
$CH,37.000,L1CA,15,9691,32.7,0.050251389,-190.755,-1844.574,0,0
$CH,37.000,L1CA,25,391,35.8,0.056061785,-154.648,-65.233,0,0
$CH,37.000,L1CA,16,29391,53.7,0.188081792,-148.272,-4046.040,4,0
$CH,37.000,L1CA,17,2091,32.4,0.645782876,-1280.375,-2564.273,0,0
$CH,37.000,L1CA,32,891,35.6,0.419094499,1865.993,1539.624,0,0
$CH,37.000,L1CA,3,34291,53.2,0.557257548,843.948,29305.964,5,0
$CH,37.000,L1CA,20,2599,32.8,0.731311303,-174.540,-571.401,0,0
$CH,37.000,L1CA,21,28191,45.1,0.227953845,-1416.979,-40012.917,4,0
$CH,37.000,L1CA,27,26891,46.2,0.512134863,1939.742,52166.979,4,0
$CH,37.000,L1CA,11,1791,34.3,0.522511812,4826.847,8695.631,0,0
$CH,37.000,L1CA,1,25691,46.4,0.277856348,-2099.622,-53951.475,3,0
$CH,37.000,L1CA,5,2491,33.3,0.435576631,1296.452,3265.556,0,0
$CH,37.000,L1CA,18,1891,34.2,0.313069329,851.012,1606.812,0,0
$CH,37.000,L1CA,26,27191,49.6,0.434822738,-2466.111,-66895.183,4,0
$CH,37.000,L1CA,13,1095,35.6,0.017953977,-177.572,-169.982,0,0
$CH,37.000,L1CA,14,8391,33.6,0.832147028,-124.253,-1066.769,0,0
$CH,37.000,L1CA,22,3391,33.0,0.065022029,-260.291,-797.183,0,0
$CH,37.000,L1CA,2,34991,44.7,0.976947013,-1678.961,-58836.189,5,0
$LOG,37.109,L1CA,19,SIGNAL LOST (L1CA, 31.1)
$LOG,37.209,L1CA,6,SIGNAL LOST (L1CA, 31.5)
$LOG,37.209,L1CA,19,SIGNAL FOUND (36.0,2563.1,0.2076800)
$LOG,37.309,L1CA,15,SIGNAL LOST (L1CA, 31.9)
$LOG,37.309,L1CA,6,SIGNAL FOUND (37.2,1473.2,0.6534400)
$LOG,37.409,L1CA,15,SIGNAL FOUND (35.6,-3996.6,0.6446400)
$LOG,37.509,L1CA,5,SIGNAL LOST (L1CA, 31.9)
$LOG,37.609,L1CA,5,SIGNAL FOUND (36.0,-7.9,0.6748800)
$TIME,38.000,2025,5,19,5,56,55.534000,UTC
$LOG,37.909,L1CA,17,SIGNAL LOST (L1CA, 30.6)
$OBS,37.980,2279,388838.000,G07,1C,43.2,30059365.833,-45117.681,1351.236,0
$OBS,37.980,2279,388838.000,G16,1C,53.6,25838545.295,4192.245,-149.050,0
$OBS,37.980,2279,388838.000,G08,1C,43.6,29898529.375,-68981.771,2102.682,0
$OBS,37.980,2279,388838.000,G27,1C,45.8,29233038.587,-54070.118,1941.093,0
$OBS,37.980,2279,388838.000,G21,1C,45.1,29448262.261,41402.759,-1416.253,0
$OBS,37.980,2279,388838.000,G31,1C,44.7,28971023.359,70296.599,-2595.007,0
$OBS,37.980,2279,388838.000,G26,1C,50.2,27112137.413,69315.519,-2467.000,0
$OBS,37.980,2279,388838.000,G03,1C,53.7,25949051.399,-30133.521,843.164,0
$OBS,37.980,2279,388838.000,G01,1C,46.9,29163559.917,56011.297,-2099.840,0
$OBS,37.980,2279,388838.000,G09,1C,43.3,30035066.701,-73595.782,2270.622,0
$OBS,37.980,2279,388838.000,G04,1C,48.1,28103663.322,-64464.480,1855.027,0
$OBS,37.980,2279,388838.000,G02,1C,44.4,29373065.190,60484.091,-1679.679,0
$LOG,37.980,PNTPOS ERROR,lack of valid sats ns=1
$CH,38.000,L1CA,8,32891,43.6,0.730734768,2102.958,69022.222,4,0
$CH,38.000,L1CA,3,35291,53.7,0.556712096,843.715,30149.545,5,0
$CH,38.000,L1CA,20,3599,32.6,0.731485917,-174.651,-744.018,0,0
$CH,38.000,L1CA,32,1891,34.4,0.418073370,1825.552,3364.823,0,0
$CH,38.000,L1CA,16,30391,53.6,0.188112244,-148.762,-4194.575,4,0
$CH,38.000,L1CA,9,32491,43.3,0.186168292,2268.163,73638.899,4,0
$CH,38.000,L1CA,12,5591,32.6,0.854443620,794.642,4493.080,0,0
$CH,38.000,L1CA,29,1745,33.8,0.287998903,832.400,1411.996,0,0
$CH,38.000,L1CA,26,28191,50.2,0.436389189,-2467.249,-69361.892,4,0
$CH,38.000,L1CA,21,29191,45.1,0.228846705,-1416.327,-41429.676,4,0
$CH,38.000,L1CA,4,34791,48.1,0.743710962,1855.143,64500.230,5,0
$CH,38.000,L1CA,27,27891,45.8,0.510898343,1940.471,54107.488,4,0
$CH,38.000,L1CA,10,2491,32.3,0.098952934,-2639.976,-6572.052,0,0
$CH,38.000,L1CA,31,27091,44.7,0.636963868,-2596.051,-70345.407,3,0
$CH,38.000,L1CA,15,591,35.6,0.646106841,-4188.440,-2447.718,0,0
$CH,38.000,L1CA,2,35991,44.4,0.978016220,-1678.513,-60515.497,5,0
$CH,38.000,L1CA,14,9391,32.5,0.832281870,-119.518,-1184.454,0,0
$CH,38.000,L1CA,23,6991,32.7,0.262066731,-236.368,-1548.911,0,0
$CH,38.000,L1CA,30,2598,34.1,0.196995694,344.481,884.304,0,0
$CH,38.000,L1CA,5,391,36.0,0.674949220,-150.574,-56.194,0,0
$CH,38.000,L1CA,13,2095,34.6,0.017938117,-174.017,-345.543,0,0
$CH,38.000,L1CA,24,1991,34.1,0.967917769,821.778,1678.136,0,1
$CH,38.000,L1CA,11,2791,32.4,0.519454877,4821.196,13515.273,0,0
$CH,38.000,L1CA,28,1128,33.3,0.750253814,-4584.658,-5124.594,0,0
$CH,38.000,L1CA,19,791,36.0,0.206574931,2222.777,1914.721,0,0
$CH,38.000,L1CA,7,33291,43.2,0.267237123,1352.771,45143.370,4,0
$CH,38.000,L1CA,25,1391,35.0,0.056038993,-146.096,-216.438,0,0
$CH,38.000,L1CA,6,691,37.2,0.652845447,1317.406,931.809,0,0
$CH,38.000,L1CA,22,4391,32.8,0.065164745,-248.053,-1050.657,0,0
$CH,38.000,L1CA,18,2891,32.4,0.312571517,862.034,2459.540,0,0
$CH,38.000,L1CA,1,26691,46.9,0.279188749,-2099.981,-56051.191,3,0
$LOG,38.009,L1CA,17,SIGNAL FOUND (35.7,4354.0,0.2792000)
$LOG,38.109,L1CA,18,SIGNAL LOST (L1CA, 31.1)
$LOG,38.209,L1CA,11,SIGNAL LOST (L1CA, 31.3)
$LOG,38.209,L1CA,18,SIGNAL FOUND (35.4,4288.7,0.4315200)
$LOG,38.309,L1CA,11,SIGNAL FOUND (36.4,-96.1,0.0796800)
$LOG,38.872,L1CA,28,SIGNAL LOST (L1CA, 31.8)
$TIME,39.000,2025,5,19,5,57,21.882000,UTC
$CH,39.000,L1CA,9,33491,43.8,0.184721638,2270.175,75908.110,4,0
$CH,39.000,L1CA,12,6591,32.7,0.853912283,798.824,5291.459,0,0
$CH,39.000,L1CA,1,27691,46.7,0.280524702,-2099.933,-58150.884,3,0
$CH,39.000,L1CA,15,1591,33.3,0.648693552,-4069.241,-6545.899,0,0
$CH,39.000,L1CA,31,28091,45.3,0.638615872,-2595.350,-72940.577,3,0
$CH,39.000,L1CA,29,2745,33.8,0.287418992,833.242,2240.803,0,0
$CH,39.000,L1CA,22,5391,32.4,0.065235688,-256.106,-1304.851,0,0
$CH,39.000,L1CA,21,30191,44.9,0.229750097,-1416.757,-42846.268,4,0
$CH,39.000,L1CA,2,36991,44.8,0.979077875,-1679.605,-62194.677,5,0
$CH,39.000,L1CA,8,33891,43.6,0.729394623,2101.550,71125.129,4,0
$CH,39.000,L1CA,3,36291,54.0,0.556191617,842.891,30992.504,5,0
$CH,39.000,L1CA,10,3491,32.0,0.100653083,-2648.883,-9216.083,0,0
$CH,39.000,L1CA,20,4599,32.3,0.731522533,-169.702,-915.749,0,0
$CH,39.000,L1CA,30,3598,32.1,0.196734767,350.415,1236.130,0,0
$CH,39.000,L1CA,7,34291,42.8,0.266379379,1351.218,46495.324,4,0
$CH,39.000,L1CA,6,1691,35.3,0.652042339,1321.618,2250.826,0,0
$CH,39.000,L1CA,5,1391,34.4,0.675012770,-237.146,-260.716,0,0
$CH,39.000,L1CA,17,991,35.7,0.276601387,4289.237,4249.972,0,0
$CH,39.000,L1CA,14,10391,32.3,0.832413828,-119.822,-1300.855,0,0
$CH,39.000,L1CA,13,3095,32.9,0.017963096,-172.625,-518.373,0,0
$CH,39.000,L1CA,16,31391,53.6,0.188241018,-149.878,-4343.822,4,0
$CH,39.000,L1CA,32,2891,32.2,0.416957527,1818.141,5183.610,0,0
$CH,39.000,L1CA,19,1791,33.0,0.205153612,2279.176,4184.769,0,0
$CH,39.000,L1CA,4,35791,48.8,0.742536265,1855.689,66355.558,5,0
$CH,39.000,L1CA,25,2391,33.7,0.056014137,-136.976,-359.790,0,0
$CH,39.000,L1CA,27,28891,45.3,0.509666351,1940.888,56048.033,4,0
$CH,39.000,L1CA,11,691,36.4,0.079742072,-169.759,-101.006,0,0
$CH,39.000,L1CA,24,2991,33.7,0.967494140,815.276,2496.612,0,1
$CH,39.000,L1CA,23,7991,32.7,0.262182360,-233.889,-1783.807,0,0
$CH,39.000,L1CA,26,29191,50.0,0.437956057,-2467.247,-71829.059,4,0
$CH,39.000,L1CA,18,791,35.4,0.429363269,4169.108,3431.414,0,0
$LOG,38.909,L1CA,28,SIGNAL FOUND (36.5,1014.6,0.6184000)
$CH,39.000,L1CA,28,91,36.5,0.618356145,883.188,84.215,0,0
$OBS,38.980,2279,388839.000,G03,1C,54.0,25948896.301,-30976.494,842.779,0
$OBS,38.980,2279,388839.000,G01,1C,46.7,29163959.859,58110.992,-2099.489,0
$OBS,38.980,2279,388839.000,G02,1C,44.8,29373381.754,62163.274,-1680.619,0
$OBS,38.980,2279,388839.000,G09,1C,43.8,30034632.575,-75864.994,2269.675,0
$OBS,38.980,2279,388839.000,G31,1C,45.3,28971517.619,72891.769,-2595.650,0
$OBS,38.980,2279,388839.000,G21,1C,44.9,29448533.333,42819.354,-1416.947,0
$OBS,38.980,2279,388839.000,G07,1C,42.8,30059109.524,-46469.637,1352.272,0
$OBS,38.980,2279,388839.000,G08,1C,43.6,29898128.404,-71084.670,2101.902,0
$OBS,38.980,2279,388839.000,G16,1C,53.6,25838584.383,4341.480,-149.483,0
$OBS,38.980,2279,388839.000,G04,1C,48.8,28103312.294,-66319.807,1855.445,0
$OBS,38.980,2279,388839.000,G27,1C,45.3,29232670.178,-56010.665,1940.846,0
$OBS,38.980,2279,388839.000,G26,1C,50.0,27112608.115,71782.678,-2467.462,0
$LOG,38.980,PNTPOS ERROR,lack of valid sats ns=1
$LOG,39.109,L1CA,32,SIGNAL LOST (L1CA, 30.7)
$LOG,39.209,L1CA,19,SIGNAL LOST (L1CA, 31.1)
$LOG,39.209,L1CA,32,SIGNAL FOUND (36.4,1478.4,0.2201600)
$LOG,39.309,L1CA,19,SIGNAL FOUND (36.2,5000.0,0.9292800)
$LOG,39.401,L1CA,20,SIGNAL LOST (L1CA, 31.4)
$LOG,39.402,L1CA,30,SIGNAL LOST (L1CA, 31.0)
$LOG,39.409,L1CA,15,SIGNAL LOST (L1CA, 31.8)
$LOG,39.509,L1CA,10,SIGNAL LOST (L1CA, 31.1)
$LOG,39.502,L1CA,20,SIGNAL FOUND (36.4,960.7,0.5148800)
$LOG,39.609,L1CA,22,SIGNAL LOST (L1CA, 31.7)
$LOG,39.609,L1CA,14,SIGNAL LOST (L1CA, 31.9)
$LOG,39.609,L1CA,30,SIGNAL FOUND (36.7,5.5,0.4972800)
$LOG,39.709,L1CA,10,SIGNAL FOUND (35.1,422.2,0.5060800)
$LOG,39.809,L1CA,14,SIGNAL FOUND (35.4,121.8,0.5089600)
$TIME,40.000,2025,5,19,5,57,25.900000,UTC
$CH,40.000,L1CA,11,1691,34.9,0.079780647,-76.483,-195.306,0,0
$CH,40.000,L1CA,30,391,36.7,0.497307032,-108.172,-43.650,0,0
$CH,40.000,L1CA,27,29891,45.3,0.508443654,1941.061,57988.619,4,0
$CH,40.000,L1CA,4,36791,49.0,0.741351572,1855.438,68210.981,5,0
$CH,40.000,L1CA,31,29091,44.9,0.640260600,-2595.521,-75535.640,3,0
$CH,40.000,L1CA,9,34491,43.8,0.183291790,2270.236,78177.479,4,0
$CH,40.000,L1CA,14,191,35.4,0.508906635,353.508,58.079,0,0
$CH,40.000,L1CA,13,4095,32.1,0.018103824,-166.247,-689.994,0,0
$CH,40.000,L1CA,3,37291,53.8,0.555651036,841.982,31834.834,5,0
$CH,40.000,L1CA,28,1091,35.0,0.618007274,840.633,955.415,0,0
$CH,40.000,L1CA,26,30191,49.9,0.439519630,-2467.973,-74296.688,4,0
$CH,40.000,L1CA,18,1791,33.4,0.426695402,4276.017,7694.683,0,0
$CH,40.000,L1CA,19,691,36.2,0.927210143,4815.740,3333.621,0,0
$CH,40.000,L1CA,10,291,35.1,0.506011213,342.759,111.051,0,0
$CH,40.000,L1CA,20,498,36.4,0.514662566,832.820,427.844,0,0
$CH,40.000,L1CA,1,28691,46.2,0.281861894,-2100.431,-60250.549,3,0
$CH,40.000,L1CA,32,791,36.4,0.219545847,1256.787,1048.613,0,0
$CH,40.000,L1CA,23,8991,33.0,0.262276641,-230.902,-2017.834,0,0
$CH,40.000,L1CA,24,3991,33.0,0.966973852,822.637,3317.274,0,1
$CH,40.000,L1CA,29,3745,33.3,0.286864497,831.749,3068.720,0,0
$CH,40.000,L1CA,7,35291,42.9,0.265518978,1350.632,47847.043,4,0
$CH,40.000,L1CA,6,2691,34.1,0.651235234,1322.726,3570.872,0,0
$CH,40.000,L1CA,12,7591,32.7,0.853399752,801.861,6088.730,0,0
$CH,40.000,L1CA,8,34891,43.2,0.728068074,2104.164,73228.291,4,0
$CH,40.000,L1CA,21,31191,45.0,0.230651565,-1414.734,-44262.676,4,0
$CH,40.000,L1CA,25,3391,32.5,0.056077001,-146.466,-503.370,0,0
$CH,40.000,L1CA,5,2391,33.4,0.675109938,-224.108,-490.863,0,0
$CH,40.000,L1CA,17,1991,33.0,0.273875503,4285.095,8531.975,0,0
$CH,40.000,L1CA,2,37991,45.1,0.980137133,-1680.190,-63873.745,5,0
$CH,40.000,L1CA,16,32391,53.3,0.188318969,-149.999,-4493.785,4,0
$LOG,40.009,L1CA,17,SIGNAL LOST (L1CA, 30.8)
$LOG,39.909,L1CA,15,SIGNAL NOT FOUND (34.8)
$OBS,39.980,2279,388840.000,G01,1C,46.2,29164361.650,60210.657,-2099.209,0
$OBS,39.980,2279,388840.000,G07,1C,42.9,30058852.133,-47821.360,1351.134,0
$OBS,39.980,2279,388840.000,G27,1C,45.3,29232303.113,-57951.246,1940.672,0
$OBS,39.980,2279,388840.000,G03,1C,53.8,25948735.270,-31818.835,842.082,0
$OBS,39.980,2279,388840.000,G26,1C,49.9,27113077.125,74250.300,-2468.353,0
$OBS,39.980,2279,388840.000,G08,1C,43.2,29897730.032,-73187.829,2103.159,0
$OBS,39.980,2279,388840.000,G04,1C,49.0,28102956.972,-68175.226,1855.307,0
$OBS,39.980,2279,388840.000,G09,1C,43.8,30034204.242,-78134.363,2269.201,0
$OBS,39.980,2279,388840.000,G31,1C,44.9,28972011.809,75486.835,-2595.328,0
$OBS,39.980,2279,388840.000,G21,1C,45.0,29448803.131,44235.766,-1415.587,0
$OBS,39.980,2279,388840.000,G02,1C,45.1,29373700.779,63842.344,-1678.381,0
$OBS,39.980,2279,388840.000,G16,1C,53.3,25838606.423,4491.427,-150.497,0
$LOG,39.980,PNTPOS ERROR,lack of valid sats ns=1
$LOG,40.109,L1CA,17,SIGNAL FOUND (35.8,968.2,0.2240000)
$LOG,40.209,L1CA,18,SIGNAL LOST (L1CA, 31.6)
$LOG,40.209,L1CA,22,SIGNAL FOUND (35.9,959.7,0.5769600)
$LOG,40.309,L1CA,15,SIGNAL FOUND (35.8,3490.8,0.8017600)
$LOG,40.409,L1CA,18,SIGNAL FOUND (35.9,-1025.6,0.0486400)
$LOG,40.609,L1CA,25,SIGNAL LOST (L1CA, 31.7)
$LOG,40.666,L1CA,28,SYMBOL SYNC (76.435)
$LOG,40.709,L1CA,25,SIGNAL FOUND (35.3,5000.0,0.2073600)
$LOG,40.905,L1CA,13,SIGNAL LOST (L1CA, 31.9)
$TIME,41.000,2025,5,19,5,57,29.950000,UTC
$CH,41.000,L1CA,1,29691,46.1,0.283181862,-2099.398,-62350.196,3,0
$CH,41.000,L1CA,20,1498,34.5,0.514251567,812.725,1257.095,0,0
$CH,41.000,L1CA,30,1391,35.4,0.497266162,-137.249,-199.834,0,0
$CH,41.000,L1CA,23,9991,33.3,0.262330297,-235.539,-2251.562,0,0
$CH,41.000,L1CA,4,37791,48.6,0.740183634,1855.579,70066.473,5,0
$CH,41.000,L1CA,29,4745,32.7,0.286296790,832.748,3897.070,0,0
$CH,41.000,L1CA,15,691,35.8,0.800329560,3331.510,2295.918,0,0
$CH,41.000,L1CA,7,36291,43.7,0.264668435,1351.921,49198.526,4,0
$CH,41.000,L1CA,5,3391,32.8,0.675257214,-226.105,-718.474,0,0
$CH,41.000,L1CA,14,1191,34.7,0.508499959,271.540,377.616,0,0
$CH,41.000,L1CA,32,1791,35.2,0.218865107,1336.346,2385.136,0,0
$CH,41.000,L1CA,22,791,35.9,0.576538289,786.750,654.472,0,0
$CH,41.000,L1CA,19,1691,33.1,0.924193451,4771.640,8106.328,0,0
$CH,41.000,L1CA,8,35891,43.4,0.726738536,2104.199,75331.706,4,0
$CH,41.000,L1CA,2,38991,44.9,0.981222217,-1679.710,-65552.682,5,0
$CH,41.000,L1CA,21,32191,44.3,0.231553292,-1417.081,-45678.906,4,0
$CH,41.000,L1CA,24,4991,32.6,0.966367155,815.586,4138.826,0,1
$CH,41.000,L1CA,3,38291,53.6,0.555109844,841.558,32676.543,5,0
$CH,41.000,L1CA,18,591,35.9,0.049085915,-1236.283,-688.584,0,0
$CH,41.000,L1CA,31,30091,45.4,0.641901724,-2594.818,-78130.594,3,0
$CH,41.000,L1CA,9,35491,43.5,0.181845832,2269.370,80447.014,4,0
$CH,41.000,L1CA,10,1291,33.0,0.505805654,244.537,431.821,0,0
$CH,41.000,L1CA,17,891,35.8,0.223436657,842.520,746.807,0,0
$CH,41.000,L1CA,6,3691,32.3,0.650514502,1316.617,4889.982,0,0
$CH,41.000,L1CA,16,33391,53.1,0.188405982,-151.243,-4644.458,4,0
$CH,41.000,L1CA,26,31191,49.8,0.441083257,-2468.880,-76764.780,4,0
$CH,41.000,L1CA,27,30891,45.4,0.507205544,1941.172,59929.246,4,0
$CH,41.000,L1CA,25,291,35.3,0.206493062,4772.924,1408.207,0,0
$CH,41.000,L1CA,11,2691,33.8,0.079852032,-73.845,-266.207,0,0
$CH,41.000,L1CA,12,8591,32.3,0.852850193,795.330,6888.778,0,0
$CH,41.000,L1CA,28,2091,33.5,0.617715537,838.748,1799.641,0,0
$LOG,40.948,L1CA,13,SIGNAL FOUND (35.7,-2566.1,0.6948800)
$CH,41.000,L1CA,13,52,35.7,0.694966647,-2621.962,-134.752,0,0
$OBS,40.980,2279,388841.000,G21,1C,44.3,29449073.801,45652.003,-1416.187,0
$OBS,40.980,2279,388841.000,G01,1C,46.1,29164757.910,62310.298,-2099.921,0
$OBS,40.980,2279,388841.000,G04,1C,48.6,28102606.467,-70030.717,1855.989,0
$OBS,40.980,2279,388841.000,G09,1C,43.5,30033770.656,-80403.893,2269.454,0
$OBS,40.980,2279,388841.000,G07,1C,43.7,30058596.191,-49172.847,1350.782,0
$OBS,40.980,2279,388841.000,G02,1C,44.9,29374026.609,65521.282,-1678.693,0
$OBS,40.980,2279,388841.000,G08,1C,43.4,29897331.347,-75291.241,2103.388,0
$OBS,40.980,2279,388841.000,G31,1C,45.4,28972504.463,78081.790,-2595.747,0
$OBS,40.980,2279,388841.000,G03,1C,53.6,25948571.012,-32660.554,841.545,0
$OBS,40.980,2279,388841.000,G27,1C,45.4,29231931.650,-59891.874,1941.383,0
$OBS,40.980,2279,388841.000,G16,1C,53.1,25838633.820,4642.087,-151.333,0
$OBS,40.980,2279,388841.000,G26,1C,49.8,27113546.518,76718.382,-2468.060,0
$LOG,40.980,PNTPOS ERROR,lack of valid sats ns=1
$LOG,41.245,L1CA,30,SYMBOL SYNC (-64.250)
$LOG,41.309,L1CA,6,SIGNAL LOST (L1CA, 31.5)
$LOG,41.309,L1CA,19,SIGNAL LOST (L1CA, 31.4)
$LOG,41.400,L1CA,6,SIGNAL FOUND (35.8,3924.3,0.8481600)
$LOG,41.509,L1CA,19,SIGNAL FOUND (36.7,481.1,0.4316800)
$LOG,41.709,L1CA,10,SIGNAL LOST (L1CA, 31.4)
$LOG,41.760,L1CA,17,SYMBOL SYNC (77.951)
$LOG,41.772,L1CA,10,SIGNAL FOUND (35.6,-3470.9,0.0008000)
$TIME,42.000,2025,5,19,5,57,34.004000,UTC
$LOG,41.909,L1CA,28,SIGNAL LOST (L1CA, 31.9)
$OBS,41.980,2279,388842.000,G16,1C,53.2,25838679.766,4793.459,-151.639,0
$OBS,41.980,2279,388842.000,G03,1C,54.1,25948414.919,-33501.645,840.555,0
$OBS,41.980,2279,388842.000,G09,1C,43.5,30033337.315,-82673.583,2270.499,0
$OBS,41.980,2279,388842.000,G04,1C,48.0,28102254.427,-71886.289,1855.626,0
$OBS,41.980,2279,388842.000,G27,1C,45.5,29231560.833,-61832.539,1940.724,0
$OBS,41.980,2279,388842.000,G01,1C,46.5,29165157.293,64409.916,-2099.853,0
$OBS,41.980,2279,388842.000,G21,1C,44.4,29449340.563,47068.063,-1416.002,0
$OBS,41.980,2279,388842.000,G02,1C,44.7,29374339.614,67200.105,-1678.585,0
$OBS,41.980,2279,388842.000,G26,1C,49.8,27114017.657,79186.928,-2468.730,0
$OBS,41.980,2279,388842.000,G31,1C,45.2,28972997.065,80676.646,-2594.349,0
$OBS,41.980,2279,388842.000,G07,1C,44.2,30058338.224,-50524.102,1350.824,0
$OBS,41.980,2279,388842.000,G08,1C,43.7,29896929.347,-77394.908,2103.492,0
$LOG,41.980,PNTPOS ERROR,lack of valid sats ns=1
$CH,42.000,L1CA,31,31091,45.2,0.643547071,-2595.216,-80725.447,3,0
$CH,42.000,L1CA,12,9591,32.7,0.852319898,796.255,7690.529,0,0
$CH,42.000,L1CA,17,1891,34.8,0.222900482,822.173,1570.281,0,0
$CH,42.000,L1CA,21,33191,44.4,0.232442088,-1416.484,-47094.967,4,0
$CH,42.000,L1CA,14,2191,34.0,0.508106757,270.281,651.601,0,0
$CH,42.000,L1CA,7,37291,44.2,0.263807105,1350.716,50549.771,4,0
$CH,42.000,L1CA,6,600,35.8,0.846726159,3842.428,2320.409,0,0
$CH,42.000,L1CA,10,228,35.6,0.001289270,-3648.623,-809.467,0,0
$CH,42.000,L1CA,4,38791,48.0,0.739008681,1855.845,71922.047,5,0
$CH,42.000,L1CA,13,1052,33.6,0.696549732,-2585.765,-2750.237,0,0
$CH,42.000,L1CA,1,30691,46.5,0.284519688,-2098.798,-64449.806,3,0
$CH,42.000,L1CA,32,2791,34.2,0.218204575,1334.787,3726.228,0,0
$CH,42.000,L1CA,25,1291,32.8,0.203484545,4705.396,6132.824,0,0
$CH,42.000,L1CA,24,5991,32.6,0.965805188,827.376,4960.371,0,1
$CH,42.000,L1CA,2,39991,44.7,0.982271692,-1679.274,-67231.501,5,0
$CH,42.000,L1CA,22,1791,33.3,0.576028919,848.305,1501.334,0,0
$CH,42.000,L1CA,11,3691,32.7,0.079965321,-76.215,-338.761,0,0
$CH,42.000,L1CA,8,36891,43.7,0.725393909,2103.203,77435.379,4,0
$CH,42.000,L1CA,18,1591,34.7,0.049772177,-1259.049,-1940.795,0,0
$CH,42.000,L1CA,27,31891,45.5,0.505971885,1940.332,61869.914,4,0
$CH,42.000,L1CA,20,2498,34.0,0.513831385,810.941,2069.259,0,0
$CH,42.000,L1CA,5,4391,32.8,0.675396661,-232.072,-944.928,0,0
$CH,42.000,L1CA,3,39291,54.1,0.554585032,840.474,33517.618,5,0
$CH,42.000,L1CA,23,10991,32.5,0.262480343,-228.290,-2484.681,0,0
$CH,42.000,L1CA,26,32191,49.8,0.442657467,-2468.777,-79233.334,4,0
$CH,42.000,L1CA,30,2391,33.5,0.497315035,-144.286,-342.556,0,0
$CH,42.000,L1CA,29,5745,32.6,0.285746094,831.935,4727.664,0,0
$CH,42.000,L1CA,15,1691,34.1,0.798326030,3317.424,5602.705,0,0
$CH,42.000,L1CA,19,491,36.7,0.431567494,380.410,185.584,0,0
$CH,42.000,L1CA,16,34391,53.2,0.188559459,-151.489,-4795.841,4,0
$CH,42.000,L1CA,9,36491,43.5,0.180400391,2270.353,82716.709,4,0
$LOG,42.009,L1CA,23,SIGNAL LOST (L1CA, 31.7)
$LOG,42.009,L1CA,24,SIGNAL LOST (L1CA, 31.8)
$LOG,42.009,L1CA,28,SIGNAL FOUND (36.5,-5000.0,0.3116800)
$LOG,42.109,L1CA,23,SIGNAL FOUND (37.0,1533.1,0.8278400)
$LOG,42.231,L1CA,26,FRAME SYNC (R)
$LNAV,42.071,L1CA,26,8B55567E938A02046A3BBF3BCE192F0406042F75F1083CA10DFACB60AE7F
$LOG,42.227,L1CA,3,FRAME SYNC (N)
$LNAV,42.067,L1CA,3,8B55567E938A02033E319A67FA0FC40287029FBC0204FAA10CC49560AE7C
$LOG,42.227,L1CA,16,FRAME SYNC (R)
$LNAV,42.067,L1CA,16,8B55567E938A0201C5340C18D95CD401E106D9C9E50801A10D36B960AE7F
$LOG,42.238,L1CA,27,FRAME SYNC (R)
$LNAV,42.078,L1CA,27,8B55567E938A02F97D3079F392B45EFA9405F30C8A121BA10D5C5960AE7D
$LOG,42.237,L1CA,31,FRAME SYNC (R)
$LNAV,42.077,L1CA,31,8B55567E938A0203362FA55A1DF3980267055A86481826A10D0E6E60AE7C
$LOG,42.238,L1CA,1,FRAME SYNC (N)
$LNAV,42.078,L1CA,1,8B55567E938A020A7628C299006BDA088E06965F0E1633A10D18A660AE7D
$LOG,42.238,L1CA,2,FRAME SYNC (R)
$LNAV,42.078,L1CA,2,8B55567E938A0208282F330695ECBE06E4082DF0241780A10E011860AE7D
$LOG,42.241,L1CA,7,FRAME SYNC (N)
$LNAV,42.081,L1CA,7,8B55567E938A0204B02F117CAA84A403B508FBB21F186FA10DD8C260AE7D
$LOG,42.240,L1CA,8,FRAME SYNC (R)
$LNAV,42.080,L1CA,8,8B55567E938A02F8B43253F0A48CD0F9D3046AA54B1186A10DFF5C60AE7C
$LOG,42.241,L1CA,9,FRAME SYNC (N)
$LNAV,42.081,L1CA,9,8B55567E938A02F44732E607C2795AF5AA0165FC4E10E0A10C659C60AE7D
$LOG,42.239,L1CA,21,FRAME SYNC (N)
$LNAV,42.079,L1CA,21,8B55567E938A0207B13120F16C7FDD06350CB0B95116A3A10C958360AE7C
$LOG,42.234,L1CA,4,FRAME SYNC (R)
$LNAV,42.074,L1CA,4,8B55567E938A02F4C8307AE314F10DF5E5014CEC221234A10D069A60AE7F
$LOG,42.209,L1CA,24,SIGNAL FOUND (36.0,-891.7,0.4465600)
$LOG,42.309,L1CA,15,SIGNAL LOST (L1CA, 31.9)
$LOG,42.409,L1CA,15,SIGNAL FOUND (36.3,966.8,0.2374400)
$LOG,42.709,L1CA,25,SIGNAL LOST (L1CA, 31.9)
$LOG,42.800,L1CA,25,SIGNAL FOUND (36.1,2474.6,0.3587200)
$TIME,43.000,2025,5,19,5,57,38.006000,UTC
$CH,43.000,L1CA,4,39791,48.0,0.737820042,1855.280,73777.701,6,0
$CH,43.000,L1CA,16,35391,53.5,0.188592095,-152.763,-4947.941,5,0
$CH,43.000,L1CA,21,34191,44.5,0.233346469,-1415.627,-48510.848,5,0
$CH,43.000,L1CA,5,5391,33.1,0.675589736,-220.208,-1171.414,0,0
$CH,43.000,L1CA,3,40291,53.8,0.554047463,840.398,34358.075,6,0
$CH,43.000,L1CA,28,991,36.5,0.314921367,-5158.848,-5139.534,0,0
$CH,43.000,L1CA,20,3498,33.8,0.513382237,811.592,2882.629,0,0
$CH,43.000,L1CA,14,3191,32.6,0.507688092,275.406,924.409,0,0
$CH,43.000,L1CA,1,31691,46.9,0.285856310,-2099.720,-66549.399,4,0
$CH,43.000,L1CA,7,38291,44.3,0.262947324,1350.630,51900.780,5,0
$CH,43.000,L1CA,18,2591,33.3,0.050580120,-1263.775,-3200.878,0,0
$CH,43.000,L1CA,6,1600,33.5,0.844377310,3676.624,6023.597,0,0
$CH,43.000,L1CA,12,10591,33.1,0.851787758,804.606,8491.950,0,0
$CH,43.000,L1CA,24,791,36.0,0.446895518,-790.411,-634.980,0,1
$CH,43.000,L1CA,23,891,37.0,0.827232622,1376.482,1211.820,0,0
$CH,43.000,L1CA,13,2052,32.3,0.698249770,-2593.077,-5340.548,0,0
$CH,43.000,L1CA,2,40991,45.0,0.983339429,-1678.773,-68910.186,6,0
$CH,43.000,L1CA,31,32091,45.7,0.645201336,-2594.592,-83320.186,4,0
$CH,43.000,L1CA,30,3391,32.5,0.497427843,-141.836,-488.094,0,0
$CH,43.000,L1CA,32,3791,33.4,0.217509138,1337.505,5066.562,0,0
$CH,43.000,L1CA,11,4691,32.5,0.080078014,-74.841,-413.495,0,0
$CH,43.000,L1CA,25,200,36.1,0.358426863,2345.470,469.501,0,0
$CH,43.000,L1CA,29,6745,32.3,0.285242850,828.651,5559.122,0,0
$CH,43.000,L1CA,9,37491,43.3,0.178962526,2270.663,84986.559,5,0
$CH,43.000,L1CA,17,2891,34.1,0.222359434,827.297,2393.065,0,0
$CH,43.000,L1CA,19,1491,34.4,0.431341108,336.930,522.557,0,0
$CH,43.000,L1CA,8,37891,44.4,0.724060381,2104.016,79539.312,5,0
$CH,43.000,L1CA,10,1228,33.7,0.003597641,-3725.692,-4546.482,0,0
$CH,43.000,L1CA,27,32891,45.4,0.504743219,1940.906,63810.621,5,0
$CH,43.000,L1CA,26,33191,50.2,0.444221250,-2469.250,-81702.346,5,0
$CH,43.000,L1CA,22,2791,32.1,0.575488329,836.780,2347.850,0,0
$CH,43.000,L1CA,15,591,36.3,0.237158414,804.734,500.019,0,0
$OBS,42.980,2279,388843.000,G01,1C,46.9,29165559.014,66509.507,-2099.715,0
$OBS,42.980,2279,388843.000,G03,1C,53.8,25948253.959,-34342.111,839.892,0
$OBS,42.980,2279,388843.000,G21,1C,44.5,29449610.430,48483.950,-1415.485,0
$OBS,42.980,2279,388843.000,G04,1C,48.0,28101897.779,-73741.939,1855.446,0
$OBS,42.980,2279,388843.000,G07,1C,44.3,30058079.577,-51875.112,1350.562,0
$OBS,42.980,2279,388843.000,G16,1C,53.5,25838689.067,4945.543,-152.711,0
$OBS,42.980,2279,388843.000,G09,1C,43.3,30032906.399,-84943.429,2270.559,0
$OBS,42.980,2279,388843.000,G02,1C,45.0,29374660.576,68878.792,-1679.563,0
$OBS,42.980,2279,388843.000,G31,1C,45.7,28973492.460,83271.390,-2595.601,0
$OBS,42.980,2279,388843.000,G26,1C,50.2,27114485.759,81655.929,-2469.495,0
$OBS,42.980,2279,388843.000,G27,1C,45.4,29231194.326,-63773.248,1941.291,0
$OBS,42.980,2279,388843.000,G08,1C,44.4,29896528.533,-79498.832,2103.882,0
$LOG,42.980,PNTPOS ERROR,lack of valid sats ns=1
$LOG,43.609,L1CA,30,SIGNAL LOST (L1CA, 31.5)
$LOG,43.772,L1CA,10,SIGNAL LOST (L1CA, 31.6)
$LOG,43.709,L1CA,30,SIGNAL NOT FOUND (35.0)
$LOG,43.809,L1CA,14,SIGNAL LOST (L1CA, 31.4)
$LOG,43.809,L1CA,10,SIGNAL FOUND (35.1,1400.8,0.1563200)
$TIME,44.000,2025,5,19,5,57,42.417000,UTC
$CH,44.000,L1CA,5,6391,32.0,0.675775689,-223.996,-1398.702,0,0
$CH,44.000,L1CA,10,191,35.1,0.156182432,1397.953,266.053,0,0
$CH,44.000,L1CA,15,1591,35.4,0.236867783,854.051,1335.596,0,0
$CH,44.000,L1CA,12,11591,32.8,0.851272923,808.135,9294.782,0,0
$CH,44.000,L1CA,24,1791,35.4,0.447318754,-825.591,-1456.457,0,1
$CH,44.000,L1CA,23,1891,35.3,0.826426908,1364.887,2576.743,0,0
$CH,44.000,L1CA,16,36391,53.9,0.188723073,-153.228,-5100.757,5,0
$CH,44.000,L1CA,29,7745,32.5,0.284671804,834.719,6394.394,0,0
$CH,44.000,L1CA,3,41291,53.6,0.553505290,839.521,35197.904,6,0
$CH,44.000,L1CA,25,1200,33.5,0.357046920,2422.475,2849.916,0,0
$CH,44.000,L1CA,1,32691,47.4,0.287185469,-2099.070,-68648.964,4,0
$CH,44.000,L1CA,18,3591,32.1,0.051306156,-1258.654,-4463.276,0,0
$CH,44.000,L1CA,11,5691,32.6,0.080100187,-81.222,-492.231,0,0
$CH,44.000,L1CA,27,33891,44.9,0.503512589,1940.642,65751.366,5,0
$CH,44.000,L1CA,22,3791,32.4,0.575035523,838.737,3189.363,0,0
$CH,44.000,L1CA,2,41991,45.4,0.984408970,-1678.612,-70588.757,6,0
$CH,44.000,L1CA,8,38891,44.6,0.722725338,2104.277,81643.499,5,0
$CH,44.000,L1CA,32,4791,32.5,0.216764509,1334.686,6406.299,0,0
$CH,44.000,L1CA,13,3052,32.1,0.699871380,-2583.446,-7928.046,0,0
$CH,44.000,L1CA,9,38491,43.6,0.177518893,2271.839,87256.580,5,0
$CH,44.000,L1CA,28,1991,33.9,0.318166491,-5164.359,-10306.359,0,0
$CH,44.000,L1CA,21,35191,43.6,0.234241663,-1416.299,-49926.554,5,0
$CH,44.000,L1CA,26,34191,50.4,0.445785671,-2470.040,-84171.821,5,0
$CH,44.000,L1CA,19,2491,32.1,0.431169919,322.499,852.176,0,0
$CH,44.000,L1CA,7,39291,44.8,0.262087285,1350.615,53251.556,5,0
$CH,44.000,L1CA,17,3891,33.5,0.221784226,828.624,3218.269,0,0
$CH,44.000,L1CA,20,4498,33.6,0.512853778,810.612,3696.523,0,0
$CH,44.000,L1CA,31,33091,46.3,0.646843109,-2594.858,-85914.817,4,0
$CH,44.000,L1CA,4,40791,48.1,0.736645839,1855.939,75633.433,6,0
$CH,44.000,L1CA,6,2600,32.6,0.842076664,3675.705,9703.156,0,0
$LOG,44.046,L1CA,29,SYMBOL SYNC (70.724)
$LOG,43.909,L1CA,14,SIGNAL FOUND (35.9,-4484.2,0.7675200)
$CH,44.000,L1CA,14,91,35.9,0.767771860,-4629.339,-416.378,0,0
$OBS,43.980,2279,388844.000,G27,1C,44.9,29230824.818,-65713.989,1940.639,0
$OBS,43.980,2279,388844.000,G03,1C,53.6,25948090.467,-35181.953,839.384,0
$OBS,43.980,2279,388844.000,G01,1C,47.4,29165957.333,68609.073,-2099.292,0
$OBS,43.980,2279,388844.000,G16,1C,53.9,25838729.360,5098.347,-152.894,0
$OBS,43.980,2279,388844.000,G02,1C,45.4,29374980.648,70557.365,-1679.545,0
$OBS,43.980,2279,388844.000,G21,1C,43.6,29449879.356,49899.652,-1415.136,0
$OBS,43.980,2279,388844.000,G31,1C,46.3,28973985.969,85866.021,-2593.592,0
$OBS,43.980,2279,388844.000,G09,1C,43.6,30032473.843,-87213.447,2270.792,0
$OBS,43.980,2279,388844.000,G26,1C,50.4,27114955.379,84125.397,-2470.090,0
$OBS,43.980,2279,388844.000,G07,1C,44.8,30057821.925,-53225.893,1350.637,0
$OBS,43.980,2279,388844.000,G08,1C,44.6,29896127.736,-81603.017,2103.941,0
$OBS,43.980,2279,388844.000,G04,1C,48.1,28101545.878,-75597.675,1855.618,0
$LOG,43.980,PNTPOS ERROR,lack of valid sats ns=1
$LOG,44.109,L1CA,30,SIGNAL FOUND (35.8,2000.7,0.5276800)
$LOG,44.209,L1CA,32,SIGNAL LOST (L1CA, 31.3)
$LOG,44.286,L1CA,15,SYMBOL SYNC (88.502)
$LOG,44.309,L1CA,32,SIGNAL FOUND (36.0,1079.0,0.1672000)
$LOG,44.400,L1CA,6,SIGNAL LOST (L1CA, 30.9)
$LOG,44.409,L1CA,12,SIGNAL LOST (L1CA, 31.8)
$LOG,44.409,L1CA,18,SIGNAL LOST (L1CA, 31.0)
$LOG,44.499,L1CA,6,SIGNAL FOUND (36.2,1390.5,0.5259200)
$LOG,44.509,L1CA,19,SIGNAL LOST (L1CA, 30.7)
$LOG,44.509,L1CA,12,SIGNAL FOUND (37.0,-1054.7,0.2806400)
$LOG,44.609,L1CA,5,SIGNAL LOST (L1CA, 31.6)
$LOG,44.609,L1CA,18,SIGNAL FOUND (36.8,-1956.7,0.4561600)
$LOG,44.709,L1CA,19,SIGNAL NOT FOUND (35.0)
$LOG,44.800,L1CA,25,SIGNAL LOST (L1CA, 31.3)
$LOG,44.809,L1CA,5,SIGNAL FOUND (36.8,-1047.9,0.2132800)
$TIME,45.000,2025,5,19,5,57,47.087000,UTC
$LOG,44.948,L1CA,13,SIGNAL LOST (L1CA, 31.5)
$CH,45.000,L1CA,14,1091,32.5,0.770687534,-4578.412,-5069.035,0,0
$CH,45.000,L1CA,28,2991,32.5,0.321458960,-5170.622,-15473.089,0,0
$CH,45.000,L1CA,31,34091,46.7,0.648488310,-2594.494,-88509.349,4,0
$CH,45.000,L1CA,2,42991,44.8,0.985476563,-1678.811,-72267.196,6,0
$CH,45.000,L1CA,3,42291,53.5,0.552986717,839.189,36037.109,6,0
$CH,45.000,L1CA,20,5498,33.2,0.512342503,807.574,4509.672,0,0
$CH,45.000,L1CA,30,891,35.8,0.526634569,1848.695,1684.562,0,0
$CH,45.000,L1CA,23,2891,33.8,0.825602228,1361.828,3942.658,0,0
$CH,45.000,L1CA,9,39491,44.0,0.176067854,2269.865,89526.750,5,0
$CH,45.000,L1CA,18,391,36.8,0.456632925,-2176.114,-801.514,0,0
$CH,45.000,L1CA,5,191,36.8,0.213421673,-1190.644,-219.937,0,0
$CH,45.000,L1CA,6,501,36.2,0.525487693,1374.051,681.459,0,0
$CH,45.000,L1CA,1,33691,47.5,0.288515843,-2099.484,-70748.503,4,0
$CH,45.000,L1CA,4,41791,47.9,0.735465028,1856.461,77489.242,6,0
$CH,45.000,L1CA,26,35191,50.8,0.447354158,-2470.545,-86641.755,5,0
$CH,45.000,L1CA,21,36191,44.2,0.235143071,-1416.109,-51342.073,5,0
$CH,45.000,L1CA,17,4891,32.8,0.221224408,834.730,4046.899,0,0
$CH,45.000,L1CA,24,2791,34.0,0.447616964,-823.628,-2284.023,0,1
$CH,45.000,L1CA,29,8745,32.3,0.284070470,837.759,7233.613,0,0
$CH,45.000,L1CA,10,1191,33.7,0.155537152,1216.654,1574.140,0,0
$CH,45.000,L1CA,15,2591,34.0,0.236464248,849.762,2183.398,0,0
$CH,45.000,L1CA,32,691,36.0,0.166754332,1356.255,901.758,0,0
$CH,45.000,L1CA,27,34891,44.9,0.502272058,1939.847,67692.148,5,0
$CH,45.000,L1CA,16,37391,53.8,0.188804602,-153.984,-5254.278,5,0
$CH,45.000,L1CA,12,491,37.0,0.280912930,-1204.789,-571.032,0,0
$CH,45.000,L1CA,8,39891,44.5,0.721391899,2104.410,83747.940,5,0
$CH,45.000,L1CA,11,6691,33.2,0.080185510,-81.664,-573.485,0,0
$LOG,44.909,L1CA,19,SIGNAL FOUND (35.5,2470.3,0.0572800)
$CH,45.000,L1CA,7,40291,44.8,0.261230048,1349.477,54602.097,5,0
$CH,45.000,L1CA,22,4791,32.3,0.574472071,834.270,4028.633,0,0
$LOG,45.009,L1CA,28,SIGNAL LOST (L1CA, 30.8)
$CH,45.000,L1CA,19,91,35.5,0.057148622,2381.836,220.756,0,0
$LOG,45.075,L1CA,25,SIGNAL FOUND (35.2,-1018.0,0.5788800)
$OBS,44.980,2279,388845.000,G26,1C,50.8,27115425.767,86595.321,-2469.720,0
$OBS,44.980,2279,388845.000,G04,1C,47.9,28101192.808,-77453.481,1855.732,0
$OBS,44.980,2279,388845.000,G09,1C,44.0,30032038.059,-89483.615,2270.773,0
$OBS,44.980,2279,388845.000,G03,1C,53.5,25947935.387,-36021.169,838.566,0
$OBS,44.980,2279,388845.000,G21,1C,44.2,29450150.986,51315.179,-1413.903,0
$OBS,44.980,2279,388845.000,G07,1C,44.8,30057566.122,-54576.441,1351.207,0
$OBS,44.980,2279,388845.000,G02,1C,44.8,29375300.475,72235.810,-1677.121,0
$OBS,44.980,2279,388845.000,G31,1C,46.7,28974478.572,88460.555,-2594.321,0
$OBS,44.980,2279,388845.000,G16,1C,53.8,25838752.307,5251.853,-154.088,0
$OBS,44.980,2279,388845.000,G08,1C,44.5,29895728.981,-83707.455,2103.811,0
$OBS,44.980,2279,388845.000,G27,1C,44.9,29230452.273,-67654.772,1941.123,0
$OBS,44.980,2279,388845.000,G01,1C,47.5,29166354.988,70708.610,-2100.030,0
$LOG,44.980,PNTPOS ERROR,lack of valid sats ns=1
$LOG,45.109,L1CA,28,SIGNAL FOUND (36.0,1541.7,0.0099200)
$LOG,45.209,L1CA,13,SIGNAL FOUND (36.5,1000.5,0.5960000)
$LOG,45.909,L1CA,14,SIGNAL LOST (L1CA, 31.9)
$TIME,46.000,2025,5,19,5,57,51.207000,UTC
$OBS,45.980,2279,388846.000,G08,1C,44.1,29895326.248,-85812.148,2104.590,0
$OBS,45.980,2279,388846.000,G07,1C,44.0,30057307.998,-55926.748,1349.435,0
$OBS,45.980,2279,388846.000,G01,1C,47.4,29166757.495,72808.127,-2099.100,0
$OBS,45.980,2279,388846.000,G26,1C,49.7,27115897.673,89065.710,-2470.491,0
$OBS,45.980,2279,388846.000,G02,1C,44.5,29375618.418,73914.134,-1677.790,0
$OBS,45.980,2279,388846.000,G27,1C,44.9,29230083.515,-69595.597,1940.994,0
$OBS,45.980,2279,388846.000,G04,1C,48.9,28100839.127,-79309.374,1856.016,0
$OBS,45.980,2279,388846.000,G31,1C,47.3,28974972.517,91054.976,-2595.074,0
$OBS,45.980,2279,388846.000,G09,1C,43.0,30031607.737,-91753.954,2271.003,0
$OBS,45.980,2279,388846.000,G03,1C,53.3,25947775.788,-36859.760,838.095,0
$OBS,45.980,2279,388846.000,G16,1C,53.6,25838777.836,5406.081,-154.782,0
$OBS,45.980,2279,388846.000,G21,1C,44.5,29450417.834,52730.522,-1416.105,0
$LOG,45.980,PNTPOS ERROR,lack of valid sats ns=1
$CH,46.000,L1CA,12,1491,34.3,0.281548603,-1202.714,-1764.498,0,0
$CH,46.000,L1CA,10,2191,32.0,0.154917803,1220.679,2790.129,0,0
$CH,46.000,L1CA,31,35091,47.3,0.650137597,-2594.287,-91103.769,4,0
$CH,46.000,L1CA,13,791,36.5,0.595587330,849.656,668.773,0,0
$CH,46.000,L1CA,19,1091,33.5,0.055705339,2356.276,2570.257,0,0
$CH,46.000,L1CA,32,1691,35.1,0.166088006,1344.961,2239.506,0,0
$CH,46.000,L1CA,2,43991,44.5,0.986533855,-1678.097,-73945.519,6,0
$CH,46.000,L1CA,7,41291,44.0,0.260374243,1349.980,55952.403,5,0
$CH,46.000,L1CA,17,5891,32.8,0.220653902,835.883,4878.753,0,0
$CH,46.000,L1CA,1,34691,47.4,0.289854259,-2099.775,-72848.015,4,0
$CH,46.000,L1CA,8,40891,44.1,0.720052592,2105.145,85852.638,5,0
$CH,46.000,L1CA,29,9745,32.4,0.283584013,834.951,8072.191,0,0
$CH,46.000,L1CA,11,7691,32.2,0.080328648,-90.505,-655.781,0,0
$CH,46.000,L1CA,23,3891,32.5,0.824757097,1371.183,5307.402,0,0
$CH,46.000,L1CA,5,1191,35.5,0.213944206,-1120.032,-1373.916,0,0
$CH,46.000,L1CA,20,6498,33.7,0.511862074,808.705,5322.781,0,0
$CH,46.000,L1CA,3,43291,53.3,0.552450451,838.691,36875.686,6,0
$CH,46.000,L1CA,27,35891,44.9,0.501036491,1940.149,69632.971,5,0
$CH,46.000,L1CA,24,3791,32.8,0.447897795,-824.774,-3111.151,0,1
$CH,46.000,L1CA,21,37191,44.5,0.236039341,-1414.951,-52757.412,5,0
$CH,46.000,L1CA,9,40491,43.0,0.174631689,2270.735,91797.091,5,0
$CH,46.000,L1CA,16,38391,53.6,0.188886002,-154.738,-5408.518,5,0
$CH,46.000,L1CA,4,42791,48.9,0.734291808,1856.008,79345.133,6,0
$CH,46.000,L1CA,25,925,35.2,0.579457854,-1190.360,-1049.518,0,0
$CH,46.000,L1CA,15,3591,32.5,0.236002142,841.027,3028.779,0,0
$CH,46.000,L1CA,6,1501,34.4,0.524652585,1332.674,2026.774,0,0
$CH,46.000,L1CA,18,1391,34.2,0.457899330,-2191.150,-2974.720,0,0
$CH,46.000,L1CA,22,5791,32.3,0.573992079,838.810,4867.122,0,0
$CH,46.000,L1CA,26,36191,49.7,0.448925420,-2470.310,-89112.153,5,0
$CH,46.000,L1CA,28,891,36.0,0.009228808,1286.433,1209.287,0,0
$CH,46.000,L1CA,30,1891,33.2,0.525518782,1769.392,3460.359,0,0
$LOG,46.047,L1CA,22,SYMBOL SYNC (79.684)
$LOG,46.003,L1CA,14,SIGNAL FOUND (36.1,-952.9,0.4478400)
$LOG,46.109,L1CA,30,SIGNAL LOST (L1CA, 32.0)
$LOG,46.109,L1CA,23,SIGNAL LOST (L1CA, 31.5)
$LOG,46.203,L1CA,23,SIGNAL FOUND (35.6,-5000.0,0.6848000)
$LOG,46.309,L1CA,11,SIGNAL LOST (L1CA, 31.7)
$LOG,46.309,L1CA,30,SIGNAL FOUND (35.1,-2464.3,0.7315200)
$LOG,46.499,L1CA,6,SIGNAL LOST (L1CA, 31.7)
$LOG,46.409,L1CA,11,SIGNAL FOUND (36.4,-1511.6,0.6504000)
$LOG,46.509,L1CA,6,SIGNAL NOT FOUND (34.9)
$LOG,46.609,L1CA,18,SIGNAL LOST (L1CA, 31.9)
$LOG,46.609,L1CA,6,SIGNAL FOUND (35.4,53.0,0.3483200)
$LOG,46.709,L1CA,18,SIGNAL FOUND (36.0,-2547.5,0.1342400)
$LOG,46.809,L1CA,10,SIGNAL LOST (L1CA, 31.1)
$LOG,46.909,L1CA,19,SIGNAL LOST (L1CA, 31.7)
$TIME,47.000,2025,5,19,5,57,55.484000,UTC
$LOG,46.900,L1CA,10,SIGNAL FOUND (36.3,-1347.7,0.4667200)
$OBS,46.980,2279,388847.000,G03,1C,52.7,25947612.663,-37697.725,837.437,0
$OBS,46.980,2279,388847.000,G21,1C,45.0,29450687.423,54145.699,-1414.720,0
$OBS,46.980,2279,388847.000,G07,1C,42.9,30057052.074,-57276.828,1349.424,0
$OBS,46.980,2279,388847.000,G02,1C,45.3,29375940.410,75592.330,-1678.218,0
$OBS,46.980,2279,388847.000,G31,1C,47.5,28975468.086,93649.290,-2593.850,0
$OBS,46.980,2279,388847.000,G16,1C,54.0,25838824.428,5561.018,-155.161,0
$OBS,46.980,2279,388847.000,G04,1C,49.3,28100488.517,-81165.340,1855.413,0
$OBS,46.980,2279,388847.000,G27,1C,45.2,29229716.432,-71536.460,1941.021,0
$OBS,46.980,2279,388847.000,G08,1C,44.0,29894925.608,-87917.096,2104.509,0
$OBS,46.980,2279,388847.000,G01,1C,46.9,29167155.884,74907.614,-2100.080,0
$OBS,46.980,2279,388847.000,G09,1C,42.8,30031180.101,-94024.445,2270.805,0
$OBS,46.980,2279,388847.000,G26,1C,49.9,27116367.608,91536.557,-2471.074,0
$LOG,46.980,PNTPOS ERROR,lack of valid sats ns=1
$CH,47.000,L1CA,17,6891,32.6,0.220081083,839.607,5714.651,0,0
$CH,47.000,L1CA,11,591,36.4,0.650901744,-1621.857,-983.689,0,0
$CH,47.000,L1CA,7,42291,42.9,0.259517939,1349.653,57302.475,5,0
$CH,47.000,L1CA,23,797,35.6,0.687415392,-5184.524,-4132.202,0,0
$CH,47.000,L1CA,3,44291,52.7,0.551913632,837.587,37713.640,6,0
$CH,47.000,L1CA,24,4791,32.1,0.448382946,-836.049,-3939.658,0,1
$CH,47.000,L1CA,27,36891,45.2,0.499814734,1940.258,71573.836,5,0
$CH,47.000,L1CA,31,36091,47.5,0.651786985,-2594.901,-93698.081,4,0
$CH,47.000,L1CA,15,4591,32.4,0.235511692,841.735,3873.242,0,0
$CH,47.000,L1CA,32,2691,33.7,0.165264652,1342.908,3582.092,0,0
$CH,47.000,L1CA,26,37191,49.9,0.450496489,-2470.789,-91583.008,5,0
$CH,47.000,L1CA,16,39391,54.0,0.189041959,-155.465,-5563.466,5,0
$CH,47.000,L1CA,30,691,35.1,0.732480951,-2264.426,-1605.629,0,0
$CH,47.000,L1CA,5,2191,33.0,0.214425189,-1117.509,-2494.698,0,0
$CH,47.000,L1CA,1,35691,46.9,0.291183131,-2100.858,-74947.503,4,0
$CH,47.000,L1CA,28,1891,33.8,0.008387860,1277.874,2493.004,0,0
$CH,47.000,L1CA,2,44991,45.3,0.987610395,-1678.333,-75623.715,6,0
$CH,47.000,L1CA,4,43791,49.3,0.733115974,1856.448,81201.098,6,0
$CH,47.000,L1CA,12,2491,32.6,0.282305859,-1202.612,-2969.614,0,0
$CH,47.000,L1CA,10,100,36.3,0.466802741,-1279.566,-125.554,0,0
$CH,47.000,L1CA,8,41891,44.0,0.718712281,2103.401,87957.592,5,0
$CH,47.000,L1CA,20,7498,32.7,0.511356372,815.768,6136.903,0,0
$CH,47.000,L1CA,9,41491,42.8,0.173204283,2270.300,94067.587,5,0
$CH,47.000,L1CA,6,391,35.4,0.348381976,-297.118,-70.254,0,0
$CH,47.000,L1CA,14,997,36.1,0.448507042,-1210.732,-1157.280,0,0
$CH,47.000,L1CA,22,6791,32.7,0.573502527,835.939,5705.183,0,0
$CH,47.000,L1CA,29,10745,32.5,0.283068184,831.142,8910.123,0,0
$CH,47.000,L1CA,13,1791,33.5,0.595113023,820.926,1496.925,0,0
$CH,47.000,L1CA,25,1925,34.0,0.580085873,-1149.606,-2204.591,0,0
$CH,47.000,L1CA,21,38191,45.0,0.236936018,-1415.076,-54172.584,5,0
$CH,47.000,L1CA,18,291,36.0,0.134697197,-2568.909,-754.318,0,0
$LOG,47.075,L1CA,25,SIGNAL LOST (L1CA, 32.0)
$LOG,47.009,L1CA,19,SIGNAL FOUND (35.6,911.1,0.2329600)
$LOG,47.109,L1CA,25,SIGNAL FOUND (36.0,30.6,0.7376000)
$LOG,47.209,L1CA,22,SIGNAL LOST (L1CA, 31.8)
$LOG,47.209,L1CA,13,SIGNAL LOST (L1CA, 31.2)
$LOG,47.209,L1CA,24,SIGNAL LOST (L1CA, 31.6)
$LOG,47.304,L1CA,13,SIGNAL FOUND (36.6,1438.3,0.2400000)
$LOG,47.409,L1CA,22,SIGNAL FOUND (36.0,-5000.0,0.7814400)
$LOG,47.509,L1CA,12,SIGNAL LOST (L1CA, 30.9)
$LOG,47.509,L1CA,24,SIGNAL FOUND (36.3,1553.6,0.1947200)
$LOG,47.609,L1CA,12,SIGNAL FOUND (36.3,-2580.5,0.2603200)
$LOG,47.809,L1CA,5,SIGNAL LOST (L1CA, 30.6)
$TIME,48.000,2025,5,19,5,57,59.715000,UTC
$CH,48.000,L1CA,20,8498,32.2,0.510811388,819.440,6952.159,0,0
$CH,48.000,L1CA,22,591,36.0,0.783248645,-4829.889,-2921.221,0,0
$CH,48.000,L1CA,23,1797,32.7,0.690579477,-5055.957,-9201.724,0,0
$CH,48.000,L1CA,15,5591,32.2,0.235025198,835.609,4716.202,0,0
$CH,48.000,L1CA,4,44791,48.9,0.731933762,1855.224,83057.151,6,0
$CH,48.000,L1CA,21,39191,45.1,0.237836163,-1415.360,-55587.577,5,0
$CH,48.000,L1CA,1,36691,47.1,0.292514200,-2100.315,-77046.966,4,0
$CH,48.000,L1CA,2,45991,45.3,0.988657674,-1677.196,-77301.786,6,0
$CH,48.000,L1CA,18,1291,33.7,0.136277011,-2656.118,-3420.392,0,0
$CH,48.000,L1CA,9,42491,42.5,0.171754260,2271.037,96338.251,5,0
$CH,48.000,L1CA,11,1591,33.0,0.651721475,-1394.737,-2434.179,0,0
$CH,48.000,L1CA,26,38191,49.9,0.452062614,-2471.476,-94054.322,5,0
$CH,48.000,L1CA,10,1100,34.0,0.467418499,-1252.160,-1337.370,0,0
$CH,48.000,L1CA,28,2891,32.1,0.007487489,1288.665,3777.945,0,0
$CH,48.000,L1CA,17,7891,32.9,0.219503895,839.443,6551.924,0,0
$CH,48.000,L1CA,31,37091,47.2,0.653432247,-2593.616,-96292.285,4,0
$CH,48.000,L1CA,14,1997,33.4,0.449181428,-1207.266,-2358.000,0,0
$CH,48.000,L1CA,8,42891,44.5,0.717378537,2104.165,90062.807,5,0
$CH,48.000,L1CA,6,1391,34.4,0.348559761,-164.966,-277.650,0,0
$CH,48.000,L1CA,19,991,35.6,0.232550181,824.883,835.024,0,0
$CH,48.000,L1CA,32,3691,32.1,0.164467551,1336.910,4923.451,0,0
$CH,48.000,L1CA,3,45291,52.8,0.551393660,837.081,38550.969,6,0
$CH,48.000,L1CA,13,696,36.6,0.239459800,1333.023,938.423,0,0
$CH,48.000,L1CA,12,391,36.3,0.260940199,-2798.426,-1050.035,0,0
$CH,48.000,L1CA,24,491,36.3,0.194321418,1243.163,654.236,0,1
$CH,48.000,L1CA,29,11745,32.5,0.282553467,833.823,9747.452,0,0
$CH,48.000,L1CA,27,37891,45.6,0.498584544,1941.297,73514.739,5,0
$CH,48.000,L1CA,30,1691,32.6,0.733971742,-2347.873,-3943.137,0,0
$CH,48.000,L1CA,25,891,36.0,0.737507018,-195.197,-144.091,0,0
$CH,48.000,L1CA,16,40391,53.1,0.189074615,-156.146,-5719.134,5,0
$CH,48.000,L1CA,7,43291,43.0,0.258651859,1349.087,58652.313,5,0
$LOG,47.909,L1CA,5,SIGNAL FOUND (36.4,2886.5,0.1620800)
$CH,48.000,L1CA,5,91,36.4,0.161925359,2841.776,258.950,0,0
$OBS,47.980,2279,388848.000,G16,1C,53.1,25838833.607,5716.669,-156.308,0
$OBS,47.980,2279,388848.000,G01,1C,47.1,29167553.888,77007.075,-2099.837,0
$OBS,47.980,2279,388848.000,G02,1C,45.3,29376254.182,77270.401,-1679.583,0
$OBS,47.980,2279,388848.000,G03,1C,52.8,25947457.827,-38535.065,837.071,0
$OBS,47.980,2279,388848.000,G07,1C,43.0,30056793.287,-58626.666,1349.164,0
$OBS,47.980,2279,388848.000,G04,1C,48.9,28100134.539,-83021.383,1856.632,0
$OBS,47.980,2279,388848.000,G31,1C,47.2,28975961.072,96243.497,-2593.941,0
$OBS,47.980,2279,388848.000,G09,1C,42.5,30030745.905,-96295.108,2270.745,0
$OBS,47.980,2279,388848.000,G21,1C,45.1,29450956.331,55560.696,-1415.167,0
$OBS,47.980,2279,388848.000,G27,1C,45.6,29229346.383,-73477.359,1941.144,0
$OBS,47.980,2279,388848.000,G26,1C,49.9,27116836.390,94007.864,-2471.329,0
$OBS,47.980,2279,388848.000,G08,1C,44.5,29894526.138,-90022.305,2105.006,0
$LOG,47.980,PNTPOS ERROR,lack of valid sats ns=1
$LOG,48.109,L1CA,28,SIGNAL LOST (L1CA, 30.8)
$LOG,48.203,L1CA,23,SIGNAL LOST (L1CA, 31.5)
$LOG,48.227,L1CA,3,FRAME SYNC (N)
$LNAV,48.067,L1CA,3,8B55567E940DFFF539D93AD0FFC527EFC2612AB32D2C2CEEFFA6700203D1
$LOG,48.231,L1CA,26,FRAME SYNC (R)
$LNAV,48.071,L1CA,26,8B55567E940DFFDCB6DF60AF003025FFFB7F245213149BEAFFA06302063A
$LOG,48.238,L1CA,27,FRAME SYNC (R)
$LNAV,48.078,L1CA,27,8B55567E940D0016E449881E0057275B63281B681E3CFCFDFFA65A02EEE0
$LOG,48.227,L1CA,16,FRAME SYNC (R)
$LNAV,48.067,L1CA,16,8B55567E940DFFA8BD5FEE95005727436AD4267F20538147FFA31902003C
$LOG,48.238,L1CA,2,FRAME SYNC (R)
$LNAV,48.078,L1CA,2,8B55567E940DFF960BC91110FFA3276F73F71596C9272FAFFFA71F0209F9
$LOG,48.237,L1CA,31,FRAME SYNC (R)
$LNAV,48.077,L1CA,31,8B55567E940DFFA49007C4C3FFC126E7250313F217C45689FFA9C3020A14
$LOG,48.239,L1CA,21,FRAME SYNC (N)
$LNAV,48.079,L1CA,21,8B55567E940DFFD50B8DF721FF012733E1391641E331A9F5FFA5CF020F75
$LOG,48.241,L1CA,9,FRAME SYNC (N)
$LNAV,48.081,L1CA,9,8B55567E940DFFEF638A90D5000F26FCAD431BDD4F18AEF4FFA61202E975
$LOG,48.234,L1CA,4,FRAME SYNC (R)
$LNAV,48.074,L1CA,4,8B55567E940D001365E2DB3DFFFC27424FEB1AD784181729FFA82302E94A
$LOG,48.238,L1CA,1,FRAME SYNC (N)
$LNAV,48.078,L1CA,1,8B55567E940D005B0FE62318FFCB285C23AF17B3286FFB0BFFAEBC02130A
$LOG,48.240,L1CA,8,FRAME SYNC (R)
$LNAV,48.080,L1CA,8,8B55567E940D0049E34C61ED002626FE02571AD00B1094CCFFA61902EE09
$LOG,48.241,L1CA,7,FRAME SYNC (N)
$LNAV,48.081,L1CA,7,8B55567E940D001F8F328FD0FFA826BCF49A11FEA775E7BBFFAC86020EBD
$LOG,48.200,L1CA,28,SIGNAL FOUND (35.9,1008.1,0.0854400)
$LOG,48.255,L1CA,29,SIGNAL LOST (L1CA, 31.8)
$LOG,48.309,L1CA,30,SIGNAL LOST (L1CA, 31.3)
$LOG,48.309,L1CA,32,SIGNAL LOST (L1CA, 31.0)
$LOG,48.309,L1CA,29,SIGNAL FOUND (35.0,-4359.7,0.0076800)
$LOG,48.409,L1CA,11,SIGNAL LOST (L1CA, 31.0)
$LOG,48.409,L1CA,30,SIGNAL FOUND (35.5,3976.6,0.8648000)
$LOG,48.509,L1CA,32,SIGNAL FOUND (35.8,3523.3,0.1614400)
$LOG,48.606,L1CA,6,SYMBOL SYNC (92.714)
$LOG,48.609,L1CA,11,SIGNAL FOUND (36.0,980.0,0.1512000)
$LOG,48.709,L1CA,18,SIGNAL LOST (L1CA, 31.4)
$LOG,48.709,L1CA,23,SIGNAL FOUND (36.1,4649.1,0.4483200)
$LOG,48.809,L1CA,18,SIGNAL FOUND (35.5,1666.1,0.2028800)
$TIME,49.000,2025,5,19,5,58,3.846000,UTC
$CH,49.000,L1CA,28,800,35.9,0.085071989,806.559,645.570,0,0
$CH,49.000,L1CA,1,37691,47.1,0.293851459,-2098.690,-79146.402,5,0
$CH,49.000,L1CA,32,491,35.8,0.160403104,3312.744,1651.832,0,0
$CH,49.000,L1CA,2,46991,44.9,0.989730662,-1678.052,-78979.735,7,0
$CH,49.000,L1CA,23,291,36.1,0.447493224,4838.136,1392.838,0,0
$CH,49.000,L1CA,24,1491,34.0,0.193547847,1335.272,1975.853,0,1
$CH,49.000,L1CA,7,44291,43.9,0.257805003,1350.463,60001.906,6,0
$CH,49.000,L1CA,13,1696,35.1,0.238647213,1308.441,2257.972,0,0
$CH,49.000,L1CA,26,39191,49.7,0.453627198,-2472.203,-96526.102,6,0
$CH,49.000,L1CA,31,38091,46.8,0.655086455,-2594.769,-98886.385,5,0
$CH,49.000,L1CA,27,38891,45.6,0.497350788,1940.550,75455.681,6,0
$CH,49.000,L1CA,5,1091,33.7,0.160253825,2894.045,3112.045,0,0
$CH,49.000,L1CA,20,9498,32.6,0.510300941,816.308,7769.800,0,0
$CH,49.000,L1CA,22,1591,33.2,0.786221836,-4643.808,-7610.702,0,0
$CH,49.000,L1CA,17,8891,32.9,0.219006268,830.203,7388.657,0,0
$CH,49.000,L1CA,3,46291,52.5,0.550856343,836.455,39387.668,7,0
$CH,49.000,L1CA,25,1891,35.0,0.737463088,-187.449,-331.928,0,0
$CH,49.000,L1CA,29,691,35.0,0.009489369,-4357.313,-2948.450,0,0
$CH,49.000,L1CA,12,1391,34.3,0.262645330,-2821.116,-3865.085,0,0
$CH,49.000,L1CA,21,40191,45.5,0.238732956,-1414.563,-57002.390,6,0
$CH,49.000,L1CA,16,41391,52.9,0.189200564,-156.485,-5875.509,6,0
$CH,49.000,L1CA,10,2100,32.6,0.468157755,-1259.591,-2594.151,0,0
$CH,49.000,L1CA,15,6591,32.6,0.234521030,835.014,5553.167,0,0
$CH,49.000,L1CA,6,2391,33.1,0.348653128,-159.677,-438.440,0,0
$CH,49.000,L1CA,19,1991,34.5,0.232133537,821.059,1651.419,0,0
$CH,49.000,L1CA,4,45791,49.0,0.730757795,1855.938,84913.278,7,0
$CH,49.000,L1CA,14,2997,32.6,0.449888053,-1206.804,-3559.133,0,0
$LOG,49.003,L1CA,14,SIGNAL LOST (L1CA, 31.3)
$CH,49.000,L1CA,8,43891,44.4,0.716047431,2106.147,92168.273,6,0
$CH,49.000,L1CA,9,43491,41.9,0.170312997,2272.060,98609.073,6,0
$CH,49.000,L1CA,18,191,35.5,0.202685624,1824.851,339.630,0,0
$CH,49.000,L1CA,30,591,35.5,0.863375833,3822.444,2295.494,0,0
$CH,49.000,L1CA,11,391,36.0,0.151017612,825.244,330.572,0,0
$OBS,48.980,2279,388849.000,G01,1C,47.1,29167954.842,79106.513,-2098.751,0
$OBS,48.980,2279,388849.000,G31,1C,46.8,28976455.821,98837.599,-2594.112,0
$OBS,48.980,2279,388849.000,G07,1C,43.9,30056538.060,-59976.263,1348.664,0
$OBS,48.980,2279,388849.000,G26,1C,49.7,27117306.168,96479.633,-2472.029,0
$OBS,48.980,2279,388849.000,G27,1C,45.6,29228977.067,-75418.299,1940.684,0
$OBS,48.980,2279,388849.000,G16,1C,52.9,25838872.347,5873.032,-156.682,0
$OBS,48.980,2279,388849.000,G02,1C,44.9,29376577.116,78948.355,-1677.467,0
$OBS,48.980,2279,388849.000,G04,1C,49.0,28099780.282,-84877.510,1856.058,0
$OBS,48.980,2279,388849.000,G21,1C,45.5,29451226.024,56975.510,-1415.439,0
$OBS,48.980,2279,388849.000,G03,1C,52.5,25947297.495,-39371.777,836.392,0
$OBS,48.980,2279,388849.000,G08,1C,44.4,29894125.271,-92127.769,2105.616,0
$OBS,48.980,2279,388849.000,G09,1C,41.9,30030313.227,-98565.922,2270.512,0
$POS,48.980,2023,9,14,12,0,48.982000001,15.391021844,73.878058357,6.064,7,12
$LOG,49.109,L1CA,14,SIGNAL FOUND (37.6,-623.4,0.0052800)
$LOG,49.409,L1CA,22,SIGNAL LOST (L1CA, 31.4)
$LOG,49.509,L1CA,22,SIGNAL FOUND (35.4,-2999.0,0.8265600)
$LOG,49.900,L1CA,10,SIGNAL LOST (L1CA, 31.2)
$TIME,50.000,2025,5,19,5,58,8.078000,UTC
$LOG,49.949,L1CA,10,SIGNAL FOUND (35.6,2514.3,0.3080000)
$CH,50.000,L1CA,10,51,35.6,0.307912833,2424.191,124.752,0,0
$CH,50.000,L1CA,6,3391,32.1,0.348695404,-157.383,-597.092,0,0
$CH,50.000,L1CA,26,40191,49.8,0.455198589,-2472.350,-98998.339,6,0
$CH,50.000,L1CA,24,2491,33.0,0.192831604,1335.217,3306.781,0,1
$CH,50.000,L1CA,4,46791,48.7,0.729577985,1856.343,86769.488,7,0
$CH,50.000,L1CA,11,1391,34.1,0.150626069,822.251,1162.193,0,0
$CH,50.000,L1CA,13,2696,33.3,0.237905605,1314.746,3571.663,0,0
$CH,50.000,L1CA,5,2091,32.7,0.158449680,2897.124,6003.218,0,0
$CH,50.000,L1CA,15,7591,32.8,0.233996413,833.394,6389.276,0,0
$CH,50.000,L1CA,27,39891,45.6,0.496117829,1941.444,77396.659,6,0
$CH,50.000,L1CA,22,491,35.4,0.827514175,-3149.995,-1546.257,0,0
$CH,50.000,L1CA,3,47291,53.3,0.550313846,835.780,40223.747,7,0
$CH,50.000,L1CA,20,10498,32.5,0.509758026,819.723,8588.706,0,0
$CH,50.000,L1CA,30,1591,32.7,0.860946752,3854.408,6113.310,0,0
$CH,50.000,L1CA,1,38691,46.6,0.295180471,-2100.008,-81245.811,5,0
$CH,50.000,L1CA,12,2391,32.5,0.264346443,-2818.762,-6688.061,0,0
$CH,50.000,L1CA,7,45291,43.8,0.256962781,1349.531,61351.275,6,0
$CH,50.000,L1CA,8,44891,44.6,0.714699526,2105.770,94273.998,6,0
$CH,50.000,L1CA,2,47991,44.5,0.990806368,-1677.816,-80657.553,7,0
$CH,50.000,L1CA,19,2991,33.1,0.231618918,824.874,2469.145,0,0
$CH,50.000,L1CA,21,41191,44.7,0.239633301,-1415.436,-58417.025,6,0
$CH,50.000,L1CA,17,9891,32.3,0.218446193,842.504,8224.798,0,0
$CH,50.000,L1CA,29,1691,32.5,0.012178953,-4267.107,-7226.834,0,0
$CH,50.000,L1CA,14,891,37.6,0.005598891,-735.842,-610.702,0,0
$CH,50.000,L1CA,25,2891,33.3,0.737566937,-180.260,-518.252,0,0
$CH,50.000,L1CA,23,1291,33.0,0.444384659,4855.570,6326.179,0,0
$CH,50.000,L1CA,28,1800,33.1,0.084563858,771.816,1418.312,0,0
$CH,50.000,L1CA,32,1491,33.6,0.158341380,3247.135,4943.031,0,0
$CH,50.000,L1CA,16,42391,53.3,0.189319907,-157.496,-6032.600,6,0
$CH,50.000,L1CA,9,44491,42.7,0.168868881,2271.088,100880.058,6,0
$CH,50.000,L1CA,31,39091,46.6,0.656727334,-2593.611,-101480.378,5,0
$CH,50.000,L1CA,18,1191,33.3,0.201712867,1675.448,2074.003,0,0
$LOG,50.009,L1CA,19,SIGNAL LOST (L1CA, 31.9)
$OBS,50.000,2279,388850.000,G26,1C,49.8,21121937.633,99001.311,-2472.606,0
$OBS,50.000,2279,388850.000,G04,1C,48.7,22103571.049,-86770.844,1856.376,0
$OBS,50.000,2279,388850.000,G07,1C,43.8,24060431.888,-61352.625,1348.624,0
$OBS,50.000,2279,388850.000,G27,1C,45.6,23232751.273,-77398.100,1941.007,0
$OBS,50.000,2279,388850.000,G03,1C,53.3,19951282.011,-40224.582,835.827,0
$OBS,50.000,2279,388850.000,G01,1C,46.6,23172512.546,81247.911,-2099.596,0
$OBS,50.000,2279,388850.000,G21,1C,44.7,23455652.240,58418.440,-1414.661,0
$OBS,50.000,2279,388850.000,G02,1C,44.5,23381055.857,80659.730,-1678.058,0
$OBS,50.000,2279,388850.000,G16,1C,53.3,19843058.937,6033.257,-157.019,0
$OBS,50.000,2279,388850.000,G08,1C,44.6,23897865.293,-94275.604,2104.883,0
$OBS,50.000,2279,388850.000,G09,1C,42.7,24034021.838,-100882.329,2270.819,0
$OBS,50.000,2279,388850.000,G31,1C,46.6,22981109.204,101483.471,-2595.146,0
$POS,50.000,2023,9,14,12,0,50.002000003,15.391035563,73.878027818,4.841,7,12
$LOG,50.109,L1CA,19,SIGNAL FOUND (35.7,-3026.8,0.5795200)
