$LOG,0.000,,0,START FILE=F:\GPS L1C.bin FS=25.000 FI=0.000 IQ=2 TOFF=2.000
$LOG,2.000,L1CD,1,SIGNAL FOUND (43.1,-2105.2,0.0092279)
$LOG,2.000,L1CD,2,SIGNAL FOUND (41.4,-1681.0,0.0099371)
$LOG,2.000,L1CD,3,SIGNAL FOUND (48.3,863.1,0.0085760)
$LOG,2.000,L1CD,4,SIGNAL FOUND (44.1,1853.4,0.0057864)
$LOG,2.000,L1CD,5,SIGNAL NOT FOUND (32.4)
$LOG,2.000,L1CD,6,SIGNAL NOT FOUND (33.0)
$LOG,2.000,L1CD,7,SIGNAL FOUND (38.9,1358.8,0.0022963)
$LOG,2.000,L1CD,8,SIGNAL FOUND (39.5,2094.1,0.0017799)
$LOG,2.000,L1CD,9,SIGNAL FOUND (39.2,2259.6,0.0022376)
$LOG,2.000,L1CD,10,SIGNAL NOT FOUND (32.8)
$LOG,2.000,L1CD,11,SIGNAL NOT FOUND (33.2)
$LOG,2.000,L1CD,12,SIGNAL NOT FOUND (32.5)
$LOG,2.000,L1CD,13,SIGNAL NOT FOUND (32.8)
$LOG,2.000,L1CD,14,SIGNAL NOT FOUND (33.2)
$LOG,2.000,L1CD,15,SIGNAL NOT FOUND (32.9)
$LOG,2.000,L1CD,16,SIGNAL FOUND (47.5,-120.7,0.0081862)
$LOG,2.000,L1CD,17,SIGNAL NOT FOUND (32.5)
$LOG,2.000,L1CD,18,SIGNAL NOT FOUND (33.2)
$LOG,2.000,L1CD,19,SIGNAL NOT FOUND (32.5)
$LOG,2.000,L1CD,20,SIGNAL NOT FOUND (33.8)
$LOG,2.000,L1CD,21,SIGNAL FOUND (39.7,-1418.9,0.0001943)
$LOG,2.000,L1CD,22,SIGNAL NOT FOUND (33.4)
$LOG,2.000,L1CD,23,SIGNAL NOT FOUND (32.9)
$LOG,2.000,L1CD,24,SIGNAL NOT FOUND (32.7)
$LOG,2.000,L1CD,25,SIGNAL NOT FOUND (33.5)
$LOG,2.000,L1CD,26,SIGNAL FOUND (46.2,-2452.2,0.0023804)
$LOG,2.000,L1CD,27,SIGNAL FOUND (41.7,1940.6,0.0095580)
$LOG,2.000,L1CD,28,SIGNAL NOT FOUND (33.2)
$LOG,2.000,L1CD,29,SIGNAL NOT FOUND (33.6)
$LOG,2.000,L1CD,30,SIGNAL NOT FOUND (33.3)
$LOG,2.000,L1CD,31,SIGNAL FOUND (41.9,-2597.4,0.0085778)
$LOG,2.000,L1CD,32,SIGNAL NOT FOUND (33.5)
$TIME,2024,5,11,3,26,15.236756
$CH,2.000,L1CD,1,0,43.1,9.227880000,-2105.210,0.000,0,0
$CH,2.000,L1CD,2,0,41.4,9.937080000,-1680.997,0.000,0,0
$CH,2.000,L1CD,3,0,48.3,8.576000000,863.080,0.000,0,0
$CH,2.000,L1CD,4,0,44.1,5.786440000,1853.418,0.000,0,0
$CH,2.000,L1CD,7,0,38.9,2.296280000,1358.775,0.000,0,0
$CH,2.000,L1CD,8,0,39.5,1.779880000,2094.066,0.000,0,0
$CH,2.000,L1CD,9,0,39.2,2.237600000,2259.611,0.000,0,0
$CH,2.000,L1CD,16,0,47.5,8.186200000,-120.662,0.000,0,0
$CH,2.000,L1CD,21,0,39.7,0.194280000,-1418.864,0.000,0,0
$CH,2.000,L1CD,26,0,46.2,2.380440000,-2452.184,0.000,0,0
$CH,2.000,L1CD,27,0,41.7,9.557960000,1940.617,0.000,0,0
$CH,2.000,L1CD,31,0,41.9,8.577840000,-2597.440,0.000,0,0
$TIME,2024,5,11,3,26,15.898088
$CH,2.100,L1CD,1,10,43.1,9.228023180,-2101.372,-210.289,0,0
$CH,2.100,L1CD,2,10,41.4,9.937192087,-1684.021,-168.279,0,0
$CH,2.100,L1CD,3,10,48.3,8.575944699,866.313,86.488,0,0
$CH,2.100,L1CD,4,10,44.1,5.786330741,1852.074,185.248,0,0
$CH,2.100,L1CD,7,10,38.9,2.296199475,1360.982,135.992,0,0
$CH,2.100,L1CD,8,10,39.5,1.779747251,2093.026,209.334,0,0
$CH,2.100,L1CD,9,10,39.2,2.237470906,2262.359,226.145,0,0
$CH,2.100,L1CD,16,10,47.5,8.186191761,-122.780,-12.177,0,0
$CH,2.100,L1CD,21,10,39.7,0.194374046,-1422.916,-142.187,0,0
$CH,2.100,L1CD,26,10,46.2,2.380587471,-2450.247,-245.079,0,0
$CH,2.100,L1CD,27,10,41.7,9.557823628,1937.835,193.959,0,0
$CH,2.100,L1CD,31,10,41.9,8.577998510,-2598.583,-259.849,0,0
$TIME,2024,5,11,3,26,16.412266
$CH,2.200,L1CD,1,20,43.1,9.228153568,-2100.546,-420.387,0,0
$CH,2.200,L1CD,2,20,41.4,9.937304452,-1684.022,-336.680,0,0
$CH,2.200,L1CD,3,20,48.3,8.575894958,866.325,173.113,0,0
$CH,2.200,L1CD,4,20,44.1,5.786212283,1852.182,370.435,0,0
$CH,2.200,L1CD,7,20,38.9,2.296103398,1360.517,272.064,0,0
$CH,2.200,L1CD,8,20,39.5,1.779618333,2092.406,418.616,0,0
$CH,2.200,L1CD,9,20,39.2,2.237334567,2263.483,452.415,0,0
$CH,2.200,L1CD,16,20,47.5,8.186193411,-123.190,-24.444,0,0
$CH,2.200,L1CD,21,20,39.7,0.194471103,-1423.549,-284.532,0,0
$CH,2.200,L1CD,26,20,46.2,2.380741614,-2450.019,-490.078,0,0
$CH,2.200,L1CD,27,20,41.7,9.557705999,1938.643,387.821,0,0
$CH,2.200,L1CD,31,20,41.9,8.578159656,-2599.614,-519.783,0,0
$TIME,2024,5,11,3,26,16.944258
$CH,2.300,L1CD,1,30,43.1,9.228287525,-2099.919,-630.473,0,0
$CH,2.300,L1CD,2,30,41.4,9.937411277,-1684.786,-505.089,0,0
$CH,2.300,L1CD,3,30,48.3,8.575840680,866.684,259.739,0,0
$CH,2.300,L1CD,4,30,44.1,5.786090962,1852.008,555.624,0,0
$CH,2.300,L1CD,7,30,38.9,2.296015691,1360.496,408.149,0,0
$CH,2.300,L1CD,8,30,39.5,1.779489701,2092.616,627.915,0,0
$CH,2.300,L1CD,9,30,39.2,2.237192066,2262.618,678.699,0,0
$CH,2.300,L1CD,16,30,47.5,8.186200563,-122.860,-36.725,0,0
$CH,2.300,L1CD,21,30,39.7,0.194571287,-1423.316,-426.883,0,0
$CH,2.300,L1CD,26,30,46.2,2.380897363,-2450.002,-735.076,0,0
$CH,2.300,L1CD,27,30,41.7,9.557576030,1938.237,581.687,0,0
$CH,2.300,L1CD,31,30,41.9,8.578327976,-2600.287,-779.729,0,0
$TIME,2024,5,11,3,26,17.479576
$CH,2.400,L1CD,1,40,43.1,9.228418681,-2101.020,-840.540,0,0
$CH,2.400,L1CD,2,40,41.4,9.937511560,-1683.365,-673.502,0,0
$CH,2.400,L1CD,3,40,48.3,8.575780348,865.886,346.365,0,0
$CH,2.400,L1CD,4,40,44.1,5.785977270,1851.778,740.812,0,0
$CH,2.400,L1CD,7,40,38.9,2.295929998,1360.784,544.221,0,0
$CH,2.400,L1CD,8,40,39.5,1.779360755,2092.098,837.199,0,0
$CH,2.400,L1CD,9,40,39.2,2.237041666,2262.577,904.992,0,0
$CH,2.400,L1CD,16,40,47.5,8.186213958,-122.998,-49.013,0,0
$CH,2.400,L1CD,21,40,39.7,0.194660191,-1423.540,-569.236,0,0
$CH,2.400,L1CD,26,40,46.2,2.381047706,-2450.254,-980.080,0,0
$CH,2.400,L1CD,27,40,41.7,9.557456564,1938.809,775.540,0,0
$CH,2.400,L1CD,31,40,41.9,8.578488551,-2599.536,-1039.683,0,0
$TIME,2024,5,11,3,26,17.992075
$CH,2.500,L1CD,1,50,43.1,9.228555299,-2100.641,-1050.621,0,0
$CH,2.500,L1CD,2,50,41.4,9.937627450,-1683.943,-841.906,0,0
$CH,2.500,L1CD,3,50,48.3,8.575732254,866.346,432.980,0,0
$CH,2.500,L1CD,4,50,44.1,5.785863716,1851.824,925.999,0,0
$CH,2.500,L1CD,7,50,38.9,2.295835891,1360.720,680.292,0,0
$CH,2.500,L1CD,8,50,39.5,1.779219305,2092.946,1046.495,0,0
$CH,2.500,L1CD,9,50,39.2,2.236900137,2262.283,1131.266,0,0
$CH,2.500,L1CD,16,50,47.5,8.186221618,-122.844,-61.305,0,0
$CH,2.500,L1CD,21,50,39.7,0.194745185,-1423.468,-711.588,0,0
$CH,2.500,L1CD,26,50,46.2,2.381208722,-2450.273,-1225.086,0,0
$CH,2.500,L1CD,27,50,41.7,9.557336592,1938.222,969.408,0,0
$CH,2.500,L1CD,31,50,41.9,8.578649104,-2599.727,-1299.627,0,0
$TIME,2024,5,11,3,26,18.520904
$CH,2.600,L1CD,1,60,43.1,9.228689398,-2100.635,-1260.692,0,0
$CH,2.600,L1CD,2,60,41.4,9.937728886,-1683.916,-1010.302,0,0
$CH,2.600,L1CD,3,60,48.3,8.575675291,866.146,519.605,0,0
$CH,2.600,L1CD,4,60,44.1,5.785745373,1851.829,1111.184,0,0
$CH,2.600,L1CD,7,60,38.9,2.295755393,1360.918,816.359,0,0
$CH,2.600,L1CD,8,60,39.5,1.779084095,2092.979,1255.799,0,0
$CH,2.600,L1CD,9,60,39.2,2.236755717,2262.554,1357.508,0,0
$CH,2.600,L1CD,16,60,47.5,8.186218542,-122.925,-73.592,0,0
$CH,2.600,L1CD,21,60,39.7,0.194832106,-1423.466,-853.939,0,0
$CH,2.600,L1CD,26,60,46.2,2.381365788,-2450.225,-1470.109,0,0
$CH,2.600,L1CD,27,60,41.7,9.557210394,1938.349,1163.241,0,0
$CH,2.600,L1CD,31,60,41.9,8.578813911,-2599.467,-1559.592,0,0
$TIME,2024,5,11,3,26,19.248162
$CH,2.700,L1CD,1,70,43.1,9.228821273,-2100.765,-1470.768,0,0
$CH,2.700,L1CD,2,70,41.4,9.937829637,-1683.982,-1178.701,0,0
$CH,2.700,L1CD,3,70,48.3,8.575615174,866.061,606.218,0,0
$CH,2.700,L1CD,4,70,44.1,5.785624658,1851.897,1296.373,0,0
$CH,2.700,L1CD,7,70,38.9,2.295677699,1360.603,952.427,0,0
$CH,2.700,L1CD,8,70,39.5,1.778952066,2093.032,1465.094,0,0
$CH,2.700,L1CD,9,70,39.2,2.236614637,2262.694,1583.774,0,0
$CH,2.700,L1CD,16,70,47.5,8.186220255,-123.041,-85.888,0,0
$CH,2.700,L1CD,21,70,39.7,0.194931637,-1423.461,-996.288,0,0
$CH,2.700,L1CD,26,70,46.2,2.381520848,-2450.146,-1715.129,0,0
$CH,2.700,L1CD,27,70,41.7,9.557084744,1938.464,1357.090,0,0
$CH,2.700,L1CD,31,70,41.9,8.578982868,-2599.544,-1819.545,0,0
$TIME,2024,5,11,3,26,19.918087
$CH,2.800,L1CD,1,80,43.1,9.228950603,-2100.729,-1680.845,0,0
$CH,2.800,L1CD,2,80,41.4,9.937940587,-1684.126,-1347.102,0,0
$CH,2.800,L1CD,3,80,48.3,8.575566950,866.002,692.823,0,0
$CH,2.800,L1CD,4,80,44.1,5.785503208,1851.943,1481.562,0,0
$CH,2.800,L1CD,7,80,38.9,2.295592372,1360.605,1088.496,0,0
$CH,2.800,L1CD,8,80,39.5,1.778820107,2092.824,1674.390,0,0
$CH,2.800,L1CD,9,80,39.2,2.236470110,2262.808,1810.055,0,0
$CH,2.800,L1CD,16,80,47.5,8.186229039,-123.115,-98.194,0,0
$CH,2.800,L1CD,21,80,39.7,0.195015079,-1423.537,-1138.635,0,0
$CH,2.800,L1CD,26,80,46.2,2.381676166,-2450.258,-1960.149,0,0
$CH,2.800,L1CD,27,80,41.7,9.556959144,1938.614,1550.942,0,0
$CH,2.800,L1CD,31,80,41.9,8.579146340,-2599.566,-2079.491,0,0
$TIME,2024,5,11,3,26,20.610732
$CH,2.900,L1CD,1,90,43.1,9.229093517,-2100.794,-1890.923,0,0
$CH,2.900,L1CD,2,90,41.4,9.938049391,-1684.081,-1515.507,0,0
$CH,2.900,L1CD,3,90,48.3,8.575511237,865.984,779.421,0,0
$CH,2.900,L1CD,4,90,44.1,5.785387775,1851.840,1666.753,0,0
$CH,2.900,L1CD,7,90,38.9,2.295502940,1360.684,1224.559,0,0
$CH,2.900,L1CD,8,90,39.5,1.778689765,2093.083,1883.691,0,0
$CH,2.900,L1CD,9,90,39.2,2.236322413,2263.109,2036.342,0,0
$CH,2.900,L1CD,16,90,47.5,8.186248529,-123.206,-110.509,0,0
$CH,2.900,L1CD,21,90,39.7,0.195104730,-1423.337,-1280.979,0,0
$CH,2.900,L1CD,26,90,46.2,2.381830376,-2450.207,-2205.173,0,0
$CH,2.900,L1CD,27,90,41.7,9.556842627,1938.608,1744.799,0,0
$CH,2.900,L1CD,31,90,41.9,8.579312582,-2599.485,-2339.433,0,0
$TIME,2024,5,11,3,26,21.302013
$CH,3.000,L1CD,1,100,43.3,9.229229896,-2100.795,-2100.999,0,0
$CH,3.000,L1CD,2,100,40.8,9.938146353,-1684.029,-1683.911,0,0
$CH,3.000,L1CD,3,100,49.3,8.575456689,865.851,866.011,0,0
$CH,3.000,L1CD,4,100,44.4,5.785274734,1851.992,1851.944,0,0
$CH,3.000,L1CD,7,100,40.8,2.295424098,1360.547,1360.620,0,0
$CH,3.000,L1CD,8,100,39.2,1.778552690,2093.114,2092.993,0,0
$CH,3.000,L1CD,9,100,39.8,2.236183007,2262.929,2262.634,0,0
$CH,3.000,L1CD,16,100,48.7,8.186256298,-123.218,-122.832,0,0
$CH,3.000,L1CD,21,100,40.1,0.195192507,-1423.352,-1423.319,0,0
$CH,3.000,L1CD,26,100,46.3,2.381984997,-2450.249,-2450.199,0,0
$CH,3.000,L1CD,27,100,41.3,9.556721100,1938.715,1938.660,0,0
$CH,3.000,L1CD,31,100,42.1,8.579476822,-2599.419,-2599.375,0,0
$TIME,2024,5,11,3,26,22.032296
$CH,3.100,L1CD,1,110,43.3,9.229357816,-2101.638,-2311.316,0,0
$CH,3.100,L1CD,2,110,40.8,9.938259739,-1683.133,-1852.107,0,0
$CH,3.100,L1CD,3,110,49.3,8.575401785,866.501,952.824,0,0
$CH,3.100,L1CD,4,110,44.4,5.785156892,1851.716,2036.971,0,0
$CH,3.100,L1CD,7,110,40.8,2.295338545,1360.789,1496.503,0,0
$CH,3.100,L1CD,8,110,39.2,1.778423277,2093.927,2302.476,0,0
$CH,3.100,L1CD,9,110,39.8,2.236041210,2261.877,2488.675,0,0
$CH,3.100,L1CD,16,110,48.7,8.186260841,-122.768,-134.943,0,0
$CH,3.100,L1CD,21,110,40.1,0.195287764,-1423.175,-1565.820,0,0
$CH,3.100,L1CD,26,110,46.3,2.382140353,-2450.438,-2695.279,0,0
$CH,3.100,L1CD,27,110,41.3,9.556591253,1939.431,2132.756,0,0
$CH,3.100,L1CD,31,110,42.1,8.579635993,-2599.406,-2859.298,0,0
$TIME,2024,5,11,3,26,22.683719
$CH,3.200,L1CD,1,120,43.3,9.229489580,-2100.100,-2521.407,0,0
$CH,3.200,L1CD,2,120,40.8,9.938356533,-1684.266,-2020.489,0,0
$CH,3.200,L1CD,3,120,49.3,8.575341058,865.696,1039.403,0,0
$CH,3.200,L1CD,4,120,44.4,5.785033533,1852.124,2222.173,0,0
$CH,3.200,L1CD,7,120,40.8,2.295244745,1359.969,1632.563,0,0
$CH,3.200,L1CD,8,120,39.2,1.778286337,2092.596,2511.794,0,0
$CH,3.200,L1CD,9,120,39.8,2.235904607,2263.525,2714.970,0,0
$CH,3.200,L1CD,16,120,48.7,8.186262997,-123.749,-147.280,0,0
$CH,3.200,L1CD,21,120,40.1,0.195382424,-1423.073,-1708.151,0,0
$CH,3.200,L1CD,26,120,46.3,2.382296638,-2450.222,-2940.318,0,0
$CH,3.200,L1CD,27,120,41.3,9.556471913,1938.296,2326.633,0,0
$CH,3.200,L1CD,31,120,42.1,8.579801245,-2599.554,-3119.237,0,0
$TIME,2024,5,11,3,26,23.373536
$CH,3.300,L1CD,1,130,43.3,9.229618525,-2100.675,-2731.461,0,0
$CH,3.300,L1CD,2,130,40.8,9.938470922,-1684.629,-2188.908,0,0
$CH,3.300,L1CD,3,130,49.3,8.575291672,865.442,1125.951,0,0
$CH,3.300,L1CD,4,130,44.4,5.784917970,1851.400,2407.382,0,0
$CH,3.300,L1CD,7,130,40.8,2.295158210,1360.465,1768.629,0,0
$CH,3.300,L1CD,8,130,39.2,1.778153244,2093.046,2721.074,0,0
$CH,3.300,L1CD,9,130,39.8,2.235758562,2262.928,2941.296,0,0
$CH,3.300,L1CD,16,130,48.7,8.186268951,-123.508,-159.654,0,0
$CH,3.300,L1CD,21,130,40.1,0.195466551,-1422.955,-1850.483,0,0
$CH,3.300,L1CD,26,130,46.3,2.382450836,-2450.495,-3185.359,0,0
$CH,3.300,L1CD,27,130,41.3,9.556347229,1938.536,2520.476,0,0
$CH,3.300,L1CD,31,130,42.1,8.579964242,-2599.042,-3379.174,0,0
$TIME,2024,5,11,3,26,24.049320
$CH,3.400,L1CD,1,140,43.3,9.229750743,-2100.944,-2941.536,0,0
$CH,3.400,L1CD,2,140,40.8,9.938573440,-1683.784,-2357.311,0,0
$CH,3.400,L1CD,3,140,49.3,8.575235476,865.460,1212.504,0,0
$CH,3.400,L1CD,4,140,44.4,5.784801641,1851.564,2592.584,0,0
$CH,3.400,L1CD,7,140,40.8,2.295070039,1361.121,1904.673,0,0
$CH,3.400,L1CD,8,140,39.2,1.778021436,2092.939,2930.392,0,0
$CH,3.400,L1CD,9,140,39.8,2.235616747,2263.140,3167.606,0,0
$CH,3.400,L1CD,16,140,48.7,8.186285488,-123.906,-172.022,0,0
$CH,3.400,L1CD,21,140,40.1,0.195559781,-1423.871,-1992.810,0,0
$CH,3.400,L1CD,26,140,46.3,2.382607757,-2450.111,-3430.415,0,0
$CH,3.400,L1CD,27,140,41.3,9.556221687,1938.535,2714.332,0,0
$CH,3.400,L1CD,31,140,42.1,8.580136359,-2599.589,-3639.109,0,0
$TIME,2024,5,11,3,26,24.619095
$CH,3.500,L1CD,1,150,43.3,9.229890264,-2101.233,-3151.613,0,0
$CH,3.500,L1CD,2,150,40.8,9.938678444,-1683.430,-2525.707,0,0
$CH,3.500,L1CD,3,150,49.3,8.575172385,865.495,1299.054,0,0
$CH,3.500,L1CD,4,150,44.4,5.784681920,1851.631,2777.774,0,0
$CH,3.500,L1CD,7,150,40.8,2.294988117,1360.123,2040.719,0,0
$CH,3.500,L1CD,8,150,39.2,1.777889090,2093.220,3139.709,0,0
$CH,3.500,L1CD,9,150,39.8,2.235463436,2262.975,3393.903,0,0
$CH,3.500,L1CD,16,150,48.7,8.186300832,-123.640,-184.390,0,0
$CH,3.500,L1CD,21,150,40.1,0.195653922,-1423.593,-2135.140,0,0
$CH,3.500,L1CD,26,150,46.3,2.382763735,-2450.673,-3675.468,0,0
$CH,3.500,L1CD,27,150,41.3,9.556101134,1939.035,2908.194,0,0
$CH,3.500,L1CD,31,150,42.1,8.580298588,-2600.230,-3899.037,0,0
$TIME,2024,5,11,3,26,25.140051
$CH,3.600,L1CD,1,160,43.3,9.230019125,-2100.668,-3361.696,0,0
$CH,3.600,L1CD,2,160,40.8,9.938788715,-1684.498,-2694.100,0,0
$CH,3.600,L1CD,3,160,49.3,8.575124996,865.357,1385.598,0,0
$CH,3.600,L1CD,4,160,44.4,5.784568380,1852.057,2962.973,0,0
$CH,3.600,L1CD,7,160,40.8,2.294898264,1360.685,2176.761,0,0
$CH,3.600,L1CD,8,160,39.2,1.777765394,2092.989,3349.026,0,0
$CH,3.600,L1CD,9,160,39.8,2.235319261,2262.436,3620.201,0,0
$CH,3.600,L1CD,16,160,48.7,8.186297713,-123.583,-196.762,0,0
$CH,3.600,L1CD,21,160,40.1,0.195740888,-1423.521,-2277.466,0,0
$CH,3.600,L1CD,26,160,46.3,2.382917348,-2450.791,-3920.525,0,0
$CH,3.600,L1CD,27,160,41.3,9.555980896,1938.903,3102.062,0,0
$CH,3.600,L1CD,31,160,42.1,8.580461876,-2598.932,-4158.980,0,0
$TIME,2024,5,11,3,26,25.643619
$CH,3.700,L1CD,1,170,43.3,9.230149606,-2101.452,-3571.762,0,0
$CH,3.700,L1CD,2,170,40.8,9.938894307,-1682.842,-2862.499,0,0
$CH,3.700,L1CD,3,170,49.3,8.575069020,865.394,1472.137,0,0
$CH,3.700,L1CD,4,170,44.4,5.784452868,1852.094,3148.173,0,0
$CH,3.700,L1CD,7,170,40.8,2.294813408,1359.966,2312.813,0,0
$CH,3.700,L1CD,8,170,39.2,1.777634346,2092.524,3558.349,0,0
$CH,3.700,L1CD,9,170,39.8,2.235175937,2263.450,3846.511,0,0
$CH,3.700,L1CD,16,170,48.7,8.186303305,-123.723,-209.143,0,0
$CH,3.700,L1CD,21,170,40.1,0.195829575,-1422.977,-2419.794,0,0
$CH,3.700,L1CD,26,170,46.3,2.383070751,-2450.713,-4165.588,0,0
$CH,3.700,L1CD,27,170,41.3,9.555849261,1938.955,3295.933,0,0
$CH,3.700,L1CD,31,170,42.1,8.580629507,-2599.182,-4418.915,0,0
$TIME,2024,5,11,3,26,26.172726
$CH,3.800,L1CD,1,180,43.3,9.230285570,-2100.512,-3781.841,0,0
$CH,3.800,L1CD,2,180,40.8,9.939004470,-1684.666,-3030.880,0,0
$CH,3.800,L1CD,3,180,49.3,8.575014425,865.266,1558.669,0,0
$CH,3.800,L1CD,4,180,44.4,5.784330884,1852.140,3333.373,0,0
$CH,3.800,L1CD,7,180,40.8,2.294718713,1360.124,2448.849,0,0
$CH,3.800,L1CD,8,180,39.2,1.777496744,2092.764,3767.674,0,0
$CH,3.800,L1CD,9,180,39.8,2.235033602,2262.460,4072.828,0,0
$CH,3.800,L1CD,16,180,48.7,8.186310808,-123.894,-221.532,0,0
$CH,3.800,L1CD,21,180,40.1,0.195925280,-1422.949,-2562.128,0,0
$CH,3.800,L1CD,26,180,46.3,2.383226086,-2450.761,-4410.658,0,0
$CH,3.800,L1CD,27,180,41.3,9.555730491,1939.008,3489.797,0,0
$CH,3.800,L1CD,31,180,42.1,8.580791010,-2600.345,-4678.830,0,0
$TIME,2024,5,11,3,26,26.762461
$CH,3.900,L1CD,1,190,43.3,9.230420834,-2100.547,-3991.916,0,0
$CH,3.900,L1CD,2,190,40.8,9.939114599,-1683.283,-3199.277,0,0
$CH,3.900,L1CD,3,190,49.3,8.574962443,865.056,1645.193,0,0
$CH,3.900,L1CD,4,190,44.4,5.784217933,1851.701,3518.576,0,0
$CH,3.900,L1CD,7,190,40.8,2.294642445,1360.282,2584.885,0,0
$CH,3.900,L1CD,8,190,39.2,1.777364012,2093.709,3977.010,0,0
$CH,3.900,L1CD,9,190,39.8,2.234888627,2263.357,4299.137,0,0
$CH,3.900,L1CD,16,190,48.7,8.186331803,-123.877,-233.930,0,0
$CH,3.900,L1CD,21,190,40.1,0.196014462,-1422.951,-2704.449,0,0
$CH,3.900,L1CD,26,190,46.3,2.383384293,-2451.031,-4655.737,0,0
$CH,3.900,L1CD,27,190,41.3,9.555609827,1938.931,3683.662,0,0
$CH,3.900,L1CD,31,190,42.1,8.580955710,-2600.101,-4938.765,0,0
$TIME,2024,5,11,3,26,27.269849
$CH,4.000,L1CD,1,200,42.9,9.230554551,-2101.066,-4201.994,0,0
$CH,4.000,L1CD,2,200,41.9,9.939223347,-1683.722,-3367.666,0,0
$CH,4.000,L1CD,3,200,49.8,8.574906853,865.312,1731.714,0,0
$CH,4.000,L1CD,4,200,44.0,5.784096222,1851.836,3703.774,0,0
$CH,4.000,L1CD,7,200,40.2,2.294553785,1359.992,2720.924,0,0
$CH,4.000,L1CD,8,200,40.1,1.777232811,2092.822,4186.338,0,0
$CH,4.000,L1CD,9,200,39.8,2.234743096,2262.581,4525.446,0,0
$CH,4.000,L1CD,16,200,49.0,8.186337933,-124.206,-246.332,0,0
$CH,4.000,L1CD,21,200,40.5,0.196100997,-1423.655,-2846.768,0,0
$CH,4.000,L1CD,26,200,47.0,2.383540196,-2450.842,-4900.812,0,0
$CH,4.000,L1CD,27,200,42.1,9.555483171,1938.670,3877.536,0,0
$CH,4.000,L1CD,31,200,43.0,8.581132572,-2599.196,-5198.699,0,0
$TIME,2024,5,11,3,26,27.776645
$CH,4.100,L1CD,1,210,42.9,9.230692142,-2100.722,-4412.071,0,0
$CH,4.100,L1CD,2,210,41.9,9.939325481,-1683.910,-3536.059,0,0
$CH,4.100,L1CD,3,210,49.8,8.574854034,864.864,1818.229,0,0
$CH,4.100,L1CD,4,210,44.0,5.783981719,1851.393,3888.978,0,0
$CH,4.100,L1CD,7,210,40.2,2.294471798,1360.871,2856.946,0,0
$CH,4.100,L1CD,8,210,40.1,1.777100093,2093.345,4395.675,0,0
$CH,4.100,L1CD,9,210,39.8,2.234603621,2262.888,4751.749,0,0
$CH,4.100,L1CD,16,210,49.0,8.186340797,-124.144,-258.743,0,0
$CH,4.100,L1CD,21,210,40.5,0.196189965,-1423.159,-2989.096,0,0
$CH,4.100,L1CD,26,210,47.0,2.383699217,-2450.655,-5145.897,0,0
$CH,4.100,L1CD,27,210,42.1,9.555362990,1938.491,4071.404,0,0
$CH,4.100,L1CD,31,210,43.0,8.581296426,-2599.715,-5458.641,0,0
$TIME,2024,5,11,3,26,28.294975
$CH,4.200,L1CD,1,220,42.9,9.230820619,-2100.978,-4622.147,0,0
$CH,4.200,L1CD,2,220,41.9,9.939432245,-1684.539,-3704.436,0,0
$CH,4.200,L1CD,3,220,49.8,8.574799312,865.211,1904.734,0,0
$CH,4.200,L1CD,4,220,44.0,5.783866687,1851.941,4074.175,0,0
$CH,4.200,L1CD,7,220,40.2,2.294379783,1360.482,2992.990,0,0
$CH,4.200,L1CD,8,220,40.1,1.776961568,2093.561,4604.996,0,0
$CH,4.200,L1CD,9,220,39.8,2.234463073,2263.589,4978.052,0,0
$CH,4.200,L1CD,16,220,49.0,8.186339393,-124.196,-271.160,0,0
$CH,4.200,L1CD,21,220,40.5,0.196276776,-1423.064,-3131.414,0,0
$CH,4.200,L1CD,26,220,47.0,2.383855511,-2450.833,-5390.985,0,0
$CH,4.200,L1CD,27,220,42.1,9.555237928,1939.485,4265.271,0,0
$CH,4.200,L1CD,31,220,43.0,8.581451746,-2599.458,-5718.561,0,0
$TIME,2024,5,11,3,26,28.808675
$CH,4.300,L1CD,1,230,42.9,9.230956011,-2100.499,-4832.221,0,0
$CH,4.300,L1CD,2,230,41.9,9.939541997,-1683.227,-3872.830,0,0
$CH,4.300,L1CD,3,230,49.8,8.574742664,865.091,1991.236,0,0
$CH,4.300,L1CD,4,230,44.0,5.783743778,1852.119,4259.384,0,0
$CH,4.300,L1CD,7,230,40.2,2.294294578,1360.316,3129.014,0,0
$CH,4.300,L1CD,8,230,40.1,1.776823543,2093.354,4814.330,0,0
$CH,4.300,L1CD,9,230,39.8,2.234319482,2263.556,5204.373,0,0
$CH,4.300,L1CD,16,230,49.0,8.186348084,-124.254,-283.583,0,0
$CH,4.300,L1CD,21,230,40.5,0.196371570,-1423.933,-3273.720,0,0
$CH,4.300,L1CD,26,230,47.0,2.384009589,-2450.800,-5636.078,0,0
$CH,4.300,L1CD,27,230,42.1,9.555117268,1938.795,4459.141,0,0
$CH,4.300,L1CD,31,230,43.0,8.581616940,-2599.166,-5978.486,0,0
$TIME,2024,5,11,3,26,29.412157
$CH,4.400,L1CD,1,240,42.9,9.231090960,-2100.659,-5042.292,0,0
$CH,4.400,L1CD,2,240,41.9,9.939647248,-1683.570,-4041.209,0,0
$CH,4.400,L1CD,3,240,49.8,8.574688971,864.986,2077.729,0,0
$CH,4.400,L1CD,4,240,44.0,5.783628685,1852.285,4444.591,0,0
$CH,4.400,L1CD,7,240,40.2,2.294209961,1360.230,3265.033,0,0
$CH,4.400,L1CD,8,240,40.1,1.776699167,2093.499,5023.668,0,0
$CH,4.400,L1CD,9,240,39.8,2.234176127,2262.372,5430.703,0,0
$CH,4.400,L1CD,16,240,49.0,8.186361398,-124.393,-296.016,0,0
$CH,4.400,L1CD,21,240,40.5,0.196463168,-1423.441,-3416.044,0,0
$CH,4.400,L1CD,26,240,47.0,2.384166102,-2450.819,-5881.171,0,0
$CH,4.400,L1CD,27,240,42.1,9.554993988,1938.547,4653.008,0,0
$CH,4.400,L1CD,31,240,43.0,8.581780463,-2599.966,-6238.408,0,0
$TIME,2024,5,11,3,26,29.909833
$CH,4.500,L1CD,1,250,42.9,9.231219554,-2100.383,-5252.373,0,0
$CH,4.500,L1CD,2,250,41.9,9.939754192,-1683.705,-4209.588,0,0
$CH,4.500,L1CD,3,250,49.8,8.574635884,864.817,2164.222,0,0
$CH,4.500,L1CD,4,250,44.0,5.783513247,1852.107,4629.796,0,0
$CH,4.500,L1CD,7,250,40.2,2.294119032,1359.536,3401.062,0,0
$CH,4.500,L1CD,8,250,40.1,1.776565985,2093.830,5233.013,0,0
$CH,4.500,L1CD,9,250,39.8,2.234034940,2263.103,5657.004,0,0
$CH,4.500,L1CD,16,250,49.0,8.186379811,-124.369,-308.457,0,0
$CH,4.500,L1CD,21,250,40.5,0.196550887,-1422.792,-3558.361,0,0
$CH,4.500,L1CD,26,250,47.0,2.384318992,-2451.154,-6126.275,0,0
$CH,4.500,L1CD,27,250,42.1,9.554867006,1938.313,4846.885,0,0
$CH,4.500,L1CD,31,250,43.0,8.581945068,-2599.392,-6498.335,0,0
$TIME,2024,5,11,3,26,30.494999
$CH,4.600,L1CD,1,260,42.9,9.231355503,-2100.883,-5462.440,0,0
$CH,4.600,L1CD,2,260,41.9,9.939860745,-1683.404,-4377.982,0,0
$CH,4.600,L1CD,3,260,49.8,8.574578957,864.703,2250.705,0,0
$CH,4.600,L1CD,4,260,44.0,5.783400945,1852.301,4814.999,0,0
$CH,4.600,L1CD,7,260,40.2,2.294033762,1360.250,3537.089,0,0
$CH,4.600,L1CD,8,260,40.1,1.776435878,2093.466,5442.357,0,0
$CH,4.600,L1CD,9,260,39.8,2.233888389,2263.696,5883.338,0,0
$CH,4.600,L1CD,16,260,49.0,8.186378335,-124.399,-320.902,0,0
$CH,4.600,L1CD,21,260,40.5,0.196647986,-1423.065,-3700.678,0,0
$CH,4.600,L1CD,26,260,47.0,2.384474461,-2451.257,-6371.381,0,0
$CH,4.600,L1CD,27,260,42.1,9.554746931,1938.826,5040.751,0,0
$CH,4.600,L1CD,31,260,43.0,8.582114993,-2599.334,-6758.254,0,0
$TIME,2024,5,11,3,26,31.128727
$CH,4.700,L1CD,1,270,42.9,9.231488952,-2100.370,-5672.521,0,0
$CH,4.700,L1CD,2,270,41.9,9.939964981,-1683.995,-4546.354,0,0
$CH,4.700,L1CD,3,270,49.8,8.574528124,864.536,2337.180,0,0
$CH,4.700,L1CD,4,270,44.0,5.783279746,1851.912,5000.209,0,0
$CH,4.700,L1CD,7,270,40.2,2.293951714,1360.459,3673.098,0,0
$CH,4.700,L1CD,8,270,40.1,1.776303786,2093.599,5651.712,0,0
$CH,4.700,L1CD,9,270,39.8,2.233738214,2263.198,6109.659,0,0
$CH,4.700,L1CD,16,270,49.0,8.186381785,-124.482,-333.355,0,0
$CH,4.700,L1CD,21,270,40.5,0.196734529,-1423.583,-3842.981,0,0
$CH,4.700,L1CD,26,270,47.0,2.384632396,-2451.338,-6616.494,0,0
$CH,4.700,L1CD,27,270,42.1,9.554620255,1938.833,5234.616,0,0
$CH,4.700,L1CD,31,270,43.0,8.582276902,-2599.057,-7018.179,0,0
$TIME,2024,5,11,3,26,31.634287
$CH,4.800,L1CD,1,280,42.9,9.231619798,-2100.735,-5882.591,0,0
$CH,4.800,L1CD,2,280,41.9,9.940071454,-1683.859,-4714.735,0,0
$CH,4.800,L1CD,3,280,49.8,8.574467287,864.652,2423.650,0,0
$CH,4.800,L1CD,4,280,44.0,5.783158379,1851.954,5185.418,0,0
$CH,4.800,L1CD,7,280,40.2,2.293860471,1359.971,3809.118,0,0
$CH,4.800,L1CD,8,280,40.1,1.776175375,2093.834,5861.062,0,0
$CH,4.800,L1CD,9,280,39.8,2.233589326,2263.185,6335.984,0,0
$CH,4.800,L1CD,16,280,49.0,8.186385637,-124.540,-345.815,0,0
$CH,4.800,L1CD,21,280,40.5,0.196825906,-1422.568,-3985.294,0,0
$CH,4.800,L1CD,26,280,47.0,2.384785313,-2451.104,-6861.606,0,0
$CH,4.800,L1CD,27,280,42.1,9.554501240,1939.028,5428.485,0,0
$CH,4.800,L1CD,31,280,43.0,8.582436046,-2599.427,-7278.097,0,0
$TIME,2024,5,11,3,26,32.148512
$CH,4.900,L1CD,1,290,42.9,9.231757607,-2100.794,-6092.655,0,0
$CH,4.900,L1CD,2,290,41.9,9.940182366,-1683.989,-4883.115,0,0
$CH,4.900,L1CD,3,290,49.8,8.574413719,864.410,2510.113,0,0
$CH,4.900,L1CD,4,290,44.0,5.783034138,1852.544,5370.621,0,0
$CH,4.900,L1CD,7,290,40.2,2.293772516,1359.952,3945.137,0,0
$CH,4.900,L1CD,8,290,40.1,1.776040472,2093.043,6070.420,0,0
$CH,4.900,L1CD,9,290,39.8,2.233450099,2263.433,6562.306,0,0
$CH,4.900,L1CD,16,290,49.0,8.186400603,-124.901,-358.280,0,0
$CH,4.900,L1CD,21,290,40.5,0.196920476,-1422.734,-4127.596,0,0
$CH,4.900,L1CD,26,290,47.0,2.384937466,-2451.320,-7106.725,0,0
$CH,4.900,L1CD,27,290,42.1,9.554370400,1938.786,5622.357,0,0
$CH,4.900,L1CD,31,290,43.0,8.582603586,-2599.495,-7538.020,0,0
$TIME,2024,5,11,3,26,32.747070
$CH,5.000,L1CD,1,300,42.1,9.231900510,-2100.923,-6302.734,0,0
$CH,5.000,L1CD,2,300,41.5,9.940292229,-1684.252,-5051.484,0,0
$CH,5.000,L1CD,3,300,49.6,8.574356701,864.409,2596.572,0,0
$CH,5.000,L1CD,4,300,44.3,5.782916759,1851.901,5555.835,0,0
$CH,5.000,L1CD,7,300,39.6,2.293686323,1360.549,4081.139,0,0
$CH,5.000,L1CD,8,300,40.1,1.775900871,2092.862,6279.783,0,0
$CH,5.000,L1CD,9,300,40.4,2.233309868,2263.077,6788.636,0,0
$CH,5.000,L1CD,16,300,49.8,8.186420595,-124.814,-370.758,0,0
$CH,5.000,L1CD,21,300,40.5,0.197006466,-1423.043,-4269.892,0,0
$CH,5.000,L1CD,26,300,46.8,2.385094641,-2451.634,-7351.851,0,0
$CH,5.000,L1CD,27,300,43.1,9.554250189,1938.879,5816.235,0,0
$CH,5.000,L1CD,31,300,42.7,8.582775176,-2599.111,-7797.943,0,0
$TIME,2024,5,11,3,26,33.274746
$CH,5.100,L1CD,1,310,42.1,9.232028364,-2100.248,-6512.818,0,0
$CH,5.100,L1CD,2,310,41.5,9.940391865,-1684.321,-5219.859,0,0
$CH,5.100,L1CD,3,310,49.6,8.574298763,864.524,2683.024,0,0
$CH,5.100,L1CD,4,310,44.3,5.782802329,1852.213,5741.050,0,0
$CH,5.100,L1CD,7,310,39.6,2.293603757,1359.865,4217.145,0,0
$CH,5.100,L1CD,8,310,40.1,1.775771630,2092.920,6489.134,0,0
$CH,5.100,L1CD,9,310,40.4,2.233174128,2263.379,7014.956,0,0
$CH,5.100,L1CD,16,310,49.8,8.186421085,-124.828,-383.238,0,0
$CH,5.100,L1CD,21,310,40.5,0.197101764,-1423.287,-4412.206,0,0
$CH,5.100,L1CD,26,310,46.8,2.385252511,-2451.569,-7596.982,0,0
$CH,5.100,L1CD,27,310,43.1,9.554124137,1938.313,6010.109,0,0
$CH,5.100,L1CD,31,310,42.7,8.582933280,-2599.257,-8057.862,0,0
$TIME,2024,5,11,3,26,33.784220
$CH,5.200,L1CD,1,320,42.1,9.232166157,-2100.185,-6722.888,0,0
$CH,5.200,L1CD,2,320,41.5,9.940500538,-1684.030,-5388.241,0,0
$CH,5.200,L1CD,3,320,49.6,8.574244870,864.616,2769.465,0,0
$CH,5.200,L1CD,4,320,44.3,5.782687328,1852.194,5926.260,0,0
$CH,5.200,L1CD,7,320,39.6,2.293515575,1359.614,4353.162,0,0
$CH,5.200,L1CD,8,320,40.1,1.775633853,2094.110,6698.493,0,0
$CH,5.200,L1CD,9,320,40.4,2.233024787,2263.623,7241.294,0,0
$CH,5.200,L1CD,16,320,49.8,8.186420870,-124.856,-395.729,0,0
$CH,5.200,L1CD,21,320,40.5,0.197179232,-1423.529,-4554.503,0,0
$CH,5.200,L1CD,26,320,46.8,2.385406512,-2451.330,-7842.118,0,0
$CH,5.200,L1CD,27,320,43.1,9.554008871,1938.447,6203.972,0,0
$CH,5.200,L1CD,31,320,42.7,8.583107141,-2599.315,-8317.778,0,0
$TIME,2024,5,11,3,26,34.336002
$CH,5.300,L1CD,1,330,42.1,9.232295205,-2100.496,-6932.959,0,0
$CH,5.300,L1CD,2,330,41.5,9.940608754,-1683.755,-5556.621,0,0
$CH,5.300,L1CD,3,330,49.6,8.574189823,864.471,2855.904,0,0
$CH,5.300,L1CD,4,330,44.3,5.782563231,1852.354,6111.469,0,0
$CH,5.300,L1CD,7,330,39.6,2.293425676,1359.379,4489.156,0,0
$CH,5.300,L1CD,8,330,40.1,1.775502248,2094.202,6907.853,0,0
$CH,5.300,L1CD,9,330,40.4,2.232870679,2263.187,7467.632,0,0
$CH,5.300,L1CD,16,330,49.8,8.186423661,-124.938,-408.223,0,0
$CH,5.300,L1CD,21,330,40.5,0.197267014,-1423.371,-4696.816,0,0
$CH,5.300,L1CD,26,330,46.8,2.385563199,-2451.271,-8087.255,0,0
$CH,5.300,L1CD,27,330,43.1,9.553877557,1938.736,6397.847,0,0
$CH,5.300,L1CD,31,330,42.7,8.583272529,-2599.169,-8577.694,0,0
$TIME,2024,5,11,3,26,34.916277
$CH,5.400,L1CD,1,340,42.1,9.232428201,-2100.466,-7143.035,0,0
$CH,5.400,L1CD,2,340,41.5,9.940717525,-1683.769,-5724.989,0,0
$CH,5.400,L1CD,3,340,49.6,8.574139403,864.366,2942.339,0,0
$CH,5.400,L1CD,4,340,44.3,5.782451115,1852.097,6296.685,0,0
$CH,5.400,L1CD,7,340,39.6,2.293344795,1359.939,4625.165,0,0
$CH,5.400,L1CD,8,340,40.1,1.775365541,2093.729,7117.221,0,0
$CH,5.400,L1CD,9,340,40.4,2.232730367,2263.286,7693.963,0,0
$CH,5.400,L1CD,16,340,49.8,8.186435893,-125.124,-420.725,0,0
$CH,5.400,L1CD,21,340,40.5,0.197364028,-1423.349,-4839.113,0,0
$CH,5.400,L1CD,26,340,46.8,2.385721917,-2451.411,-8332.402,0,0
$CH,5.400,L1CD,27,340,43.1,9.553759394,1938.737,6591.728,0,0
$CH,5.400,L1CD,31,340,42.7,8.583433803,-2599.508,-8837.604,0,0
$TIME,2024,5,11,3,26,35.433771
$CH,5.500,L1CD,1,350,42.1,9.232556599,-2100.787,-7353.103,0,0
$CH,5.500,L1CD,2,350,41.5,9.940821233,-1683.796,-5893.362,0,0
$CH,5.500,L1CD,3,350,49.6,8.574083565,864.146,3028.766,0,0
$CH,5.500,L1CD,4,350,44.3,5.782333226,1852.610,6481.889,0,0
$CH,5.500,L1CD,7,350,39.6,2.293255900,1360.137,4761.159,0,0
$CH,5.500,L1CD,8,350,40.1,1.775227124,2093.653,7326.592,0,0
$CH,5.500,L1CD,9,350,40.4,2.232578511,2263.035,7920.292,0,0
$CH,5.500,L1CD,16,350,49.8,8.186456422,-125.159,-433.237,0,0
$CH,5.500,L1CD,21,350,40.5,0.197458744,-1422.818,-4981.407,0,0
$CH,5.500,L1CD,26,350,46.8,2.385876067,-2451.690,-8577.547,0,0
$CH,5.500,L1CD,27,350,43.1,9.553638309,1939.435,6785.588,0,0
$CH,5.500,L1CD,31,350,42.7,8.583604677,-2599.318,-9097.519,0,0
$TIME,2024,5,11,3,26,35.968177
$CH,5.600,L1CD,1,360,42.1,9.232687347,-2100.757,-7563.175,0,0
$CH,5.600,L1CD,2,360,41.5,9.940935586,-1683.699,-6061.733,0,0
$CH,5.600,L1CD,3,360,49.6,8.574025202,864.321,3115.184,0,0
$CH,5.600,L1CD,4,360,44.3,5.782215006,1852.325,6667.106,0,0
$CH,5.600,L1CD,7,360,39.6,2.293169903,1360.386,4897.163,0,0
$CH,5.600,L1CD,8,360,40.1,1.775105290,2093.720,7535.959,0,0
$CH,5.600,L1CD,9,360,40.4,2.232443693,2264.115,8146.626,0,0
$CH,5.600,L1CD,16,360,49.8,8.186461321,-124.929,-445.753,0,0
$CH,5.600,L1CD,21,360,40.5,0.197543562,-1423.030,-5123.700,0,0
$CH,5.600,L1CD,26,360,46.8,2.386030333,-2451.700,-8822.701,0,0
$CH,5.600,L1CD,27,360,43.1,9.553515337,1938.741,6979.475,0,0
$CH,5.600,L1CD,31,360,42.7,8.583762800,-2599.377,-9357.428,0,0
$TIME,2024,5,11,3,26,36.494110
$CH,5.700,L1CD,1,370,42.1,9.232821029,-2100.517,-7773.249,0,0
$CH,5.700,L1CD,2,370,41.5,9.941043475,-1683.909,-6230.097,0,0
$CH,5.700,L1CD,3,370,49.6,8.573974405,864.004,3201.601,0,0
$CH,5.700,L1CD,4,370,44.3,5.782100950,1852.512,6852.321,0,0
$CH,5.700,L1CD,7,370,39.6,2.293085648,1359.434,5033.152,0,0
$CH,5.700,L1CD,8,370,40.1,1.774972111,2093.091,7745.343,0,0
$CH,5.700,L1CD,9,370,40.4,2.232304420,2263.526,8372.968,0,0
$CH,5.700,L1CD,16,370,49.8,8.186460943,-125.332,-458.277,0,0
$CH,5.700,L1CD,21,370,40.5,0.197633977,-1422.508,-5265.993,0,0
$CH,5.700,L1CD,26,370,46.8,2.386182589,-2451.689,-9067.858,0,0
$CH,5.700,L1CD,27,370,43.1,9.553391152,1938.206,7173.353,0,0
$CH,5.700,L1CD,31,370,42.7,8.583929523,-2598.940,-9617.349,0,0
$TIME,2024,5,11,3,26,37.048174
$CH,5.800,L1CD,1,380,42.1,9.232956921,-2100.392,-7983.323,0,0
$CH,5.800,L1CD,2,380,41.5,9.941148370,-1683.265,-6398.475,0,0
$CH,5.800,L1CD,3,380,49.6,8.573919765,864.070,3288.008,0,0
$CH,5.800,L1CD,4,380,44.3,5.781981114,1852.064,7037.538,0,0
$CH,5.800,L1CD,7,380,39.6,2.293005224,1359.576,5169.147,0,0
$CH,5.800,L1CD,8,380,40.1,1.774845391,2094.242,7954.715,0,0
$CH,5.800,L1CD,9,380,40.4,2.232159913,2263.622,8599.310,0,0
$CH,5.800,L1CD,16,380,49.8,8.186465977,-125.345,-470.809,0,0
$CH,5.800,L1CD,21,380,40.5,0.197724970,-1422.933,-5408.286,0,0
$CH,5.800,L1CD,26,380,46.8,2.386339485,-2451.687,-9313.021,0,0
$CH,5.800,L1CD,27,380,43.1,9.553268711,1939.192,7367.222,0,0
$CH,5.800,L1CD,31,380,42.7,8.584096077,-2598.917,-9877.259,0,0
$TIME,2024,5,11,3,26,37.562482
$CH,5.900,L1CD,1,390,42.1,9.233091056,-2101.109,-8193.389,0,0
$CH,5.900,L1CD,2,390,41.5,9.941254442,-1683.463,-6566.836,0,0
$CH,5.900,L1CD,3,390,49.6,8.573862238,863.907,3374.408,0,0
$CH,5.900,L1CD,4,390,44.3,5.781865309,1852.250,7222.764,0,0
$CH,5.900,L1CD,7,390,39.6,2.292917271,1360.256,5305.137,0,0
$CH,5.900,L1CD,8,390,40.1,1.774711883,2093.431,8164.090,0,0
$CH,5.900,L1CD,9,390,40.4,2.232020161,2263.327,8825.649,0,0
$CH,5.900,L1CD,16,390,49.8,8.186480491,-125.677,-483.347,0,0
$CH,5.900,L1CD,21,390,40.5,0.197816443,-1423.074,-5550.579,0,0
$CH,5.900,L1CD,26,390,46.8,2.386500178,-2451.786,-9558.187,0,0
$CH,5.900,L1CD,27,390,43.1,9.553141250,1938.892,7561.097,0,0
$CH,5.900,L1CD,31,390,42.7,8.584256915,-2599.186,-10137.167,0,0
$TIME,2024,5,11,3,26,38.082240
$CH,6.000,L1CD,1,400,42.9,9.233220648,-2100.555,-8403.463,0,0
$CH,6.000,L1CD,2,400,41.9,9.941362402,-1683.998,-6735.201,0,0
$CH,6.000,L1CD,3,400,49.2,8.573808969,863.907,3460.803,0,0
$CH,6.000,L1CD,4,400,44.5,5.781744141,1852.397,7407.975,0,0
$CH,6.000,L1CD,7,400,39.3,2.292826512,1359.469,5441.131,0,0
$CH,6.000,L1CD,8,400,40.2,1.774575656,2093.230,8373.478,0,0
$CH,6.000,L1CD,9,400,40.3,2.231868345,2263.275,9051.994,0,0
$CH,6.000,L1CD,16,400,49.5,8.186497945,-125.542,-495.892,0,0
$CH,6.000,L1CD,21,400,40.6,0.197912814,-1422.751,-5692.857,0,0
$CH,6.000,L1CD,26,400,46.1,2.386657376,-2451.801,-9803.358,0,0
$CH,6.000,L1CD,27,400,42.8,9.553012950,1938.471,7754.978,0,0
$CH,6.000,L1CD,31,400,42.3,8.584420162,-2599.083,-10397.070,0,0
$TIME,2024,5,11,3,26,38.628040
$CH,6.100,L1CD,1,410,42.9,9.233356493,-2100.359,-8613.537,0,0
$CH,6.100,L1CD,2,410,41.9,9.941468834,-1684.333,-6903.564,0,0
$CH,6.100,L1CD,3,410,49.2,8.573754040,863.736,3547.193,0,0
$CH,6.100,L1CD,4,410,44.5,5.781629888,1852.343,7593.187,0,0
$CH,6.100,L1CD,7,410,39.3,2.292738161,1359.802,5577.107,0,0
$CH,6.100,L1CD,8,410,40.2,1.774438071,2093.846,8582.857,0,0
$CH,6.100,L1CD,9,410,40.3,2.231716755,2262.822,9278.340,0,0
$CH,6.100,L1CD,16,410,49.5,8.186502197,-125.561,-508.446,0,0
$CH,6.100,L1CD,21,410,40.6,0.198001761,-1422.937,-5835.149,0,0
$CH,6.100,L1CD,26,410,46.1,2.386812184,-2452.014,-10048.539,0,0
$CH,6.100,L1CD,27,410,42.8,9.552904142,1938.813,7948.846,0,0
$CH,6.100,L1CD,31,410,42.3,8.584579795,-2598.673,-10656.985,0,0
$TIME,2024,5,11,3,26,39.218993
$CH,6.200,L1CD,1,420,42.9,9.233484906,-2100.627,-8823.606,0,0
$CH,6.200,L1CD,2,420,41.9,9.941571177,-1683.880,-7071.922,0,0
$CH,6.200,L1CD,3,420,49.2,8.573698863,863.840,3633.575,0,0
$CH,6.200,L1CD,4,420,44.5,5.781517788,1851.959,7778.411,0,0
$CH,6.200,L1CD,7,420,39.3,2.292653985,1358.907,5713.104,0,0
$CH,6.200,L1CD,8,420,40.2,1.774306088,2093.987,8792.239,0,0
$CH,6.200,L1CD,9,420,40.3,2.231576726,2263.723,9504.687,0,0
$CH,6.200,L1CD,16,420,49.5,8.186501244,-125.487,-521.005,0,0
$CH,6.200,L1CD,21,420,40.6,0.198086333,-1422.778,-5977.434,0,0
$CH,6.200,L1CD,26,420,46.1,2.386969835,-2451.705,-10293.718,0,0
$CH,6.200,L1CD,27,420,42.8,9.552776418,1938.827,8142.725,0,0
$CH,6.200,L1CD,31,420,42.3,8.584752574,-2598.564,-10916.899,0,0
$TIME,2024,5,11,3,26,39.732033
$CH,6.300,L1CD,1,430,42.9,9.233623147,-2100.625,-9033.674,0,0
$CH,6.300,L1CD,2,430,41.9,9.941679990,-1683.491,-7240.283,0,0
$CH,6.300,L1CD,3,430,49.2,8.573645073,863.851,3719.955,0,0
$CH,6.300,L1CD,4,430,44.5,5.781396500,1852.030,7963.636,0,0
$CH,6.300,L1CD,7,430,39.3,2.292568187,1359.980,5849.080,0,0
$CH,6.300,L1CD,8,430,40.2,1.774176510,2093.533,9001.631,0,0
$CH,6.300,L1CD,9,430,40.3,2.231440603,2263.949,9731.030,0,0
$CH,6.300,L1CD,16,430,49.5,8.186506565,-125.863,-533.571,0,0
$CH,6.300,L1CD,21,430,40.6,0.198175180,-1422.699,-6119.715,0,0
$CH,6.300,L1CD,26,430,46.1,2.387122800,-2451.804,-10538.904,0,0
$CH,6.300,L1CD,27,430,42.8,9.552651851,1938.111,8336.611,0,0
$CH,6.300,L1CD,31,430,42.3,8.584924623,-2599.473,-11176.797,0,0
$TIME,2024,5,11,3,26,40.255189
$CH,6.400,L1CD,1,440,42.9,9.233756604,-2100.716,-9243.744,0,0
$CH,6.400,L1CD,2,440,41.9,9.941780293,-1683.274,-7408.646,0,0
$CH,6.400,L1CD,3,440,49.2,8.573585699,863.578,3806.323,0,0
$CH,6.400,L1CD,4,440,44.5,5.781281176,1852.131,8148.853,0,0
$CH,6.400,L1CD,7,440,39.3,2.292480980,1359.894,5985.058,0,0
$CH,6.400,L1CD,8,440,40.2,1.774046453,2093.879,9211.023,0,0
$CH,6.400,L1CD,9,440,40.3,2.231291942,2263.514,9957.376,0,0
$CH,6.400,L1CD,16,440,49.5,8.186515858,-125.913,-546.151,0,0
$CH,6.400,L1CD,21,440,40.6,0.198269088,-1423.528,-6261.994,0,0
$CH,6.400,L1CD,26,440,46.1,2.387277249,-2451.740,-10784.094,0,0
$CH,6.400,L1CD,27,440,42.8,9.552532838,1939.591,8530.478,0,0
$CH,6.400,L1CD,31,440,42.3,8.585084343,-2598.977,-11436.701,0,0
$TIME,2024,5,11,3,26,40.859010
$CH,6.500,L1CD,1,450,42.9,9.233890173,-2100.549,-9453.815,0,0
$CH,6.500,L1CD,2,450,41.9,9.941889230,-1683.162,-7577.011,0,0
$CH,6.500,L1CD,3,450,49.2,8.573532893,863.638,3892.685,0,0
$CH,6.500,L1CD,4,450,44.5,5.781157615,1852.118,8334.076,0,0
$CH,6.500,L1CD,7,450,39.3,2.292392164,1360.112,6121.024,0,0
$CH,6.500,L1CD,8,450,40.2,1.773914522,2094.360,9420.410,0,0
$CH,6.500,L1CD,9,450,40.3,2.231151874,2263.506,10183.734,0,0
$CH,6.500,L1CD,16,450,49.5,8.186534447,-125.893,-558.729,0,0
$CH,6.500,L1CD,21,450,40.6,0.198358990,-1422.338,-6404.275,0,0
$CH,6.500,L1CD,26,450,46.1,2.387432462,-2452.100,-11029.286,0,0
$CH,6.500,L1CD,27,450,42.8,9.552406543,1939.474,8724.357,0,0
$CH,6.500,L1CD,31,450,42.3,8.585249373,-2599.225,-11696.602,0,0
$TIME,2024,5,11,3,26,41.366948
$CH,6.600,L1CD,1,460,42.9,9.234017499,-2100.595,-9663.885,0,0
$CH,6.600,L1CD,2,460,41.9,9.941993758,-1683.720,-7745.366,0,0
$CH,6.600,L1CD,3,460,49.2,8.573477750,863.311,3979.044,0,0
$CH,6.600,L1CD,4,460,44.5,5.781041312,1852.094,8519.300,0,0
$CH,6.600,L1CD,7,460,39.3,2.292311457,1360.488,6256.999,0,0
$CH,6.600,L1CD,8,460,40.2,1.773779127,2094.072,9629.812,0,0
$CH,6.600,L1CD,9,460,40.3,2.231005913,2263.560,10410.092,0,0
$CH,6.600,L1CD,16,460,49.5,8.186541800,-125.695,-571.318,0,0
$CH,6.600,L1CD,21,460,40.6,0.198451063,-1422.121,-6546.557,0,0
$CH,6.600,L1CD,26,460,46.1,2.387588673,-2452.188,-11274.483,0,0
$CH,6.600,L1CD,27,460,42.8,9.552285410,1939.238,8918.242,0,0
$CH,6.600,L1CD,31,460,42.3,8.585416696,-2599.100,-11956.501,0,0
$TIME,2024,5,11,3,26,41.909152
$CH,6.700,L1CD,1,470,42.9,9.234151864,-2100.865,-9873.954,0,0
$CH,6.700,L1CD,2,470,41.9,9.942101032,-1683.112,-7913.718,0,0
$CH,6.700,L1CD,3,470,49.2,8.573420196,863.388,4065.394,0,0
$CH,6.700,L1CD,4,470,44.5,5.780926265,1851.839,8704.523,0,0
$CH,6.700,L1CD,7,470,39.3,2.292216608,1359.414,6392.971,0,0
$CH,6.700,L1CD,8,470,40.2,1.773640311,2093.874,9839.216,0,0
$CH,6.700,L1CD,9,470,40.3,2.230860576,2263.594,10636.438,0,0
$CH,6.700,L1CD,16,470,49.5,8.186541811,-125.914,-583.912,0,0
$CH,6.700,L1CD,21,470,40.6,0.198545367,-1422.886,-6688.831,0,0
$CH,6.700,L1CD,26,470,46.1,2.387742303,-2452.384,-11519.686,0,0
$CH,6.700,L1CD,27,470,42.8,9.552162582,1938.571,9112.129,0,0
$CH,6.700,L1CD,31,470,42.3,8.585580816,-2599.062,-12216.405,0,0
$TIME,2024,5,11,3,26,42.698579
$CH,6.800,L1CD,1,480,42.9,9.234285971,-2100.390,-10084.025,0,0
$CH,6.800,L1CD,2,480,41.9,9.942212921,-1683.700,-8082.076,0,0
$CH,6.800,L1CD,3,480,49.2,8.573368011,863.383,4151.742,0,0
$CH,6.800,L1CD,4,480,44.5,5.780809830,1852.439,8889.755,0,0
$CH,6.800,L1CD,7,480,39.3,2.292128622,1359.392,6528.952,0,0
$CH,6.800,L1CD,8,480,40.2,1.773512897,2094.147,10048.623,0,0
$CH,6.800,L1CD,9,480,40.3,2.230716690,2263.595,10862.792,0,0
$CH,6.800,L1CD,16,480,49.5,8.186545460,-125.849,-596.517,0,0
$CH,6.800,L1CD,21,480,40.6,0.198642579,-1422.654,-6831.103,0,0
$CH,6.800,L1CD,26,480,46.1,2.387898120,-2451.961,-11764.899,0,0
$CH,6.800,L1CD,27,480,42.8,9.552037158,1939.338,9305.992,0,0
$CH,6.800,L1CD,31,480,42.3,8.585737964,-2599.089,-12476.312,0,0
$TIME,2024,5,11,3,26,43.320592
$CH,6.900,L1CD,1,490,42.9,9.234418924,-2100.661,-10294.091,0,0
$CH,6.900,L1CD,2,490,41.9,9.942321513,-1684.257,-8250.430,0,0
$CH,6.900,L1CD,3,490,49.2,8.573316263,863.336,4238.081,0,0
$CH,6.900,L1CD,4,490,44.5,5.780688986,1852.184,9074.968,0,0
$CH,6.900,L1CD,7,490,39.3,2.292053553,1359.347,6664.917,0,0
$CH,6.900,L1CD,8,490,40.2,1.773378617,2094.000,10258.031,0,0
$CH,6.900,L1CD,9,490,40.3,2.230579594,2263.433,11089.160,0,0
$CH,6.900,L1CD,16,490,49.5,8.186559988,-126.152,-609.126,0,0
$CH,6.900,L1CD,21,490,40.6,0.198733665,-1423.003,-6973.367,0,0
$CH,6.900,L1CD,26,490,46.1,2.388055251,-2452.129,-12010.113,0,0
$CH,6.900,L1CD,27,490,42.8,9.551919023,1939.249,9499.875,0,0
$CH,6.900,L1CD,31,490,42.3,8.585897515,-2598.953,-12736.204,0,0
$TIME,2024,5,11,3,26,44.075150
$CH,7.000,L1CD,1,500,42.8,9.234553424,-2100.529,-10504.162,0,0
$CH,7.000,L1CD,2,500,41.1,9.942423169,-1683.592,-8418.786,0,0
$CH,7.000,L1CD,3,500,49.4,8.573261607,863.686,4324.412,0,0
$CH,7.000,L1CD,4,500,44.6,5.780568711,1852.064,9260.199,0,0
$CH,7.000,L1CD,7,500,40.1,2.291968485,1359.291,6800.878,0,0
$CH,7.000,L1CD,8,500,39.7,1.773245666,2093.522,10467.425,0,0
$CH,7.000,L1CD,9,500,39.9,2.230434328,2263.425,11315.506,0,0
$CH,7.000,L1CD,16,500,49.5,8.186579320,-126.244,-621.744,0,0
$CH,7.000,L1CD,21,500,40.3,0.198816371,-1423.252,-7115.638,0,0
$CH,7.000,L1CD,26,500,46.8,2.388214994,-2452.239,-12255.330,0,0
$CH,7.000,L1CD,27,500,43.2,9.551787316,1938.739,9693.760,0,0
$CH,7.000,L1CD,31,500,42.1,8.586072401,-2599.000,-12996.099,0,0
$TIME,2024,5,11,3,26,44.793700
$CH,7.100,L1CD,1,510,42.8,9.234699086,-2100.996,-10714.234,0,0
$CH,7.100,L1CD,2,510,41.1,9.942541570,-1683.684,-8587.139,0,0
$CH,7.100,L1CD,3,510,49.4,8.573208019,863.169,4410.740,0,0
$CH,7.100,L1CD,4,510,44.6,5.780451499,1852.470,9445.425,0,0
$CH,7.100,L1CD,7,510,40.1,2.291875513,1359.675,6936.831,0,0
$CH,7.100,L1CD,8,510,39.7,1.773119334,2094.502,10676.846,0,0
$CH,7.100,L1CD,9,510,39.9,2.230291397,2263.264,11541.879,0,0
$CH,7.100,L1CD,16,510,49.5,8.186583668,-126.231,-634.369,0,0
$CH,7.100,L1CD,21,510,40.3,0.198905713,-1423.139,-7257.904,0,0
$CH,7.100,L1CD,26,510,46.8,2.388366903,-2452.108,-12500.555,0,0
$CH,7.100,L1CD,27,510,43.2,9.551661156,1938.249,9887.642,0,0
$CH,7.100,L1CD,31,510,42.1,8.586233424,-2598.635,-13256.003,0,0
$TIME,2024,5,11,3,26,45.491563
$CH,7.200,L1CD,1,520,42.8,9.234828791,-2100.993,-10924.298,0,0
$CH,7.200,L1CD,2,520,41.1,9.942645812,-1683.859,-8755.494,0,0
$CH,7.200,L1CD,3,520,49.4,8.573149205,863.105,4497.059,0,0
$CH,7.200,L1CD,4,520,44.6,5.780338480,1851.940,9630.654,0,0
$CH,7.200,L1CD,7,520,40.1,2.291787490,1359.282,7072.796,0,0
$CH,7.200,L1CD,8,520,39.7,1.772978411,2094.332,10886.255,0,0
$CH,7.200,L1CD,9,520,39.9,2.230140571,2263.487,11768.236,0,0
$CH,7.200,L1CD,16,520,49.5,8.186581809,-126.377,-646.999,0,0
$CH,7.200,L1CD,21,520,40.3,0.198981042,-1422.877,-7400.184,0,0
$CH,7.200,L1CD,26,520,46.8,2.388519413,-2452.240,-12745.782,0,0
$CH,7.200,L1CD,27,520,43.2,9.551540046,1939.141,10081.521,0,0
$CH,7.200,L1CD,31,520,42.1,8.586394476,-2599.039,-13515.896,0,0
$TIME,2024,5,11,3,26,46.186860
$CH,7.300,L1CD,1,530,42.8,9.234959784,-2100.931,-11134.368,0,0
$CH,7.300,L1CD,2,530,41.1,9.942754026,-1683.626,-8923.834,0,0
$CH,7.300,L1CD,3,530,49.4,8.573093393,863.264,4583.371,0,0
$CH,7.300,L1CD,4,530,44.6,5.780222691,1852.140,9815.876,0,0
$CH,7.300,L1CD,7,530,40.1,2.291704084,1359.328,7208.756,0,0
$CH,7.300,L1CD,8,530,39.7,1.772852874,2094.367,11095.676,0,0
$CH,7.300,L1CD,9,530,39.9,2.229995596,2263.516,11994.605,0,0
$CH,7.300,L1CD,16,530,49.5,8.186585443,-126.313,-659.639,0,0
$CH,7.300,L1CD,21,530,40.3,0.199083415,-1422.708,-7542.446,0,0
$CH,7.300,L1CD,26,530,46.8,2.388683190,-2452.117,-12991.015,0,0
$CH,7.300,L1CD,27,530,43.2,9.551421006,1939.327,10275.404,0,0
$CH,7.300,L1CD,31,530,42.1,8.586566269,-2599.403,-13775.787,0,0
$TIME,2024,5,11,3,26,46.928857
$CH,7.400,L1CD,1,540,42.8,9.235091685,-2100.969,-11344.437,0,0
$CH,7.400,L1CD,2,540,41.1,9.942859459,-1684.018,-9092.185,0,0
$CH,7.400,L1CD,3,540,49.4,8.573044608,863.030,4669.681,0,0
$CH,7.400,L1CD,4,540,44.6,5.780100181,1852.160,10001.112,0,0
$CH,7.400,L1CD,7,540,40.1,2.291619007,1359.275,7344.708,0,0
$CH,7.400,L1CD,8,540,39.7,1.772709148,2093.592,11305.089,0,0
$CH,7.400,L1CD,9,540,39.9,2.229851592,2263.763,12220.970,0,0
$CH,7.400,L1CD,16,540,49.5,8.186595664,-126.613,-672.283,0,0
$CH,7.400,L1CD,21,540,40.3,0.199180011,-1422.558,-7684.709,0,0
$CH,7.400,L1CD,26,540,46.8,2.388836901,-2452.665,-13236.245,0,0
$CH,7.400,L1CD,27,540,43.2,9.551297899,1939.287,10469.288,0,0
$CH,7.400,L1CD,31,540,42.1,8.586732600,-2598.695,-14035.686,0,0
$TIME,2024,5,11,3,26,47.563168
$CH,7.500,L1CD,1,550,42.8,9.235232591,-2100.680,-11554.506,0,0
$CH,7.500,L1CD,2,550,41.1,9.942962053,-1683.293,-9260.534,0,0
$CH,7.500,L1CD,3,550,49.4,8.572989270,863.011,4755.986,0,0
$CH,7.500,L1CD,4,550,44.6,5.779984844,1852.156,10186.340,0,0
$CH,7.500,L1CD,7,550,40.1,2.291531487,1359.666,7480.650,0,0
$CH,7.500,L1CD,8,550,39.7,1.772581233,2094.901,11514.515,0,0
$CH,7.500,L1CD,9,550,39.9,2.229714152,2263.296,12447.336,0,0
$CH,7.500,L1CD,16,550,49.5,8.186619106,-126.473,-684.935,0,0
$CH,7.500,L1CD,21,550,40.3,0.199266039,-1422.935,-7826.975,0,0
$CH,7.500,L1CD,26,550,46.8,2.388990265,-2452.463,-13481.493,0,0
$CH,7.500,L1CD,27,550,43.2,9.551179113,1938.593,10663.178,0,0
$CH,7.500,L1CD,31,550,42.1,8.586888935,-2598.939,-14295.574,0,0
$TIME,2024,5,11,3,26,48.122627
$CH,7.600,L1CD,1,560,42.8,9.235360800,-2100.839,-11764.569,0,0
$CH,7.600,L1CD,2,560,41.1,9.943069006,-1683.190,-9428.881,0,0
$CH,7.600,L1CD,3,560,49.4,8.572935031,862.985,4842.281,0,0
$CH,7.600,L1CD,4,560,44.6,5.779864623,1852.637,10371.566,0,0
$CH,7.600,L1CD,7,560,40.1,2.291439371,1359.450,7616.616,0,0
$CH,7.600,L1CD,8,560,39.7,1.772439948,2094.132,11723.931,0,0
$CH,7.600,L1CD,9,560,39.9,2.229573560,2263.633,12673.699,0,0
$CH,7.600,L1CD,16,560,49.5,8.186621834,-126.955,-697.596,0,0
$CH,7.600,L1CD,21,560,40.3,0.199355310,-1422.243,-7969.233,0,0
$CH,7.600,L1CD,26,560,46.8,2.389142263,-2452.161,-13726.737,0,0
$CH,7.600,L1CD,27,560,43.2,9.551057614,1938.866,10857.052,0,0
$CH,7.600,L1CD,31,560,42.1,8.587060004,-2598.733,-14555.465,0,0
$TIME,2024,5,11,3,26,48.702122
$CH,7.700,L1CD,1,570,42.8,9.235499611,-2101.143,-11974.642,0,0
$CH,7.700,L1CD,2,570,41.1,9.943174108,-1683.802,-9597.221,0,0
$CH,7.700,L1CD,3,570,49.4,8.572875966,862.948,4928.568,0,0
$CH,7.700,L1CD,4,570,44.6,5.779749389,1852.209,10556.803,0,0
$CH,7.700,L1CD,7,570,40.1,2.291355601,1359.373,7752.559,0,0
$CH,7.700,L1CD,8,570,39.7,1.772313987,2094.343,11933.363,0,0
$CH,7.700,L1CD,9,570,39.9,2.229434528,2263.470,12900.075,0,0
$CH,7.700,L1CD,16,570,49.5,8.186623646,-126.416,-710.264,0,0
$CH,7.700,L1CD,21,570,40.3,0.199440292,-1422.107,-8111.488,0,0
$CH,7.700,L1CD,26,570,46.8,2.389298512,-2452.475,-13971.986,0,0
$CH,7.700,L1CD,27,570,43.2,9.550931118,1938.909,11050.937,0,0
$CH,7.700,L1CD,31,570,42.1,8.587227958,-2598.979,-14815.363,0,0
$TIME,2024,5,11,3,26,49.222367
$CH,7.800,L1CD,1,580,42.8,9.235622519,-2100.709,-12184.715,0,0
$CH,7.800,L1CD,2,580,41.1,9.943277276,-1684.236,-9765.561,0,0
$CH,7.800,L1CD,3,580,49.4,8.572819104,862.923,5014.855,0,0
$CH,7.800,L1CD,4,580,44.6,5.779627855,1852.519,10742.034,0,0
$CH,7.800,L1CD,7,580,40.1,2.291274956,1359.618,7888.505,0,0
$CH,7.800,L1CD,8,580,39.7,1.772180891,2093.960,12142.783,0,0
$CH,7.800,L1CD,9,580,39.9,2.229286949,2264.079,13126.451,0,0
$CH,7.800,L1CD,16,580,49.5,8.186626769,-126.861,-722.937,0,0
$CH,7.800,L1CD,21,580,40.3,0.199535910,-1422.342,-8253.745,0,0
$CH,7.800,L1CD,26,580,46.8,2.389458289,-2452.673,-14217.241,0,0
$CH,7.800,L1CD,27,580,43.2,9.550804089,1939.029,11244.821,0,0
$CH,7.800,L1CD,31,580,42.1,8.587396062,-2598.268,-15075.249,0,0
$TIME,2024,5,11,3,26,49.741123
$CH,7.900,L1CD,1,590,42.8,9.235756849,-2100.724,-12394.771,0,0
$CH,7.900,L1CD,2,590,41.1,9.943385773,-1683.939,-9933.905,0,0
$CH,7.900,L1CD,3,590,49.4,8.572766265,862.628,5101.128,0,0
$CH,7.900,L1CD,4,590,44.6,5.779512938,1852.251,10927.264,0,0
$CH,7.900,L1CD,7,590,40.1,2.291183068,1359.769,8024.445,0,0
$CH,7.900,L1CD,8,590,39.7,1.772044122,2094.244,12352.214,0,0
$CH,7.900,L1CD,9,590,39.9,2.229146387,2264.023,13352.821,0,0
$CH,7.900,L1CD,16,590,49.5,8.186644411,-126.704,-735.619,0,0
$CH,7.900,L1CD,21,590,40.3,0.199627756,-1422.410,-8396.005,0,0
$CH,7.900,L1CD,26,590,46.8,2.389615081,-2452.758,-14462.500,0,0
$CH,7.900,L1CD,27,590,43.2,9.550681583,1938.879,11438.705,0,0
$CH,7.900,L1CD,31,590,42.1,8.587562187,-2598.840,-15335.143,0,0
$TIME,2024,5,11,3,26,50.274548
$CH,8.000,L1CD,1,600,43.1,9.235885402,-2100.377,-12604.845,0,0
$CH,8.000,L1CD,2,600,41.5,9.943494469,-1683.569,-10102.253,0,0
$CH,8.000,L1CD,3,600,49.7,8.572714591,862.503,5187.399,0,0
$CH,8.000,L1CD,4,600,45.0,5.779395714,1852.349,11112.495,0,0
$CH,8.000,L1CD,7,600,39.8,2.291099155,1359.860,8160.374,0,0
$CH,8.000,L1CD,8,600,40.5,1.771916640,2094.497,12561.643,0,0
$CH,8.000,L1CD,9,600,39.5,2.228997244,2263.765,13579.198,0,0
$CH,8.000,L1CD,16,600,50.0,8.186657085,-127.105,-748.308,0,0
$CH,8.000,L1CD,21,600,39.8,0.199716213,-1422.073,-8538.253,0,0
$CH,8.000,L1CD,26,600,46.6,2.389766631,-2452.744,-14707.765,0,0
$CH,8.000,L1CD,27,600,43.1,9.550552824,1938.819,11632.590,0,0
$CH,8.000,L1CD,31,600,43.1,8.587725329,-2598.804,-15595.029,0,0
$TIME,2024,5,11,3,26,50.869409
$CH,8.100,L1CD,1,610,43.1,9.236021881,-2100.769,-12814.908,0,0
$CH,8.100,L1CD,2,610,41.5,9.943599752,-1682.900,-10270.594,0,0
$CH,8.100,L1CD,3,610,49.7,8.572655979,862.615,5273.664,0,0
$CH,8.100,L1CD,4,610,45.0,5.779278654,1852.611,11297.734,0,0
$CH,8.100,L1CD,7,610,39.8,2.291009503,1359.391,8296.316,0,0
$CH,8.100,L1CD,8,610,40.5,1.771784387,2094.180,12771.089,0,0
$CH,8.100,L1CD,9,610,39.5,2.228851440,2264.133,13805.572,0,0
$CH,8.100,L1CD,16,610,50.0,8.186659603,-126.868,-761.004,0,0
$CH,8.100,L1CD,21,610,39.8,0.199805762,-1423.070,-8680.498,0,0
$CH,8.100,L1CD,26,610,46.6,2.389924016,-2452.606,-14953.033,0,0
$CH,8.100,L1CD,27,610,43.1,9.550434303,1938.635,11826.476,0,0
$CH,8.100,L1CD,31,610,43.1,8.587888988,-2598.320,-15854.920,0,0
$TIME,2024,5,11,3,26,51.403549
$CH,8.200,L1CD,1,620,43.1,9.236155450,-2100.394,-13024.978,0,0
$CH,8.200,L1CD,2,620,41.5,9.943705612,-1683.259,-10438.934,0,0
$CH,8.200,L1CD,3,620,49.7,8.572606534,862.535,5359.922,0,0
$CH,8.200,L1CD,4,620,45.0,5.779165227,1852.740,11482.968,0,0
$CH,8.200,L1CD,7,620,39.8,2.290926581,1359.128,8432.257,0,0
$CH,8.200,L1CD,8,620,40.5,1.771647276,2095.016,12980.527,0,0
$CH,8.200,L1CD,9,620,39.5,2.228708296,2264.247,14031.940,0,0
$CH,8.200,L1CD,16,620,50.0,8.186663125,-126.965,-773.705,0,0
$CH,8.200,L1CD,21,620,39.8,0.199897817,-1422.623,-8822.753,0,0
$CH,8.200,L1CD,26,620,46.6,2.390077953,-2452.854,-15198.308,0,0
$CH,8.200,L1CD,27,620,43.1,9.550311326,1938.800,12020.362,0,0
$CH,8.200,L1CD,31,620,43.1,8.588059047,-2598.863,-16114.797,0,0
$TIME,2024,5,11,3,26,51.932594
$CH,8.300,L1CD,1,630,43.1,9.236295709,-2100.403,-13235.047,0,0
$CH,8.300,L1CD,2,630,41.5,9.943819648,-1683.629,-10607.268,0,0
$CH,8.300,L1CD,3,630,49.7,8.572546948,862.465,5446.173,0,0
$CH,8.300,L1CD,4,630,45.0,5.779050272,1852.181,11668.207,0,0
$CH,8.300,L1CD,7,630,39.8,2.290846564,1359.625,8568.193,0,0
$CH,8.300,L1CD,8,630,40.5,1.771510487,2094.572,13189.964,0,0
$CH,8.300,L1CD,9,630,39.5,2.228563763,2264.222,14258.318,0,0
$CH,8.300,L1CD,16,630,50.0,8.186666519,-127.064,-786.415,0,0
$CH,8.300,L1CD,21,630,39.8,0.199988124,-1422.299,-8964.993,0,0
$CH,8.300,L1CD,26,630,46.6,2.390235616,-2453.098,-15443.584,0,0
$CH,8.300,L1CD,27,630,43.1,9.550194396,1938.559,12214.246,0,0
$CH,8.300,L1CD,31,630,43.1,8.588218394,-2598.649,-16374.684,0,0
$TIME,2024,5,11,3,26,52.466615
$CH,8.400,L1CD,1,640,43.1,9.236423333,-2101.213,-13445.105,0,0
$CH,8.400,L1CD,2,640,41.5,9.943928432,-1683.543,-10775.602,0,0
$CH,8.400,L1CD,3,640,49.7,8.572492714,862.283,5532.419,0,0
$CH,8.400,L1CD,4,640,45.0,5.778927295,1852.415,11853.443,0,0
$CH,8.400,L1CD,7,640,39.8,2.290756832,1358.917,8704.117,0,0
$CH,8.400,L1CD,8,640,40.5,1.771376301,2094.561,13399.412,0,0
$CH,8.400,L1CD,9,640,39.5,2.228422036,2263.082,14484.721,0,0
$CH,8.400,L1CD,16,640,50.0,8.186681970,-127.173,-799.130,0,0
$CH,8.400,L1CD,21,640,39.8,0.200084364,-1421.920,-9107.253,0,0
$CH,8.400,L1CD,26,640,46.6,2.390389578,-2452.901,-15688.872,0,0
$CH,8.400,L1CD,27,640,43.1,9.550073267,1938.879,12408.135,0,0
$CH,8.400,L1CD,31,640,43.1,8.588382510,-2598.561,-16634.565,0,0
$TIME,2024,5,11,3,26,52.997842
$CH,8.500,L1CD,1,650,43.1,9.236549418,-2100.289,-13655.188,0,0
$CH,8.500,L1CD,2,650,41.5,9.944027932,-1682.906,-10943.939,0,0
$CH,8.500,L1CD,3,650,49.7,8.572438676,862.324,5618.658,0,0
$CH,8.500,L1CD,4,650,45.0,5.778806836,1852.561,12038.682,0,0
$CH,8.500,L1CD,7,650,39.8,2.290673056,1359.113,8840.048,0,0
$CH,8.500,L1CD,8,650,40.5,1.771251544,2094.602,13608.851,0,0
$CH,8.500,L1CD,9,650,39.5,2.228279647,2263.688,14711.097,0,0
$CH,8.500,L1CD,16,650,50.0,8.186701662,-127.217,-811.856,0,0
$CH,8.500,L1CD,21,650,39.8,0.200170859,-1421.973,-9249.493,0,0
$CH,8.500,L1CD,26,650,46.6,2.390543291,-2453.003,-15934.155,0,0
$CH,8.500,L1CD,27,650,43.1,9.549947994,1938.868,12602.028,0,0
$CH,8.500,L1CD,31,650,43.1,8.588542347,-2598.369,-16894.450,0,0
$TIME,2024,5,11,3,26,53.566857
$CH,8.600,L1CD,1,660,43.1,9.236687337,-2100.599,-13865.242,0,0
$CH,8.600,L1CD,2,660,41.5,9.944139663,-1682.661,-11112.275,0,0
$CH,8.600,L1CD,3,660,49.7,8.572379827,862.147,5704.891,0,0
$CH,8.600,L1CD,4,660,45.0,5.778690764,1852.424,12223.914,0,0
$CH,8.600,L1CD,7,660,39.8,2.290583892,1359.069,8975.978,0,0
$CH,8.600,L1CD,8,660,40.5,1.771120074,2094.586,13818.313,0,0
$CH,8.600,L1CD,9,660,39.5,2.228137686,2263.968,14937.486,0,0
$CH,8.600,L1CD,16,660,50.0,8.186698707,-127.446,-824.587,0,0
$CH,8.600,L1CD,21,660,39.8,0.200259377,-1422.613,-9391.733,0,0
$CH,8.600,L1CD,26,660,46.6,2.390696397,-2452.664,-16179.447,0,0
$CH,8.600,L1CD,27,660,43.1,9.549830971,1938.720,12795.902,0,0
$CH,8.600,L1CD,31,660,43.1,8.588709744,-2598.946,-17154.330,0,0
$TIME,2024,5,11,3,26,54.075689
$CH,8.700,L1CD,1,670,43.1,9.236819464,-2100.388,-14075.308,0,0
$CH,8.700,L1CD,2,670,41.5,9.944248011,-1683.555,-11280.612,0,0
$CH,8.700,L1CD,3,670,49.7,8.572326632,862.170,5791.118,0,0
$CH,8.700,L1CD,4,670,45.0,5.778570715,1852.457,12409.152,0,0
$CH,8.700,L1CD,7,670,39.8,2.290493042,1359.187,9111.900,0,0
$CH,8.700,L1CD,8,670,40.5,1.770984353,2094.420,14027.770,0,0
$CH,8.700,L1CD,9,670,39.5,2.227995864,2263.888,15163.866,0,0
$CH,8.700,L1CD,16,670,50.0,8.186702389,-127.152,-837.327,0,0
$CH,8.700,L1CD,21,670,39.8,0.200344045,-1422.759,-9533.974,0,0
$CH,8.700,L1CD,26,670,46.6,2.390859737,-2453.138,-16424.746,0,0
$CH,8.700,L1CD,27,670,43.1,9.549704076,1938.954,12989.798,0,0
$CH,8.700,L1CD,31,670,43.1,8.588879060,-2598.250,-17414.208,0,0
$TIME,2024,5,11,3,26,54.590568
$CH,8.800,L1CD,1,680,43.1,9.236957475,-2100.043,-14285.371,0,0
$CH,8.800,L1CD,2,680,41.5,9.944349862,-1683.848,-11448.932,0,0
$CH,8.800,L1CD,3,680,49.7,8.572273328,862.198,5877.336,0,0
$CH,8.800,L1CD,4,680,45.0,5.778456430,1852.086,12594.411,0,0
$CH,8.800,L1CD,7,680,39.8,2.290408289,1359.121,9247.822,0,0
$CH,8.800,L1CD,8,680,40.5,1.770851541,2094.207,14237.210,0,0
$CH,8.800,L1CD,9,680,39.5,2.227850039,2263.844,15390.264,0,0
$CH,8.800,L1CD,16,680,50.0,8.186707161,-127.472,-850.071,0,0
$CH,8.800,L1CD,21,680,39.8,0.200428800,-1422.198,-9676.218,0,0
$CH,8.800,L1CD,26,680,46.6,2.391015952,-2453.245,-16670.048,0,0
$CH,8.800,L1CD,27,680,43.1,9.549579691,1939.098,13183.687,0,0
$CH,8.800,L1CD,31,680,43.1,8.589042564,-2598.703,-17674.085,0,0
$TIME,2024,5,11,3,26,55.172842
$CH,8.900,L1CD,1,690,43.1,9.237084334,-2101.260,-14495.429,0,0
$CH,8.900,L1CD,2,690,41.5,9.944456593,-1683.380,-11617.267,0,0
$CH,8.900,L1CD,3,690,49.7,8.572215151,862.080,5963.551,0,0
$CH,8.900,L1CD,4,690,45.0,5.778342255,1852.330,12779.639,0,0
$CH,8.900,L1CD,7,690,39.8,2.290325601,1358.892,9383.738,0,0
$CH,8.900,L1CD,8,690,40.5,1.770714379,2094.700,14446.678,0,0
$CH,8.900,L1CD,9,690,39.5,2.227701915,2263.928,15616.640,0,0
$CH,8.900,L1CD,16,690,50.0,8.186721066,-127.746,-862.819,0,0
$CH,8.900,L1CD,21,690,39.8,0.200525408,-1422.348,-9818.448,0,0
$CH,8.900,L1CD,26,690,46.6,2.391173122,-2453.120,-16915.354,0,0
$CH,8.900,L1CD,27,690,43.1,9.549454255,1939.000,13377.570,0,0
$CH,8.900,L1CD,31,690,43.1,8.589210669,-2599.035,-17933.965,0,0
$TIME,2024,5,11,3,26,55.749620
$CH,9.000,L1CD,1,700,42.7,9.237222800,-2100.921,-14705.496,0,0
$CH,9.000,L1CD,2,700,41.0,9.944562233,-1683.047,-11785.599,0,0
$CH,9.000,L1CD,3,700,49.7,8.572164940,861.973,6049.761,0,0
$CH,9.000,L1CD,4,700,45.1,5.778219844,1852.343,12964.888,0,0
$CH,9.000,L1CD,7,700,41.0,2.290238729,1359.021,9519.657,0,0
$CH,9.000,L1CD,8,700,39.9,1.770577233,2094.468,14656.130,0,0
$CH,9.000,L1CD,9,700,38.5,2.227560231,2264.302,15843.036,0,0
$CH,9.000,L1CD,16,700,49.8,8.186741433,-127.625,-875.582,0,0
$CH,9.000,L1CD,21,700,40.5,0.200616781,-1422.173,-9960.685,0,0
$CH,9.000,L1CD,26,700,46.8,2.391327142,-2453.215,-17160.663,0,0
$CH,9.000,L1CD,27,700,42.9,9.549334997,1938.704,13571.465,0,0
$CH,9.000,L1CD,31,700,43.0,8.589371577,-2598.830,-18193.842,0,0
$TIME,2024,5,11,3,26,56.271782
$CH,9.100,L1CD,1,710,42.7,9.237355641,-2100.238,-14915.563,0,0
$CH,9.100,L1CD,2,710,41.0,9.944667253,-1683.052,-11953.930,0,0
$CH,9.100,L1CD,3,710,49.7,8.572112192,861.991,6135.963,0,0
$CH,9.100,L1CD,4,710,45.1,5.778099120,1852.660,13150.122,0,0
$CH,9.100,L1CD,7,710,41.0,2.290152381,1359.312,9655.569,0,0
$CH,9.100,L1CD,8,710,39.9,1.770448456,2093.823,14865.599,0,0
$CH,9.100,L1CD,9,710,38.5,2.227414190,2263.637,16069.432,0,0
$CH,9.100,L1CD,16,710,49.8,8.186738812,-127.800,-888.348,0,0
$CH,9.100,L1CD,21,710,40.5,0.200709814,-1422.376,-10102.913,0,0
$CH,9.100,L1CD,26,710,46.8,2.391481641,-2452.992,-17405.979,0,0
$CH,9.100,L1CD,27,710,42.9,9.549208313,1938.936,13765.354,0,0
$CH,9.100,L1CD,31,710,43.0,8.589538369,-2599.183,-18453.721,0,0
$TIME,2024,5,11,3,26,56.784514
$CH,9.200,L1CD,1,720,42.7,9.237491440,-2100.775,-15125.630,0,0
$CH,9.200,L1CD,2,720,41.0,9.944771960,-1683.090,-12122.255,0,0
$CH,9.200,L1CD,3,720,49.7,8.572057306,861.952,6222.158,0,0
$CH,9.200,L1CD,4,720,45.1,5.777981262,1852.676,13335.371,0,0
$CH,9.200,L1CD,7,720,41.0,2.290060398,1359.344,9791.479,0,0
$CH,9.200,L1CD,8,720,39.9,1.770313225,2094.860,15075.058,0,0
$CH,9.200,L1CD,9,720,38.5,2.227268030,2263.636,16295.827,0,0
$CH,9.200,L1CD,16,720,49.8,8.186742530,-127.710,-901.125,0,0
$CH,9.200,L1CD,21,720,40.5,0.200794145,-1422.142,-10245.149,0,0
$CH,9.200,L1CD,26,720,46.8,2.391632779,-2453.369,-17651.298,0,0
$CH,9.200,L1CD,27,720,42.9,9.549089670,1939.107,13959.234,0,0
$CH,9.200,L1CD,31,720,43.0,8.589700864,-2598.720,-18713.595,0,0
$TIME,2024,5,11,3,26,57.298364
$CH,9.300,L1CD,1,730,42.7,9.237619487,-2100.449,-15335.692,0,0
$CH,9.300,L1CD,2,730,41.0,9.944881749,-1682.646,-12290.579,0,0
$CH,9.300,L1CD,3,730,49.7,8.572002913,861.823,6308.348,0,0
$CH,9.300,L1CD,4,730,45.1,5.777868185,1852.289,13520.617,0,0
$CH,9.300,L1CD,7,730,41.0,2.289981921,1359.159,9927.387,0,0
$CH,9.300,L1CD,8,730,39.9,1.770184044,2094.428,15284.530,0,0
$CH,9.300,L1CD,9,730,38.5,2.227127391,2263.784,16522.224,0,0
$CH,9.300,L1CD,16,730,49.8,8.186752025,-127.609,-913.906,0,0
$CH,9.300,L1CD,21,730,40.5,0.200882169,-1422.610,-10387.380,0,0
$CH,9.300,L1CD,26,730,46.8,2.391790898,-2453.221,-17896.626,0,0
$CH,9.300,L1CD,27,730,42.9,9.548965254,1938.892,14153.132,0,0
$CH,9.300,L1CD,31,730,43.0,8.589856725,-2598.627,-18973.475,0,0
$TIME,2024,5,11,3,26,57.908976
$CH,9.400,L1CD,1,740,42.7,9.237754421,-2100.953,-15545.755,0,0
$CH,9.400,L1CD,2,740,41.0,9.944990723,-1683.162,-12458.908,0,0
$CH,9.400,L1CD,3,740,49.7,8.571946528,861.544,6394.530,0,0
$CH,9.400,L1CD,4,740,45.1,5.777745910,1852.485,13705.860,0,0
$CH,9.400,L1CD,7,740,41.0,2.289897119,1359.114,10063.294,0,0
$CH,9.400,L1CD,8,740,39.9,1.770058903,2094.473,15493.998,0,0
$CH,9.400,L1CD,9,740,38.5,2.226985379,2263.475,16748.625,0,0
$CH,9.400,L1CD,16,740,49.8,8.186766453,-127.952,-926.692,0,0
$CH,9.400,L1CD,21,740,40.5,0.200977281,-1422.072,-10529.610,0,0
$CH,9.400,L1CD,26,740,46.8,2.391943783,-2453.326,-18141.953,0,0
$CH,9.400,L1CD,27,740,42.9,9.548835771,1938.700,14347.021,0,0
$CH,9.400,L1CD,31,740,43.0,8.590026232,-2598.936,-19233.341,0,0
$TIME,2024,5,11,3,26,58.442493
$CH,9.500,L1CD,1,750,42.7,9.237889313,-2100.827,-15755.818,0,0
$CH,9.500,L1CD,2,750,41.0,9.945092590,-1682.873,-12627.223,0,0
$CH,9.500,L1CD,3,750,49.7,8.571892540,861.854,6480.705,0,0
$CH,9.500,L1CD,4,750,45.1,5.777622590,1852.587,13891.107,0,0
$CH,9.500,L1CD,7,750,41.0,2.289816197,1358.981,10199.203,0,0
$CH,9.500,L1CD,8,750,39.9,1.769924655,2094.795,15703.463,0,0
$CH,9.500,L1CD,9,750,38.5,2.226849752,2264.186,16975.025,0,0
$CH,9.500,L1CD,16,750,49.8,8.186777214,-127.908,-939.487,0,0
$CH,9.500,L1CD,21,750,40.5,0.201066842,-1422.292,-10671.835,0,0
$CH,9.500,L1CD,26,750,46.8,2.392098663,-2453.589,-18387.288,0,0
$CH,9.500,L1CD,27,750,42.9,9.548714039,1939.170,14540.913,0,0
$CH,9.500,L1CD,31,750,43.0,8.590192390,-2599.079,-19493.211,0,0
$TIME,2024,5,11,3,26,58.956469
$CH,9.600,L1CD,1,760,42.7,9.238021813,-2100.966,-15965.887,0,0
$CH,9.600,L1CD,2,760,41.0,9.945202705,-1683.528,-12795.547,0,0
$CH,9.600,L1CD,3,760,49.7,8.571838387,861.737,6566.876,0,0
$CH,9.600,L1CD,4,760,45.1,5.777512999,1852.343,14076.354,0,0
$CH,9.600,L1CD,7,760,41.0,2.289725753,1358.667,10335.105,0,0
$CH,9.600,L1CD,8,760,39.9,1.769782919,2095.179,15912.939,0,0
$CH,9.600,L1CD,9,760,38.5,2.226698351,2262.917,17201.427,0,0
$CH,9.600,L1CD,16,760,49.8,8.186781544,-128.110,-952.290,0,0
$CH,9.600,L1CD,21,760,40.5,0.201157173,-1421.819,-10814.059,0,0
$CH,9.600,L1CD,26,760,46.8,2.392261368,-2453.187,-18632.626,0,0
$CH,9.600,L1CD,27,760,42.9,9.548582215,1939.252,14734.807,0,0
$CH,9.600,L1CD,31,760,43.0,8.590352330,-2598.220,-19753.092,0,0
$TIME,2024,5,11,3,26,59.523175
$CH,9.700,L1CD,1,770,42.7,9.238155960,-2100.544,-16175.952,0,0
$CH,9.700,L1CD,2,770,41.0,9.945311191,-1683.620,-12963.869,0,0
$CH,9.700,L1CD,3,770,49.7,8.571780552,861.702,6653.041,0,0
$CH,9.700,L1CD,4,770,45.1,5.777398508,1852.695,14261.601,0,0
$CH,9.700,L1CD,7,770,41.0,2.289631191,1358.851,10471.018,0,0
$CH,9.700,L1CD,8,770,39.9,1.769656882,2094.997,16122.421,0,0
$CH,9.700,L1CD,9,770,38.5,2.226563872,2264.287,17427.827,0,0
$CH,9.700,L1CD,16,770,49.8,8.186782682,-128.174,-965.100,0,0
$CH,9.700,L1CD,21,770,40.5,0.201246735,-1422.128,-10956.282,0,0
$CH,9.700,L1CD,26,770,46.8,2.392412767,-2453.586,-18877.968,0,0
$CH,9.700,L1CD,27,770,42.9,9.548465786,1938.964,14928.693,0,0
$CH,9.700,L1CD,31,770,43.0,8.590525065,-2598.680,-20012.959,0,0
$TIME,2024,5,11,3,27,0.103005
$CH,9.800,L1CD,1,780,42.7,9.238299736,-2100.693,-16386.011,0,0
$CH,9.800,L1CD,2,780,41.0,9.945419781,-1682.703,-13132.191,0,0
$CH,9.800,L1CD,3,780,49.7,8.571726004,861.559,6739.202,0,0
$CH,9.800,L1CD,4,780,45.1,5.777281202,1852.090,14446.850,0,0
$CH,9.800,L1CD,7,780,41.0,2.289546555,1359.714,10606.898,0,0
$CH,9.800,L1CD,8,780,39.9,1.769526153,2094.475,16331.898,0,0
$CH,9.800,L1CD,9,780,38.5,2.226414134,2263.129,17654.228,0,0
$CH,9.800,L1CD,16,780,49.8,8.186789858,-128.195,-977.916,0,0
$CH,9.800,L1CD,21,780,40.5,0.201340067,-1422.360,-11098.497,0,0
$CH,9.800,L1CD,26,780,46.8,2.392573288,-2453.492,-19123.316,0,0
$CH,9.800,L1CD,27,780,42.9,9.548344263,1938.916,15122.590,0,0
$CH,9.800,L1CD,31,780,43.0,8.590684282,-2599.135,-20272.821,0,0
$TIME,2024,5,11,3,27,0.632970
$CH,9.900,L1CD,1,790,42.7,9.238431343,-2101.022,-16596.070,0,0
$CH,9.900,L1CD,2,790,41.0,9.945518675,-1683.343,-13300.507,0,0
$CH,9.900,L1CD,3,790,49.7,8.571671239,861.474,6825.351,0,0
$CH,9.900,L1CD,4,790,45.1,5.777163531,1852.107,14632.107,0,0
$CH,9.900,L1CD,7,790,41.0,2.289460359,1358.241,10742.805,0,0
$CH,9.900,L1CD,8,790,39.9,1.769385885,2094.488,16541.379,0,0
$CH,9.900,L1CD,9,790,38.5,2.226262999,2264.200,17880.634,0,0
$CH,9.900,L1CD,16,790,49.8,8.186803533,-128.261,-990.739,0,0
$CH,9.900,L1CD,21,790,40.5,0.201432311,-1421.645,-11240.727,0,0
$CH,9.900,L1CD,26,790,46.8,2.392727360,-2453.758,-19368.669,0,0
$CH,9.900,L1CD,27,790,42.9,9.548219550,1938.590,15316.488,0,0
$CH,9.900,L1CD,31,790,43.0,8.590852780,-2598.361,-20532.692,0,0
$TIME,2024,5,11,3,27,1.161652
$CH,10.000,L1CD,1,800,42.4,9.238557374,-2100.118,-16806.132,0,0
$CH,10.000,L1CD,2,800,41.2,9.945627221,-1683.433,-13468.826,0,0
$CH,10.000,L1CD,3,800,49.4,8.571616988,861.314,6911.500,0,0
$CH,10.000,L1CD,4,800,45.1,5.777048312,1852.372,14817.347,0,0
$CH,10.000,L1CD,7,800,40.8,2.289374453,1359.226,10878.688,0,0
$CH,10.000,L1CD,8,800,39.8,1.769255731,2095.236,16750.863,0,0
$CH,10.000,L1CD,9,800,39.0,2.226116910,2263.962,18107.049,0,0
$CH,10.000,L1CD,16,800,50.0,8.186821437,-128.391,-1003.570,0,0
$CH,10.000,L1CD,21,800,39.5,0.201520560,-1422.337,-11382.940,0,0
$CH,10.000,L1CD,26,800,46.8,2.392881140,-2453.338,-19614.025,0,0
$CH,10.000,L1CD,27,800,42.5,9.548100507,1939.166,15510.372,0,0
$CH,10.000,L1CD,31,800,42.4,8.591015168,-2598.946,-20792.554,0,0
$TIME,2024,5,11,3,27,1.673801
$CH,10.100,L1CD,1,810,42.4,9.238688996,-2100.557,-17016.193,0,0
$CH,10.100,L1CD,2,810,41.2,9.945740426,-1683.115,-13637.142,0,0
$CH,10.100,L1CD,3,810,49.4,8.571564465,861.508,6997.636,0,0
$CH,10.100,L1CD,4,810,45.1,5.776930200,1852.614,15002.596,0,0
$CH,10.100,L1CD,7,810,40.8,2.289290691,1359.068,11014.585,0,0
$CH,10.100,L1CD,8,810,39.8,1.769126397,2094.369,16960.345,0,0
$CH,10.100,L1CD,9,810,39.0,2.225970963,2263.773,18333.466,0,0
$CH,10.100,L1CD,16,810,50.0,8.186822428,-128.424,-1016.408,0,0
$CH,10.100,L1CD,21,810,39.5,0.201616011,-1422.669,-11525.171,0,0
$CH,10.100,L1CD,26,810,46.8,2.393033908,-2453.604,-19859.392,0,0
$CH,10.100,L1CD,27,810,42.5,9.547974814,1938.858,15704.271,0,0
$CH,10.100,L1CD,31,810,42.4,8.591177910,-2598.750,-21052.421,0,0
$TIME,2024,5,11,3,27,2.225723
$CH,10.200,L1CD,1,820,42.4,9.238819340,-2100.883,-17226.260,0,0
$CH,10.200,L1CD,2,820,41.2,9.945839224,-1683.013,-13805.452,0,0
$CH,10.200,L1CD,3,820,49.4,8.571510967,861.309,7083.769,0,0
$CH,10.200,L1CD,4,820,45.1,5.776813764,1852.416,15187.848,0,0
$CH,10.200,L1CD,7,820,40.8,2.289200766,1358.788,11150.477,0,0
$CH,10.200,L1CD,8,820,39.8,1.768988827,2094.787,17169.840,0,0
$CH,10.200,L1CD,9,820,39.0,2.225833960,2263.743,18559.861,0,0
$CH,10.200,L1CD,16,820,50.0,8.186821755,-128.568,-1029.253,0,0
$CH,10.200,L1CD,21,820,39.5,0.201706656,-1422.032,-11667.372,0,0
$CH,10.200,L1CD,26,820,46.8,2.393191774,-2453.661,-20104.753,0,0
$CH,10.200,L1CD,27,820,42.5,9.547854453,1938.992,15898.168,0,0
$CH,10.200,L1CD,31,820,42.4,8.591348500,-2598.814,-21312.288,0,0
$TIME,2024,5,11,3,27,2.805315
$CH,10.300,L1CD,1,830,42.4,9.238954437,-2100.916,-17436.328,0,0
$CH,10.300,L1CD,2,830,41.2,9.945950554,-1682.877,-13973.766,0,0
$CH,10.300,L1CD,3,830,49.4,8.571456231,861.312,7169.898,0,0
$CH,10.300,L1CD,4,830,45.1,5.776689643,1852.698,15373.096,0,0
$CH,10.300,L1CD,7,830,40.8,2.289110324,1359.242,11286.355,0,0
$CH,10.300,L1CD,8,830,39.8,1.768852311,2095.322,17379.341,0,0
$CH,10.300,L1CD,9,830,39.0,2.225701186,2263.791,18786.279,0,0
$CH,10.300,L1CD,16,830,50.0,8.186829500,-128.636,-1042.107,0,0
$CH,10.300,L1CD,21,830,39.5,0.201794444,-1422.370,-11809.582,0,0
$CH,10.300,L1CD,26,830,46.8,2.393347842,-2453.816,-20350.130,0,0
$CH,10.300,L1CD,27,830,42.5,9.547731884,1938.624,16092.065,0,0
$CH,10.300,L1CD,31,830,42.4,8.591518746,-2598.774,-21572.151,0,0
$TIME,2024,5,11,3,27,3.333302
$CH,10.400,L1CD,1,840,42.4,9.239091254,-2100.284,-17646.389,0,0
$CH,10.400,L1CD,2,840,41.2,9.946061163,-1683.186,-14142.078,0,0
$CH,10.400,L1CD,3,840,49.4,8.571400353,861.179,7256.017,0,0
$CH,10.400,L1CD,4,840,45.1,5.776573684,1852.164,15558.353,0,0
$CH,10.400,L1CD,7,840,40.8,2.289029002,1358.699,11422.246,0,0
$CH,10.400,L1CD,8,840,39.8,1.768727012,2094.983,17588.837,0,0
$CH,10.400,L1CD,9,840,39.0,2.225561442,2265.291,19012.693,0,0
$CH,10.400,L1CD,16,840,50.0,8.186846995,-128.617,-1054.966,0,0
$CH,10.400,L1CD,21,840,39.5,0.201877454,-1421.815,-11951.807,0,0
$CH,10.400,L1CD,26,840,46.8,2.393499912,-2454.012,-20595.496,0,0
$CH,10.400,L1CD,27,840,42.5,9.547607931,1938.858,16285.952,0,0
$CH,10.400,L1CD,31,840,42.4,8.591680031,-2598.575,-21832.011,0,0
$TIME,2024,5,11,3,27,3.843705
$CH,10.500,L1CD,1,850,42.4,9.239221006,-2100.485,-17856.445,0,0
$CH,10.500,L1CD,2,850,41.2,9.946166282,-1682.751,-14310.389,0,0
$CH,10.500,L1CD,3,850,49.4,8.571338850,861.036,7342.134,0,0
$CH,10.500,L1CD,4,850,45.1,5.776455731,1852.436,15743.614,0,0
$CH,10.500,L1CD,7,850,40.8,2.288942524,1358.973,11558.125,0,0
$CH,10.500,L1CD,8,850,39.8,1.768595312,2095.080,17798.331,0,0
$CH,10.500,L1CD,9,850,39.0,2.225409339,2263.568,19239.115,0,0
$CH,10.500,L1CD,16,850,50.0,8.186860892,-128.528,-1067.833,0,0
$CH,10.500,L1CD,21,850,39.5,0.201969729,-1421.803,-12094.013,0,0
$CH,10.500,L1CD,26,850,46.8,2.393653185,-2453.794,-20840.885,0,0
$CH,10.500,L1CD,27,850,42.5,9.547474209,1938.499,16479.854,0,0
$CH,10.500,L1CD,31,850,42.4,8.591842840,-2598.748,-22091.871,0,0
$TIME,2024,5,11,3,27,4.434289
$CH,10.600,L1CD,1,860,42.4,9.239352612,-2101.184,-18066.501,0,0
$CH,10.600,L1CD,2,860,41.2,9.946271691,-1682.500,-14478.703,0,0
$CH,10.600,L1CD,3,860,49.4,8.571288178,861.149,7428.241,0,0
$CH,10.600,L1CD,4,860,45.1,5.776338880,1852.463,15928.862,0,0
$CH,10.600,L1CD,7,860,40.8,2.288851356,1358.777,11694.005,0,0
$CH,10.600,L1CD,8,860,39.8,1.768450294,2094.807,18007.833,0,0
$CH,10.600,L1CD,9,860,39.0,2.225257553,2263.982,19465.515,0,0
$CH,10.600,L1CD,16,860,50.0,8.186861718,-128.662,-1080.705,0,0
$CH,10.600,L1CD,21,860,39.5,0.202059784,-1421.982,-12236.211,0,0
$CH,10.600,L1CD,26,860,46.8,2.393814698,-2453.854,-21086.264,0,0
$CH,10.600,L1CD,27,860,42.5,9.547362018,1939.005,16673.742,0,0
$CH,10.600,L1CD,31,860,42.4,8.592010136,-2598.580,-22351.734,0,0
$TIME,2024,5,11,3,27,4.992042
$CH,10.700,L1CD,1,870,42.4,9.239485405,-2100.522,-18276.567,0,0
$CH,10.700,L1CD,2,870,41.2,9.946372346,-1683.012,-14647.009,0,0
$CH,10.700,L1CD,3,870,49.4,8.571236614,861.019,7514.342,0,0
$CH,10.700,L1CD,4,870,45.1,5.776213101,1852.467,16114.118,0,0
$CH,10.700,L1CD,7,870,40.8,2.288771264,1358.685,11829.879,0,0
$CH,10.700,L1CD,8,870,39.8,1.768326221,2094.993,18217.331,0,0
$CH,10.700,L1CD,9,870,39.0,2.225110287,2263.785,19691.950,0,0
$CH,10.700,L1CD,16,870,50.0,8.186864272,-128.879,-1093.587,0,0
$CH,10.700,L1CD,21,870,39.5,0.202149347,-1422.554,-12378.410,0,0
$CH,10.700,L1CD,26,870,46.8,2.393971317,-2453.982,-21331.658,0,0
$CH,10.700,L1CD,27,870,42.5,9.547243238,1939.529,16867.640,0,0
$CH,10.700,L1CD,31,870,42.4,8.592179764,-2598.625,-22611.591,0,0
$TIME,2024,5,11,3,27,5.525877
$CH,10.800,L1CD,1,880,42.4,9.239628375,-2099.938,-18486.638,0,0
$CH,10.800,L1CD,2,880,41.2,9.946486054,-1682.742,-14815.314,0,0
$CH,10.800,L1CD,3,880,49.4,8.571182764,860.830,7600.438,0,0
$CH,10.800,L1CD,4,880,45.1,5.776102317,1852.739,16299.377,0,0
$CH,10.800,L1CD,7,880,40.8,2.288678769,1358.442,11965.757,0,0
$CH,10.800,L1CD,8,880,39.8,1.768196815,2095.332,18426.841,0,0
$CH,10.800,L1CD,9,880,39.0,2.224973514,2264.497,19918.365,0,0
$CH,10.800,L1CD,16,880,50.0,8.186877312,-129.093,-1106.475,0,0
$CH,10.800,L1CD,21,880,39.5,0.202240993,-1421.909,-12520.621,0,0
$CH,10.800,L1CD,26,880,46.8,2.394127787,-2454.300,-21577.051,0,0
$CH,10.800,L1CD,27,880,42.5,9.547116421,1938.913,17061.546,0,0
$CH,10.800,L1CD,31,880,42.4,8.592347958,-2599.059,-22871.449,0,0
$TIME,2024,5,11,3,27,6.046860
$CH,10.900,L1CD,1,890,42.4,9.239762147,-2100.110,-18696.693,0,0
$CH,10.900,L1CD,2,890,41.2,9.946593740,-1682.626,-14983.623,0,0
$CH,10.900,L1CD,3,890,49.4,8.571129444,860.952,7686.522,0,0
$CH,10.900,L1CD,4,890,45.1,5.775986071,1852.807,16484.633,0,0
$CH,10.900,L1CD,7,890,40.8,2.288597283,1358.613,12101.620,0,0
$CH,10.900,L1CD,8,890,39.8,1.768060548,2095.564,18636.351,0,0
$CH,10.900,L1CD,9,890,39.0,2.224828438,2264.479,20144.782,0,0
$CH,10.900,L1CD,16,890,50.0,8.186892297,-128.778,-1119.371,0,0
$CH,10.900,L1CD,21,890,39.5,0.202335158,-1422.036,-12662.827,0,0
$CH,10.900,L1CD,26,890,46.8,2.394282339,-2453.961,-21822.451,0,0
$CH,10.900,L1CD,27,890,42.5,9.546988247,1939.069,17255.443,0,0
$CH,10.900,L1CD,31,890,42.4,8.592503816,-2597.765,-23131.313,0,0
$TIME,2024,5,11,3,27,6.642079
$CH,11.000,L1CD,1,900,41.7,9.239900202,-2100.955,-18906.741,0,0
$CH,11.000,L1CD,2,900,40.7,9.946708357,-1682.787,-15151.928,0,0
$CH,11.000,L1CD,3,900,49.5,8.571073884,861.364,7772.609,0,0
$CH,11.000,L1CD,4,900,45.6,5.775867660,1852.589,16669.894,0,0
$CH,11.000,L1CD,7,900,40.5,2.288506692,1358.332,12237.505,0,0
$CH,11.000,L1CD,8,900,40.4,1.767928462,2094.636,18845.847,0,0
$CH,11.000,L1CD,9,900,39.2,2.224684224,2264.932,20371.210,0,0
$CH,11.000,L1CD,16,900,49.8,8.186897431,-128.895,-1132.271,0,0
$CH,11.000,L1CD,21,900,40.3,0.202418208,-1421.549,-12805.031,0,0
$CH,11.000,L1CD,26,900,47.1,2.394438009,-2454.049,-22067.855,0,0
$CH,11.000,L1CD,27,900,42.1,9.546873947,1939.359,17449.332,0,0
$CH,11.000,L1CD,31,900,43.0,8.592673032,-2598.212,-23391.162,0,0
$TIME,2024,5,11,3,27,7.222971
$CH,11.100,L1CD,1,910,41.7,9.240029333,-2100.607,-19116.809,0,0
$CH,11.100,L1CD,2,910,40.7,9.946807056,-1683.336,-15320.233,0,0
$CH,11.100,L1CD,3,910,49.5,8.571015673,860.724,7858.691,0,0
$CH,11.100,L1CD,4,910,45.6,5.775753642,1852.697,16855.149,0,0
$CH,11.100,L1CD,7,910,40.5,2.288424491,1358.410,12373.365,0,0
$CH,11.100,L1CD,8,910,40.4,1.767796392,2096.049,19055.367,0,0
$CH,11.100,L1CD,9,910,39.2,2.224538110,2264.067,20597.638,0,0
$CH,11.100,L1CD,16,910,49.8,8.186902470,-128.769,-1145.183,0,0
$CH,11.100,L1CD,21,910,40.3,0.202510889,-1421.980,-12947.234,0,0
$CH,11.100,L1CD,26,910,47.1,2.394594949,-2453.959,-22313.263,0,0
$CH,11.100,L1CD,27,910,42.1,9.546743426,1938.380,17643.236,0,0
$CH,11.100,L1CD,31,910,43.0,8.592834199,-2598.806,-23651.018,0,0
$TIME,2024,5,11,3,27,7.735784
$CH,11.200,L1CD,1,920,41.7,9.240152801,-2100.639,-19326.875,0,0
$CH,11.200,L1CD,2,920,40.7,9.946907463,-1682.871,-15488.531,0,0
$CH,11.200,L1CD,3,920,49.5,8.570962323,860.340,7944.761,0,0
$CH,11.200,L1CD,4,920,45.6,5.775636423,1852.690,17040.411,0,0
$CH,11.200,L1CD,7,920,40.5,2.288342153,1358.480,12509.224,0,0
$CH,11.200,L1CD,8,920,40.4,1.767659961,2095.012,19264.897,0,0
$CH,11.200,L1CD,9,920,39.2,2.224393433,2263.953,20824.059,0,0
$CH,11.200,L1CD,16,920,49.8,8.186901806,-129.443,-1158.097,0,0
$CH,11.200,L1CD,21,920,40.3,0.202599811,-1421.152,-13089.437,0,0
$CH,11.200,L1CD,26,920,47.1,2.394747830,-2454.111,-22558.676,0,0
$CH,11.200,L1CD,27,920,42.1,9.546618649,1939.700,17837.129,0,0
$CH,11.200,L1CD,31,920,43.0,8.593000739,-2598.886,-23910.873,0,0
$TIME,2024,5,11,3,27,8.257257
$CH,11.300,L1CD,1,930,41.7,9.240290290,-2100.772,-19536.924,0,0
$CH,11.300,L1CD,2,930,40.7,9.947018097,-1683.282,-15656.832,0,0
$CH,11.300,L1CD,3,930,49.5,8.570904011,860.257,8030.823,0,0
$CH,11.300,L1CD,4,930,45.6,5.775515487,1852.509,17225.673,0,0
$CH,11.300,L1CD,7,930,40.5,2.288254029,1358.679,12645.094,0,0
$CH,11.300,L1CD,8,930,40.4,1.767531422,2095.888,19474.399,0,0
$CH,11.300,L1CD,9,930,39.2,2.224250905,2264.237,21050.493,0,0
$CH,11.300,L1CD,16,930,49.8,8.186912405,-129.004,-1171.024,0,0
$CH,11.300,L1CD,21,930,40.3,0.202697448,-1422.057,-13231.625,0,0
$CH,11.300,L1CD,26,930,47.1,2.394901258,-2454.192,-22804.089,0,0
$CH,11.300,L1CD,27,930,42.1,9.546497844,1938.889,18031.030,0,0
$CH,11.300,L1CD,31,930,43.0,8.593169831,-2598.431,-24170.721,0,0
$TIME,2024,5,11,3,27,8.822259
$CH,11.400,L1CD,1,940,41.7,9.240422569,-2100.376,-19746.990,0,0
$CH,11.400,L1CD,2,940,40.7,9.947123711,-1683.149,-15825.132,0,0
$CH,11.400,L1CD,3,940,49.5,8.570854051,860.533,8116.883,0,0
$CH,11.400,L1CD,4,940,45.6,5.775393563,1852.328,17410.933,0,0
$CH,11.400,L1CD,7,940,40.5,2.288172532,1358.330,12780.952,0,0
$CH,11.400,L1CD,8,940,40.4,1.767388437,2094.768,19683.942,0,0
$CH,11.400,L1CD,9,940,39.2,2.224105470,2264.532,21276.923,0,0
$CH,11.400,L1CD,16,940,49.8,8.186930068,-129.085,-1183.955,0,0
$CH,11.400,L1CD,21,940,40.3,0.202781758,-1422.462,-13373.817,0,0
$CH,11.400,L1CD,26,940,47.1,2.395060288,-2454.316,-23049.514,0,0
$CH,11.400,L1CD,27,940,42.1,9.546374013,1939.266,18224.931,0,0
$CH,11.400,L1CD,31,940,43.0,8.593332962,-2598.661,-24430.573,0,0
$TIME,2024,5,11,3,27,9.366714
$CH,11.500,L1CD,1,950,41.7,9.240556337,-2100.533,-19957.051,0,0
$CH,11.500,L1CD,2,950,40.7,9.947231292,-1683.265,-15993.435,0,0
$CH,11.500,L1CD,3,950,49.5,8.570798374,860.486,8202.935,0,0
$CH,11.500,L1CD,4,950,45.6,5.775278235,1852.235,17596.200,0,0
$CH,11.500,L1CD,7,950,40.5,2.288083426,1358.255,12916.811,0,0
$CH,11.500,L1CD,8,950,40.4,1.767257270,2095.085,19893.455,0,0
$CH,11.500,L1CD,9,950,39.2,2.223954859,2264.429,21503.358,0,0
$CH,11.500,L1CD,16,950,49.8,8.186937757,-129.391,-1196.892,0,0
$CH,11.500,L1CD,21,950,40.3,0.202868034,-1422.172,-13515.998,0,0
$CH,11.500,L1CD,26,950,47.1,2.395219544,-2454.092,-23294.941,0,0
$CH,11.500,L1CD,27,950,42.1,9.546252426,1938.546,18418.833,0,0
$CH,11.500,L1CD,31,950,43.0,8.593498269,-2598.942,-24690.427,0,0
$TIME,2024,5,11,3,27,9.880729
$CH,11.600,L1CD,1,960,41.7,9.240685769,-2100.857,-20167.107,0,0
$CH,11.600,L1CD,2,960,40.7,9.947345584,-1682.542,-16161.740,0,0
$CH,11.600,L1CD,3,960,49.5,8.570739759,860.473,8288.981,0,0
$CH,11.600,L1CD,4,960,45.6,5.775160506,1852.682,17781.455,0,0
$CH,11.600,L1CD,7,960,40.5,2.287994945,1358.432,13052.672,0,0
$CH,11.600,L1CD,8,960,40.4,1.767120752,2096.331,20102.974,0,0
$CH,11.600,L1CD,9,960,39.2,2.223816834,2264.141,21729.785,0,0
$CH,11.600,L1CD,16,960,49.8,8.186941311,-129.344,-1209.835,0,0
$CH,11.600,L1CD,21,960,40.3,0.202956432,-1421.967,-13658.192,0,0
$CH,11.600,L1CD,26,960,47.1,2.395373712,-2454.026,-23540.375,0,0
$CH,11.600,L1CD,27,960,42.1,9.546129030,1938.775,18612.732,0,0
$CH,11.600,L1CD,31,960,43.0,8.593658818,-2598.538,-24950.275,0,0
$TIME,2024,5,11,3,27,10.397463
$CH,11.700,L1CD,1,970,41.7,9.240822711,-2101.103,-20377.166,0,0
$CH,11.700,L1CD,2,970,40.7,9.947448501,-1682.383,-16330.029,0,0
$CH,11.700,L1CD,3,970,49.5,8.570689596,860.179,8375.023,0,0
$CH,11.700,L1CD,4,970,45.6,5.775047541,1852.878,17966.720,0,0
$CH,11.700,L1CD,7,970,40.5,2.287904726,1358.605,13188.521,0,0
$CH,11.700,L1CD,8,970,40.4,1.766996415,2095.405,20312.509,0,0
$CH,11.700,L1CD,9,970,39.2,2.223671955,2263.824,21956.232,0,0
$CH,11.700,L1CD,16,970,49.8,8.186944632,-129.470,-1222.788,0,0
$CH,11.700,L1CD,21,970,40.3,0.203054479,-1421.173,-13800.380,0,0
$CH,11.700,L1CD,26,970,47.1,2.395527869,-2454.080,-23785.809,0,0
$CH,11.700,L1CD,27,970,42.1,9.546001957,1938.967,18806.632,0,0
$CH,11.700,L1CD,31,970,43.0,8.593823328,-2598.553,-25210.129,0,0
$TIME,2024,5,11,3,27,10.984394
$CH,11.800,L1CD,1,980,41.7,9.240953348,-2100.499,-20587.222,0,0
$CH,11.800,L1CD,2,980,40.7,9.947555251,-1682.836,-16498.314,0,0
$CH,11.800,L1CD,3,980,49.5,8.570637245,859.853,8461.057,0,0
$CH,11.800,L1CD,4,980,45.6,5.774930106,1852.485,18151.985,0,0
$CH,11.800,L1CD,7,980,40.5,2.287822016,1358.802,13324.363,0,0
$CH,11.800,L1CD,8,980,40.4,1.766860639,2095.412,20522.034,0,0
$CH,11.800,L1CD,9,980,39.2,2.223538757,2264.475,22182.660,0,0
$CH,11.800,L1CD,16,980,49.8,8.186952822,-129.535,-1235.749,0,0
$CH,11.800,L1CD,21,980,40.3,0.203145437,-1421.750,-13942.566,0,0
$CH,11.800,L1CD,26,980,47.1,2.395681199,-2454.396,-24031.248,0,0
$CH,11.800,L1CD,27,980,42.1,9.545886883,1938.866,19000.531,0,0
$CH,11.800,L1CD,31,980,43.0,8.593986200,-2598.226,-25469.972,0,0
$TIME,2024,5,11,3,27,11.529861
$CH,11.900,L1CD,1,990,41.7,9.241090501,-2100.920,-20797.282,0,0
$CH,11.900,L1CD,2,990,40.7,9.947668799,-1683.396,-16666.611,0,0
$CH,11.900,L1CD,3,990,49.5,8.570580552,860.114,8547.080,0,0
$CH,11.900,L1CD,4,990,45.6,5.774807444,1852.645,18337.251,0,0
$CH,11.900,L1CD,7,990,40.5,2.287737379,1359.019,13460.210,0,0
$CH,11.900,L1CD,8,990,40.4,1.766736116,2095.132,20731.574,0,0
$CH,11.900,L1CD,9,990,39.2,2.223387341,2264.313,22409.103,0,0
$CH,11.900,L1CD,16,990,49.8,8.186972094,-129.568,-1248.715,0,0
$CH,11.900,L1CD,21,990,40.3,0.203228693,-1421.942,-14084.749,0,0
$CH,11.900,L1CD,26,990,47.1,2.395839134,-2454.670,-24276.693,0,0
$CH,11.900,L1CD,27,990,42.1,9.545761472,1939.290,19194.432,0,0
$CH,11.900,L1CD,31,990,43.0,8.594146797,-2598.582,-25729.815,0,0
$LOG,12.000,L1CD,5,SIGNAL NOT FOUND (33.1)
$TIME,2024,5,11,3,27,17.841725
$CH,12.000,L1CD,1,1000,42.3,9.241219767,-2100.648,-21007.337,0,0
$CH,12.000,L1CD,2,1000,41.1,9.947770191,-1683.639,-16834.899,0,0
$CH,12.000,L1CD,3,1000,49.3,8.570525461,860.269,8633.101,0,0
$CH,12.000,L1CD,4,1000,44.8,5.774692299,1852.650,18522.515,0,0
$CH,12.000,L1CD,7,1000,41.0,2.287652647,1358.562,13596.064,0,0
$CH,12.000,L1CD,8,1000,40.7,1.766605993,2095.017,20941.121,0,0
$CH,12.000,L1CD,9,1000,38.6,2.223248438,2263.981,22635.542,0,0
$CH,12.000,L1CD,16,1000,50.7,8.186981185,-129.679,-1261.688,0,0
$CH,12.000,L1CD,21,1000,41.4,0.203332480,-1421.616,-14226.926,0,0
$CH,12.000,L1CD,26,1000,46.1,2.395992819,-2454.489,-24522.146,0,0
$CH,12.000,L1CD,27,1000,41.8,9.545638847,1939.151,19388.331,0,0
$CH,12.000,L1CD,31,1000,42.5,8.594322909,-2598.648,-25989.671,0,0
$TIME,2024,5,11,3,27,18.359399
$CH,12.100,L1CD,1,1010,42.3,9.241355932,-2100.753,-21217.394,0,0
$CH,12.100,L1CD,2,1010,41.1,9.947874798,-1682.444,-17003.203,0,0
$CH,12.100,L1CD,3,1010,49.3,8.570467480,860.196,8719.111,0,0
$CH,12.100,L1CD,4,1010,44.8,5.774571868,1853.019,18707.779,0,0
$CH,12.100,L1CD,7,1010,41.0,2.287567045,1358.597,13731.899,0,0
$CH,12.100,L1CD,8,1010,40.7,1.766465889,2096.268,21150.653,0,0
$CH,12.100,L1CD,9,1010,38.6,2.223105345,2264.598,22861.978,0,0
$CH,12.100,L1CD,16,1010,50.7,8.186978755,-129.802,-1274.668,0,0
$CH,12.100,L1CD,21,1010,41.4,0.203418493,-1422.433,-14369.120,0,0
$CH,12.100,L1CD,26,1010,46.1,2.396148237,-2454.323,-24767.598,0,0
$CH,12.100,L1CD,27,1010,41.8,9.545508910,1939.250,19582.237,0,0
$CH,12.100,L1CD,31,1010,42.5,8.594493024,-2598.136,-26249.510,0,0
$TIME,2024,5,11,3,27,18.878905
$CH,12.200,L1CD,1,1020,42.3,9.241483228,-2100.648,-21427.456,0,0
$CH,12.200,L1CD,2,1020,41.1,9.947987846,-1683.200,-17171.493,0,0
$CH,12.200,L1CD,3,1020,49.3,8.570415217,860.212,8805.125,0,0
$CH,12.200,L1CD,4,1020,44.8,5.774460496,1852.983,18893.047,0,0
$CH,12.200,L1CD,7,1020,41.0,2.287478378,1358.615,13867.756,0,0
$CH,12.200,L1CD,8,1020,40.7,1.766327456,2095.335,21360.199,0,0
$CH,12.200,L1CD,9,1020,38.6,2.222957121,2264.538,23088.424,0,0
$CH,12.200,L1CD,16,1020,50.7,8.186987436,-130.364,-1287.653,0,0
$CH,12.200,L1CD,21,1020,41.4,0.203499685,-1421.881,-14511.295,0,0
$CH,12.200,L1CD,26,1020,46.1,2.396302561,-2454.692,-25013.061,0,0
$CH,12.200,L1CD,27,1020,41.8,9.545387066,1938.623,19776.140,0,0
$CH,12.200,L1CD,31,1020,42.5,8.594657019,-2598.455,-26509.352,0,0
$TIME,2024,5,11,3,27,19.415226
$CH,12.300,L1CD,1,1030,42.3,9.241620882,-2100.347,-21637.516,0,0
$CH,12.300,L1CD,2,1030,41.1,9.948096150,-1682.880,-17339.780,0,0
$CH,12.300,L1CD,3,1030,49.3,8.570362053,859.617,8891.128,0,0
$CH,12.300,L1CD,4,1030,44.8,5.774339229,1852.563,19078.316,0,0
$CH,12.300,L1CD,7,1030,41.0,2.287390497,1358.042,14003.594,0,0
$CH,12.300,L1CD,8,1030,40.7,1.766205062,2095.053,21569.743,0,0
$CH,12.300,L1CD,9,1030,38.6,2.222816202,2263.837,23314.873,0,0
$CH,12.300,L1CD,16,1030,50.7,8.187005641,-130.152,-1300.651,0,0
$CH,12.300,L1CD,21,1030,41.4,0.203594293,-1422.288,-14653.470,0,0
$CH,12.300,L1CD,26,1030,46.1,2.396460067,-2454.550,-25258.521,0,0
$CH,12.300,L1CD,27,1030,41.8,9.545259774,1939.194,19970.044,0,0
$CH,12.300,L1CD,31,1030,42.5,8.594819652,-2598.537,-26769.189,0,0
$TIME,2024,5,11,3,27,20.016607
$CH,12.400,L1CD,1,1040,42.3,9.241753820,-2100.099,-21847.573,0,0
$CH,12.400,L1CD,2,1040,41.1,9.948186351,-1683.198,-17508.069,0,0
$CH,12.400,L1CD,3,1040,49.3,8.570301773,859.844,8977.125,0,0
$CH,12.400,L1CD,4,1040,44.8,5.774218565,1852.675,19263.587,0,0
$CH,12.400,L1CD,7,1040,41.0,2.287304282,1358.836,14139.423,0,0
$CH,12.400,L1CD,8,1040,40.7,1.766073136,2095.432,21779.281,0,0
$CH,12.400,L1CD,9,1040,38.6,2.222667327,2264.324,23541.310,0,0
$CH,12.400,L1CD,16,1040,50.7,8.187018354,-130.131,-1313.653,0,0
$CH,12.400,L1CD,21,1040,41.4,0.203683353,-1421.275,-14795.643,0,0
$CH,12.400,L1CD,26,1040,46.1,2.396616466,-2454.767,-25503.990,0,0
$CH,12.400,L1CD,27,1040,41.8,9.545135596,1938.354,20163.953,0,0
$CH,12.400,L1CD,31,1040,42.5,8.594982530,-2598.434,-27029.033,0,0
$TIME,2024,5,11,3,27,20.540537
$CH,12.500,L1CD,1,1050,42.3,9.241886949,-2100.128,-22057.630,0,0
$CH,12.500,L1CD,2,1050,41.1,9.948297454,-1683.019,-17676.354,0,0
$CH,12.500,L1CD,3,1050,49.3,8.570251948,859.713,9063.114,0,0
$CH,12.500,L1CD,4,1050,44.8,5.774099256,1852.621,19448.853,0,0
$CH,12.500,L1CD,7,1050,41.0,2.287221835,1356.820,14275.264,0,0
$CH,12.500,L1CD,8,1050,40.7,1.765937667,2095.357,21988.840,0,0
$CH,12.500,L1CD,9,1050,38.6,2.222525362,2264.689,23767.765,0,0
$CH,12.500,L1CD,16,1050,50.7,8.187021312,-130.096,-1326.662,0,0
$CH,12.500,L1CD,21,1050,41.4,0.203775979,-1421.845,-14937.814,0,0
$CH,12.500,L1CD,26,1050,46.1,2.396780065,-2454.444,-25749.465,0,0
$CH,12.500,L1CD,27,1050,41.8,9.545017994,1939.387,20357.848,0,0
$CH,12.500,L1CD,31,1050,42.5,8.595149443,-2598.546,-27288.876,0,0
$TIME,2024,5,11,3,27,21.060817
$CH,12.600,L1CD,1,1060,42.3,9.242025741,-2100.160,-22267.684,0,0
$CH,12.600,L1CD,2,1060,41.1,9.948405094,-1683.014,-17844.640,0,0
$CH,12.600,L1CD,3,1060,49.3,8.570198410,860.001,9149.096,0,0
$CH,12.600,L1CD,4,1060,44.8,5.773984771,1852.791,19634.130,0,0
$CH,12.600,L1CD,7,1060,41.0,2.287139367,1358.565,14411.086,0,0
$CH,12.600,L1CD,8,1060,40.7,1.765804402,2095.342,22198.399,0,0
$CH,12.600,L1CD,9,1060,38.6,2.222388652,2264.561,23994.209,0,0
$CH,12.600,L1CD,16,1060,50.7,8.187024207,-130.169,-1339.676,0,0
$CH,12.600,L1CD,21,1060,41.4,0.203861519,-1421.658,-15079.988,0,0
$CH,12.600,L1CD,26,1060,46.1,2.396932165,-2454.833,-25994.942,0,0
$CH,12.600,L1CD,27,1060,41.8,9.544892236,1939.723,20551.751,0,0
$CH,12.600,L1CD,31,1060,42.5,8.595315205,-2597.939,-27548.719,0,0
$TIME,2024,5,11,3,27,21.588411
$CH,12.700,L1CD,1,1070,42.3,9.242159037,-2100.486,-22477.738,0,0
$CH,12.700,L1CD,2,1070,41.1,9.948514634,-1683.022,-18012.919,0,0
$CH,12.700,L1CD,3,1070,49.3,8.570141643,859.507,9235.074,0,0
$CH,12.700,L1CD,4,1070,44.8,5.773862234,1852.877,19819.398,0,0
$CH,12.700,L1CD,7,1070,41.0,2.287053148,1358.409,14546.918,0,0
$CH,12.700,L1CD,8,1070,40.7,1.765669577,2096.213,22407.927,0,0
$CH,12.700,L1CD,9,1070,38.6,2.222243360,2264.514,24220.659,0,0
$CH,12.700,L1CD,16,1070,50.7,8.187026402,-130.331,-1352.699,0,0
$CH,12.700,L1CD,21,1070,41.4,0.203954962,-1421.830,-15222.158,0,0
$CH,12.700,L1CD,26,1070,46.1,2.397088956,-2454.687,-26240.423,0,0
$CH,12.700,L1CD,27,1070,41.8,9.544766875,1938.401,20745.668,0,0
$CH,12.700,L1CD,31,1070,42.5,8.595477810,-2598.471,-27808.557,0,0
$TIME,2024,5,11,3,27,22.132472
$CH,12.800,L1CD,1,1080,42.3,9.242286444,-2100.714,-22687.798,0,0
$CH,12.800,L1CD,2,1080,41.1,9.948626376,-1682.316,-18181.203,0,0
$CH,12.800,L1CD,3,1080,49.3,8.570090162,859.738,9321.044,0,0
$CH,12.800,L1CD,4,1080,44.8,5.773749988,1852.638,20004.676,0,0
$CH,12.800,L1CD,7,1080,41.0,2.286955835,1358.278,14682.744,0,0
$CH,12.800,L1CD,8,1080,40.7,1.765537696,2095.197,22617.501,0,0
$CH,12.800,L1CD,9,1080,38.6,2.222094205,2264.227,24447.127,0,0
$CH,12.800,L1CD,16,1080,50.7,8.187040864,-130.155,-1365.732,0,0
$CH,12.800,L1CD,21,1080,41.4,0.204047008,-1421.556,-15364.334,0,0
$CH,12.800,L1CD,26,1080,46.1,2.397244225,-2454.762,-26485.910,0,0
$CH,12.800,L1CD,27,1080,41.8,9.544651235,1938.563,20939.575,0,0
$CH,12.800,L1CD,31,1080,42.5,8.595639864,-2598.751,-28068.393,0,0
$TIME,2024,5,11,3,27,22.739119
$CH,12.900,L1CD,1,1090,42.3,9.242424083,-2100.410,-22897.858,0,0
$CH,12.900,L1CD,2,1090,41.1,9.948731795,-1682.585,-18349.492,0,0
$CH,12.900,L1CD,3,1090,49.3,8.570033314,859.589,9407.006,0,0
$CH,12.900,L1CD,4,1090,44.8,5.773632324,1853.058,20189.943,0,0
$CH,12.900,L1CD,7,1090,41.0,2.286875031,1357.761,14818.578,0,0
$CH,12.900,L1CD,8,1090,40.7,1.765400052,2095.664,22827.065,0,0
$CH,12.900,L1CD,9,1090,38.6,2.221959036,2264.460,24673.571,0,0
$CH,12.900,L1CD,16,1090,50.7,8.187061580,-130.332,-1378.771,0,0
$CH,12.900,L1CD,21,1090,41.4,0.204140734,-1421.863,-15506.496,0,0
$CH,12.900,L1CD,26,1090,46.1,2.397404659,-2454.984,-26731.400,0,0
$CH,12.900,L1CD,27,1090,41.8,9.544528770,1939.099,21133.473,0,0
$CH,12.900,L1CD,31,1090,42.5,8.595808755,-2598.527,-28328.227,0,0
$TIME,2024,5,11,3,27,23.263045
$CH,13.000,L1CD,1,1100,41.8,9.242558234,-2100.305,-23107.912,0,0
$CH,13.000,L1CD,2,1100,41.8,9.948834492,-1682.918,-18517.768,0,0
$CH,13.000,L1CD,3,1100,49.5,8.569975519,859.707,9492.962,0,0
$CH,13.000,L1CD,4,1100,44.6,5.773515573,1852.743,20375.221,0,0
$CH,13.000,L1CD,7,1100,40.9,2.286784905,1358.698,14954.398,0,0
$CH,13.000,L1CD,8,1100,40.9,1.765265454,2096.199,23036.626,0,0
$CH,13.000,L1CD,9,1100,39.3,2.221814665,2264.400,24900.031,0,0
$CH,13.000,L1CD,16,1100,50.4,8.187059757,-130.392,-1391.814,0,0
$CH,13.000,L1CD,21,1100,40.5,0.204226608,-1421.679,-15648.664,0,0
$CH,13.000,L1CD,26,1100,46.7,2.397553718,-2455.023,-26976.900,0,0
$CH,13.000,L1CD,27,1100,42.6,9.544409498,1938.782,21327.378,0,0
$CH,13.000,L1CD,31,1100,42.8,8.595970834,-2598.168,-28588.061,0,0
$TIME,2024,5,11,3,27,23.772276
$CH,13.100,L1CD,1,1110,41.8,9.242692710,-2100.203,-23317.968,0,0
$CH,13.100,L1CD,2,1110,41.8,9.948942269,-1682.194,-18686.054,0,0
$CH,13.100,L1CD,3,1110,49.5,8.569924925,859.375,9578.919,0,0
$CH,13.100,L1CD,4,1110,44.6,5.773401273,1852.919,20560.491,0,0
$CH,13.100,L1CD,7,1110,40.9,2.286699595,1358.630,15090.207,0,0
$CH,13.100,L1CD,8,1110,40.9,1.765142538,2095.395,23246.195,0,0
$CH,13.100,L1CD,9,1110,39.3,2.221667169,2265.300,25126.484,0,0
$CH,13.100,L1CD,16,1110,50.4,8.187059747,-130.677,-1404.865,0,0
$CH,13.100,L1CD,21,1110,40.5,0.204318074,-1421.505,-15790.826,0,0
$CH,13.100,L1CD,26,1110,46.7,2.397706598,-2454.931,-27222.403,0,0
$CH,13.100,L1CD,27,1110,42.6,9.544284588,1938.949,21521.284,0,0
$CH,13.100,L1CD,31,1110,42.8,8.596139780,-2598.578,-28847.895,0,0
$TIME,2024,5,11,3,27,24.275157
$CH,13.200,L1CD,1,1120,41.8,9.242818679,-2100.421,-23528.020,0,0
$CH,13.200,L1CD,2,1120,41.8,9.949055142,-1683.223,-18854.325,0,0
$CH,13.200,L1CD,3,1120,49.5,8.569866794,859.533,9664.866,0,0
$CH,13.200,L1CD,4,1120,44.6,5.773280632,1852.522,20745.766,0,0
$CH,13.200,L1CD,7,1120,40.9,2.286617827,1358.306,15226.030,0,0
$CH,13.200,L1CD,8,1120,40.9,1.765002318,2095.836,23455.754,0,0
$CH,13.200,L1CD,9,1120,39.3,2.221523625,2264.378,25352.944,0,0
$CH,13.200,L1CD,16,1120,50.4,8.187069026,-130.744,-1417.926,0,0
$CH,13.200,L1CD,21,1120,40.5,0.204410799,-1421.700,-15932.996,0,0
$CH,13.200,L1CD,26,1120,46.7,2.397868780,-2455.154,-27467.902,0,0
$CH,13.200,L1CD,27,1120,42.6,9.544159918,1939.003,21715.193,0,0
$CH,13.200,L1CD,31,1120,42.8,8.596300660,-2597.580,-29107.734,0,0
$TIME,2024,5,11,3,27,24.842564
$CH,13.300,L1CD,1,1130,41.8,9.242952231,-2100.894,-23738.076,0,0
$CH,13.300,L1CD,2,1130,41.8,9.949159520,-1682.354,-19022.608,0,0
$CH,13.300,L1CD,3,1130,49.5,8.569813484,859.405,9750.802,0,0
$CH,13.300,L1CD,4,1130,44.6,5.773165546,1852.930,20931.050,0,0
$CH,13.300,L1CD,7,1130,40.9,2.286526872,1358.028,15361.847,0,0
$CH,13.300,L1CD,8,1130,40.9,1.764863708,2096.516,23665.319,0,0
$CH,13.300,L1CD,9,1130,39.3,2.221381792,2264.790,25579.405,0,0
$CH,13.300,L1CD,16,1130,50.4,8.187087161,-130.679,-1430.995,0,0
$CH,13.300,L1CD,21,1130,40.5,0.204505602,-1421.863,-16075.149,0,0
$CH,13.300,L1CD,26,1130,46.7,2.398022410,-2455.392,-27713.417,0,0
$CH,13.300,L1CD,27,1130,42.6,9.544040923,1939.263,21909.100,0,0
$CH,13.300,L1CD,31,1130,42.8,8.596464819,-2597.909,-29367.559,0,0
$TIME,2024,5,11,3,27,25.393966
$CH,13.400,L1CD,1,1140,41.8,9.243092179,-2100.275,-23948.135,0,0
$CH,13.400,L1CD,2,1140,41.8,9.949268998,-1683.107,-19190.877,0,0
$CH,13.400,L1CD,3,1140,49.5,8.569761809,859.238,9836.739,0,0
$CH,13.400,L1CD,4,1140,44.6,5.773043906,1852.675,21116.327,0,0
$CH,13.400,L1CD,7,1140,40.9,2.286443434,1358.206,15497.658,0,0
$CH,13.400,L1CD,8,1140,40.9,1.764729404,2095.751,23874.899,0,0
$CH,13.400,L1CD,9,1140,39.3,2.221241143,2265.308,25805.871,0,0
$CH,13.400,L1CD,16,1140,50.4,8.187099004,-130.722,-1444.067,0,0
$CH,13.400,L1CD,21,1140,40.5,0.204588297,-1421.547,-16217.311,0,0
$CH,13.400,L1CD,26,1140,46.7,2.398179685,-2455.013,-27958.929,0,0
$CH,13.400,L1CD,27,1140,42.6,9.543918156,1938.521,22103.018,0,0
$CH,13.400,L1CD,31,1140,42.8,8.596628933,-2597.995,-29627.394,0,0
$TIME,2024,5,11,3,27,25.919507
$CH,13.500,L1CD,1,1150,41.8,9.243224882,-2100.580,-24158.178,0,0
$CH,13.500,L1CD,2,1150,41.8,9.949375665,-1682.669,-19359.156,0,0
$CH,13.500,L1CD,3,1150,49.5,8.569704677,859.319,9922.666,0,0
$CH,13.500,L1CD,4,1150,44.6,5.772929363,1852.591,21301.606,0,0
$CH,13.500,L1CD,7,1150,40.9,2.286355211,1358.429,15633.468,0,0
$CH,13.500,L1CD,8,1150,40.9,1.764596328,2095.713,24084.475,0,0
$CH,13.500,L1CD,9,1150,39.3,2.221099624,2264.839,26032.332,0,0
$CH,13.500,L1CD,16,1150,50.4,8.187101922,-130.839,-1457.145,0,0
$CH,13.500,L1CD,21,1150,40.5,0.204673053,-1422.508,-16359.461,0,0
$CH,13.500,L1CD,26,1150,46.7,2.398335331,-2455.118,-28204.446,0,0
$CH,13.500,L1CD,27,1150,42.6,9.543787597,1938.652,22296.920,0,0
$CH,13.500,L1CD,31,1150,42.8,8.596792635,-2598.056,-29887.224,0,0
$TIME,2024,5,11,3,27,26.440862
$CH,13.600,L1CD,1,1160,41.8,9.243357633,-2100.651,-24368.236,0,0
$CH,13.600,L1CD,2,1160,41.8,9.949480877,-1682.157,-19527.427,0,0
$CH,13.600,L1CD,3,1160,49.5,8.569650437,859.350,10008.585,0,0
$CH,13.600,L1CD,4,1160,44.6,5.772809361,1852.609,21486.884,0,0
$CH,13.600,L1CD,7,1160,40.9,2.286267388,1358.044,15769.286,0,0
$CH,13.600,L1CD,8,1160,40.9,1.764460045,2095.600,24294.056,0,0
$CH,13.600,L1CD,9,1160,39.3,2.220954565,2264.475,26258.795,0,0
$CH,13.600,L1CD,16,1160,50.4,8.187102814,-130.939,-1470.232,0,0
$CH,13.600,L1CD,21,1160,40.5,0.204771672,-1422.032,-16501.621,0,0
$CH,13.600,L1CD,26,1160,46.7,2.398489446,-2455.400,-28449.977,0,0
$CH,13.600,L1CD,27,1160,42.6,9.543669170,1938.717,22490.831,0,0
$CH,13.600,L1CD,31,1160,42.8,8.596955736,-2598.463,-30147.049,0,0
$TIME,2024,5,11,3,27,27.051805
$CH,13.700,L1CD,1,1170,41.8,9.243488234,-2100.818,-24578.291,0,0
$CH,13.700,L1CD,2,1170,41.8,9.949581641,-1682.445,-19695.691,0,0
$CH,13.700,L1CD,3,1170,49.5,8.569598597,859.243,10094.500,0,0
$CH,13.700,L1CD,4,1170,44.6,5.772696936,1852.640,21672.161,0,0
$CH,13.700,L1CD,7,1170,40.9,2.286187450,1357.543,15905.089,0,0
$CH,13.700,L1CD,8,1170,40.9,1.764331298,2096.066,24503.636,0,0
$CH,13.700,L1CD,9,1170,39.3,2.220807428,2264.602,26485.277,0,0
$CH,13.700,L1CD,16,1170,50.4,8.187108998,-131.062,-1483.326,0,0
$CH,13.700,L1CD,21,1170,40.5,0.204860982,-1421.055,-16643.776,0,0
$CH,13.700,L1CD,26,1170,46.7,2.398644073,-2455.266,-28695.506,0,0
$CH,13.700,L1CD,27,1170,42.6,9.543548390,1938.950,22684.733,0,0
$CH,13.700,L1CD,31,1170,42.8,8.597123689,-2598.038,-30406.877,0,0
$TIME,2024,5,11,3,27,27.566567
$CH,13.800,L1CD,1,1180,41.8,9.243620277,-2100.385,-24788.346,0,0
$CH,13.800,L1CD,2,1180,41.8,9.949689080,-1682.301,-19863.973,0,0
$CH,13.800,L1CD,3,1180,49.5,8.569540376,858.923,10180.411,0,0
$CH,13.800,L1CD,4,1180,44.6,5.772575192,1852.765,21857.442,0,0
$CH,13.800,L1CD,7,1180,40.9,2.286091193,1358.345,16040.875,0,0
$CH,13.800,L1CD,8,1180,40.9,1.764199216,2095.864,24713.221,0,0
$CH,13.800,L1CD,9,1180,39.3,2.220662868,2264.863,26711.734,0,0
$CH,13.800,L1CD,16,1180,50.4,8.187130465,-131.139,-1496.427,0,0
$CH,13.800,L1CD,21,1180,40.5,0.204948306,-1420.958,-16785.931,0,0
$CH,13.800,L1CD,26,1180,46.7,2.398802506,-2455.260,-28941.036,0,0
$CH,13.800,L1CD,27,1180,42.6,9.543421510,1939.538,22878.636,0,0
$CH,13.800,L1CD,31,1180,42.8,8.597287403,-2598.256,-30666.703,0,0
$TIME,2024,5,11,3,27,28.094793
$CH,13.900,L1CD,1,1190,41.8,9.243757706,-2101.002,-24998.398,0,0
$CH,13.900,L1CD,2,1190,41.8,9.949802104,-1683.463,-20032.237,0,0
$CH,13.900,L1CD,3,1190,49.5,8.569490391,859.089,10266.314,0,0
$CH,13.900,L1CD,4,1190,44.6,5.772453023,1852.976,22042.726,0,0
$CH,13.900,L1CD,7,1190,40.9,2.286005968,1357.921,16176.679,0,0
$CH,13.900,L1CD,8,1190,40.9,1.764069758,2095.896,24922.805,0,0
$CH,13.900,L1CD,9,1190,39.3,2.220525456,2264.199,26938.207,0,0
$CH,13.900,L1CD,16,1190,50.4,8.187139947,-131.048,-1509.539,0,0
$CH,13.900,L1CD,21,1190,40.5,0.205037730,-1421.802,-16928.070,0,0
$CH,13.900,L1CD,26,1190,46.7,2.398965244,-2455.090,-29186.574,0,0
$CH,13.900,L1CD,27,1190,42.6,9.543302999,1939.404,23072.551,0,0
$CH,13.900,L1CD,31,1190,42.8,8.597452463,-2598.240,-30926.528,0,0
$TIME,2024,5,11,3,27,28.624456
$CH,14.000,L1CD,1,1200,42.3,9.243896931,-2100.305,-25208.454,0,0
$CH,14.000,L1CD,2,1200,41.8,9.949900079,-1682.631,-20200.513,0,0
$CH,14.000,L1CD,3,1200,49.9,8.569434150,858.758,10352.209,0,0
$CH,14.000,L1CD,4,1200,45.4,5.772336057,1852.594,22228.008,0,0
$CH,14.000,L1CD,7,1200,40.3,2.285924368,1358.089,16312.480,0,0
$CH,14.000,L1CD,8,1200,40.0,1.763939856,2095.330,25132.392,0,0
$CH,14.000,L1CD,9,1200,39.2,2.220380736,2265.920,27164.674,0,0
$CH,14.000,L1CD,16,1200,50.3,8.187142185,-131.274,-1522.654,0,0
$CH,14.000,L1CD,21,1200,39.6,0.205136094,-1421.666,-17070.221,0,0
$CH,14.000,L1CD,26,1200,47.2,2.399108847,-2455.545,-29432.115,0,0
$CH,14.000,L1CD,27,1200,43.1,9.543180692,1938.613,23266.466,0,0
$CH,14.000,L1CD,31,1200,43.1,8.597624202,-2598.462,-31186.353,0,0
$TIME,2024,5,11,3,27,29.183542
$CH,14.100,L1CD,1,1210,42.3,9.244031371,-2100.624,-25418.507,0,0
$CH,14.100,L1CD,2,1210,41.8,9.950011632,-1682.752,-20368.775,0,0
$CH,14.100,L1CD,3,1210,49.9,8.569380705,858.328,10438.099,0,0
$CH,14.100,L1CD,4,1210,45.4,5.772223802,1852.824,22413.290,0,0
$CH,14.100,L1CD,7,1210,40.3,2.285840841,1358.242,16448.284,0,0
$CH,14.100,L1CD,8,1210,40.0,1.763800740,2095.562,25341.983,0,0
$CH,14.100,L1CD,9,1210,39.2,2.220236417,2265.173,27391.157,0,0
$CH,14.100,L1CD,16,1210,50.3,8.187143265,-131.151,-1535.777,0,0
$CH,14.100,L1CD,21,1210,39.6,0.205219469,-1421.130,-17212.373,0,0
$CH,14.100,L1CD,26,1210,47.2,2.399264953,-2455.347,-29677.663,0,0
$CH,14.100,L1CD,27,1210,43.1,9.543054702,1939.406,23460.379,0,0
$CH,14.100,L1CD,31,1210,43.1,8.597785626,-2598.153,-31446.181,0,0
$TIME,2024,5,11,3,27,29.784643
$CH,14.200,L1CD,1,1220,42.3,9.244166533,-2100.427,-25628.562,0,0
$CH,14.200,L1CD,2,1220,41.8,9.950114085,-1682.819,-20537.038,0,0
$CH,14.200,L1CD,3,1220,49.9,8.569325230,858.525,10523.985,0,0
$CH,14.200,L1CD,4,1220,45.4,5.772103740,1853.098,22598.571,0,0
$CH,14.200,L1CD,7,1220,40.3,2.285745713,1358.189,16584.077,0,0
$CH,14.200,L1CD,8,1220,40.0,1.763667722,2095.827,25551.576,0,0
$CH,14.200,L1CD,9,1220,39.2,2.220100606,2264.539,27617.623,0,0
$CH,14.200,L1CD,16,1220,50.3,8.187154060,-131.432,-1548.909,0,0
$CH,14.200,L1CD,21,1220,39.6,0.205309821,-1421.738,-17354.508,0,0
$CH,14.200,L1CD,26,1220,47.2,2.399424568,-2455.747,-29923.218,0,0
$CH,14.200,L1CD,27,1220,43.1,9.542927163,1939.450,23654.285,0,0
$CH,14.200,L1CD,31,1220,43.1,8.597952619,-2597.726,-31705.999,0,0
$TIME,2024,5,11,3,27,30.317474
$CH,14.300,L1CD,1,1230,42.3,9.244294348,-2100.451,-25838.615,0,0
$CH,14.300,L1CD,2,1230,41.8,9.950221537,-1682.502,-20705.308,0,0
$CH,14.300,L1CD,3,1230,49.9,8.569269743,858.966,10609.855,0,0
$CH,14.300,L1CD,4,1230,45.4,5.771989608,1852.837,22783.859,0,0
$CH,14.300,L1CD,7,1230,40.3,2.285667297,1358.532,16719.863,0,0
$CH,14.300,L1CD,8,1230,40.0,1.763527958,2096.087,25761.176,0,0
$CH,14.300,L1CD,9,1230,39.2,2.219948745,2264.682,27844.107,0,0
$CH,14.300,L1CD,16,1230,50.3,8.187173300,-131.365,-1562.046,0,0
$CH,14.300,L1CD,21,1230,39.6,0.205410041,-1421.244,-17496.658,0,0
$CH,14.300,L1CD,26,1230,47.2,2.399580964,-2455.622,-30168.774,0,0
$CH,14.300,L1CD,27,1230,43.1,9.542806037,1939.116,23848.200,0,0
$CH,14.300,L1CD,31,1230,43.1,8.598113520,-2598.296,-31965.816,0,0
$TIME,2024,5,11,3,27,30.863228
$CH,14.400,L1CD,1,1240,42.3,9.244425613,-2100.598,-26048.669,0,0
$CH,14.400,L1CD,2,1240,41.8,9.950329286,-1682.533,-20873.572,0,0
$CH,14.400,L1CD,3,1240,49.9,8.569213429,858.742,10695.731,0,0
$CH,14.400,L1CD,4,1240,45.4,5.771869864,1852.790,22969.146,0,0
$CH,14.400,L1CD,7,1240,40.3,2.285574648,1358.220,16855.659,0,0
$CH,14.400,L1CD,8,1240,40.0,1.763393776,2096.304,25970.781,0,0
$CH,14.400,L1CD,9,1240,39.2,2.219805039,2265.140,28070.589,0,0
$CH,14.400,L1CD,16,1240,50.3,8.187180037,-131.361,-1575.192,0,0
$CH,14.400,L1CD,21,1240,39.6,0.205497370,-1421.221,-17638.796,0,0
$CH,14.400,L1CD,26,1240,47.2,2.399739953,-2455.468,-30414.335,0,0
$CH,14.400,L1CD,27,1240,43.1,9.542678969,1938.910,24042.118,0,0
$CH,14.400,L1CD,31,1240,43.1,8.598289322,-2597.087,-32225.653,0,0
$TIME,2024,5,11,3,27,31.459146
$CH,14.500,L1CD,1,1250,42.3,9.244556355,-2100.793,-26258.718,0,0
$CH,14.500,L1CD,2,1250,41.8,9.950436008,-1682.487,-21041.841,0,0
$CH,14.500,L1CD,3,1250,49.9,8.569159057,858.816,10781.595,0,0
$CH,14.500,L1CD,4,1250,45.4,5.771753889,1852.621,23154.428,0,0
$CH,14.500,L1CD,7,1250,40.3,2.285495176,1357.866,16991.451,0,0
$CH,14.500,L1CD,8,1250,40.0,1.763259552,2096.224,26180.377,0,0
$CH,14.500,L1CD,9,1250,39.2,2.219661215,2265.118,28297.061,0,0
$CH,14.500,L1CD,16,1250,50.3,8.187178758,-131.447,-1588.343,0,0
$CH,14.500,L1CD,21,1250,39.6,0.205589317,-1421.388,-17780.928,0,0
$CH,14.500,L1CD,26,1250,47.2,2.399897199,-2455.580,-30659.900,0,0
$CH,14.500,L1CD,27,1250,43.1,9.542556194,1939.039,24236.032,0,0
$CH,14.500,L1CD,31,1250,43.1,8.598444733,-2597.376,-32485.458,0,0
$TIME,2024,5,11,3,27,32.002746
$CH,14.600,L1CD,1,1260,42.3,9.244692794,-2100.366,-26468.767,0,0
$CH,14.600,L1CD,2,1260,41.8,9.950541476,-1682.339,-21210.104,0,0
$CH,14.600,L1CD,3,1260,49.9,8.569101531,858.668,10867.452,0,0
$CH,14.600,L1CD,4,1260,45.4,5.771632985,1852.983,23339.710,0,0
$CH,14.600,L1CD,7,1260,40.3,2.285408466,1357.563,17127.226,0,0
$CH,14.600,L1CD,8,1260,40.0,1.763133653,2095.321,26389.978,0,0
$CH,14.600,L1CD,9,1260,39.2,2.219516829,2265.173,28523.542,0,0
$CH,14.600,L1CD,16,1260,50.3,8.187183728,-131.618,-1601.501,0,0
$CH,14.600,L1CD,21,1260,39.6,0.205674319,-1421.585,-17923.068,0,0
$CH,14.600,L1CD,26,1260,47.2,2.400046542,-2455.645,-30905.471,0,0
$CH,14.600,L1CD,27,1260,43.1,9.542434382,1938.973,24429.938,0,0
$CH,14.600,L1CD,31,1260,43.1,8.598611562,-2599.010,-32745.274,0,0
$TIME,2024,5,11,3,27,32.526239
$CH,14.700,L1CD,1,1270,42.3,9.244825211,-2100.302,-26678.821,0,0
$CH,14.700,L1CD,2,1270,41.8,9.950649705,-1683.297,-21378.357,0,0
$CH,14.700,L1CD,3,1270,49.9,8.569051621,858.470,10953.306,0,0
$CH,14.700,L1CD,4,1270,45.4,5.771520490,1852.753,23525.006,0,0
$CH,14.700,L1CD,7,1270,40.3,2.285318552,1358.035,17263.011,0,0
$CH,14.700,L1CD,8,1270,40.0,1.763003102,2096.549,26599.571,0,0
$CH,14.700,L1CD,9,1270,39.2,2.219370828,2264.898,28750.033,0,0
$CH,14.700,L1CD,16,1270,50.3,8.187193644,-131.851,-1614.664,0,0
$CH,14.700,L1CD,21,1270,39.6,0.205765123,-1421.671,-18065.205,0,0
$CH,14.700,L1CD,26,1270,47.2,2.400202916,-2455.758,-31151.041,0,0
$CH,14.700,L1CD,27,1270,43.1,9.542312744,1939.081,24623.851,0,0
$CH,14.700,L1CD,31,1270,43.1,8.598776279,-2598.404,-33005.099,0,0
$TIME,2024,5,11,3,27,33.060472
$CH,14.800,L1CD,1,1280,42.3,9.244952540,-2100.306,-26888.874,0,0
$CH,14.800,L1CD,2,1280,41.8,9.950752773,-1682.617,-21546.604,0,0
$CH,14.800,L1CD,3,1280,49.9,8.568994751,858.591,11039.152,0,0
$CH,14.800,L1CD,4,1280,45.4,5.771402172,1853.198,23710.290,0,0
$CH,14.800,L1CD,7,1280,40.3,2.285233911,1357.624,17398.789,0,0
$CH,14.800,L1CD,8,1280,40.0,1.762877009,2096.714,26809.193,0,0
$CH,14.800,L1CD,9,1280,39.2,2.219233283,2265.279,28976.515,0,0
$CH,14.800,L1CD,16,1280,50.3,8.187215530,-132.035,-1627.840,0,0
$CH,14.800,L1CD,21,1280,39.6,0.205849168,-1421.512,-18207.350,0,0
$CH,14.800,L1CD,26,1280,47.2,2.400362470,-2455.667,-31396.627,0,0
$CH,14.800,L1CD,27,1280,43.1,9.542191770,1939.378,24817.763,0,0
$CH,14.800,L1CD,31,1280,43.1,8.598941566,-2598.505,-33264.906,0,0
$TIME,2024,5,11,3,27,33.691918
$CH,14.900,L1CD,1,1290,42.3,9.245084183,-2100.221,-27098.925,0,0
$CH,14.900,L1CD,2,1290,41.8,9.950868546,-1682.259,-21714.876,0,0
$CH,14.900,L1CD,3,1290,49.9,8.568938479,858.595,11124.990,0,0
$CH,14.900,L1CD,4,1290,45.4,5.771281351,1852.978,23895.575,0,0
$CH,14.900,L1CD,7,1290,40.3,2.285142818,1357.914,17534.563,0,0
$CH,14.900,L1CD,8,1290,40.0,1.762739222,2096.192,27018.814,0,0
$CH,14.900,L1CD,9,1290,39.2,2.219083355,2265.219,29203.005,0,0
$CH,14.900,L1CD,16,1290,50.3,8.187219307,-131.796,-1641.022,0,0
$CH,14.900,L1CD,21,1290,39.6,0.205945189,-1421.610,-18349.474,0,0
$CH,14.900,L1CD,26,1290,47.2,2.400519012,-2455.748,-31642.212,0,0
$CH,14.900,L1CD,27,1290,43.1,9.542065275,1939.529,25011.676,0,0
$CH,14.900,L1CD,31,1290,43.1,8.599115881,-2598.153,-33524.721,0,0
$TIME,2024,5,11,3,27,34.211202
$CH,15.000,L1CD,1,1300,42.8,9.245220757,-2099.785,-27308.980,0,0
$CH,15.000,L1CD,2,1300,41.3,9.950967216,-1683.011,-21883.125,0,0
$CH,15.000,L1CD,3,1300,50.4,8.568888290,858.329,11210.827,0,0
$CH,15.000,L1CD,4,1300,44.9,5.771165582,1852.796,24080.870,0,0
$CH,15.000,L1CD,7,1300,40.2,2.285064658,1357.871,17670.344,0,0
$CH,15.000,L1CD,8,1300,39.7,1.762605601,2096.422,27228.421,0,0
$CH,15.000,L1CD,9,1300,39.5,2.218939415,2264.715,29429.489,0,0
$CH,15.000,L1CD,16,1300,50.3,8.187220202,-131.819,-1654.208,0,0
$CH,15.000,L1CD,21,1300,40.2,0.206026011,-1421.496,-18491.604,0,0
$CH,15.000,L1CD,26,1300,46.9,2.400676148,-2456.083,-31887.798,0,0
$CH,15.000,L1CD,27,1300,42.9,9.541940405,1939.429,25205.594,0,0
$CH,15.000,L1CD,31,1300,43.7,8.599278297,-2597.934,-33784.536,0,0
$TIME,2024,5,11,3,27,34.736542
$CH,15.100,L1CD,1,1310,42.8,9.245351457,-2100.315,-27519.023,0,0
$CH,15.100,L1CD,2,1310,41.3,9.951081568,-1681.976,-22051.391,0,0
$CH,15.100,L1CD,3,1310,50.4,8.568835276,858.220,11296.655,0,0
$CH,15.100,L1CD,4,1310,44.9,5.771046248,1852.967,24266.160,0,0
$CH,15.100,L1CD,7,1310,40.2,2.284974544,1357.803,17806.117,0,0
$CH,15.100,L1CD,8,1310,39.7,1.762474589,2096.198,27438.039,0,0
$CH,15.100,L1CD,9,1310,39.5,2.218795336,2264.593,29655.987,0,0
$CH,15.100,L1CD,16,1310,50.3,8.187224556,-131.783,-1667.403,0,0
$CH,15.100,L1CD,21,1310,40.2,0.206119645,-1421.617,-18633.724,0,0
$CH,15.100,L1CD,26,1310,46.9,2.400831402,-2455.935,-32133.394,0,0
$CH,15.100,L1CD,27,1310,42.9,9.541813090,1939.237,25399.510,0,0
$CH,15.100,L1CD,31,1310,43.7,8.599435675,-2598.105,-34044.350,0,0
$TIME,2024,5,11,3,27,35.313161
$CH,15.200,L1CD,1,1320,42.8,9.245489200,-2100.333,-27729.080,0,0
$CH,15.200,L1CD,2,1320,41.3,9.951184625,-1682.860,-22219.637,0,0
$CH,15.200,L1CD,3,1320,50.4,8.568780352,858.236,11382.474,0,0
$CH,15.200,L1CD,4,1320,44.9,5.770927713,1852.725,24451.453,0,0
$CH,15.200,L1CD,7,1320,40.2,2.284888119,1358.418,17941.884,0,0
$CH,15.200,L1CD,8,1320,39.7,1.762338844,2095.578,27647.660,0,0
$CH,15.200,L1CD,9,1320,39.5,2.218653496,2265.198,29882.465,0,0
$CH,15.200,L1CD,16,1320,50.3,8.187240229,-131.748,-1680.604,0,0
$CH,15.200,L1CD,21,1320,40.2,0.206218339,-1421.335,-18775.865,0,0
$CH,15.200,L1CD,26,1320,46.9,2.400985074,-2455.971,-32378.993,0,0
$CH,15.200,L1CD,27,1320,42.9,9.541696867,1939.198,25593.424,0,0
$CH,15.200,L1CD,31,1320,43.7,8.599599613,-2598.627,-34304.157,0,0
$TIME,2024,5,11,3,27,35.955712
$CH,15.300,L1CD,1,1330,42.8,9.245623767,-2100.763,-27939.137,0,0
$CH,15.300,L1CD,2,1330,41.3,9.951291515,-1682.927,-22387.886,0,0
$CH,15.300,L1CD,3,1330,50.4,8.568726414,857.944,11468.289,0,0
$CH,15.300,L1CD,4,1330,44.9,5.770812702,1853.060,24636.748,0,0
$CH,15.300,L1CD,7,1330,40.2,2.284796184,1357.241,18077.659,0,0
$CH,15.300,L1CD,8,1330,39.7,1.762204841,2096.415,27857.276,0,0
$CH,15.300,L1CD,9,1330,39.5,2.218500899,2265.059,30108.961,0,0
$CH,15.300,L1CD,16,1330,50.3,8.187260021,-132.219,-1693.813,0,0
$CH,15.300,L1CD,21,1330,40.2,0.206309099,-1421.414,-18917.978,0,0
$CH,15.300,L1CD,26,1330,46.9,2.401138997,-2455.889,-32624.593,0,0
$CH,15.300,L1CD,27,1330,42.9,9.541572391,1938.917,25787.343,0,0
$CH,15.300,L1CD,31,1330,43.7,8.599766840,-2598.118,-34563.971,0,0
$TIME,2024,5,11,3,27,36.499546
$CH,15.400,L1CD,1,1340,42.8,9.245756483,-2099.664,-28149.186,0,0
$CH,15.400,L1CD,2,1340,41.3,9.951405444,-1682.628,-22556.139,0,0
$CH,15.400,L1CD,3,1340,50.4,8.568670872,858.066,11554.098,0,0
$CH,15.400,L1CD,4,1340,44.9,5.770693754,1852.821,24822.042,0,0
$CH,15.400,L1CD,7,1340,40.2,2.284720003,1357.345,18213.414,0,0
$CH,15.400,L1CD,8,1340,39.7,1.762062152,2096.113,28066.899,0,0
$CH,15.400,L1CD,9,1340,39.5,2.218366606,2264.966,30335.470,0,0
$CH,15.400,L1CD,16,1340,50.3,8.187260405,-132.462,-1707.026,0,0
$CH,15.400,L1CD,21,1340,40.2,0.206388204,-1421.585,-19060.105,0,0
$CH,15.400,L1CD,26,1340,46.9,2.401294897,-2456.386,-32870.196,0,0
$CH,15.400,L1CD,27,1340,42.9,9.541449821,1939.214,25981.259,0,0
$CH,15.400,L1CD,31,1340,43.7,8.599933372,-2597.812,-34823.785,0,0
$TIME,2024,5,11,3,27,37.017943
$CH,15.500,L1CD,1,1350,42.8,9.245890274,-2100.390,-28359.225,0,0
$CH,15.500,L1CD,2,1350,41.3,9.951515702,-1682.645,-22724.388,0,0
$CH,15.500,L1CD,3,1350,50.4,8.568617003,858.016,11639.902,0,0
$CH,15.500,L1CD,4,1350,44.9,5.770578006,1852.856,25007.334,0,0
$CH,15.500,L1CD,7,1350,40.2,2.284632276,1357.868,18349.187,0,0
$CH,15.500,L1CD,8,1350,39.7,1.761933351,2096.572,28276.535,0,0
$CH,15.500,L1CD,9,1350,39.5,2.218225922,2265.042,30561.957,0,0
$CH,15.500,L1CD,16,1350,50.3,8.187264406,-132.461,-1720.251,0,0
$CH,15.500,L1CD,21,1350,40.2,0.206481562,-1420.963,-19202.231,0,0
$CH,15.500,L1CD,26,1350,46.9,2.401451122,-2455.924,-33115.812,0,0
$CH,15.500,L1CD,27,1350,42.9,9.541330759,1938.775,26175.174,0,0
$CH,15.500,L1CD,31,1350,43.7,8.600093696,-2598.193,-35083.590,0,0
$TIME,2024,5,11,3,27,37.587995
$CH,15.600,L1CD,1,1360,42.8,9.246019993,-2100.859,-28569.274,0,0
$CH,15.600,L1CD,2,1360,41.3,9.951619150,-1682.797,-22892.637,0,0
$CH,15.600,L1CD,3,1360,50.4,8.568564825,858.026,11725.694,0,0
$CH,15.600,L1CD,4,1360,44.9,5.770458073,1852.758,25192.628,0,0
$CH,15.600,L1CD,7,1360,40.2,2.284548211,1358.054,18484.945,0,0
$CH,15.600,L1CD,8,1360,39.7,1.761810887,2096.330,28486.161,0,0
$CH,15.600,L1CD,9,1360,39.5,2.218067647,2265.016,30788.453,0,0
$CH,15.600,L1CD,16,1360,50.3,8.187274290,-132.148,-1733.482,0,0
$CH,15.600,L1CD,21,1360,40.2,0.206569851,-1421.569,-19344.343,0,0
$CH,15.600,L1CD,26,1360,46.9,2.401613913,-2456.339,-33361.430,0,0
$CH,15.600,L1CD,27,1360,42.9,9.541210146,1940.251,26369.086,0,0
$CH,15.600,L1CD,31,1360,43.7,8.600252279,-2597.731,-35343.400,0,0
$TIME,2024,5,11,3,27,38.129619
$CH,15.700,L1CD,1,1370,42.8,9.246154699,-2100.287,-28779.331,0,0
$CH,15.700,L1CD,2,1370,41.3,9.951721630,-1681.831,-23060.892,0,0
$CH,15.700,L1CD,3,1370,50.4,8.568506425,857.710,11811.488,0,0
$CH,15.700,L1CD,4,1370,44.9,5.770339670,1852.597,25377.926,0,0
$CH,15.700,L1CD,7,1370,40.2,2.284458840,1357.482,18620.716,0,0
$CH,15.700,L1CD,8,1370,39.7,1.761670819,2095.968,28695.793,0,0
$CH,15.700,L1CD,9,1370,39.5,2.217924605,2264.942,31014.957,0,0
$CH,15.700,L1CD,16,1370,50.3,8.187286478,-132.473,-1746.722,0,0
$CH,15.700,L1CD,21,1370,40.2,0.206669805,-1421.299,-19486.464,0,0
$CH,15.700,L1CD,26,1370,46.9,2.401763878,-2456.146,-33607.052,0,0
$CH,15.700,L1CD,27,1370,42.9,9.541083084,1938.375,26563.013,0,0
$CH,15.700,L1CD,31,1370,43.7,8.600422828,-2597.822,-35603.206,0,0
$TIME,2024,5,11,3,27,38.675207
$CH,15.800,L1CD,1,1380,42.8,9.246287731,-2101.109,-28989.381,0,0
$CH,15.800,L1CD,2,1380,41.3,9.951831483,-1682.983,-23229.134,0,0
$CH,15.800,L1CD,3,1380,50.4,8.568452030,857.726,11897.268,0,0
$CH,15.800,L1CD,4,1380,44.9,5.770221535,1853.183,25563.220,0,0
$CH,15.800,L1CD,7,1380,40.2,2.284376685,1357.587,18756.461,0,0
$CH,15.800,L1CD,8,1380,39.7,1.761537978,2096.453,28905.433,0,0
$CH,15.800,L1CD,9,1380,39.5,2.217782202,2264.467,31241.466,0,0
$CH,15.800,L1CD,16,1380,50.3,8.187301255,-132.666,-1759.962,0,0
$CH,15.800,L1CD,21,1380,40.2,0.206758355,-1421.643,-19628.573,0,0
$CH,15.800,L1CD,26,1380,46.9,2.401923207,-2456.194,-33852.684,0,0
$CH,15.800,L1CD,27,1380,42.9,9.540961876,1939.222,26756.929,0,0
$CH,15.800,L1CD,31,1380,43.7,8.600582290,-2597.976,-35863.012,0,0
$TIME,2024,5,11,3,27,39.190779
$CH,15.900,L1CD,1,1390,42.8,9.246423617,-2100.276,-29199.433,0,0
$CH,15.900,L1CD,2,1390,41.3,9.951937182,-1682.339,-23397.378,0,0
$CH,15.900,L1CD,3,1390,50.4,8.568399734,857.731,11983.046,0,0
$CH,15.900,L1CD,4,1390,44.9,5.770098901,1852.972,25748.524,0,0
$CH,15.900,L1CD,7,1390,40.2,2.284293365,1357.395,18892.215,0,0
$CH,15.900,L1CD,8,1390,39.7,1.761410258,2096.257,29115.064,0,0
$CH,15.900,L1CD,9,1390,39.5,2.217640876,2265.719,31467.958,0,0
$CH,15.900,L1CD,16,1390,50.3,8.187300356,-132.436,-1773.217,0,0
$CH,15.900,L1CD,21,1390,40.2,0.206847287,-1421.172,-19770.701,0,0
$CH,15.900,L1CD,26,1390,46.9,2.402080344,-2456.525,-34098.306,0,0
$CH,15.900,L1CD,27,1390,42.9,9.540839268,1939.197,26950.840,0,0
$CH,15.900,L1CD,31,1390,43.7,8.600741205,-2598.024,-36122.817,0,0
$TIME,2024,5,11,3,27,39.724063
$CH,16.000,L1CD,1,1400,43.3,9.246558996,-2101.026,-29409.476,0,0
$CH,16.000,L1CD,2,1400,41.7,9.952039660,-1682.079,-23565.624,0,0
$CH,16.000,L1CD,3,1400,50.1,8.568339322,857.720,12068.818,0,0
$CH,16.000,L1CD,4,1400,44.9,5.769983204,1852.861,25933.820,0,0
$CH,16.000,L1CD,7,1400,39.9,2.284201902,1356.596,19027.976,0,0
$CH,16.000,L1CD,8,1400,39.9,1.761281050,2096.297,29324.701,0,0
$CH,16.000,L1CD,9,1400,39.7,2.217494435,2265.186,31694.465,0,0
$CH,16.000,L1CD,16,1400,49.8,8.187303755,-132.492,-1786.476,0,0
$CH,16.000,L1CD,21,1400,40.0,0.206936060,-1420.774,-19912.804,0,0
$CH,16.000,L1CD,26,1400,46.4,2.402236623,-2456.317,-34343.941,0,0
$CH,16.000,L1CD,27,1400,42.1,9.540715739,1939.571,27144.764,0,0
$CH,16.000,L1CD,31,1400,42.5,8.600914398,-2598.521,-36382.619,0,0
$TIME,2024,5,11,3,27,40.245058
$CH,16.100,L1CD,1,1410,43.3,9.246686375,-2100.617,-29619.528,0,0
$CH,16.100,L1CD,2,1410,41.7,9.952147652,-1682.759,-23733.867,0,0
$CH,16.100,L1CD,3,1410,50.1,8.568290118,857.461,12154.583,0,0
$CH,16.100,L1CD,4,1410,44.9,5.769871967,1852.818,26119.122,0,0
$CH,16.100,L1CD,7,1410,39.9,2.284111989,1357.023,19163.716,0,0
$CH,16.100,L1CD,8,1410,39.9,1.761141370,2096.426,29534.348,0,0
$CH,16.100,L1CD,9,1410,39.7,2.217353744,2265.102,31920.977,0,0
$CH,16.100,L1CD,16,1410,49.8,8.187313779,-132.697,-1799.741,0,0
$CH,16.100,L1CD,21,1410,40.0,0.207026286,-1420.319,-20054.927,0,0
$CH,16.100,L1CD,26,1410,46.4,2.402391715,-2456.402,-34589.586,0,0
$CH,16.100,L1CD,27,1410,42.1,9.540596046,1939.480,27338.687,0,0
$CH,16.100,L1CD,31,1410,42.5,8.601077876,-2598.364,-36642.420,0,0
$TIME,2024,5,11,3,27,40.814323
$CH,16.200,L1CD,1,1420,43.3,9.246819691,-2100.622,-29829.580,0,0
$CH,16.200,L1CD,2,1420,41.7,9.952252683,-1682.345,-23902.109,0,0
$CH,16.200,L1CD,3,1420,50.1,8.568236659,857.534,12240.343,0,0
$CH,16.200,L1CD,4,1420,44.9,5.769751805,1853.340,26304.414,0,0
$CH,16.200,L1CD,7,1420,39.9,2.284027577,1357.639,19299.456,0,0
$CH,16.200,L1CD,8,1420,39.9,1.761010330,2096.878,29743.992,0,0
$CH,16.200,L1CD,9,1420,39.7,2.217205847,2265.519,32147.478,0,0
$CH,16.200,L1CD,16,1420,49.8,8.187333835,-132.877,-1813.012,0,0
$CH,16.200,L1CD,21,1420,40.0,0.207110649,-1421.001,-20197.032,0,0
$CH,16.200,L1CD,26,1420,46.4,2.402545421,-2456.539,-34835.230,0,0
$CH,16.200,L1CD,27,1420,42.1,9.540469141,1939.116,27532.606,0,0
$CH,16.200,L1CD,31,1420,42.5,8.601249689,-2597.701,-36902.224,0,0
$TIME,2024,5,11,3,27,41.355165
$CH,16.300,L1CD,1,1430,43.3,9.246956002,-2099.891,-30039.631,0,0
$CH,16.300,L1CD,2,1430,41.7,9.952359817,-1682.674,-24070.352,0,0
$CH,16.300,L1CD,3,1430,50.1,8.568178200,857.370,12326.099,0,0
$CH,16.300,L1CD,4,1430,44.9,5.769629184,1853.460,26489.715,0,0
$CH,16.300,L1CD,7,1430,39.9,2.283931543,1357.735,19435.203,0,0
$CH,16.300,L1CD,8,1430,39.9,1.760884478,2096.894,29953.641,0,0
$CH,16.300,L1CD,9,1430,39.7,2.217059511,2264.913,32373.995,0,0
$CH,16.300,L1CD,16,1430,49.8,8.187337459,-132.827,-1826.292,0,0
$CH,16.300,L1CD,21,1430,40.0,0.207206985,-1421.249,-20339.137,0,0
$CH,16.300,L1CD,26,1430,46.4,2.402697396,-2456.465,-35080.878,0,0
$CH,16.300,L1CD,27,1430,42.1,9.540346174,1938.928,27726.529,0,0
$CH,16.300,L1CD,31,1430,42.5,8.601416183,-2597.659,-37162.021,0,0
$TIME,2024,5,11,3,27,41.877082
$CH,16.400,L1CD,1,1440,43.3,9.247087055,-2100.496,-30249.681,0,0
$CH,16.400,L1CD,2,1440,41.7,9.952463768,-1682.419,-24238.590,0,0
$CH,16.400,L1CD,3,1440,50.1,8.568123424,857.514,12411.843,0,0
$CH,16.400,L1CD,4,1440,44.9,5.769513658,1853.283,26675.018,0,0
$CH,16.400,L1CD,7,1440,39.9,2.283852600,1357.402,19570.948,0,0
$CH,16.400,L1CD,8,1440,39.9,1.760741773,2097.579,30163.292,0,0
$CH,16.400,L1CD,9,1440,39.7,2.216908285,2264.660,32600.503,0,0
$CH,16.400,L1CD,16,1440,49.8,8.187341269,-132.832,-1839.582,0,0
$CH,16.400,L1CD,21,1440,40.0,0.207307220,-1421.150,-20481.237,0,0
$CH,16.400,L1CD,26,1440,46.4,2.402854304,-2456.625,-35326.531,0,0
$CH,16.400,L1CD,27,1440,42.1,9.540222288,1939.226,27920.448,0,0
$CH,16.400,L1CD,31,1440,42.5,8.601578471,-2598.299,-37421.816,0,0
$TIME,2024,5,11,3,27,42.400716
$CH,16.500,L1CD,1,1450,43.3,9.247221154,-2100.427,-30459.724,0,0
$CH,16.500,L1CD,2,1450,41.7,9.952574304,-1682.565,-24406.824,0,0
$CH,16.500,L1CD,3,1450,50.1,8.568068084,857.187,12497.584,0,0
$CH,16.500,L1CD,4,1450,44.9,5.769397179,1853.358,26860.321,0,0
$CH,16.500,L1CD,7,1450,39.9,2.283773721,1357.208,19706.683,0,0
$CH,16.500,L1CD,8,1450,39.9,1.760614914,2096.248,30372.955,0,0
$CH,16.500,L1CD,9,1450,39.7,2.216771832,2264.953,32827.023,0,0
$CH,16.500,L1CD,16,1450,49.8,8.187344908,-132.885,-1852.874,0,0
$CH,16.500,L1CD,21,1450,40.0,0.207389963,-1421.653,-20623.347,0,0
$CH,16.500,L1CD,26,1450,46.4,2.403011371,-2456.610,-35572.193,0,0
$CH,16.500,L1CD,27,1450,42.1,9.540095795,1939.016,28114.370,0,0
$CH,16.500,L1CD,31,1450,42.5,8.601743578,-2598.252,-37681.615,0,0
$TIME,2024,5,11,3,27,43.010339
$CH,16.600,L1CD,1,1460,43.3,9.247353813,-2100.649,-30669.775,0,0
$CH,16.600,L1CD,2,1460,41.7,9.952676862,-1682.800,-24575.066,0,0
$CH,16.600,L1CD,3,1460,50.1,8.568014551,857.335,12583.314,0,0
$CH,16.600,L1CD,4,1460,44.9,5.769287210,1853.286,27045.627,0,0
$CH,16.600,L1CD,7,1460,39.9,2.283685623,1357.124,19842.428,0,0
$CH,16.600,L1CD,8,1460,39.9,1.760479123,2096.562,30582.599,0,0
$CH,16.600,L1CD,9,1460,39.7,2.216628303,2264.541,33053.540,0,0
$CH,16.600,L1CD,16,1460,49.8,8.187357097,-133.229,-1866.175,0,0
$CH,16.600,L1CD,21,1460,40.0,0.207480099,-1420.832,-20765.445,0,0
$CH,16.600,L1CD,26,1460,46.4,2.403167411,-2456.739,-35817.853,0,0
$CH,16.600,L1CD,27,1460,42.1,9.539968186,1939.444,28308.286,0,0
$CH,16.600,L1CD,31,1460,42.5,8.601913001,-2598.238,-37941.412,0,0
$TIME,2024,5,11,3,27,43.690727
$CH,16.700,L1CD,1,1470,43.3,9.247486746,-2100.465,-30879.823,0,0
$CH,16.700,L1CD,2,1470,41.7,9.952787403,-1681.911,-24743.302,0,0
$CH,16.700,L1CD,3,1470,50.1,8.567960973,857.411,12669.041,0,0
$CH,16.700,L1CD,4,1470,44.9,5.769165250,1852.859,27230.925,0,0
$CH,16.700,L1CD,7,1470,39.9,2.283602750,1357.159,19978.168,0,0
$CH,16.700,L1CD,8,1470,39.9,1.760344236,2097.348,30792.254,0,0
$CH,16.700,L1CD,9,1470,39.7,2.216499625,2264.663,33280.049,0,0
$CH,16.700,L1CD,16,1470,49.8,8.187374773,-133.189,-1879.485,0,0
$CH,16.700,L1CD,21,1470,40.0,0.207572338,-1420.933,-20907.552,0,0
$CH,16.700,L1CD,26,1470,46.4,2.403322896,-2456.702,-36063.523,0,0
$CH,16.700,L1CD,27,1470,42.1,9.539857923,1939.222,28502.210,0,0
$CH,16.700,L1CD,31,1470,42.5,8.602078844,-2597.626,-38201.216,0,0
$TIME,2024,5,11,3,27,44.261055
$CH,16.800,L1CD,1,1480,43.3,9.247621071,-2100.301,-31089.864,0,0
$CH,16.800,L1CD,2,1480,41.7,9.952896600,-1683.137,-24911.530,0,0
$CH,16.800,L1CD,3,1480,50.1,8.567905696,857.143,12754.766,0,0
$CH,16.800,L1CD,4,1480,44.9,5.769049312,1852.823,27416.232,0,0
$CH,16.800,L1CD,7,1480,39.9,2.283514876,1357.148,20113.894,0,0
$CH,16.800,L1CD,8,1480,39.9,1.760209949,2096.994,31001.926,0,0
$CH,16.800,L1CD,9,1480,39.7,2.216352816,2265.889,33506.567,0,0
$CH,16.800,L1CD,16,1480,49.8,8.187378250,-133.247,-1892.799,0,0
$CH,16.800,L1CD,21,1480,40.0,0.207659326,-1420.855,-21049.653,0,0
$CH,16.800,L1CD,26,1480,46.4,2.403483152,-2456.979,-36309.191,0,0
$CH,16.800,L1CD,27,1480,42.1,9.539734277,1939.214,28696.140,0,0
$CH,16.800,L1CD,31,1480,42.5,8.602237715,-2597.341,-38461.013,0,0
$TIME,2024,5,11,3,27,45.012534
$CH,16.900,L1CD,1,1490,43.3,9.247752203,-2100.260,-31299.913,0,0
$CH,16.900,L1CD,2,1490,41.7,9.952999075,-1682.650,-25079.766,0,0
$CH,16.900,L1CD,3,1490,50.1,8.567854949,857.368,12840.478,0,0
$CH,16.900,L1CD,4,1490,44.9,5.768929179,1852.852,27601.536,0,0
$CH,16.900,L1CD,7,1490,39.9,2.283425508,1356.888,20249.622,0,0
$CH,16.900,L1CD,8,1490,39.9,1.760078214,2097.291,31211.580,0,0
$CH,16.900,L1CD,9,1490,39.7,2.216204355,2265.932,33733.078,0,0
$CH,16.900,L1CD,16,1490,49.8,8.187383010,-133.196,-1906.124,0,0
$CH,16.900,L1CD,21,1490,40.0,0.207746269,-1420.601,-21191.745,0,0
$CH,16.900,L1CD,26,1490,46.4,2.403638117,-2456.761,-36554.872,0,0
$CH,16.900,L1CD,27,1490,42.1,9.539611084,1938.822,28890.057,0,0
$CH,16.900,L1CD,31,1490,42.5,8.602407970,-2598.054,-38720.801,0,0
$TIME,2024,5,11,3,27,45.663809
$CH,17.000,L1CD,1,1500,43.0,9.247885615,-2100.340,-31509.958,0,0
$CH,17.000,L1CD,2,1500,42.0,9.953105614,-1682.425,-25248.001,0,0
$CH,17.000,L1CD,3,1500,49.5,8.567801211,857.145,12926.188,0,0
$CH,17.000,L1CD,4,1500,44.4,5.768808494,1853.690,27786.837,0,0
$CH,17.000,L1CD,7,1500,38.7,2.283342916,1357.084,20385.349,0,0
$CH,17.000,L1CD,8,1500,39.5,1.759940020,2096.817,31421.250,0,0
$CH,17.000,L1CD,9,1500,40.5,2.216055362,2265.617,33959.604,0,0
$CH,17.000,L1CD,16,1500,49.9,8.187386558,-133.392,-1919.455,0,0
$CH,17.000,L1CD,21,1500,40.6,0.207838206,-1420.693,-21333.837,0,0
$CH,17.000,L1CD,26,1500,46.7,2.403793667,-2456.850,-36800.549,0,0
$CH,17.000,L1CD,27,1500,42.3,9.539490817,1939.180,29083.982,0,0
$CH,17.000,L1CD,31,1500,41.6,8.602572102,-2598.174,-38980.588,0,0
$TIME,2024,5,11,3,27,46.270279
$CH,17.100,L1CD,1,1510,43.0,9.248020949,-2101.222,-31720.002,0,0
$CH,17.100,L1CD,2,1510,42.0,9.953214731,-1681.952,-25416.237,0,0
$CH,17.100,L1CD,3,1510,49.5,8.567741227,857.119,13011.890,0,0
$CH,17.100,L1CD,4,1510,44.4,5.768695005,1853.027,27972.150,0,0
$CH,17.100,L1CD,7,1510,38.7,2.283253708,1356.904,20521.076,0,0
$CH,17.100,L1CD,8,1510,39.5,1.759811824,2097.103,31630.922,0,0
$CH,17.100,L1CD,9,1510,40.5,2.215909435,2264.670,34186.133,0,0
$CH,17.100,L1CD,16,1510,49.9,8.187403576,-133.513,-1932.789,0,0
$CH,17.100,L1CD,21,1510,40.6,0.207927853,-1421.028,-21475.931,0,0
$CH,17.100,L1CD,26,1510,46.7,2.403945748,-2456.837,-37046.239,0,0
$CH,17.100,L1CD,27,1510,42.3,9.539368056,1939.016,29277.904,0,0
$CH,17.100,L1CD,31,1510,41.6,8.602732152,-2597.929,-39240.385,0,0
$TIME,2024,5,11,3,27,46.802640
$CH,17.200,L1CD,1,1520,43.0,9.248151964,-2100.214,-31930.056,0,0
$CH,17.200,L1CD,2,1520,42.0,9.953327346,-1681.788,-25584.469,0,0
$CH,17.200,L1CD,3,1520,49.5,8.567689275,856.741,13097.588,0,0
$CH,17.200,L1CD,4,1520,44.4,5.768577163,1853.183,28157.459,0,0
$CH,17.200,L1CD,7,1520,38.7,2.283164561,1357.030,20656.793,0,0
$CH,17.200,L1CD,8,1520,39.5,1.759675430,2096.785,31840.589,0,0
$CH,17.200,L1CD,9,1520,40.5,2.215766108,2264.464,34412.656,0,0
$CH,17.200,L1CD,16,1520,49.9,8.187419658,-133.627,-1946.133,0,0
$CH,17.200,L1CD,21,1520,40.6,0.208021900,-1420.348,-21618.039,0,0
$CH,17.200,L1CD,26,1520,46.7,2.404108827,-2456.933,-37291.930,0,0
$CH,17.200,L1CD,27,1520,42.3,9.539237238,1939.402,29471.821,0,0
$CH,17.200,L1CD,31,1520,41.6,8.602897862,-2597.706,-39500.175,0,0
$TIME,2024,5,11,3,27,47.405882
$CH,17.300,L1CD,1,1530,43.0,9.248293176,-2100.296,-32140.101,0,0
$CH,17.300,L1CD,2,1530,42.0,9.953432602,-1682.232,-25752.690,0,0
$CH,17.300,L1CD,3,1530,49.5,8.567636208,856.849,13183.278,0,0
$CH,17.300,L1CD,4,1530,44.4,5.768461220,1852.841,28342.769,0,0
$CH,17.300,L1CD,7,1530,38.7,2.283084040,1356.968,20792.520,0,0
$CH,17.300,L1CD,8,1530,39.5,1.759543912,2096.494,32050.268,0,0
$CH,17.300,L1CD,9,1530,40.5,2.215626893,2265.447,34639.178,0,0
$CH,17.300,L1CD,16,1530,49.9,8.187420295,-133.769,-1959.486,0,0
$CH,17.300,L1CD,21,1530,40.6,0.208108823,-1421.337,-21760.116,0,0
$CH,17.300,L1CD,26,1530,46.7,2.404261996,-2457.017,-37537.626,0,0
$CH,17.300,L1CD,27,1530,42.3,9.539107622,1939.573,29665.748,0,0
$CH,17.300,L1CD,31,1530,41.6,8.603060589,-2598.069,-39759.960,0,0
$TIME,2024,5,11,3,27,48.202753
$CH,17.400,L1CD,1,1540,43.0,9.248420404,-2100.400,-32350.147,0,0
$CH,17.400,L1CD,2,1540,42.0,9.953541168,-1682.180,-25920.914,0,0
$CH,17.400,L1CD,3,1540,49.5,8.567580437,856.763,13268.959,0,0
$CH,17.400,L1CD,4,1540,44.4,5.768340069,1852.562,28528.075,0,0
$CH,17.400,L1CD,7,1540,38.7,2.282997622,1357.108,20928.236,0,0
$CH,17.400,L1CD,8,1540,39.5,1.759416594,2096.917,32259.941,0,0
$CH,17.400,L1CD,9,1540,40.5,2.215477418,2265.431,34865.706,0,0
$CH,17.400,L1CD,16,1540,49.9,8.187422865,-133.530,-1972.845,0,0
$CH,17.400,L1CD,21,1540,40.6,0.208199024,-1420.776,-21902.207,0,0
$CH,17.400,L1CD,26,1540,46.7,2.404419025,-2456.888,-37783.328,0,0
$CH,17.400,L1CD,27,1540,42.3,9.538989683,1939.468,29859.675,0,0
$CH,17.400,L1CD,31,1540,41.6,8.603229906,-2597.854,-40019.754,0,0
$TIME,2024,5,11,3,27,48.830895
$CH,17.500,L1CD,1,1550,43.0,9.248555767,-2100.293,-32560.188,0,0
$CH,17.500,L1CD,2,1550,42.0,9.953644729,-1682.505,-26089.147,0,0
$CH,17.500,L1CD,3,1550,49.5,8.567530823,856.538,13354.639,0,0
$CH,17.500,L1CD,4,1550,44.4,5.768216610,1852.977,28713.390,0,0
$CH,17.500,L1CD,7,1550,38.7,2.282912086,1357.186,21063.952,0,0
$CH,17.500,L1CD,8,1550,39.5,1.759287187,2096.949,32469.614,0,0
$CH,17.500,L1CD,9,1550,40.5,2.215336191,2265.748,35092.233,0,0
$CH,17.500,L1CD,16,1550,49.9,8.187429202,-133.616,-1986.208,0,0
$CH,17.500,L1CD,21,1550,40.6,0.208292498,-1421.109,-22044.292,0,0
$CH,17.500,L1CD,26,1550,46.7,2.404571756,-2457.248,-38029.028,0,0
$CH,17.500,L1CD,27,1550,42.3,9.538858708,1939.275,30053.602,0,0
$CH,17.500,L1CD,31,1550,41.6,8.603392376,-2598.092,-40279.538,0,0
$TIME,2024,5,11,3,27,49.469608
$CH,17.600,L1CD,1,1560,43.0,9.248694795,-2100.411,-32770.234,0,0
$CH,17.600,L1CD,2,1560,42.0,9.953753412,-1682.760,-26257.375,0,0
$CH,17.600,L1CD,3,1560,49.5,8.567476173,856.730,13440.309,0,0
$CH,17.600,L1CD,4,1560,44.4,5.768098535,1852.938,28898.694,0,0
$CH,17.600,L1CD,7,1560,38.7,2.282822104,1357.446,21199.668,0,0
$CH,17.600,L1CD,8,1560,39.5,1.759147871,2096.309,32679.306,0,0
$CH,17.600,L1CD,9,1560,40.5,2.215194721,2265.840,35318.757,0,0
$CH,17.600,L1CD,16,1560,49.9,8.187442744,-134.039,-1999.580,0,0
$CH,17.600,L1CD,21,1560,40.6,0.208383973,-1420.609,-22186.383,0,0
$CH,17.600,L1CD,26,1560,46.7,2.404729178,-2457.385,-38274.737,0,0
$CH,17.600,L1CD,27,1560,42.3,9.538739726,1939.469,30247.531,0,0
$CH,17.600,L1CD,31,1560,41.6,8.603558359,-2597.627,-40539.325,0,0
$TIME,2024,5,11,3,27,50.264252
$CH,17.700,L1CD,1,1570,43.0,9.248829819,-2100.348,-32980.267,0,0
$CH,17.700,L1CD,2,1570,42.0,9.953860142,-1682.091,-26425.603,0,0
$CH,17.700,L1CD,3,1570,49.5,8.567419372,856.625,13525.976,0,0
$CH,17.700,L1CD,4,1570,44.4,5.767986030,1853.053,29084.005,0,0
$CH,17.700,L1CD,7,1570,38.7,2.282740460,1357.297,21335.372,0,0
$CH,17.700,L1CD,8,1570,39.5,1.759016975,2096.750,32888.979,0,0
$CH,17.700,L1CD,9,1570,40.5,2.215052573,2265.495,35545.294,0,0
$CH,17.700,L1CD,16,1570,49.9,8.187461810,-133.654,-2012.963,0,0
$CH,17.700,L1CD,21,1570,40.6,0.208469254,-1421.093,-22328.454,0,0
$CH,17.700,L1CD,26,1570,46.7,2.404884122,-2457.376,-38520.453,0,0
$CH,17.700,L1CD,27,1570,42.3,9.538625552,1938.952,30441.457,0,0
$CH,17.700,L1CD,31,1570,41.6,8.603723077,-2597.732,-40799.113,0,0
$TIME,2024,5,11,3,27,50.983491
$CH,17.800,L1CD,1,1580,43.0,9.248960267,-2100.148,-33190.331,0,0
$CH,17.800,L1CD,2,1580,42.0,9.953968107,-1682.920,-26593.807,0,0
$CH,17.800,L1CD,3,1580,49.5,8.567367491,856.292,13611.638,0,0
$CH,17.800,L1CD,4,1580,44.4,5.767869559,1853.289,29269.321,0,0
$CH,17.800,L1CD,7,1580,38.7,2.282644102,1357.101,21471.084,0,0
$CH,17.800,L1CD,8,1580,39.5,1.758886675,2097.027,33098.668,0,0
$CH,17.800,L1CD,9,1580,40.5,2.214906416,2265.673,35771.832,0,0
$CH,17.800,L1CD,16,1580,49.9,8.187460629,-134.078,-2026.346,0,0
$CH,17.800,L1CD,21,1580,40.6,0.208554392,-1421.545,-22470.536,0,0
$CH,17.800,L1CD,26,1580,46.7,2.405040279,-2457.379,-38766.174,0,0
$CH,17.800,L1CD,27,1580,42.3,9.538501906,1939.057,30635.381,0,0
$CH,17.800,L1CD,31,1580,41.6,8.603885960,-2597.837,-41058.894,0,0
$TIME,2024,5,11,3,27,51.635450
$CH,17.900,L1CD,1,1590,43.0,9.249097500,-2100.859,-33400.366,0,0
$CH,17.900,L1CD,2,1590,42.0,9.954073614,-1682.039,-26762.034,0,0
$CH,17.900,L1CD,3,1590,49.5,8.567312135,856.491,13697.287,0,0
$CH,17.900,L1CD,4,1590,44.4,5.767752141,1853.110,29454.635,0,0
$CH,17.900,L1CD,7,1590,38.7,2.282559204,1357.276,21606.795,0,0
$CH,17.900,L1CD,8,1590,39.5,1.758750151,2097.033,33308.359,0,0
$CH,17.900,L1CD,9,1590,40.5,2.214770532,2265.150,35998.373,0,0
$CH,17.900,L1CD,16,1590,49.9,8.187462571,-133.937,-2039.744,0,0
$CH,17.900,L1CD,21,1590,40.6,0.208642766,-1420.977,-22612.616,0,0
$CH,17.900,L1CD,26,1590,46.7,2.405192972,-2457.398,-39011.894,0,0
$CH,17.900,L1CD,27,1590,42.3,9.538376955,1939.665,30829.303,0,0
$CH,17.900,L1CD,31,1590,41.6,8.604052951,-2597.998,-41318.678,0,0
$TIME,2024,5,11,3,27,52.115185
$CH,18.000,L1CD,1,1600,42.7,9.249227097,-2100.631,-33610.418,0,0
$CH,18.000,L1CD,2,1600,42.2,9.954179569,-1682.322,-26930.252,0,0
$CH,18.000,L1CD,3,1600,49.7,8.567255674,856.293,13782.933,0,0
$CH,18.000,L1CD,4,1600,43.5,5.767634476,1852.755,29639.951,0,0
$CH,18.000,L1CD,7,1600,39.8,2.282474975,1356.820,21742.497,0,0
$CH,18.000,L1CD,8,1600,39.9,1.758610933,2097.570,33518.044,0,0
$CH,18.000,L1CD,9,1600,41.0,2.214623445,2265.524,36224.902,0,0
$CH,18.000,L1CD,16,1600,49.8,8.187471012,-134.130,-2053.144,0,0
$CH,18.000,L1CD,21,1600,41.5,0.208732885,-1420.770,-22754.695,0,0
$CH,18.000,L1CD,26,1600,46.8,2.405349982,-2457.528,-39257.619,0,0
$CH,18.000,L1CD,27,1600,42.4,9.538258660,1939.259,31023.235,0,0
$CH,18.000,L1CD,31,1600,42.0,8.604216107,-2597.295,-41578.465,0,0
$TIME,2024,5,11,3,27,52.592993
$CH,18.100,L1CD,1,1610,42.7,9.249356130,-2099.786,-33820.469,0,0
$CH,18.100,L1CD,2,1610,42.2,9.954279738,-1682.015,-27098.469,0,0
$CH,18.100,L1CD,3,1610,49.7,8.567204549,856.497,13868.571,0,0
$CH,18.100,L1CD,4,1610,43.5,5.767513037,1853.185,29825.266,0,0
$CH,18.100,L1CD,7,1610,39.8,2.282387128,1356.842,21878.203,0,0
$CH,18.100,L1CD,8,1610,39.9,1.758485644,2097.020,33727.748,0,0
$CH,18.100,L1CD,9,1610,41.0,2.214478530,2265.031,36451.443,0,0
$CH,18.100,L1CD,16,1610,49.8,8.187490375,-134.193,-2066.555,0,0
$CH,18.100,L1CD,21,1610,41.5,0.208822864,-1421.173,-22896.769,0,0
$CH,18.100,L1CD,26,1610,46.8,2.405504908,-2457.783,-39503.354,0,0
$CH,18.100,L1CD,27,1610,42.4,9.538138578,1939.173,31217.165,0,0
$CH,18.100,L1CD,31,1610,42.0,8.604379870,-2597.541,-41838.248,0,0
$TIME,2024,5,11,3,27,53.088574
$CH,18.200,L1CD,1,1620,42.7,9.249490251,-2100.707,-34030.503,0,0
$CH,18.200,L1CD,2,1620,42.2,9.954387335,-1682.577,-27266.691,0,0
$CH,18.200,L1CD,3,1620,49.7,8.567145102,856.338,13954.206,0,0
$CH,18.200,L1CD,4,1620,43.5,5.767400182,1853.195,30010.583,0,0
$CH,18.200,L1CD,7,1620,39.8,2.282298179,1356.860,22013.887,0,0
$CH,18.200,L1CD,8,1620,39.9,1.758347663,2096.517,33937.447,0,0
$CH,18.200,L1CD,9,1620,41.0,2.214336958,2265.705,36677.978,0,0
$CH,18.200,L1CD,16,1620,49.8,8.187498942,-134.166,-2079.968,0,0
$CH,18.200,L1CD,21,1620,41.5,0.208914653,-1420.674,-23038.846,0,0
$CH,18.200,L1CD,26,1620,46.8,2.405662539,-2457.525,-39749.098,0,0
$CH,18.200,L1CD,27,1620,42.4,9.538015015,1939.042,31411.096,0,0
$CH,18.200,L1CD,31,1620,42.0,8.604546875,-2597.899,-42098.018,0,0
$TIME,2024,5,11,3,27,53.626527
$CH,18.300,L1CD,1,1630,42.7,9.249619138,-2100.507,-34240.548,0,0
$CH,18.300,L1CD,2,1630,42.2,9.954495675,-1681.815,-27434.908,0,0
$CH,18.300,L1CD,3,1630,49.7,8.567095234,855.953,14039.837,0,0
$CH,18.300,L1CD,4,1630,43.5,5.767282533,1853.357,30195.896,0,0
$CH,18.300,L1CD,7,1630,39.8,2.282215601,1356.558,22149.603,0,0
$CH,18.300,L1CD,8,1630,39.9,1.758211366,2098.027,34147.139,0,0
$CH,18.300,L1CD,9,1630,41.0,2.214193974,2265.691,36904.527,0,0
$CH,18.300,L1CD,16,1630,49.8,8.187500011,-134.137,-2093.392,0,0
$CH,18.300,L1CD,21,1630,41.5,0.209008452,-1421.078,-23180.916,0,0
$CH,18.300,L1CD,26,1630,46.8,2.405823087,-2457.582,-39994.835,0,0
$CH,18.300,L1CD,27,1630,42.4,9.537887855,1939.741,31605.015,0,0
$CH,18.300,L1CD,31,1630,42.0,8.604706842,-2597.725,-42357.800,0,0
$TIME,2024,5,11,3,27,54.143999
$CH,18.400,L1CD,1,1640,42.7,9.249758456,-2100.352,-34450.593,0,0
$CH,18.400,L1CD,2,1640,42.2,9.954606288,-1682.220,-27603.120,0,0
$CH,18.400,L1CD,3,1640,49.7,8.567043217,856.109,14125.456,0,0
$CH,18.400,L1CD,4,1640,43.5,5.767164489,1853.330,30381.210,0,0
$CH,18.400,L1CD,7,1640,39.8,2.282128980,1356.495,22285.296,0,0
$CH,18.400,L1CD,8,1640,39.9,1.758080129,2097.700,34356.846,0,0
$CH,18.400,L1CD,9,1640,41.0,2.214045286,2265.070,37131.072,0,0
$CH,18.400,L1CD,16,1640,49.8,8.187502847,-134.157,-2106.823,0,0
$CH,18.400,L1CD,21,1640,41.5,0.209100741,-1421.109,-23322.985,0,0
$CH,18.400,L1CD,26,1640,46.8,2.405977685,-2457.223,-40240.583,0,0
$CH,18.400,L1CD,27,1640,42.4,9.537761267,1939.489,31798.947,0,0
$CH,18.400,L1CD,31,1640,42.0,8.604872008,-2597.940,-42617.579,0,0
$TIME,2024,5,11,3,27,54.663735
$CH,18.500,L1CD,1,1650,42.7,9.249890027,-2100.382,-34660.634,0,0
$CH,18.500,L1CD,2,1650,42.2,9.954708601,-1681.980,-27771.339,0,0
$CH,18.500,L1CD,3,1650,49.7,8.566984379,856.112,14211.071,0,0
$CH,18.500,L1CD,4,1650,43.5,5.767048474,1853.254,30566.527,0,0
$CH,18.500,L1CD,7,1650,39.8,2.282054857,1357.043,22420.986,0,0
$CH,18.500,L1CD,8,1650,39.9,1.757948478,2096.945,34566.552,0,0
$CH,18.500,L1CD,9,1650,41.0,2.213901339,2265.827,37357.605,0,0
$CH,18.500,L1CD,16,1650,49.8,8.187520593,-134.213,-2120.262,0,0
$CH,18.500,L1CD,21,1650,41.5,0.209192401,-1420.507,-23465.058,0,0
$CH,18.500,L1CD,26,1650,46.8,2.406133305,-2457.471,-40486.330,0,0
$CH,18.500,L1CD,27,1650,42.4,9.537645443,1939.816,31992.881,0,0
$CH,18.500,L1CD,31,1650,42.0,8.605042270,-2598.271,-42877.347,0,0
$TIME,2024,5,11,3,27,55.198784
$CH,18.600,L1CD,1,1660,42.7,9.250023771,-2100.625,-34870.677,0,0
$CH,18.600,L1CD,2,1660,42.2,9.954817161,-1682.236,-27939.547,0,0
$CH,18.600,L1CD,3,1660,49.7,8.566932926,856.179,14296.678,0,0
$CH,18.600,L1CD,4,1660,43.5,5.766934550,1853.131,30751.851,0,0
$CH,18.600,L1CD,7,1660,39.8,2.281962675,1357.485,22556.676,0,0
$CH,18.600,L1CD,8,1660,39.9,1.757811497,2097.346,34776.259,0,0
$CH,18.600,L1CD,9,1660,41.0,2.213756935,2265.715,37584.156,0,0
$CH,18.600,L1CD,16,1660,49.8,8.187540434,-134.560,-2133.702,0,0
$CH,18.600,L1CD,21,1660,41.5,0.209280639,-1420.269,-23607.124,0,0
$CH,18.600,L1CD,26,1660,46.8,2.406284323,-2457.504,-40732.091,0,0
$CH,18.600,L1CD,27,1660,42.4,9.537518255,1939.009,32186.814,0,0
$CH,18.600,L1CD,31,1660,42.0,8.605206105,-2597.746,-43137.132,0,0
$TIME,2024,5,11,3,27,55.773172
$CH,18.700,L1CD,1,1670,42.7,9.250159562,-2099.738,-35080.723,0,0
$CH,18.700,L1CD,2,1670,42.2,9.954920174,-1681.692,-28107.766,0,0
$CH,18.700,L1CD,3,1670,49.7,8.566875796,855.830,14382.284,0,0
$CH,18.700,L1CD,4,1670,43.5,5.766810431,1852.773,30937.168,0,0
$CH,18.700,L1CD,7,1670,39.8,2.281873320,1357.303,22692.361,0,0
$CH,18.700,L1CD,8,1670,39.9,1.757673826,2097.353,34985.970,0,0
$CH,18.700,L1CD,9,1670,41.0,2.213621708,2265.177,37810.717,0,0
$CH,18.700,L1CD,16,1670,49.8,8.187540433,-134.409,-2147.154,0,0
$CH,18.700,L1CD,21,1670,41.5,0.209369160,-1420.566,-23749.191,0,0
$CH,18.700,L1CD,26,1670,46.8,2.406443235,-2457.366,-40977.848,0,0
$CH,18.700,L1CD,27,1670,42.4,9.537392414,1939.418,32380.740,0,0
$CH,18.700,L1CD,31,1670,42.0,8.605364183,-2598.114,-43396.903,0,0
$TIME,2024,5,11,3,27,56.261236
$CH,18.800,L1CD,1,1680,42.7,9.250292694,-2100.321,-35290.762,0,0
$CH,18.800,L1CD,2,1680,42.2,9.955022901,-1682.175,-28275.973,0,0
$CH,18.800,L1CD,3,1680,49.7,8.566821682,856.048,14467.880,0,0
$CH,18.800,L1CD,4,1680,43.5,5.766693420,1853.319,31122.491,0,0
$CH,18.800,L1CD,7,1680,39.8,2.281786437,1357.332,22828.045,0,0
$CH,18.800,L1CD,8,1680,39.9,1.757539306,2097.783,35195.688,0,0
$CH,18.800,L1CD,9,1680,41.0,2.213475576,2266.034,38037.253,0,0
$CH,18.800,L1CD,16,1680,49.8,8.187542824,-134.816,-2160.610,0,0
$CH,18.800,L1CD,21,1680,41.5,0.209459284,-1420.242,-23891.251,0,0
$CH,18.800,L1CD,26,1680,46.8,2.406595844,-2457.511,-41223.615,0,0
$CH,18.800,L1CD,27,1680,42.4,9.537269394,1938.867,32574.673,0,0
$CH,18.800,L1CD,31,1680,42.0,8.605538459,-2597.769,-43656.679,0,0
$TIME,2024,5,11,3,27,56.727176
$CH,18.900,L1CD,1,1690,42.7,9.250424212,-2100.622,-35500.805,0,0
$CH,18.900,L1CD,2,1690,42.2,9.955137338,-1681.993,-28444.177,0,0
$CH,18.900,L1CD,3,1690,49.7,8.566766225,855.875,14553.470,0,0
$CH,18.900,L1CD,4,1690,43.5,5.766572326,1853.417,31307.814,0,0
$CH,18.900,L1CD,7,1690,39.8,2.281700337,1356.396,22963.733,0,0
$CH,18.900,L1CD,8,1690,39.9,1.757409894,2097.029,35405.396,0,0
$CH,18.900,L1CD,9,1690,41.0,2.213330389,2265.027,38263.822,0,0
$CH,18.900,L1CD,16,1690,49.8,8.187549929,-134.532,-2174.077,0,0
$CH,18.900,L1CD,21,1690,41.5,0.209544244,-1420.228,-24033.321,0,0
$CH,18.900,L1CD,26,1690,46.8,2.406753390,-2457.976,-41469.384,0,0
$CH,18.900,L1CD,27,1690,42.4,9.537140324,1939.586,32768.597,0,0
$CH,18.900,L1CD,31,1690,42.0,8.605699335,-2598.229,-43916.448,0,0
$TIME,2024,5,11,3,27,57.196672
$CH,19.000,L1CD,1,1700,41.3,9.250553344,-2100.597,-35710.849,0,0
$CH,19.000,L1CD,2,1700,42.1,9.955237662,-1681.704,-28612.387,0,0
$CH,19.000,L1CD,3,1700,50.0,8.566710249,855.755,14639.053,0,0
$CH,19.000,L1CD,4,1700,42.8,5.766456905,1853.023,31493.140,0,0
$CH,19.000,L1CD,7,1700,40.9,2.281611502,1356.233,23099.410,0,0
$CH,19.000,L1CD,8,1700,39.9,1.757276245,2097.323,35615.096,0,0
$CH,19.000,L1CD,9,1700,40.5,2.213188993,2265.162,38490.363,0,0
$CH,19.000,L1CD,16,1700,50.7,8.187560994,-134.845,-2187.549,0,0
$CH,19.000,L1CD,21,1700,40.5,0.209640867,-1420.694,-24175.370,0,0
$CH,19.000,L1CD,26,1700,46.4,2.406907047,-2457.578,-41715.160,0,0
$CH,19.000,L1CD,27,1700,42.4,9.537024656,1939.296,32962.532,0,0
$CH,19.000,L1CD,31,1700,42.6,8.605862009,-2597.422,-44176.220,0,0
$TIME,2024,5,11,3,27,57.687116
$CH,19.100,L1CD,1,1710,41.3,9.250688243,-2100.041,-35920.890,0,0
$CH,19.100,L1CD,2,1710,42.1,9.955352803,-1681.916,-28780.597,0,0
$CH,19.100,L1CD,3,1710,50.0,8.566658332,855.554,14724.631,0,0
$CH,19.100,L1CD,4,1710,42.8,5.766340585,1853.004,31678.463,0,0
$CH,19.100,L1CD,7,1710,40.9,2.281522717,1357.111,23235.088,0,0
$CH,19.100,L1CD,8,1710,39.9,1.757152868,2097.059,35824.829,0,0
$CH,19.100,L1CD,9,1710,40.5,2.213047786,2264.810,38716.919,0,0
$CH,19.100,L1CD,16,1710,50.7,8.187580675,-134.650,-2201.028,0,0
$CH,19.100,L1CD,21,1710,40.5,0.209732942,-1420.548,-24317.431,0,0
$CH,19.100,L1CD,26,1710,46.4,2.407067086,-2457.615,-41960.939,0,0
$CH,19.100,L1CD,27,1710,42.4,9.536896608,1939.459,33156.461,0,0
$CH,19.100,L1CD,31,1710,42.6,8.606026786,-2597.318,-44435.999,0,0
$TIME,2024,5,11,3,27,58.449630
$CH,19.200,L1CD,1,1720,41.3,9.250821949,-2100.559,-36130.933,0,0
$CH,19.200,L1CD,2,1720,42.1,9.955458598,-1682.341,-28948.799,0,0
$CH,19.200,L1CD,3,1720,50.0,8.566604914,855.810,14810.204,0,0
$CH,19.200,L1CD,4,1720,42.8,5.766224551,1853.187,31863.778,0,0
$CH,19.200,L1CD,7,1720,40.9,2.281439378,1356.531,23370.772,0,0
$CH,19.200,L1CD,8,1720,39.9,1.757019335,2097.292,36034.552,0,0
$CH,19.200,L1CD,9,1720,40.5,2.212898506,2265.415,38943.469,0,0
$CH,19.200,L1CD,16,1720,50.7,8.187580047,-134.951,-2214.515,0,0
$CH,19.200,L1CD,21,1720,40.5,0.209823303,-1420.609,-24459.495,0,0
$CH,19.200,L1CD,26,1720,46.4,2.407224298,-2457.962,-42206.721,0,0
$CH,19.200,L1CD,27,1720,42.4,9.536765800,1939.104,33350.401,0,0
$CH,19.200,L1CD,31,1720,42.6,8.606197758,-2598.150,-44695.767,0,0
$TIME,2024,5,11,3,27,59.095912
$CH,19.300,L1CD,1,1730,41.3,9.250957219,-2101.145,-36340.970,0,0
$CH,19.300,L1CD,2,1730,42.1,9.955557351,-1681.761,-29117.009,0,0
$CH,19.300,L1CD,3,1730,50.0,8.566546986,855.580,14895.768,0,0
$CH,19.300,L1CD,4,1730,42.8,5.766100355,1853.481,32049.106,0,0
$CH,19.300,L1CD,7,1730,40.9,2.281359705,1355.518,23506.450,0,0
$CH,19.300,L1CD,8,1730,39.9,1.756882346,2097.191,36244.277,0,0
$CH,19.300,L1CD,9,1730,40.5,2.212749315,2266.457,39170.028,0,0
$CH,19.300,L1CD,16,1730,50.7,8.187585355,-135.110,-2228.009,0,0
$CH,19.300,L1CD,21,1730,40.5,0.209906454,-1420.471,-24601.542,0,0
$CH,19.300,L1CD,26,1730,46.4,2.407380316,-2457.767,-42452.510,0,0
$CH,19.300,L1CD,27,1730,42.4,9.536645385,1939.004,33544.338,0,0
$CH,19.300,L1CD,31,1730,42.6,8.606363146,-2597.806,-44955.533,0,0
$TIME,2024,5,11,3,27,59.631681
$CH,19.400,L1CD,1,1740,41.3,9.251095392,-2101.129,-36551.014,0,0
$CH,19.400,L1CD,2,1740,42.1,9.955671770,-1682.122,-29285.200,0,0
$CH,19.400,L1CD,3,1740,50.0,8.566495178,855.547,14981.327,0,0
$CH,19.400,L1CD,4,1740,42.8,5.765982115,1853.405,32234.430,0,0
$CH,19.400,L1CD,7,1740,40.9,2.281273350,1357.380,23642.111,0,0
$CH,19.400,L1CD,8,1740,39.9,1.756754385,2097.656,36454.004,0,0
$CH,19.400,L1CD,9,1740,40.5,2.212610967,2265.195,39396.595,0,0
$CH,19.400,L1CD,16,1740,50.7,8.187595951,-135.119,-2241.510,0,0
$CH,19.400,L1CD,21,1740,40.5,0.209992507,-1420.497,-24743.600,0,0
$CH,19.400,L1CD,26,1740,46.4,2.407536290,-2457.770,-42698.307,0,0
$CH,19.400,L1CD,27,1740,42.4,9.536526655,1938.944,33738.261,0,0
$CH,19.400,L1CD,31,1740,42.6,8.606527986,-2597.800,-45215.292,0,0
$TIME,2024,5,11,3,28,0.197921
$CH,19.500,L1CD,1,1750,41.3,9.251231002,-2100.533,-36761.055,0,0
$CH,19.500,L1CD,2,1750,42.1,9.955781618,-1682.260,-29453.405,0,0
$CH,19.500,L1CD,3,1750,50.0,8.566443022,855.324,15066.882,0,0
$CH,19.500,L1CD,4,1750,42.8,5.765870581,1853.151,32419.760,0,0
$CH,19.500,L1CD,7,1750,40.9,2.281181364,1356.714,23777.787,0,0
$CH,19.500,L1CD,8,1750,39.9,1.756620612,2097.015,36663.744,0,0
$CH,19.500,L1CD,9,1750,40.5,2.212472913,2265.078,39623.158,0,0
$CH,19.500,L1CD,16,1750,50.7,8.187614538,-135.122,-2255.020,0,0
$CH,19.500,L1CD,21,1750,40.5,0.210086315,-1421.534,-24885.637,0,0
$CH,19.500,L1CD,26,1750,46.4,2.407693018,-2457.829,-42944.101,0,0
$CH,19.500,L1CD,27,1750,42.4,9.536395956,1938.720,33932.197,0,0
$CH,19.500,L1CD,31,1750,42.6,8.606693365,-2597.969,-45475.064,0,0
$TIME,2024,5,11,3,28,0.825340
$CH,19.600,L1CD,1,1760,41.3,9.251364971,-2100.102,-36971.096,0,0
$CH,19.600,L1CD,2,1760,42.1,9.955886901,-1681.920,-29621.610,0,0
$CH,19.600,L1CD,3,1760,50.0,8.566390251,855.422,15152.425,0,0
$CH,19.600,L1CD,4,1760,42.8,5.765754454,1853.600,32605.087,0,0
$CH,19.600,L1CD,7,1760,40.9,2.281097562,1356.355,23913.446,0,0
$CH,19.600,L1CD,8,1760,39.9,1.756481603,2097.504,36873.469,0,0
$CH,19.600,L1CD,9,1760,40.5,2.212322858,2265.860,39849.720,0,0
$CH,19.600,L1CD,16,1760,50.7,8.187619341,-135.046,-2268.535,0,0
$CH,19.600,L1CD,21,1760,40.5,0.210180587,-1420.262,-25027.703,0,0
$CH,19.600,L1CD,26,1760,46.4,2.407848313,-2458.011,-43189.902,0,0
$CH,19.600,L1CD,27,1760,42.4,9.536278476,1939.593,34126.127,0,0
$CH,19.600,L1CD,31,1760,42.6,8.606853829,-2597.595,-45734.829,0,0
$TIME,2024,5,11,3,28,1.375442
$CH,19.700,L1CD,1,1770,41.3,9.251500391,-2100.250,-37181.139,0,0
$CH,19.700,L1CD,2,1770,42.1,9.955992312,-1682.428,-29789.806,0,0
$CH,19.700,L1CD,3,1770,50.0,8.566336545,855.361,15237.963,0,0
$CH,19.700,L1CD,4,1770,42.8,5.765633253,1853.134,32790.417,0,0
$CH,19.700,L1CD,7,1770,40.9,2.281012536,1356.727,24049.107,0,0
$CH,19.700,L1CD,8,1770,39.9,1.756351218,2097.161,37083.209,0,0
$CH,19.700,L1CD,9,1770,40.5,2.212176863,2265.705,40076.286,0,0
$CH,19.700,L1CD,16,1770,50.7,8.187624056,-135.462,-2282.054,0,0
$CH,19.700,L1CD,21,1770,40.5,0.210289285,-1420.158,-25169.752,0,0
$CH,19.700,L1CD,26,1770,46.4,2.408002079,-2458.049,-43435.708,0,0
$CH,19.700,L1CD,27,1770,42.4,9.536160776,1939.719,34320.063,0,0
$CH,19.700,L1CD,31,1770,42.6,8.607019338,-2597.297,-45994.591,0,0
$TIME,2024,5,11,3,28,1.900911
$CH,19.800,L1CD,1,1780,41.3,9.251632230,-2100.956,-37391.175,0,0
$CH,19.800,L1CD,2,1780,42.1,9.956102225,-1681.783,-29958.001,0,0
$CH,19.800,L1CD,3,1780,50.0,8.566280380,855.379,15323.499,0,0
$CH,19.800,L1CD,4,1780,42.8,5.765517188,1853.195,32975.742,0,0
$CH,19.800,L1CD,7,1780,40.9,2.280929286,1356.799,24184.769,0,0
$CH,19.800,L1CD,8,1780,39.9,1.756220365,2097.374,37292.938,0,0
$CH,19.800,L1CD,9,1780,40.5,2.212030708,2265.781,40302.853,0,0
$CH,19.800,L1CD,16,1780,50.7,8.187628845,-135.380,-2295.584,0,0
$CH,19.800,L1CD,21,1780,40.5,0.210376070,-1419.861,-25311.789,0,0
$CH,19.800,L1CD,26,1780,46.4,2.408158753,-2458.142,-43681.523,0,0
$CH,19.800,L1CD,27,1780,42.4,9.536037527,1939.791,34514.006,0,0
$CH,19.800,L1CD,31,1780,42.6,8.607181200,-2597.859,-46254.356,0,0
$TIME,2024,5,11,3,28,2.425351
$CH,19.900,L1CD,1,1790,41.3,9.251765175,-2100.111,-37601.217,0,0
$CH,19.900,L1CD,2,1790,42.1,9.956207145,-1681.511,-30126.193,0,0
$CH,19.900,L1CD,3,1790,50.0,8.566218325,855.027,15409.030,0,0
$CH,19.900,L1CD,4,1790,42.8,5.765407831,1853.601,33161.070,0,0
$CH,19.900,L1CD,7,1790,40.9,2.280833205,1357.040,24320.428,0,0
$CH,19.900,L1CD,8,1790,39.9,1.756087619,2097.225,37502.691,0,0
$CH,19.900,L1CD,9,1790,40.5,2.211887375,2265.939,40529.414,0,0
$CH,19.900,L1CD,16,1790,50.7,8.187639755,-135.429,-2309.122,0,0
$CH,19.900,L1CD,21,1790,40.5,0.210460744,-1419.616,-25453.840,0,0
$CH,19.900,L1CD,26,1790,46.4,2.408313961,-2457.998,-43927.342,0,0
$CH,19.900,L1CD,27,1790,42.4,9.535911381,1939.789,34707.936,0,0
$CH,19.900,L1CD,31,1790,42.6,8.607350610,-2597.445,-46514.118,0,0
$TIME,2024,5,11,3,28,2.955061
$CH,20.000,L1CD,1,1800,41.6,9.251900926,-2100.291,-37811.260,0,0
$CH,20.000,L1CD,2,1800,41.8,9.956309286,-1682.916,-30294.385,0,0
$CH,20.000,L1CD,3,1800,50.4,8.566168869,855.177,15494.548,0,0
$CH,20.000,L1CD,4,1800,43.4,5.765284620,1853.291,33346.403,0,0
$CH,20.000,L1CD,7,1800,40.7,2.280756122,1356.791,24456.090,0,0
$CH,20.000,L1CD,8,1800,39.1,1.755953454,2097.467,37712.432,0,0
$CH,20.000,L1CD,9,1800,40.1,2.211742218,2265.559,40755.981,0,0
$CH,20.000,L1CD,16,1800,50.5,8.187660556,-135.352,-2322.668,0,0
$CH,20.000,L1CD,21,1800,40.7,0.210547424,-1420.497,-25595.877,0,0
$CH,20.000,L1CD,26,1800,46.2,2.408465799,-2458.209,-44173.157,0,0
$CH,20.000,L1CD,27,1800,41.3,9.535789079,1939.318,34901.875,0,0
$CH,20.000,L1CD,31,1800,43.3,8.607514300,-2596.984,-46773.886,0,0
$TIME,2024,5,11,3,28,3.522488
$CH,20.100,L1CD,1,1810,41.6,9.252034570,-2100.474,-38021.299,0,0
$CH,20.100,L1CD,2,1810,41.8,9.956419083,-1682.002,-30462.598,0,0
$CH,20.100,L1CD,3,1810,50.4,8.566116670,855.078,15580.067,0,0
$CH,20.100,L1CD,4,1810,43.4,5.765162350,1853.358,33531.736,0,0
$CH,20.100,L1CD,7,1810,40.7,2.280663399,1355.752,24591.748,0,0
$CH,20.100,L1CD,8,1810,39.1,1.755819679,2097.047,37922.183,0,0
$CH,20.100,L1CD,9,1810,40.1,2.211602759,2265.511,40982.555,0,0
$CH,20.100,L1CD,16,1810,50.5,8.187662464,-135.581,-2336.218,0,0
$CH,20.100,L1CD,21,1810,40.7,0.210631235,-1420.438,-25737.918,0,0
$CH,20.100,L1CD,26,1810,46.2,2.408625283,-2458.107,-44418.985,0,0
$CH,20.100,L1CD,27,1810,41.3,9.535661049,1939.218,35095.805,0,0
$CH,20.100,L1CD,31,1810,43.3,8.607673087,-2597.804,-47033.639,0,0
$TIME,2024,5,11,3,28,4.100685
$CH,20.200,L1CD,1,1820,41.6,9.252160992,-2100.334,-38231.340,0,0
$CH,20.200,L1CD,2,1820,41.8,9.956518069,-1682.680,-30630.785,0,0
$CH,20.200,L1CD,3,1820,50.4,8.566061127,855.017,15665.571,0,0
$CH,20.200,L1CD,4,1820,43.4,5.765052782,1853.277,33717.066,0,0
$CH,20.200,L1CD,7,1820,40.7,2.280585768,1356.519,24727.391,0,0
$CH,20.200,L1CD,8,1820,39.1,1.755684394,2097.963,38131.912,0,0
$CH,20.200,L1CD,9,1820,40.1,2.211462213,2265.649,41209.126,0,0
$CH,20.200,L1CD,16,1820,50.5,8.187662057,-135.635,-2349.773,0,0
$CH,20.200,L1CD,21,1820,40.7,0.210728470,-1419.751,-25879.962,0,0
$CH,20.200,L1CD,26,1820,46.2,2.408782836,-2458.288,-44664.819,0,0
$CH,20.200,L1CD,27,1820,41.3,9.535543726,1939.636,35289.744,0,0
$CH,20.200,L1CD,31,1820,43.3,8.607847092,-2597.772,-47293.395,0,0
$TIME,2024,5,11,3,28,4.632667
$CH,20.300,L1CD,1,1830,41.6,9.252291304,-2100.205,-38441.373,0,0
$CH,20.300,L1CD,2,1830,41.8,9.956626918,-1681.571,-30798.980,0,0
$CH,20.300,L1CD,3,1830,50.4,8.566006918,855.183,15751.073,0,0
$CH,20.300,L1CD,4,1830,43.4,5.764932756,1853.362,33902.398,0,0
$CH,20.300,L1CD,7,1830,40.7,2.280502126,1356.129,24863.034,0,0
$CH,20.300,L1CD,8,1830,39.1,1.755556976,2097.625,38341.672,0,0
$CH,20.300,L1CD,9,1830,40.1,2.211319564,2265.265,41435.702,0,0
$CH,20.300,L1CD,16,1830,50.5,8.187666797,-135.773,-2363.341,0,0
$CH,20.300,L1CD,21,1830,40.7,0.210820166,-1420.147,-26021.989,0,0
$CH,20.300,L1CD,26,1830,46.2,2.408934033,-2458.463,-44910.644,0,0
$CH,20.300,L1CD,27,1830,41.3,9.535423043,1939.661,35483.675,0,0
$CH,20.300,L1CD,31,1830,43.3,8.608010790,-2597.824,-47553.153,0,0
$TIME,2024,5,11,3,28,5.166349
$CH,20.400,L1CD,1,1840,41.6,9.252417898,-2100.445,-38651.418,0,0
$CH,20.400,L1CD,2,1840,41.8,9.956732340,-1681.510,-30967.170,0,0
$CH,20.400,L1CD,3,1840,50.4,8.565951244,855.207,15836.569,0,0
$CH,20.400,L1CD,4,1840,43.4,5.764809368,1852.935,34087.734,0,0
$CH,20.400,L1CD,7,1840,40.7,2.280407529,1356.106,24998.698,0,0
$CH,20.400,L1CD,8,1840,39.1,1.755420514,2097.154,38551.439,0,0
$CH,20.400,L1CD,9,1840,40.1,2.211179902,2265.616,41662.276,0,0
$CH,20.400,L1CD,16,1840,50.5,8.187683068,-135.799,-2376.913,0,0
$CH,20.400,L1CD,21,1840,40.7,0.210912147,-1420.679,-26164.032,0,0
$CH,20.400,L1CD,26,1840,46.2,2.409091061,-2458.142,-45156.486,0,0
$CH,20.400,L1CD,27,1840,41.3,9.535298644,1939.135,35677.622,0,0
$CH,20.400,L1CD,31,1840,43.3,8.608171152,-2597.204,-47812.919,0,0
$TIME,2024,5,11,3,28,5.706726
$CH,20.500,L1CD,1,1850,41.6,9.252553640,-2100.335,-38861.454,0,0
$CH,20.500,L1CD,2,1850,41.8,9.956837687,-1682.021,-31135.364,0,0
$CH,20.500,L1CD,3,1850,50.4,8.565896803,854.691,15922.064,0,0
$CH,20.500,L1CD,4,1850,43.4,5.764689135,1853.361,34273.065,0,0
$CH,20.500,L1CD,7,1850,40.7,2.280319816,1356.653,25134.340,0,0
$CH,20.500,L1CD,8,1850,39.1,1.755285494,2097.932,38761.188,0,0
$CH,20.500,L1CD,9,1850,40.1,2.211030706,2266.090,41888.852,0,0
$CH,20.500,L1CD,16,1850,50.5,8.187699670,-135.813,-2390.493,0,0
$CH,20.500,L1CD,21,1850,40.7,0.210987978,-1420.490,-26306.070,0,0
$CH,20.500,L1CD,26,1850,46.2,2.409252937,-2458.328,-45402.332,0,0
$CH,20.500,L1CD,27,1850,41.3,9.535168914,1939.692,35871.563,0,0
$CH,20.500,L1CD,31,1850,43.3,8.608335542,-2597.586,-48072.667,0,0
$TIME,2024,5,11,3,28,6.233115
$CH,20.600,L1CD,1,1860,41.6,9.252687028,-2100.179,-39071.495,0,0
$CH,20.600,L1CD,2,1860,41.8,9.956953863,-1681.139,-31303.557,0,0
$CH,20.600,L1CD,3,1860,50.4,8.565843416,854.894,16007.549,0,0
$CH,20.600,L1CD,4,1860,43.4,5.764569796,1853.742,34458.399,0,0
$CH,20.600,L1CD,7,1860,40.7,2.280231264,1356.164,25269.986,0,0
$CH,20.600,L1CD,8,1860,39.1,1.755158368,2097.212,38970.939,0,0
$CH,20.600,L1CD,9,1860,40.1,2.210890579,2266.442,42115.426,0,0
$CH,20.600,L1CD,16,1860,50.5,8.187700512,-135.815,-2404.080,0,0
$CH,20.600,L1CD,21,1860,40.7,0.211083272,-1421.302,-26448.087,0,0
$CH,20.600,L1CD,26,1860,46.2,2.409412062,-2458.268,-45648.183,0,0
$CH,20.600,L1CD,27,1860,41.3,9.535046220,1939.887,36065.493,0,0
$CH,20.600,L1CD,31,1860,43.3,8.608504287,-2597.506,-48332.422,0,0
$TIME,2024,5,11,3,28,6.769826
$CH,20.700,L1CD,1,1870,41.6,9.252822117,-2100.459,-39281.531,0,0
$CH,20.700,L1CD,2,1870,41.8,9.957063917,-1681.848,-31471.739,0,0
$CH,20.700,L1CD,3,1870,50.4,8.565788667,854.683,16093.027,0,0
$CH,20.700,L1CD,4,1870,43.4,5.764457074,1853.448,34643.741,0,0
$CH,20.700,L1CD,7,1870,40.7,2.280139851,1355.842,25405.633,0,0
$CH,20.700,L1CD,8,1870,39.1,1.755017506,2097.687,39180.711,0,0
$CH,20.700,L1CD,9,1870,40.1,2.210741129,2265.815,42342.010,0,0
$CH,20.700,L1CD,16,1870,50.5,8.187701514,-135.679,-2417.671,0,0
$CH,20.700,L1CD,21,1870,40.7,0.211176845,-1419.174,-26590.124,0,0
$CH,20.700,L1CD,26,1870,46.2,2.409570028,-2458.500,-45894.031,0,0
$CH,20.700,L1CD,27,1870,41.3,9.534924012,1940.130,36259.434,0,0
$CH,20.700,L1CD,31,1870,43.3,8.608670451,-2597.632,-48592.177,0,0
$TIME,2024,5,11,3,28,7.300169
$CH,20.800,L1CD,1,1880,41.6,9.252955506,-2100.550,-39491.569,0,0
$CH,20.800,L1CD,2,1880,41.8,9.957164057,-1681.883,-31639.913,0,0
$CH,20.800,L1CD,3,1880,50.4,8.565735247,854.520,16178.497,0,0
$CH,20.800,L1CD,4,1880,43.4,5.764344806,1853.746,34829.067,0,0
$CH,20.800,L1CD,7,1880,40.7,2.280061301,1356.744,25541.255,0,0
$CH,20.800,L1CD,8,1880,39.1,1.754884433,2097.896,39390.474,0,0
$CH,20.800,L1CD,9,1880,40.1,2.210597824,2265.841,42568.599,0,0
$CH,20.800,L1CD,16,1880,50.5,8.187708446,-136.054,-2431.272,0,0
$CH,20.800,L1CD,21,1880,40.7,0.211260894,-1420.231,-26732.156,0,0
$CH,20.800,L1CD,26,1880,46.2,2.409725557,-2458.380,-46139.893,0,0
$CH,20.800,L1CD,27,1880,41.3,9.534807564,1939.629,36453.376,0,0
$CH,20.800,L1CD,31,1880,43.3,8.608832947,-2597.491,-48851.930,0,0
$TIME,2024,5,11,3,28,7.836885
$CH,20.900,L1CD,1,1890,41.6,9.253093060,-2100.542,-39701.606,0,0
$CH,20.900,L1CD,2,1890,41.8,9.957273282,-1681.699,-31808.106,0,0
$CH,20.900,L1CD,3,1890,50.4,8.565680004,854.538,16263.961,0,0
$CH,20.900,L1CD,4,1890,43.4,5.764223168,1853.306,35014.417,0,0
$CH,20.900,L1CD,7,1890,40.7,2.279979984,1355.991,25676.893,0,0
$CH,20.900,L1CD,8,1890,39.1,1.754753944,2096.986,39600.249,0,0
$CH,20.900,L1CD,9,1890,40.1,2.210456955,2265.587,42795.186,0,0
$CH,20.900,L1CD,16,1890,50.5,8.187728221,-136.151,-2444.881,0,0
$CH,20.900,L1CD,21,1890,40.7,0.211347888,-1420.120,-26874.184,0,0
$CH,20.900,L1CD,26,1890,46.2,2.409876727,-2458.587,-46385.753,0,0
$CH,20.900,L1CD,27,1890,41.3,9.534687147,1939.138,36647.320,0,0
$CH,20.900,L1CD,31,1890,43.3,8.608993404,-2597.641,-49111.681,0,0
$TIME,2024,5,11,3,28,8.358239
$CH,21.000,L1CD,1,1900,43.4,9.253227821,-2100.661,-39911.645,0,0
$CH,21.000,L1CD,2,1900,41.9,9.957382452,-1682.233,-31976.282,0,0
$CH,21.000,L1CD,3,1900,50.4,8.565626833,854.376,16349.421,0,0
$CH,21.000,L1CD,4,1900,44.5,5.764109789,1853.270,35199.753,0,0
$CH,21.000,L1CD,7,1900,40.6,2.279898274,1356.095,25812.531,0,0
$CH,21.000,L1CD,8,1900,39.3,1.754620387,2097.987,39809.999,0,0
$CH,21.000,L1CD,9,1900,39.5,2.210307655,2266.249,43021.761,0,0
$CH,21.000,L1CD,16,1900,50.1,8.187738690,-136.108,-2458.497,0,0
$CH,21.000,L1CD,21,1900,41.3,0.211441685,-1420.033,-27016.209,0,0
$CH,21.000,L1CD,26,1900,45.3,2.410032054,-2458.632,-46631.618,0,0
$CH,21.000,L1CD,27,1900,41.5,9.534563883,1939.678,36841.256,0,0
$CH,21.000,L1CD,31,1900,43.3,8.609156620,-2597.748,-49371.429,0,0
$TIME,2024,5,11,3,28,8.896187
$CH,21.100,L1CD,1,1910,43.4,9.253353434,-2100.075,-40121.683,0,0
$CH,21.100,L1CD,2,1910,41.9,9.957486973,-1683.887,-32144.460,0,0
$CH,21.100,L1CD,3,1910,50.4,8.565574207,854.778,16434.874,0,0
$CH,21.100,L1CD,4,1910,44.5,5.763993172,1852.985,35385.087,0,0
$CH,21.100,L1CD,7,1910,40.6,2.279807667,1355.902,25948.157,0,0
$CH,21.100,L1CD,8,1910,39.3,1.754490720,2096.981,40019.780,0,0
$CH,21.100,L1CD,9,1910,39.5,2.210169282,2265.743,43248.346,0,0
$CH,21.100,L1CD,16,1910,50.1,8.187738194,-136.352,-2472.118,0,0
$CH,21.100,L1CD,21,1910,41.3,0.211533943,-1419.783,-27158.233,0,0
$CH,21.100,L1CD,26,1910,45.3,2.410187221,-2458.794,-46877.490,0,0
$CH,21.100,L1CD,27,1910,41.5,9.534443327,1939.252,37035.190,0,0
$CH,21.100,L1CD,31,1910,43.3,8.609321440,-2597.455,-49631.182,0,0
$TIME,2024,5,11,3,28,9.500585
$CH,21.200,L1CD,1,1920,43.4,9.253488287,-2100.441,-40331.720,0,0
$CH,21.200,L1CD,2,1920,41.9,9.957595482,-1681.094,-32312.655,0,0
$CH,21.200,L1CD,3,1920,50.4,8.565520763,854.249,16520.323,0,0
$CH,21.200,L1CD,4,1920,44.5,5.763871117,1853.732,35570.420,0,0
$CH,21.200,L1CD,7,1920,40.6,2.279722685,1356.039,26083.794,0,0
$CH,21.200,L1CD,8,1920,39.3,1.754352721,2097.190,40229.557,0,0
$CH,21.200,L1CD,9,1920,39.5,2.210019666,2265.885,43474.944,0,0
$CH,21.200,L1CD,16,1920,50.1,8.187744659,-136.416,-2485.749,0,0
$CH,21.200,L1CD,21,1920,41.3,0.211626682,-1420.785,-27300.252,0,0
$CH,21.200,L1CD,26,1920,45.3,2.410342844,-2458.861,-47123.364,0,0
$CH,21.200,L1CD,27,1920,41.5,9.534317459,1939.303,37229.141,0,0
$CH,21.200,L1CD,31,1920,43.3,8.609492598,-2597.796,-49890.936,0,0
$TIME,2024,5,11,3,28,10.182191
$CH,21.300,L1CD,1,1930,43.4,9.253621751,-2101.041,-40541.752,0,0
$CH,21.300,L1CD,2,1930,41.9,9.957698346,-1681.691,-32480.830,0,0
$CH,21.300,L1CD,3,1930,50.4,8.565466064,854.378,16605.760,0,0
$CH,21.300,L1CD,4,1930,44.5,5.763748477,1853.196,35755.766,0,0
$CH,21.300,L1CD,7,1930,40.6,2.279639014,1355.961,26219.412,0,0
$CH,21.300,L1CD,8,1930,39.3,1.754219356,2098.241,40439.325,0,0
$CH,21.300,L1CD,9,1930,39.5,2.209873948,2265.758,43701.534,0,0
$CH,21.300,L1CD,16,1930,50.1,8.187758228,-136.358,-2499.387,0,0
$CH,21.300,L1CD,21,1930,41.3,0.211720238,-1420.262,-27442.270,0,0
$CH,21.300,L1CD,26,1930,45.3,2.410501735,-2458.682,-47369.248,0,0
$CH,21.300,L1CD,27,1930,41.5,9.534182890,1939.759,37423.077,0,0
$CH,21.300,L1CD,31,1930,43.3,8.609657579,-2597.675,-50150.673,0,0
$TIME,2024,5,11,3,28,10.836536
$CH,21.400,L1CD,1,1940,43.4,9.253752558,-2100.685,-40751.795,0,0
$CH,21.400,L1CD,2,1940,41.9,9.957805624,-1681.881,-32649.008,0,0
$CH,21.400,L1CD,3,1940,50.4,8.565411340,854.309,16691.195,0,0
$CH,21.400,L1CD,4,1940,44.5,5.763635423,1853.289,35941.109,0,0
$CH,21.400,L1CD,7,1940,40.6,2.279545194,1356.168,26355.043,0,0
$CH,21.400,L1CD,8,1940,39.3,1.754090118,2098.737,40649.105,0,0
$CH,21.400,L1CD,9,1940,39.5,2.209730156,2266.322,43928.130,0,0
$CH,21.400,L1CD,16,1940,50.1,8.187780191,-136.470,-2513.029,0,0
$CH,21.400,L1CD,21,1940,41.3,0.211811954,-1419.935,-27584.287,0,0
$CH,21.400,L1CD,26,1940,45.3,2.410658345,-2458.994,-47615.134,0,0
$CH,21.400,L1CD,27,1940,41.5,9.534058796,1938.842,37617.020,0,0
$CH,21.400,L1CD,31,1940,43.3,8.609827951,-2597.400,-50410.421,0,0
$TIME,2024,5,11,3,28,11.490350
$CH,21.500,L1CD,1,1950,43.4,9.253886566,-2100.405,-40961.835,0,0
$CH,21.500,L1CD,2,1950,41.9,9.957924149,-1680.633,-32817.197,0,0
$CH,21.500,L1CD,3,1950,50.4,8.565351565,854.247,16776.623,0,0
$CH,21.500,L1CD,4,1950,44.5,5.763521253,1853.813,36126.456,0,0
$CH,21.500,L1CD,7,1950,40.6,2.279464578,1355.740,26490.662,0,0
$CH,21.500,L1CD,8,1950,39.3,1.753960363,2097.858,40858.890,0,0
$CH,21.500,L1CD,9,1950,39.5,2.209584462,2266.265,44154.718,0,0
$CH,21.500,L1CD,16,1950,50.1,8.187780926,-136.427,-2526.680,0,0
$CH,21.500,L1CD,21,1950,41.3,0.211889248,-1420.390,-27726.299,0,0
$CH,21.500,L1CD,26,1950,45.3,2.410811071,-2458.996,-47861.023,0,0
$CH,21.500,L1CD,27,1950,41.5,9.533935233,1940.312,37810.962,0,0
$CH,21.500,L1CD,31,1950,43.3,8.609985504,-2597.183,-50670.174,0,0
$TIME,2024,5,11,3,28,12.354692
$CH,21.600,L1CD,1,1960,43.4,9.254017515,-2100.125,-41171.868,0,0
$CH,21.600,L1CD,2,1960,41.9,9.958024470,-1682.108,-32985.358,0,0
$CH,21.600,L1CD,3,1960,50.4,8.565298932,854.071,16862.042,0,0
$CH,21.600,L1CD,4,1960,44.5,5.763395457,1853.324,36311.801,0,0
$CH,21.600,L1CD,7,1960,40.6,2.279374768,1356.683,26626.280,0,0
$CH,21.600,L1CD,8,1960,39.3,1.753824153,2098.265,41068.674,0,0
$CH,21.600,L1CD,9,1960,39.5,2.209447115,2265.702,44381.321,0,0
$CH,21.600,L1CD,16,1960,50.1,8.187783738,-136.749,-2540.337,0,0
$CH,21.600,L1CD,21,1960,41.3,0.211982412,-1420.247,-27868.320,0,0
$CH,21.600,L1CD,26,1960,45.3,2.410965689,-2459.140,-48106.915,0,0
$CH,21.600,L1CD,27,1960,41.5,9.533817862,1939.255,38004.906,0,0
$CH,21.600,L1CD,31,1960,43.3,8.610149686,-2597.475,-50929.918,0,0
$TIME,2024,5,11,3,28,13.066073
$CH,21.700,L1CD,1,1970,43.4,9.254153418,-2099.788,-41381.903,0,0
$CH,21.700,L1CD,2,1970,41.9,9.958126632,-1681.139,-33153.530,0,0
$CH,21.700,L1CD,3,1970,50.4,8.565248413,854.028,16947.460,0,0
$CH,21.700,L1CD,4,1970,44.5,5.763279437,1853.502,36497.135,0,0
$CH,21.700,L1CD,7,1970,40.6,2.279291829,1355.749,26761.902,0,0
$CH,21.700,L1CD,8,1970,39.3,1.753692785,2098.401,41278.454,0,0
$CH,21.700,L1CD,9,1970,39.5,2.209300719,2265.704,44607.909,0,0
$CH,21.700,L1CD,16,1970,50.1,8.187789064,-136.685,-2554.003,0,0
$CH,21.700,L1CD,21,1970,41.3,0.212071305,-1419.717,-28010.333,0,0
$CH,21.700,L1CD,26,1970,45.3,2.411123002,-2458.825,-48352.820,0,0
$CH,21.700,L1CD,27,1970,41.5,9.533698516,1939.561,38198.837,0,0
$CH,21.700,L1CD,31,1970,43.3,8.610314454,-2597.772,-51189.650,0,0
$TIME,2024,5,11,3,28,13.762350
$CH,21.800,L1CD,1,1980,43.4,9.254285770,-2100.741,-41591.935,0,0
$CH,21.800,L1CD,2,1980,41.9,9.958234897,-1681.502,-33321.715,0,0
$CH,21.800,L1CD,3,1980,50.4,8.565191183,854.005,17032.871,0,0
$CH,21.800,L1CD,4,1980,44.5,5.763165215,1853.909,36682.479,0,0
$CH,21.800,L1CD,7,1980,40.6,2.279204378,1355.871,26897.514,0,0
$CH,21.800,L1CD,8,1980,39.3,1.753554241,2098.519,41488.252,0,0
$CH,21.800,L1CD,9,1980,39.5,2.209157457,2266.170,44834.511,0,0
$CH,21.800,L1CD,16,1980,50.1,8.187803530,-137.013,-2567.675,0,0
$CH,21.800,L1CD,21,1980,41.3,0.212165359,-1420.235,-28152.341,0,0
$CH,21.800,L1CD,26,1980,45.3,2.411280626,-2458.931,-48598.720,0,0
$CH,21.800,L1CD,27,1980,41.5,9.533584300,1939.430,38392.794,0,0
$CH,21.800,L1CD,31,1980,43.3,8.610484536,-2597.414,-51449.396,0,0
$TIME,2024,5,11,3,28,14.445077
$CH,21.900,L1CD,1,1990,43.4,9.254418130,-2100.578,-41801.972,0,0
$CH,21.900,L1CD,2,1990,41.9,9.958341710,-1681.585,-33489.882,0,0
$CH,21.900,L1CD,3,1990,50.4,8.565138214,853.958,17118.271,0,0
$CH,21.900,L1CD,4,1990,44.5,5.763046746,1853.668,36867.828,0,0
$CH,21.900,L1CD,7,1990,40.6,2.279117091,1356.183,27033.124,0,0
$CH,21.900,L1CD,8,1990,39.3,1.753422000,2097.929,41698.049,0,0
$CH,21.900,L1CD,9,1990,39.5,2.209018081,2266.015,45061.108,0,0
$CH,21.900,L1CD,16,1990,50.1,8.187820636,-136.983,-2581.353,0,0
$CH,21.900,L1CD,21,1990,41.3,0.212255716,-1420.250,-28294.347,0,0
$CH,21.900,L1CD,26,1990,45.3,2.411434976,-2459.048,-48844.629,0,0
$CH,21.900,L1CD,27,1990,41.5,9.533457815,1939.843,38586.726,0,0
$CH,21.900,L1CD,31,1990,43.3,8.610649161,-2597.780,-51709.137,0,0
$LOG,22.000,L1CD,6,SIGNAL NOT FOUND (34.4)
$TIME,2024,5,11,3,28,21.160446
$CH,22.000,L1CD,1,2000,43.2,9.254554637,-2100.364,-42012.009,0,0
$CH,22.000,L1CD,2,2000,41.8,9.958451833,-1681.254,-33658.058,0,0
$CH,22.000,L1CD,3,2000,50.4,8.565088717,854.057,17203.669,0,0
$CH,22.000,L1CD,4,2000,45.6,5.762929407,1853.666,37053.173,0,0
$CH,22.000,L1CD,7,2000,40.3,2.279032495,1356.437,27168.735,0,0
$CH,22.000,L1CD,8,2000,39.6,1.753282355,2097.753,41907.848,0,0
$CH,22.000,L1CD,9,2000,40.0,2.208874377,2265.853,45287.710,0,0
$CH,22.000,L1CD,16,2000,49.6,8.187819967,-137.048,-2595.042,0,0
$CH,22.000,L1CD,21,2000,40.9,0.212340391,-1419.945,-28436.359,0,0
$CH,22.000,L1CD,26,2000,45.2,2.411594709,-2458.947,-49090.542,0,0
$CH,22.000,L1CD,27,2000,42.1,9.533330656,1939.061,38780.674,0,0
$CH,22.000,L1CD,31,2000,43.1,8.610810387,-2597.773,-51968.870,0,0
$TIME,2024,5,11,3,28,21.899249
$CH,22.100,L1CD,1,2010,43.2,9.254686302,-2100.208,-42222.044,0,0
$CH,22.100,L1CD,2,2010,41.8,9.958550976,-1681.513,-33826.227,0,0
$CH,22.100,L1CD,3,2010,50.4,8.565034436,854.002,17289.060,0,0
$CH,22.100,L1CD,4,2010,45.6,5.762810987,1853.270,37238.521,0,0
$CH,22.100,L1CD,7,2010,40.3,2.278939211,1355.733,27304.343,0,0
$CH,22.100,L1CD,8,2010,39.6,1.753145657,2097.714,42117.642,0,0
$CH,22.100,L1CD,9,2010,40.0,2.208734776,2265.997,45514.313,0,0
$CH,22.100,L1CD,16,2010,49.6,8.187825415,-136.984,-2608.733,0,0
$CH,22.100,L1CD,21,2010,40.9,0.212428083,-1420.215,-28578.366,0,0
$CH,22.100,L1CD,26,2010,45.2,2.411745693,-2459.056,-49336.459,0,0
$CH,22.100,L1CD,27,2010,42.1,9.533205714,1939.868,38974.620,0,0
$CH,22.100,L1CD,31,2010,43.1,8.610974617,-2597.253,-52228.614,0,0
$TIME,2024,5,11,3,28,22.771741
$CH,22.200,L1CD,1,2020,43.2,9.254821200,-2100.348,-42432.074,0,0
$CH,22.200,L1CD,2,2020,41.8,9.958654267,-1681.345,-33994.393,0,0
$CH,22.200,L1CD,3,2020,50.4,8.564977199,853.899,17374.442,0,0
$CH,22.200,L1CD,4,2020,45.6,5.762697072,1853.534,37423.868,0,0
$CH,22.200,L1CD,7,2020,40.3,2.278851139,1356.435,27439.946,0,0
$CH,22.200,L1CD,8,2020,39.6,1.753010201,2098.023,42327.437,0,0
$CH,22.200,L1CD,9,2020,40.0,2.208583589,2265.648,45740.915,0,0
$CH,22.200,L1CD,16,2020,49.6,8.187838416,-137.019,-2622.434,0,0
$CH,22.200,L1CD,21,2020,40.9,0.212521548,-1419.650,-28720.368,0,0
$CH,22.200,L1CD,26,2020,45.2,2.411904401,-2459.068,-49582.387,0,0
$CH,22.200,L1CD,27,2020,42.1,9.533078326,1939.425,39168.570,0,0
$CH,22.200,L1CD,31,2020,43.1,8.611140374,-2597.827,-52488.344,0,0
$TIME,2024,5,11,3,28,23.565168
$CH,22.300,L1CD,1,2030,43.2,9.254956159,-2100.385,-42642.117,0,0
$CH,22.300,L1CD,2,2030,41.8,9.958766480,-1681.585,-34162.562,0,0
$CH,22.300,L1CD,3,2030,50.4,8.564927745,853.779,17459.820,0,0
$CH,22.300,L1CD,4,2030,45.6,5.762581313,1853.238,37609.220,0,0
$CH,22.300,L1CD,7,2030,40.3,2.278767615,1355.825,27575.553,0,0
$CH,22.300,L1CD,8,2030,39.6,1.752877907,2098.723,42537.242,0,0
$CH,22.300,L1CD,9,2030,40.0,2.208440087,2266.177,45967.525,0,0
$CH,22.300,L1CD,16,2030,49.6,8.187857452,-137.344,-2636.142,0,0
$CH,22.300,L1CD,21,2030,40.9,0.212617716,-1420.117,-28862.377,0,0
$CH,22.300,L1CD,26,2030,45.2,2.412059490,-2459.373,-49828.311,0,0
$CH,22.300,L1CD,27,2030,42.1,9.532961906,1939.826,39362.513,0,0
$CH,22.300,L1CD,31,2030,43.1,8.611308110,-2597.443,-52748.095,0,0
$TIME,2024,5,11,3,28,24.303436
$CH,22.400,L1CD,1,2040,43.2,9.255084168,-2100.311,-42852.150,0,0
$CH,22.400,L1CD,2,2040,41.8,9.958868907,-1681.804,-34330.725,0,0
$CH,22.400,L1CD,3,2040,50.4,8.564867395,853.734,17545.191,0,0
$CH,22.400,L1CD,4,2040,45.6,5.762458970,1853.555,37794.567,0,0
$CH,22.400,L1CD,7,2040,40.3,2.278689280,1355.749,27711.156,0,0
$CH,22.400,L1CD,8,2040,39.6,1.752739931,2097.820,42747.057,0,0
$CH,22.400,L1CD,9,2040,40.0,2.208297641,2265.668,46194.126,0,0
$CH,22.400,L1CD,16,2040,49.6,8.187857635,-137.240,-2649.856,0,0
$CH,22.400,L1CD,21,2040,40.9,0.212706831,-1420.387,-29004.370,0,0
$CH,22.400,L1CD,26,2040,45.2,2.412211893,-2459.482,-50074.240,0,0
$CH,22.400,L1CD,27,2040,42.1,9.532837794,1939.415,39556.465,0,0
$CH,22.400,L1CD,31,2040,43.1,8.611471320,-2597.474,-53007.824,0,0
$TIME,2024,5,11,3,28,25.045853
$CH,22.500,L1CD,1,2050,43.2,9.255219373,-2099.951,-43062.189,0,0
$CH,22.500,L1CD,2,2050,41.8,9.958977773,-1682.377,-34498.894,0,0
$CH,22.500,L1CD,3,2050,50.4,8.564816752,853.475,17630.559,0,0
$CH,22.500,L1CD,4,2050,45.6,5.762344421,1853.317,37979.918,0,0
$CH,22.500,L1CD,7,2050,40.3,2.278597382,1355.333,27846.750,0,0
$CH,22.500,L1CD,8,2050,39.6,1.752616560,2098.192,42956.860,0,0
$CH,22.500,L1CD,9,2050,40.0,2.208150070,2266.852,46420.738,0,0
$CH,22.500,L1CD,16,2050,49.6,8.187863098,-137.416,-2663.578,0,0
$CH,22.500,L1CD,21,2050,40.9,0.212792411,-1420.039,-29146.370,0,0
$CH,22.500,L1CD,26,2050,45.2,2.412369125,-2459.153,-50320.179,0,0
$CH,22.500,L1CD,27,2050,42.1,9.532711571,1939.142,39750.408,0,0
$CH,22.500,L1CD,31,2050,43.1,8.611641339,-2597.664,-53267.558,0,0
$TIME,2024,5,11,3,28,25.802697
$CH,22.600,L1CD,1,2060,43.2,9.255356159,-2100.181,-43272.217,0,0
$CH,22.600,L1CD,2,2060,41.8,9.959080356,-1680.987,-34667.062,0,0
$CH,22.600,L1CD,3,2060,50.4,8.564758845,853.723,17715.916,0,0
$CH,22.600,L1CD,4,2060,45.6,5.762221826,1853.789,38165.266,0,0
$CH,22.600,L1CD,7,2060,40.3,2.278518553,1356.009,27982.341,0,0
$CH,22.600,L1CD,8,2060,39.6,1.752482350,2098.620,43166.654,0,0
$CH,22.600,L1CD,9,2060,40.0,2.208014497,2265.501,46647.363,0,0
$CH,22.600,L1CD,16,2060,49.6,8.187867727,-137.218,-2677.310,0,0
$CH,22.600,L1CD,21,2060,40.9,0.212890998,-1419.425,-29288.362,0,0
$CH,22.600,L1CD,26,2060,45.2,2.412526576,-2459.769,-50566.115,0,0
$CH,22.600,L1CD,27,2060,42.1,9.532594726,1938.896,39944.354,0,0
$CH,22.600,L1CD,31,2060,43.1,8.611804654,-2597.435,-53527.295,0,0
$TIME,2024,5,11,3,28,26.540139
$CH,22.700,L1CD,1,2070,43.2,9.255490675,-2100.523,-43482.249,0,0
$CH,22.700,L1CD,2,2070,41.8,9.959189735,-1682.212,-34835.212,0,0
$CH,22.700,L1CD,3,2070,50.4,8.564702338,853.745,17801.268,0,0
$CH,22.700,L1CD,4,2070,45.6,5.762102066,1853.268,38350.627,0,0
$CH,22.700,L1CD,7,2070,40.3,2.278442888,1355.591,28117.942,0,0
$CH,22.700,L1CD,8,2070,39.6,1.752352137,2097.478,43376.484,0,0
$CH,22.700,L1CD,9,2070,40.0,2.207858170,2267.393,46873.960,0,0
$CH,22.700,L1CD,16,2070,49.6,8.187880943,-137.419,-2691.045,0,0
$CH,22.700,L1CD,21,2070,40.9,0.212978723,-1419.944,-29430.363,0,0
$CH,22.700,L1CD,26,2070,45.2,2.412675672,-2459.752,-50812.064,0,0
$CH,22.700,L1CD,27,2070,42.1,9.532466614,1939.727,40138.301,0,0
$CH,22.700,L1CD,31,2070,43.1,8.611966654,-2597.136,-53787.025,0,0
$TIME,2024,5,11,3,28,27.271367
$CH,22.800,L1CD,1,2080,43.2,9.255619004,-2100.573,-43692.279,0,0
$CH,22.800,L1CD,2,2080,41.8,9.959302836,-1682.096,-35003.373,0,0
$CH,22.800,L1CD,3,2080,50.4,8.564652834,853.517,17886.617,0,0
$CH,22.800,L1CD,4,2080,45.6,5.761989695,1853.677,38535.971,0,0
$CH,22.800,L1CD,7,2080,40.3,2.278341747,1355.952,28253.523,0,0
$CH,22.800,L1CD,8,2080,39.6,1.752214272,2098.411,43586.308,0,0
$CH,22.800,L1CD,9,2080,40.0,2.207710817,2266.160,47100.585,0,0
$CH,22.800,L1CD,16,2080,49.6,8.187898511,-137.547,-2704.788,0,0
$CH,22.800,L1CD,21,2080,40.9,0.213065241,-1419.820,-29572.354,0,0
$CH,22.800,L1CD,26,2080,45.2,2.412834409,-2459.632,-51058.012,0,0
$CH,22.800,L1CD,27,2080,42.1,9.532344677,1939.254,40332.245,0,0
$CH,22.800,L1CD,31,2080,43.1,8.612130493,-2597.509,-54046.753,0,0
$TIME,2024,5,11,3,28,28.018510
$CH,22.900,L1CD,1,2090,43.2,9.255755831,-2100.413,-43902.316,0,0
$CH,22.900,L1CD,2,2090,41.8,9.959412499,-1681.215,-35171.549,0,0
$CH,22.900,L1CD,3,2090,50.4,8.564596081,853.317,17971.957,0,0
$CH,22.900,L1CD,4,2090,45.6,5.761873916,1853.370,38721.330,0,0
$CH,22.900,L1CD,7,2090,40.3,2.278257433,1355.940,28389.110,0,0
$CH,22.900,L1CD,8,2090,39.6,1.752082946,2097.449,43796.118,0,0
$CH,22.900,L1CD,9,2090,40.0,2.207571109,2265.954,47327.201,0,0
$CH,22.900,L1CD,16,2090,49.6,8.187901214,-137.373,-2718.540,0,0
$CH,22.900,L1CD,21,2090,40.9,0.213150719,-1419.695,-29714.347,0,0
$CH,22.900,L1CD,26,2090,45.2,2.412993632,-2459.478,-51303.969,0,0
$CH,22.900,L1CD,27,2090,42.1,9.532218519,1939.881,40526.192,0,0
$CH,22.900,L1CD,31,2090,43.1,8.612296739,-2597.418,-54306.483,0,0
$TIME,2024,5,11,3,28,28.833546
$CH,23.000,L1CD,1,2100,42.6,9.255888378,-2100.198,-44112.350,0,0
$CH,23.000,L1CD,2,2100,41.4,9.959510351,-1681.730,-35339.700,0,0
$CH,23.000,L1CD,3,2100,50.8,8.564539805,853.214,18057.292,0,0
$CH,23.000,L1CD,4,2100,45.1,5.761752718,1853.864,38906.679,0,0
$CH,23.000,L1CD,7,2100,39.8,2.278174164,1355.677,28524.692,0,0
$CH,23.000,L1CD,8,2100,39.8,1.751953975,2098.320,44005.932,0,0
$CH,23.000,L1CD,9,2100,39.5,2.207431960,2266.472,47553.810,0,0
$CH,23.000,L1CD,16,2100,49.3,8.187905421,-137.540,-2732.296,0,0
$CH,23.000,L1CD,21,2100,40.3,0.213251601,-1420.110,-29856.338,0,0
$CH,23.000,L1CD,26,2100,46.0,2.413150814,-2459.405,-51549.932,0,0
$CH,23.000,L1CD,27,2100,42.3,9.532096314,1939.989,40720.140,0,0
$CH,23.000,L1CD,31,2100,42.5,8.612459278,-2597.320,-54566.212,0,0
$TIME,2024,5,11,3,28,29.577562
$CH,23.100,L1CD,1,2110,42.6,9.256022167,-2100.103,-44322.386,0,0
$CH,23.100,L1CD,2,2110,41.4,9.959619187,-1681.584,-35507.864,0,0
$CH,23.100,L1CD,3,2110,50.8,8.564491448,853.193,18142.619,0,0
$CH,23.100,L1CD,4,2110,45.1,5.761633484,1853.810,39092.030,0,0
$CH,23.100,L1CD,7,2110,39.8,2.278084347,1355.533,28660.282,0,0
$CH,23.100,L1CD,8,2110,39.8,1.751815464,2098.242,44215.757,0,0
$CH,23.100,L1CD,9,2110,39.5,2.207297859,2266.038,47780.422,0,0
$CH,23.100,L1CD,16,2110,49.3,8.187918551,-137.472,-2746.064,0,0
$CH,23.100,L1CD,21,2110,40.3,0.213339289,-1419.243,-29998.322,0,0
$CH,23.100,L1CD,26,2110,46.0,2.413306724,-2459.681,-51795.892,0,0
$CH,23.100,L1CD,27,2110,42.3,9.531970932,1939.331,40914.088,0,0
$CH,23.100,L1CD,31,2110,42.5,8.612622719,-2597.197,-54825.947,0,0
$TIME,2024,5,11,3,28,30.323641
$CH,23.200,L1CD,1,2120,42.6,9.256157089,-2099.975,-44532.416,0,0
$CH,23.200,L1CD,2,2120,41.4,9.959733993,-1681.700,-35676.007,0,0
$CH,23.200,L1CD,3,2120,50.8,8.564437478,853.098,18227.943,0,0
$CH,23.200,L1CD,4,2120,45.1,5.761518785,1853.602,39277.393,0,0
$CH,23.200,L1CD,7,2120,39.8,2.278000801,1355.646,28795.869,0,0
$CH,23.200,L1CD,8,2120,39.8,1.751686584,2098.127,44425.580,0,0
$CH,23.200,L1CD,9,2120,39.5,2.207150638,2265.227,48007.065,0,0
$CH,23.200,L1CD,16,2120,49.3,8.187937850,-137.599,-2759.833,0,0
$CH,23.200,L1CD,21,2120,40.3,0.213427924,-1420.461,-30140.298,0,0
$CH,23.200,L1CD,26,2120,46.0,2.413468142,-2459.581,-52041.866,0,0
$CH,23.200,L1CD,27,2120,42.3,9.531855480,1939.167,41108.041,0,0
$CH,23.200,L1CD,31,2120,42.5,8.612792469,-2597.284,-55085.669,0,0
$TIME,2024,5,11,3,28,31.060258
$CH,23.300,L1CD,1,2130,42.6,9.256288707,-2100.292,-44742.445,0,0
$CH,23.300,L1CD,2,2130,41.4,9.959831576,-1681.557,-35844.170,0,0
$CH,23.300,L1CD,3,2130,50.8,8.564378840,853.222,18313.254,0,0
$CH,23.300,L1CD,4,2130,45.1,5.761400835,1853.390,39462.748,0,0
$CH,23.300,L1CD,7,2130,39.8,2.277913316,1356.006,28931.449,0,0
$CH,23.300,L1CD,8,2130,39.8,1.751558917,2098.275,44635.414,0,0
$CH,23.300,L1CD,9,2130,39.5,2.207001123,2266.196,48233.674,0,0
$CH,23.300,L1CD,16,2130,49.3,8.187940708,-137.689,-2773.610,0,0
$CH,23.300,L1CD,21,2130,40.3,0.213519905,-1419.831,-30282.296,0,0
$CH,23.300,L1CD,26,2130,46.0,2.413627955,-2459.924,-52287.838,0,0
$CH,23.300,L1CD,27,2130,42.3,9.531729072,1939.035,41301.994,0,0
$CH,23.300,L1CD,31,2130,42.5,8.612959932,-2597.195,-55345.398,0,0
$TIME,2024,5,11,3,28,31.793355
$CH,23.400,L1CD,1,2140,42.6,9.256421366,-2100.614,-44952.470,0,0
$CH,23.400,L1CD,2,2140,41.4,9.959942355,-1681.675,-36012.320,0,0
$CH,23.400,L1CD,3,2140,50.8,8.564326991,852.975,18398.564,0,0
$CH,23.400,L1CD,4,2140,45.1,5.761282654,1852.974,39648.113,0,0
$CH,23.400,L1CD,7,2140,39.8,2.277831314,1355.755,29067.020,0,0
$CH,23.400,L1CD,8,2140,39.8,1.751422371,2098.280,44845.242,0,0
$CH,23.400,L1CD,9,2140,39.5,2.206861744,2266.013,48460.304,0,0
$CH,23.400,L1CD,16,2140,49.3,8.187943669,-137.619,-2787.400,0,0
$CH,23.400,L1CD,21,2140,40.3,0.213609225,-1419.448,-30424.281,0,0
$CH,23.400,L1CD,26,2140,46.0,2.413782005,-2460.252,-52533.816,0,0
$CH,23.400,L1CD,27,2140,42.3,9.531604330,1939.085,41495.943,0,0
$CH,23.400,L1CD,31,2140,42.5,8.613121278,-2597.032,-55605.119,0,0
$TIME,2024,5,11,3,28,32.547014
$CH,23.500,L1CD,1,2150,42.6,9.256555508,-2099.554,-45162.524,0,0
$CH,23.500,L1CD,2,2150,41.4,9.960047335,-1681.710,-36180.474,0,0
$CH,23.500,L1CD,3,2150,50.8,8.564272418,852.971,18483.869,0,0
$CH,23.500,L1CD,4,2150,45.1,5.761160185,1853.625,39833.469,0,0
$CH,23.500,L1CD,7,2150,39.8,2.277741703,1356.189,29202.604,0,0
$CH,23.500,L1CD,8,2150,39.8,1.751285718,2098.674,45055.072,0,0
$CH,23.500,L1CD,9,2150,39.5,2.206716635,2266.022,48686.934,0,0
$CH,23.500,L1CD,16,2150,49.3,8.187946701,-137.941,-2801.193,0,0
$CH,23.500,L1CD,21,2150,40.3,0.213686743,-1420.182,-30566.257,0,0
$CH,23.500,L1CD,26,2150,46.0,2.413936415,-2459.813,-52779.796,0,0
$CH,23.500,L1CD,27,2150,42.3,9.531476623,1939.086,41689.892,0,0
$CH,23.500,L1CD,31,2150,42.5,8.613285434,-2597.075,-55864.844,0,0
$TIME,2024,5,11,3,28,33.373669
$CH,23.600,L1CD,1,2160,42.6,9.256694974,-2099.924,-45372.545,0,0
$CH,23.600,L1CD,2,2160,41.4,9.960148380,-1681.607,-36348.630,0,0
$CH,23.600,L1CD,3,2160,50.8,8.564216372,853.119,18569.166,0,0
$CH,23.600,L1CD,4,2160,45.1,5.761044388,1853.206,40018.830,0,0
$CH,23.600,L1CD,7,2160,39.8,2.277648248,1355.853,29338.175,0,0
$CH,23.600,L1CD,8,2160,39.8,1.751154547,2098.419,45264.919,0,0
$CH,23.600,L1CD,9,2160,39.5,2.206567514,2265.818,48913.558,0,0
$CH,23.600,L1CD,16,2160,49.3,8.187966841,-138.068,-2814.992,0,0
$CH,23.600,L1CD,21,2160,40.3,0.213782070,-1419.642,-30708.247,0,0
$CH,23.600,L1CD,26,2160,46.0,2.414090338,-2459.816,-53025.781,0,0
$CH,23.600,L1CD,27,2160,42.3,9.531357520,1940.073,41883.839,0,0
$CH,23.600,L1CD,31,2160,42.5,8.613448116,-2597.350,-56124.571,0,0
$TIME,2024,5,11,3,28,34.133495
$CH,23.700,L1CD,1,2170,42.6,9.256830504,-2100.156,-45582.571,0,0
$CH,23.700,L1CD,2,2170,41.4,9.960261878,-1681.554,-36516.777,0,0
$CH,23.700,L1CD,3,2170,50.8,8.564166525,852.916,18654.457,0,0
$CH,23.700,L1CD,4,2170,45.1,5.760931628,1853.664,40204.181,0,0
$CH,23.700,L1CD,7,2170,39.8,2.277565016,1355.292,29473.747,0,0
$CH,23.700,L1CD,8,2170,39.8,1.751020455,2098.509,45474.741,0,0
$CH,23.700,L1CD,9,2170,39.5,2.206431770,2267.299,49140.181,0,0
$CH,23.700,L1CD,16,2170,49.3,8.187981243,-138.075,-2828.800,0,0
$CH,23.700,L1CD,21,2170,40.3,0.213869670,-1420.056,-30850.203,0,0
$CH,23.700,L1CD,26,2170,46.0,2.414245475,-2460.058,-53271.776,0,0
$CH,23.700,L1CD,27,2170,42.3,9.531233242,1939.256,42077.797,0,0
$CH,23.700,L1CD,31,2170,42.5,8.613613720,-2596.969,-56384.291,0,0
$TIME,2024,5,11,3,28,35.273887
$CH,23.800,L1CD,1,2180,42.6,9.256965995,-2100.652,-45792.600,0,0
$CH,23.800,L1CD,2,2180,41.4,9.960366750,-1681.694,-36684.925,0,0
$CH,23.800,L1CD,3,2180,50.8,8.564107306,852.882,18739.743,0,0
$CH,23.800,L1CD,4,2180,45.1,5.760811427,1853.466,40389.546,0,0
$CH,23.800,L1CD,7,2180,39.8,2.277484030,1355.931,29609.309,0,0
$CH,23.800,L1CD,8,2180,39.8,1.750889078,2098.856,45684.585,0,0
$CH,23.800,L1CD,9,2180,39.5,2.206289169,2266.658,49366.819,0,0
$CH,23.800,L1CD,16,2180,49.3,8.187980138,-138.122,-2842.616,0,0
$CH,23.800,L1CD,21,2180,40.3,0.213960530,-1419.771,-30992.192,0,0
$CH,23.800,L1CD,26,2180,46.0,2.414399268,-2459.991,-53517.776,0,0
$CH,23.800,L1CD,27,2180,42.3,9.531111901,1939.417,42271.753,0,0
$CH,23.800,L1CD,31,2180,42.5,8.613781423,-2597.710,-56643.995,0,0
$TIME,2024,5,11,3,28,36.011898
$CH,23.900,L1CD,1,2190,42.6,9.257099678,-2100.041,-46002.638,0,0
$CH,23.900,L1CD,2,2190,41.4,9.960472284,-1681.265,-36853.075,0,0
$CH,23.900,L1CD,3,2190,50.8,8.564057533,853.181,18825.015,0,0
$CH,23.900,L1CD,4,2190,45.1,5.760689506,1853.378,40574.907,0,0
$CH,23.900,L1CD,7,2190,39.8,2.277399417,1355.996,29744.879,0,0
$CH,23.900,L1CD,8,2190,39.8,1.750757417,2097.545,45894.443,0,0
$CH,23.900,L1CD,9,2190,39.5,2.206144421,2266.443,49593.449,0,0
$CH,23.900,L1CD,16,2190,49.3,8.187984199,-138.182,-2856.437,0,0
$CH,23.900,L1CD,21,2190,40.3,0.214049386,-1418.401,-31134.165,0,0
$CH,23.900,L1CD,26,2190,46.0,2.414558426,-2460.095,-53763.773,0,0
$CH,23.900,L1CD,27,2190,42.3,9.530980416,1939.809,42465.691,0,0
$CH,23.900,L1CD,31,2190,42.5,8.613942044,-2597.065,-56903.730,0,0
$TIME,2024,5,11,3,28,36.858292
$CH,24.000,L1CD,1,2200,43.3,9.257228053,-2100.480,-46212.659,0,0
$CH,24.000,L1CD,2,2200,41.4,9.960580592,-1681.337,-37021.225,0,0
$CH,24.000,L1CD,3,2200,51.5,8.564004938,852.744,18910.290,0,0
$CH,24.000,L1CD,4,2200,44.6,5.760575863,1853.704,40760.275,0,0
$CH,24.000,L1CD,7,2200,39.7,2.277316747,1355.479,29880.439,0,0
$CH,24.000,L1CD,8,2200,40.0,1.750622634,2098.596,46104.287,0,0
$CH,24.000,L1CD,9,2200,39.7,2.205995455,2266.390,49820.082,0,0
$CH,24.000,L1CD,16,2200,49.7,8.187991777,-138.405,-2870.265,0,0
$CH,24.000,L1CD,21,2200,40.2,0.214146388,-1419.909,-31276.129,0,0
$CH,24.000,L1CD,26,2200,46.8,2.414714763,-2460.308,-54009.780,0,0
$CH,24.000,L1CD,27,2200,42.6,9.530864773,1939.426,42659.648,0,0
$CH,24.000,L1CD,31,2200,42.8,8.614113988,-2596.645,-57163.454,0,0
$TIME,2024,5,11,3,28,37.671675
$CH,24.100,L1CD,1,2210,43.3,9.257364886,-2099.840,-46422.698,0,0
$CH,24.100,L1CD,2,2210,41.4,9.960686250,-1681.155,-37189.366,0,0
$CH,24.100,L1CD,3,2210,51.5,8.563944658,852.618,18995.554,0,0
$CH,24.100,L1CD,4,2210,44.6,5.760454050,1853.792,40945.634,0,0
$CH,24.100,L1CD,7,2210,39.7,2.277233440,1355.713,30015.999,0,0
$CH,24.100,L1CD,8,2210,40.0,1.750496987,2098.884,46314.129,0,0
$CH,24.100,L1CD,9,2210,39.7,2.205855774,2266.222,50046.713,0,0
$CH,24.100,L1CD,16,2210,49.7,8.188009060,-138.552,-2884.101,0,0
$CH,24.100,L1CD,21,2210,40.2,0.214235809,-1419.452,-31418.102,0,0
$CH,24.100,L1CD,26,2210,46.8,2.414878157,-2460.152,-54255.790,0,0
$CH,24.100,L1CD,27,2210,42.6,9.530746051,1939.669,42853.603,0,0
$CH,24.100,L1CD,31,2210,42.8,8.614277965,-2597.148,-57423.166,0,0
$TIME,2024,5,11,3,28,38.413431
$CH,24.200,L1CD,1,2220,43.3,9.257497631,-2100.774,-46632.730,0,0
$CH,24.200,L1CD,2,2220,41.4,9.960796737,-1680.720,-37357.518,0,0
$CH,24.200,L1CD,3,2220,51.5,8.563895003,852.521,19080.815,0,0
$CH,24.200,L1CD,4,2220,44.6,5.760343485,1853.604,41130.999,0,0
$CH,24.200,L1CD,7,2220,39.7,2.277146267,1355.369,30151.553,0,0
$CH,24.200,L1CD,8,2220,40.0,1.750360987,2098.757,46523.979,0,0
$CH,24.200,L1CD,9,2220,39.7,2.205724397,2266.190,50273.350,0,0
$CH,24.200,L1CD,16,2220,49.7,8.188021960,-138.558,-2897.946,0,0
$CH,24.200,L1CD,21,2220,40.2,0.214323470,-1420.138,-31560.075,0,0
$CH,24.200,L1CD,26,2220,46.8,2.415034924,-2460.194,-54501.804,0,0
$CH,24.200,L1CD,27,2220,42.6,9.530620341,1940.021,43047.558,0,0
$CH,24.200,L1CD,31,2220,42.8,8.614439141,-2597.598,-57682.881,0,0
$TIME,2024,5,11,3,28,39.171197
$CH,24.300,L1CD,1,2230,43.3,9.257635272,-2099.744,-46842.761,0,0
$CH,24.300,L1CD,2,2230,41.4,9.960901196,-1681.574,-37525.656,0,0
$CH,24.300,L1CD,3,2230,51.5,8.563839588,852.446,19166.067,0,0
$CH,24.300,L1CD,4,2230,44.6,5.760222089,1853.754,41316.357,0,0
$CH,24.300,L1CD,7,2230,39.7,2.277047846,1355.596,30287.110,0,0
$CH,24.300,L1CD,8,2230,40.0,1.750230433,2098.386,46733.839,0,0
$CH,24.300,L1CD,9,2230,39.7,2.205575300,2265.786,50499.989,0,0
$CH,24.300,L1CD,16,2230,49.7,8.188021373,-138.450,-2911.797,0,0
$CH,24.300,L1CD,21,2230,40.2,0.214417590,-1419.459,-31702.040,0,0
$CH,24.300,L1CD,26,2230,46.8,2.415186897,-2460.230,-54747.824,0,0
$CH,24.300,L1CD,27,2230,42.6,9.530494920,1939.071,43241.515,0,0
$CH,24.300,L1CD,31,2230,42.8,8.614604698,-2596.694,-57942.603,0,0
$TIME,2024,5,11,3,28,39.931515
$CH,24.400,L1CD,1,2240,43.3,9.257759190,-2100.277,-47052.785,0,0
$CH,24.400,L1CD,2,2240,41.4,9.961009826,-1681.014,-37693.798,0,0
$CH,24.400,L1CD,3,2240,51.5,8.563785094,852.521,19251.313,0,0
$CH,24.400,L1CD,4,2240,44.6,5.760110089,1853.614,41501.725,0,0
$CH,24.400,L1CD,7,2240,39.7,2.276964771,1355.010,30422.660,0,0
$CH,24.400,L1CD,8,2240,40.0,1.750097034,2098.620,46943.688,0,0
$CH,24.400,L1CD,9,2240,39.7,2.205422753,2266.491,50726.635,0,0
$CH,24.400,L1CD,16,2240,49.7,8.188024927,-138.565,-2925.653,0,0
$CH,24.400,L1CD,21,2240,40.2,0.214510953,-1419.887,-31844.012,0,0
$CH,24.400,L1CD,26,2240,46.8,2.415339646,-2460.249,-54993.848,0,0
$CH,24.400,L1CD,27,2240,42.6,9.530372172,1939.846,43435.455,0,0
$CH,24.400,L1CD,31,2240,42.8,8.614768911,-2597.215,-58202.305,0,0
$TIME,2024,5,11,3,28,40.763715
$CH,24.500,L1CD,1,2250,43.3,9.257887630,-2100.381,-47262.813,0,0
$CH,24.500,L1CD,2,2250,41.4,9.961120266,-1681.256,-37861.939,0,0
$CH,24.500,L1CD,3,2250,51.5,8.563731841,852.378,19336.555,0,0
$CH,24.500,L1CD,4,2250,44.6,5.759995674,1853.661,41687.091,0,0
$CH,24.500,L1CD,7,2250,39.7,2.276878184,1355.262,30558.216,0,0
$CH,24.500,L1CD,8,2250,40.0,1.749954324,2098.727,47153.550,0,0
$CH,24.500,L1CD,9,2250,39.7,2.205280760,2266.382,50953.278,0,0
$CH,24.500,L1CD,16,2250,49.7,8.188033425,-138.672,-2939.516,0,0
$CH,24.500,L1CD,21,2250,40.2,0.214597582,-1419.197,-31985.972,0,0
$CH,24.500,L1CD,26,2250,46.8,2.415497396,-2460.196,-55239.879,0,0
$CH,24.500,L1CD,27,2250,42.6,9.530251613,1939.670,43629.413,0,0
$CH,24.500,L1CD,31,2250,42.8,8.614932365,-2597.517,-58462.027,0,0
$TIME,2024,5,11,3,28,41.514229
$CH,24.600,L1CD,1,2260,43.3,9.258020438,-2100.078,-47472.849,0,0
$CH,24.600,L1CD,2,2260,41.4,9.961227021,-1680.877,-38030.078,0,0
$CH,24.600,L1CD,3,2260,51.5,8.563673622,852.415,19421.791,0,0
$CH,24.600,L1CD,4,2260,44.6,5.759875465,1853.396,41872.459,0,0
$CH,24.600,L1CD,7,2260,39.7,2.276792656,1355.649,30693.760,0,0
$CH,24.600,L1CD,8,2260,40.0,1.749818427,2098.339,47363.422,0,0
$CH,24.600,L1CD,9,2260,39.7,2.205129457,2266.242,51179.919,0,0
$CH,24.600,L1CD,16,2260,49.7,8.188054794,-138.682,-2953.390,0,0
$CH,24.600,L1CD,21,2260,40.2,0.214691490,-1419.738,-32127.927,0,0
$CH,24.600,L1CD,26,2260,46.8,2.415652295,-2460.736,-55485.915,0,0
$CH,24.600,L1CD,27,2260,42.6,9.530128503,1939.737,43823.371,0,0
$CH,24.600,L1CD,31,2260,42.8,8.615100103,-2597.285,-58721.740,0,0
$TIME,2024,5,11,3,28,42.268326
$CH,24.700,L1CD,1,2270,43.3,9.258156742,-2100.044,-47682.877,0,0
$CH,24.700,L1CD,2,2270,41.4,9.961331538,-1681.636,-38198.222,0,0
$CH,24.700,L1CD,3,2270,51.5,8.563620928,852.324,19507.018,0,0
$CH,24.700,L1CD,4,2270,44.6,5.759755875,1854.066,42057.825,0,0
$CH,24.700,L1CD,7,2270,39.7,2.276710545,1355.824,30829.298,0,0
$CH,24.700,L1CD,8,2270,40.0,1.749682907,2098.812,47573.280,0,0
$CH,24.700,L1CD,9,2270,39.7,2.204985459,2266.645,51406.572,0,0
$CH,24.700,L1CD,16,2270,49.7,8.188059234,-138.953,-2967.270,0,0
$CH,24.700,L1CD,21,2270,40.2,0.214777632,-1419.819,-32269.894,0,0
$CH,24.700,L1CD,26,2270,46.8,2.415805191,-2460.531,-55731.949,0,0
$CH,24.700,L1CD,27,2270,42.6,9.529995559,1939.751,44017.330,0,0
$CH,24.700,L1CD,31,2270,42.8,8.615265733,-2597.342,-58981.455,0,0
$TIME,2024,5,11,3,28,43.102927
$CH,24.800,L1CD,1,2280,43.3,9.258291403,-2100.364,-47892.897,0,0
$CH,24.800,L1CD,2,2280,41.4,9.961436100,-1681.187,-38366.352,0,0
$CH,24.800,L1CD,3,2280,51.5,8.563568810,852.210,19592.235,0,0
$CH,24.800,L1CD,4,2280,44.6,5.759635033,1853.717,42243.195,0,0
$CH,24.800,L1CD,7,2280,39.7,2.276625927,1355.722,30964.850,0,0
$CH,24.800,L1CD,8,2280,40.0,1.749554506,2098.345,47783.145,0,0
$CH,24.800,L1CD,9,2280,39.7,2.204844000,2266.165,51633.213,0,0
$CH,24.800,L1CD,16,2280,49.7,8.188063311,-138.779,-2981.153,0,0
$CH,24.800,L1CD,21,2280,40.2,0.214866551,-1419.319,-32411.854,0,0
$CH,24.800,L1CD,26,2280,46.8,2.415965132,-2460.672,-55977.991,0,0
$CH,24.800,L1CD,27,2280,42.6,9.529879797,1939.862,44211.277,0,0
$CH,24.800,L1CD,31,2280,42.8,8.615431168,-2596.584,-59241.163,0,0
$TIME,2024,5,11,3,28,43.862827
$CH,24.900,L1CD,1,2290,43.3,9.258421689,-2100.167,-48102.929,0,0
$CH,24.900,L1CD,2,2290,41.4,9.961543429,-1681.014,-38534.487,0,0
$CH,24.900,L1CD,3,2290,51.5,8.563514615,852.013,19677.455,0,0
$CH,24.900,L1CD,4,2290,44.6,5.759515667,1853.857,42428.563,0,0
$CH,24.900,L1CD,7,2290,39.7,2.276536846,1355.184,31100.387,0,0
$CH,24.900,L1CD,8,2290,40.0,1.749416382,2099.190,47993.011,0,0
$CH,24.900,L1CD,9,2290,39.7,2.204699709,2266.335,51859.863,0,0
$CH,24.900,L1CD,16,2290,49.7,8.188072885,-139.028,-2995.046,0,0
$CH,24.900,L1CD,21,2290,40.2,0.214955706,-1419.420,-32553.810,0,0
$CH,24.900,L1CD,26,2290,46.8,2.416120046,-2460.593,-56224.043,0,0
$CH,24.900,L1CD,27,2290,42.6,9.529754065,1939.301,44405.245,0,0
$CH,24.900,L1CD,31,2290,42.8,8.615596218,-2596.922,-59500.867,0,0
$TIME,2024,5,11,3,28,44.674359
$CH,25.000,L1CD,1,2300,43.4,9.258555531,-2100.484,-48312.957,0,0
$CH,25.000,L1CD,2,2300,40.1,9.961639790,-1681.679,-38702.620,0,0
$CH,25.000,L1CD,3,2300,51.0,8.563463099,851.862,19762.664,0,0
$CH,25.000,L1CD,4,2300,44.8,5.759396853,1853.241,42613.942,0,0
$CH,25.000,L1CD,7,2300,40.7,2.276450353,1354.400,31235.931,0,0
$CH,25.000,L1CD,8,2300,39.4,1.749288744,2098.032,48202.891,0,0
$CH,25.000,L1CD,9,2300,39.1,2.204549444,2266.948,52086.502,0,0
$CH,25.000,L1CD,16,2300,50.1,8.188088267,-139.008,-3008.948,0,0
$CH,25.000,L1CD,21,2300,39.9,0.215046418,-1419.608,-32695.757,0,0
$CH,25.000,L1CD,26,2300,46.8,2.416275108,-2460.490,-56470.094,0,0
$CH,25.000,L1CD,27,2300,42.6,9.529632553,1939.135,44599.200,0,0
$CH,25.000,L1CD,31,2300,43.1,8.615761754,-2596.927,-59760.574,0,0
$TIME,2024,5,11,3,28,45.457245
$CH,25.100,L1CD,1,2310,43.4,9.258688077,-2100.217,-48522.987,0,0
$CH,25.100,L1CD,2,2310,40.1,9.961754710,-1681.319,-38870.751,0,0
$CH,25.100,L1CD,3,2310,51.0,8.563410654,851.928,19847.867,0,0
$CH,25.100,L1CD,4,2310,44.8,5.759279652,1853.590,42799.309,0,0
$CH,25.100,L1CD,7,2310,40.7,2.276364611,1355.849,31371.475,0,0
$CH,25.100,L1CD,8,2310,39.4,1.749152531,2099.524,48412.752,0,0
$CH,25.100,L1CD,9,2310,39.1,2.204417068,2267.003,52313.153,0,0
$CH,25.100,L1CD,16,2310,50.1,8.188097683,-138.999,-3022.857,0,0
$CH,25.100,L1CD,21,2310,39.9,0.215139318,-1419.737,-32837.714,0,0
$CH,25.100,L1CD,26,2310,46.8,2.416434792,-2460.610,-56716.147,0,0
$CH,25.100,L1CD,27,2310,42.6,9.529510135,1939.923,44793.149,0,0
$CH,25.100,L1CD,31,2310,43.1,8.615927471,-2596.994,-60020.281,0,0
$TIME,2024,5,11,3,28,46.283620
$CH,25.200,L1CD,1,2320,43.4,9.258821394,-2100.640,-48733.010,0,0
$CH,25.200,L1CD,2,2320,40.1,9.961856369,-1681.458,-39038.892,0,0
$CH,25.200,L1CD,3,2320,51.0,8.563355292,851.920,19933.064,0,0
$CH,25.200,L1CD,4,2320,44.8,5.759162428,1853.763,42984.679,0,0
$CH,25.200,L1CD,7,2320,40.7,2.276279260,1355.392,31507.005,0,0
$CH,25.200,L1CD,8,2320,39.4,1.749021417,2099.167,48622.640,0,0
$CH,25.200,L1CD,9,2320,39.1,2.204276065,2266.070,52539.815,0,0
$CH,25.200,L1CD,16,2320,50.1,8.188101688,-139.201,-3036.771,0,0
$CH,25.200,L1CD,21,2320,39.9,0.215223383,-1419.806,-32979.655,0,0
$CH,25.200,L1CD,26,2320,46.8,2.416592412,-2460.510,-56962.210,0,0
$CH,25.200,L1CD,27,2320,42.6,9.529383925,1940.446,44987.114,0,0
$CH,25.200,L1CD,31,2320,43.1,8.616086766,-2597.067,-60279.990,0,0
$TIME,2024,5,11,3,28,47.058335
$CH,25.300,L1CD,1,2330,43.4,9.258953849,-2100.052,-48943.040,0,0
$CH,25.300,L1CD,2,2330,40.1,9.961962851,-1680.781,-39207.025,0,0
$CH,25.300,L1CD,3,2330,51.0,8.563297032,851.900,20018.254,0,0
$CH,25.300,L1CD,4,2330,44.8,5.759048651,1853.601,43170.051,0,0
$CH,25.300,L1CD,7,2330,40.7,2.276194345,1355.013,31642.539,0,0
$CH,25.300,L1CD,8,2330,39.4,1.748895483,2098.837,48832.517,0,0
$CH,25.300,L1CD,9,2330,39.1,2.204127798,2266.107,52766.472,0,0
$CH,25.300,L1CD,16,2330,50.1,8.188107004,-139.425,-3050.692,0,0
$CH,25.300,L1CD,21,2330,39.9,0.215317086,-1420.161,-33121.605,0,0
$CH,25.300,L1CD,26,2330,46.8,2.416743886,-2460.472,-57208.278,0,0
$CH,25.300,L1CD,27,2330,42.6,9.529267432,1939.940,45181.071,0,0
$CH,25.300,L1CD,31,2330,43.1,8.616249597,-2596.949,-60539.690,0,0
$TIME,2024,5,11,3,28,47.804022
$CH,25.400,L1CD,1,2340,43.4,9.259092193,-2100.415,-49153.067,0,0
$CH,25.400,L1CD,2,2340,40.1,9.962072746,-1680.694,-39375.149,0,0
$CH,25.400,L1CD,3,2340,51.0,8.563248810,851.721,20103.438,0,0
$CH,25.400,L1CD,4,2340,44.8,5.758927419,1853.683,43355.423,0,0
$CH,25.400,L1CD,7,2340,40.7,2.276106914,1354.941,31778.065,0,0
$CH,25.400,L1CD,8,2340,39.4,1.748761987,2098.451,49042.409,0,0
$CH,25.400,L1CD,9,2340,39.1,2.203979698,2266.418,52993.125,0,0
$CH,25.400,L1CD,16,2340,50.1,8.188116783,-139.542,-3064.618,0,0
$CH,25.400,L1CD,21,2340,39.9,0.215415245,-1419.491,-33263.570,0,0
$CH,25.400,L1CD,26,2340,46.8,2.416900231,-2460.524,-57454.346,0,0
$CH,25.400,L1CD,27,2340,42.6,9.529140243,1940.623,45375.025,0,0
$CH,25.400,L1CD,31,2340,43.1,8.616414158,-2596.723,-60799.402,0,0
$TIME,2024,5,11,3,28,48.592818
$CH,25.500,L1CD,1,2350,43.4,9.259225787,-2100.115,-49363.098,0,0
$CH,25.500,L1CD,2,2350,40.1,9.962180628,-1681.153,-39543.282,0,0
$CH,25.500,L1CD,3,2350,51.0,8.563190624,851.586,20188.619,0,0
$CH,25.500,L1CD,4,2350,44.8,5.758810489,1853.961,43540.801,0,0
$CH,25.500,L1CD,7,2350,40.7,2.276020265,1354.889,31913.599,0,0
$CH,25.500,L1CD,8,2350,39.4,1.748622140,2098.849,49252.288,0,0
$CH,25.500,L1CD,9,2350,39.1,2.203838991,2266.441,53219.792,0,0
$CH,25.500,L1CD,16,2350,50.1,8.188136753,-139.454,-3078.553,0,0
$CH,25.500,L1CD,21,2350,39.9,0.215500269,-1419.246,-33405.507,0,0
$CH,25.500,L1CD,26,2350,46.8,2.417061036,-2461.027,-57700.421,0,0
$CH,25.500,L1CD,27,2350,42.6,9.529021644,1939.313,45568.992,0,0
$CH,25.500,L1CD,31,2350,43.1,8.616577401,-2597.018,-61059.100,0,0
$TIME,2024,5,11,3,28,49.398459
$CH,25.600,L1CD,1,2360,43.4,9.259363751,-2100.512,-49573.123,0,0
$CH,25.600,L1CD,2,2360,40.1,9.962296662,-1681.598,-39711.404,0,0
$CH,25.600,L1CD,3,2360,51.0,8.563134797,851.485,20273.790,0,0
$CH,25.600,L1CD,4,2360,44.8,5.758684945,1853.863,43726.175,0,0
$CH,25.600,L1CD,7,2360,40.7,2.275936600,1355.347,32049.114,0,0
$CH,25.600,L1CD,8,2360,39.4,1.748488648,2098.546,49462.179,0,0
$CH,25.600,L1CD,9,2360,39.1,2.203690171,2266.271,53446.448,0,0
$CH,25.600,L1CD,16,2360,50.1,8.188141926,-139.510,-3092.500,0,0
$CH,25.600,L1CD,21,2360,39.9,0.215588761,-1419.083,-33547.452,0,0
$CH,25.600,L1CD,26,2360,46.8,2.417212437,-2460.913,-57946.502,0,0
$CH,25.600,L1CD,27,2360,42.6,9.528895417,1939.080,45762.946,0,0
$CH,25.600,L1CD,31,2360,43.1,8.616741561,-2597.173,-61318.802,0,0
$TIME,2024,5,11,3,28,50.240013
$CH,25.700,L1CD,1,2370,43.4,9.259497660,-2100.348,-49783.152,0,0
$CH,25.700,L1CD,2,2370,40.1,9.962398494,-1681.277,-39879.530,0,0
$CH,25.700,L1CD,3,2370,51.0,8.563083666,851.775,20358.951,0,0
$CH,25.700,L1CD,4,2370,44.8,5.758575058,1853.758,43911.551,0,0
$CH,25.700,L1CD,7,2370,40.7,2.275851610,1355.426,32184.642,0,0
$CH,25.700,L1CD,8,2370,39.4,1.748356164,2099.343,49672.062,0,0
$CH,25.700,L1CD,9,2370,39.1,2.203548154,2266.216,53673.108,0,0
$CH,25.700,L1CD,16,2370,50.1,8.188142364,-139.549,-3106.451,0,0
$CH,25.700,L1CD,21,2370,39.9,0.215680060,-1419.585,-33689.393,0,0
$CH,25.700,L1CD,26,2370,46.8,2.417368484,-2460.745,-58192.586,0,0
$CH,25.700,L1CD,27,2370,42.6,9.528766936,1940.371,45956.909,0,0
$CH,25.700,L1CD,31,2370,43.1,8.616907013,-2597.423,-61578.502,0,0
$TIME,2024,5,11,3,28,50.997385
$CH,25.800,L1CD,1,2380,43.4,9.259626055,-2099.930,-49993.175,0,0
$CH,25.800,L1CD,2,2380,40.1,9.962504169,-1681.366,-40047.651,0,0
$CH,25.800,L1CD,3,2380,51.0,8.563027928,851.693,20444.113,0,0
$CH,25.800,L1CD,4,2380,44.8,5.758459487,1853.718,44096.929,0,0
$CH,25.800,L1CD,7,2380,40.7,2.275765017,1354.871,32320.161,0,0
$CH,25.800,L1CD,8,2380,39.4,1.748224002,2098.567,49881.965,0,0
$CH,25.800,L1CD,9,2380,39.1,2.203408226,2266.562,53899.772,0,0
$CH,25.800,L1CD,16,2380,50.1,8.188152498,-139.647,-3120.405,0,0
$CH,25.800,L1CD,21,2380,39.9,0.215776683,-1419.344,-33831.332,0,0
$CH,25.800,L1CD,26,2380,46.8,2.417522780,-2460.906,-58438.674,0,0
$CH,25.800,L1CD,27,2380,42.6,9.528642502,1939.572,46150.868,0,0
$CH,25.800,L1CD,31,2380,43.1,8.617072945,-2597.205,-61838.197,0,0
$TIME,2024,5,11,3,28,51.793146
$CH,25.900,L1CD,1,2390,43.4,9.259753874,-2100.210,-50203.204,0,0
$CH,25.900,L1CD,2,2390,40.1,9.962605199,-1681.366,-40215.776,0,0
$CH,25.900,L1CD,3,2390,51.0,8.562970896,851.685,20529.267,0,0
$CH,25.900,L1CD,4,2390,44.8,5.758339595,1853.678,44282.304,0,0
$CH,25.900,L1CD,7,2390,40.7,2.275677245,1355.218,32455.673,0,0
$CH,25.900,L1CD,8,2390,39.4,1.748092328,2099.245,50091.852,0,0
$CH,25.900,L1CD,9,2390,39.1,2.203265576,2266.877,54126.440,0,0
$CH,25.900,L1CD,16,2390,50.1,8.188173942,-139.673,-3134.372,0,0
$CH,25.900,L1CD,21,2390,39.9,0.215859886,-1419.974,-33973.261,0,0
$CH,25.900,L1CD,26,2390,46.8,2.417686751,-2460.996,-58684.770,0,0
$CH,25.900,L1CD,27,2390,42.6,9.528516726,1939.210,46344.824,0,0
$CH,25.900,L1CD,31,2390,43.1,8.617245260,-2597.493,-62097.893,0,0
$TIME,2024,5,11,3,28,52.629934
$CH,26.000,L1CD,1,2400,43.8,9.259887109,-2100.432,-50413.225,0,0
$CH,26.000,L1CD,2,2400,39.8,9.962717620,-1681.298,-40383.897,0,0
$CH,26.000,L1CD,3,2400,51.2,8.562921410,851.311,20614.416,0,0
$CH,26.000,L1CD,4,2400,44.7,5.758221774,1853.667,44467.682,0,0
$CH,26.000,L1CD,7,2400,40.0,2.275588783,1355.710,32591.197,0,0
$CH,26.000,L1CD,8,2400,39.3,1.747957048,2098.970,50301.748,0,0
$CH,26.000,L1CD,9,2400,38.4,2.203122676,2267.033,54353.095,0,0
$CH,26.000,L1CD,16,2400,49.5,8.188178437,-139.442,-3148.346,0,0
$CH,26.000,L1CD,21,2400,40.3,0.215952643,-1419.433,-34115.207,0,0
$CH,26.000,L1CD,26,2400,47.0,2.417841828,-2461.083,-58930.869,0,0
$CH,26.000,L1CD,27,2400,41.9,9.528400746,1940.044,46538.783,0,0
$CH,26.000,L1CD,31,2400,42.4,8.617411440,-2597.078,-62357.598,0,0
$TIME,2024,5,11,3,28,53.408866
$CH,26.100,L1CD,1,2410,43.8,9.260024067,-2100.749,-50623.253,0,0
$CH,26.100,L1CD,2,2410,39.8,9.962824103,-1681.403,-40552.020,0,0
$CH,26.100,L1CD,3,2410,51.2,8.562865034,851.249,20699.553,0,0
$CH,26.100,L1CD,4,2410,44.7,5.758105623,1853.853,44653.068,0,0
$CH,26.100,L1CD,7,2410,40.0,2.275492036,1355.311,32726.699,0,0
$CH,26.100,L1CD,8,2410,39.3,1.747815762,2099.259,50511.647,0,0
$CH,26.100,L1CD,9,2410,38.4,2.202974886,2266.311,54579.773,0,0
$CH,26.100,L1CD,16,2410,49.5,8.188181192,-139.822,-3162.322,0,0
$CH,26.100,L1CD,21,2410,40.3,0.216043994,-1419.483,-34257.147,0,0
$CH,26.100,L1CD,26,2410,47.0,2.417997502,-2461.225,-59176.967,0,0
$CH,26.100,L1CD,27,2410,41.9,9.528273585,1940.037,46732.743,0,0
$CH,26.100,L1CD,31,2410,42.4,8.617574956,-2597.348,-62617.292,0,0
$TIME,2024,5,11,3,28,54.153036
$CH,26.200,L1CD,1,2420,43.8,9.260150613,-2100.344,-50833.280,0,0
$CH,26.200,L1CD,2,2420,39.8,9.962927185,-1680.864,-40720.145,0,0
$CH,26.200,L1CD,3,2420,51.2,8.562813593,851.305,20784.687,0,0
$CH,26.200,L1CD,4,2420,44.7,5.757983146,1853.655,44838.443,0,0
$CH,26.200,L1CD,7,2420,40.0,2.275409611,1355.999,32862.215,0,0
$CH,26.200,L1CD,8,2420,39.3,1.747687996,2099.080,50721.554,0,0
$CH,26.200,L1CD,9,2420,38.4,2.202833325,2267.030,54806.432,0,0
$CH,26.200,L1CD,16,2420,49.5,8.188184299,-139.748,-3176.308,0,0
$CH,26.200,L1CD,21,2420,40.3,0.216131778,-1418.930,-34399.083,0,0
$CH,26.200,L1CD,26,2420,47.0,2.418153789,-2461.320,-59423.076,0,0
$CH,26.200,L1CD,27,2420,41.9,9.528156005,1939.742,46926.711,0,0
$CH,26.200,L1CD,31,2420,42.4,8.617733342,-2596.789,-62876.988,0,0
$TIME,2024,5,11,3,28,54.982672
$CH,26.300,L1CD,1,2430,43.8,9.260290771,-2100.785,-51043.298,0,0
$CH,26.300,L1CD,2,2430,39.8,9.963038164,-1681.294,-40888.262,0,0
$CH,26.300,L1CD,3,2430,51.2,8.562756556,851.450,20869.816,0,0
$CH,26.300,L1CD,4,2430,44.7,5.757871819,1854.205,45023.819,0,0
$CH,26.300,L1CD,7,2430,40.0,2.275322440,1355.098,32997.731,0,0
$CH,26.300,L1CD,8,2430,39.3,1.747554081,2098.647,50931.471,0,0
$CH,26.300,L1CD,9,2430,38.4,2.202685034,2266.916,55033.110,0,0
$CH,26.300,L1CD,16,2430,49.5,8.188194502,-139.954,-3190.301,0,0
$CH,26.300,L1CD,21,2430,40.3,0.216213582,-1419.257,-34541.010,0,0
$CH,26.300,L1CD,26,2430,47.0,2.418302946,-2461.138,-59669.190,0,0
$CH,26.300,L1CD,27,2430,41.9,9.528031149,1939.624,47120.670,0,0
$CH,26.300,L1CD,31,2430,42.4,8.617900718,-2597.559,-63136.677,0,0
$TIME,2024,5,11,3,28,55.784234
$CH,26.400,L1CD,1,2440,43.8,9.260420175,-2099.954,-51253.330,0,0
$CH,26.400,L1CD,2,2440,39.8,9.963147083,-1681.101,-41056.381,0,0
$CH,26.400,L1CD,3,2440,51.2,8.562700100,851.295,20954.937,0,0
$CH,26.400,L1CD,4,2440,44.7,5.757751691,1853.687,45209.204,0,0
$CH,26.400,L1CD,7,2440,40.0,2.275233339,1355.432,33133.232,0,0
$CH,26.400,L1CD,8,2440,39.3,1.747417919,2099.065,51141.369,0,0
$CH,26.400,L1CD,9,2440,38.4,2.202539357,2266.046,55259.785,0,0
$CH,26.400,L1CD,16,2440,49.5,8.188216610,-140.086,-3204.298,0,0
$CH,26.400,L1CD,21,2440,40.3,0.216304087,-1418.693,-34682.941,0,0
$CH,26.400,L1CD,26,2440,47.0,2.418457747,-2461.311,-59915.306,0,0
$CH,26.400,L1CD,27,2440,41.9,9.527915083,1939.477,47314.642,0,0
$CH,26.400,L1CD,31,2440,42.4,8.618061321,-2596.757,-63396.377,0,0
$TIME,2024,5,11,3,28,56.523459
$CH,26.500,L1CD,1,2450,43.8,9.260553497,-2100.529,-51463.345,0,0
$CH,26.500,L1CD,2,2450,39.8,9.963256985,-1681.689,-41224.488,0,0
$CH,26.500,L1CD,3,2450,51.2,8.562649902,851.399,21040.051,0,0
$CH,26.500,L1CD,4,2450,44.7,5.757640127,1853.415,45394.591,0,0
$CH,26.500,L1CD,7,2450,40.0,2.275162761,1354.111,33268.749,0,0
$CH,26.500,L1CD,8,2450,39.3,1.747294278,2099.199,51351.280,0,0
$CH,26.500,L1CD,9,2450,38.4,2.202406000,2267.622,55486.443,0,0
$CH,26.500,L1CD,16,2450,49.5,8.188221359,-140.195,-3218.307,0,0
$CH,26.500,L1CD,21,2450,40.3,0.216396074,-1419.356,-34824.866,0,0
$CH,26.500,L1CD,26,2450,47.0,2.418617912,-2461.369,-60161.428,0,0
$CH,26.500,L1CD,27,2450,41.9,9.527795245,1939.949,47508.598,0,0
$CH,26.500,L1CD,31,2450,42.4,8.618238923,-2596.828,-63656.069,0,0
$TIME,2024,5,11,3,28,57.303497
$CH,26.600,L1CD,1,2460,43.8,9.260688580,-2099.991,-51673.382,0,0
$CH,26.600,L1CD,2,2460,39.8,9.963360624,-1682.295,-41392.602,0,0
$CH,26.600,L1CD,3,2460,51.2,8.562598128,850.949,21125.162,0,0
$CH,26.600,L1CD,4,2460,44.7,5.757517994,1853.728,45579.970,0,0
$CH,26.600,L1CD,7,2460,40.0,2.275072435,1355.880,33404.233,0,0
$CH,26.600,L1CD,8,2460,39.3,1.747160803,2099.032,51561.192,0,0
$CH,26.600,L1CD,9,2460,38.4,2.202259765,2266.742,55713.133,0,0
$CH,26.600,L1CD,16,2460,49.5,8.188219156,-140.272,-3232.321,0,0
$CH,26.600,L1CD,21,2460,40.3,0.216492260,-1418.866,-34966.793,0,0
$CH,26.600,L1CD,26,2460,47.0,2.418776131,-2461.450,-60407.551,0,0
$CH,26.600,L1CD,27,2460,41.9,9.527662742,1939.542,47702.562,0,0
$CH,26.600,L1CD,31,2460,42.4,8.618395672,-2597.074,-63915.754,0,0
$TIME,2024,5,11,3,28,58.119820
$CH,26.700,L1CD,1,2470,43.8,9.260817808,-2100.311,-51883.400,0,0
$CH,26.700,L1CD,2,2470,39.8,9.963458018,-1682.035,-41560.716,0,0
$CH,26.700,L1CD,3,2470,51.2,8.562541696,851.086,21210.265,0,0
$CH,26.700,L1CD,4,2470,44.7,5.757399293,1853.997,45765.356,0,0
$CH,26.700,L1CD,7,2470,40.0,2.274987710,1355.123,33539.739,0,0
$CH,26.700,L1CD,8,2470,39.3,1.747023684,2099.512,51771.109,0,0
$CH,26.700,L1CD,9,2470,38.4,2.202111717,2266.049,55939.808,0,0
$CH,26.700,L1CD,16,2470,49.5,8.188227000,-140.281,-3246.343,0,0
$CH,26.700,L1CD,21,2470,40.3,0.216580681,-1419.969,-35108.708,0,0
$CH,26.700,L1CD,26,2470,47.0,2.418931873,-2461.356,-60653.685,0,0
$CH,26.700,L1CD,27,2470,41.9,9.527542648,1939.775,47896.529,0,0
$CH,26.700,L1CD,31,2470,42.4,8.618558425,-2596.967,-64175.449,0,0
$TIME,2024,5,11,3,28,58.847382
$CH,26.800,L1CD,1,2480,43.8,9.260955217,-2100.511,-52093.424,0,0
$CH,26.800,L1CD,2,2480,39.8,9.963572226,-1680.962,-41728.837,0,0
$CH,26.800,L1CD,3,2480,51.2,8.562493391,850.989,21295.364,0,0
$CH,26.800,L1CD,4,2480,44.7,5.757276748,1853.666,45950.735,0,0
$CH,26.800,L1CD,7,2480,40.0,2.274900398,1355.001,33675.237,0,0
$CH,26.800,L1CD,8,2480,39.3,1.746885955,2099.136,51981.034,0,0
$CH,26.800,L1CD,9,2480,38.4,2.201967070,2266.690,56166.496,0,0
$CH,26.800,L1CD,16,2480,49.5,8.188243541,-140.289,-3260.373,0,0
$CH,26.800,L1CD,21,2480,40.3,0.216672854,-1419.215,-35250.639,0,0
$CH,26.800,L1CD,26,2480,47.0,2.419088978,-2461.236,-60899.821,0,0
$CH,26.800,L1CD,27,2480,41.9,9.527420191,1939.434,48090.496,0,0
$CH,26.800,L1CD,31,2480,42.4,8.618719402,-2597.422,-64435.139,0,0
$TIME,2024,5,11,3,28,59.606311
$CH,26.900,L1CD,1,2490,43.8,9.261093332,-2100.039,-52303.456,0,0
$CH,26.900,L1CD,2,2490,39.8,9.963671112,-1680.980,-41896.941,0,0
$CH,26.900,L1CD,3,2490,51.2,8.562437612,850.741,21380.453,0,0
$CH,26.900,L1CD,4,2490,44.7,5.757159809,1854.128,46136.127,0,0
$CH,26.900,L1CD,7,2490,40.0,2.274816816,1355.445,33810.719,0,0
$CH,26.900,L1CD,8,2490,39.3,1.746752942,2098.749,52190.955,0,0
$CH,26.900,L1CD,9,2490,38.4,2.201827794,2267.436,56393.170,0,0
$CH,26.900,L1CD,16,2490,49.5,8.188259857,-140.209,-3274.409,0,0
$CH,26.900,L1CD,21,2490,40.3,0.216759896,-1418.685,-35392.567,0,0
$CH,26.900,L1CD,26,2490,47.0,2.419242204,-2461.252,-61145.959,0,0
$CH,26.900,L1CD,27,2490,41.9,9.527295948,1939.778,48284.455,0,0
$CH,26.900,L1CD,31,2490,42.4,8.618891918,-2596.769,-64694.828,0,0
$TIME,2024,5,11,3,29,0.428606
$CH,27.000,L1CD,1,2500,43.0,9.261221256,-2100.438,-52513.471,0,0
$CH,27.000,L1CD,2,2500,40.8,9.963780419,-1681.373,-42065.059,0,0
$CH,27.000,L1CD,3,2500,50.7,8.562380481,850.725,21465.538,0,0
$CH,27.000,L1CD,4,2500,45.2,5.757044257,1853.844,46321.511,0,0
$CH,27.000,L1CD,7,2500,40.1,2.274733772,1355.066,33946.226,0,0
$CH,27.000,L1CD,8,2500,40.2,1.746620111,2099.513,52400.864,0,0
$CH,27.000,L1CD,9,2500,39.1,2.201680963,2266.539,56619.850,0,0
$CH,27.000,L1CD,16,2500,49.9,8.188259508,-140.581,-3288.450,0,0
$CH,27.000,L1CD,21,2500,40.0,0.216849482,-1419.165,-35534.479,0,0
$CH,27.000,L1CD,26,2500,46.8,2.419401792,-2461.563,-61392.105,0,0
$CH,27.000,L1CD,27,2500,41.6,9.527173149,1939.332,48478.421,0,0
$CH,27.000,L1CD,31,2500,41.7,8.619055570,-2596.501,-64954.507,0,0
$TIME,2024,5,11,3,29,1.164685
$CH,27.100,L1CD,1,2510,43.0,9.261354226,-2100.399,-52723.497,0,0
$CH,27.100,L1CD,2,2510,40.8,9.963880617,-1680.908,-42233.173,0,0
$CH,27.100,L1CD,3,2510,50.7,8.562327421,850.439,21550.616,0,0
$CH,27.100,L1CD,4,2510,45.2,5.756925919,1853.612,46506.900,0,0
$CH,27.100,L1CD,7,2510,40.1,2.274649527,1354.991,34081.715,0,0
$CH,27.100,L1CD,8,2510,40.2,1.746490472,2099.611,52610.796,0,0
$CH,27.100,L1CD,9,2510,39.1,2.201532263,2266.861,56846.533,0,0
$CH,27.100,L1CD,16,2510,49.9,8.188265695,-140.630,-3302.501,0,0
$CH,27.100,L1CD,21,2510,40.0,0.216938605,-1419.571,-35676.395,0,0
$CH,27.100,L1CD,26,2510,46.8,2.419559395,-2461.444,-61638.255,0,0
$CH,27.100,L1CD,27,2510,41.6,9.527056108,1940.189,48672.383,0,0
$CH,27.100,L1CD,31,2510,41.7,8.619217743,-2596.749,-65214.202,0,0
$TIME,2024,5,11,3,29,2.016091
$CH,27.200,L1CD,1,2520,43.0,9.261487194,-2100.157,-52933.521,0,0
$CH,27.200,L1CD,2,2520,40.8,9.963992186,-1681.136,-42401.276,0,0
$CH,27.200,L1CD,3,2520,50.7,8.562271977,850.780,21635.687,0,0
$CH,27.200,L1CD,4,2520,45.2,5.756808363,1853.888,46692.288,0,0
$CH,27.200,L1CD,7,2520,40.1,2.274563402,1354.734,34217.198,0,0
$CH,27.200,L1CD,8,2520,40.2,1.746358503,2099.300,52820.728,0,0
$CH,27.200,L1CD,9,2520,39.1,2.201386471,2267.222,57073.212,0,0
$CH,27.200,L1CD,16,2520,49.9,8.188278064,-140.537,-3316.558,0,0
$CH,27.200,L1CD,21,2520,40.0,0.217023944,-1419.149,-35818.313,0,0
$CH,27.200,L1CD,26,2520,46.8,2.419716039,-2461.441,-61884.409,0,0
$CH,27.200,L1CD,27,2520,41.6,9.526933506,1939.166,48866.355,0,0
$CH,27.200,L1CD,31,2520,41.7,8.619388255,-2596.909,-65473.888,0,0
$TIME,2024,5,11,3,29,2.773821
$CH,27.300,L1CD,1,2530,43.0,9.261621537,-2100.167,-53143.543,0,0
$CH,27.300,L1CD,2,2530,40.8,9.964104696,-1681.086,-42569.375,0,0
$CH,27.300,L1CD,3,2530,50.7,8.562215770,850.563,21720.752,0,0
$CH,27.300,L1CD,4,2530,45.2,5.756690465,1853.537,46877.673,0,0
$CH,27.300,L1CD,7,2530,40.1,2.274476674,1355.282,34352.682,0,0
$CH,27.300,L1CD,8,2530,40.2,1.746220177,2099.515,53030.657,0,0
$CH,27.300,L1CD,9,2530,39.1,2.201241061,2266.716,57299.909,0,0
$CH,27.300,L1CD,16,2530,49.9,8.188300868,-140.749,-3330.621,0,0
$CH,27.300,L1CD,21,2530,40.0,0.217121582,-1419.130,-35960.228,0,0
$CH,27.300,L1CD,26,2530,46.8,2.419870512,-2461.852,-62130.565,0,0
$CH,27.300,L1CD,27,2530,41.6,9.526807803,1939.488,49060.316,0,0
$CH,27.300,L1CD,31,2530,41.7,8.619549407,-2596.968,-65733.564,0,0
$TIME,2024,5,11,3,29,3.571398
$CH,27.400,L1CD,1,2540,43.0,9.261753876,-2100.856,-53353.562,0,0
$CH,27.400,L1CD,2,2540,40.8,9.964213195,-1681.007,-42737.483,0,0
$CH,27.400,L1CD,3,2540,50.7,8.562164295,850.708,21805.810,0,0
$CH,27.400,L1CD,4,2540,45.2,5.756575735,1853.831,47063.061,0,0
$CH,27.400,L1CD,7,2540,40.1,2.274391113,1354.081,34488.174,0,0
$CH,27.400,L1CD,8,2540,40.2,1.746087159,2098.989,53240.593,0,0
$CH,27.400,L1CD,9,2540,39.1,2.201100738,2266.699,57526.602,0,0
$CH,27.400,L1CD,16,2540,49.9,8.188299308,-140.803,-3344.692,0,0
$CH,27.400,L1CD,21,2540,40.0,0.217204611,-1419.238,-36102.141,0,0
$CH,27.400,L1CD,26,2540,46.8,2.420023743,-2461.565,-62376.731,0,0
$CH,27.400,L1CD,27,2540,41.6,9.526689722,1939.876,49254.279,0,0
$CH,27.400,L1CD,31,2540,41.7,8.619712515,-2597.105,-65993.247,0,0
$TIME,2024,5,11,3,29,4.363878
$CH,27.500,L1CD,1,2550,43.0,9.261890223,-2100.178,-53563.590,0,0
$CH,27.500,L1CD,2,2550,40.8,9.964314922,-1680.950,-42905.595,0,0
$CH,27.500,L1CD,3,2550,50.7,8.562103619,850.693,21890.866,0,0
$CH,27.500,L1CD,4,2550,45.2,5.756464737,1853.813,47248.455,0,0
$CH,27.500,L1CD,7,2550,40.1,2.274301511,1354.442,34623.639,0,0
$CH,27.500,L1CD,8,2550,40.2,1.745962139,2098.847,53450.533,0,0
$CH,27.500,L1CD,9,2550,39.1,2.200952445,2266.571,57753.293,0,0
$CH,27.500,L1CD,16,2550,49.9,8.188300984,-140.883,-3358.771,0,0
$CH,27.500,L1CD,21,2550,40.0,0.217301627,-1419.624,-36244.049,0,0
$CH,27.500,L1CD,26,2550,46.8,2.420180767,-2461.701,-62622.895,0,0
$CH,27.500,L1CD,27,2550,41.6,9.526555624,1939.934,49448.245,0,0
$CH,27.500,L1CD,31,2550,41.7,8.619873275,-2596.628,-66252.932,0,0
$TIME,2024,5,11,3,29,5.118973
$CH,27.600,L1CD,1,2560,43.0,9.262018909,-2100.266,-53773.611,0,0
$CH,27.600,L1CD,2,2560,40.8,9.964431970,-1681.245,-43073.690,0,0
$CH,27.600,L1CD,3,2560,50.7,8.562056356,850.401,21975.913,0,0
$CH,27.600,L1CD,4,2560,45.2,5.756338319,1853.936,47433.841,0,0
$CH,27.600,L1CD,7,2560,40.1,2.274215615,1354.962,34759.118,0,0
$CH,27.600,L1CD,8,2560,40.2,1.745835283,2099.471,53660.465,0,0
$CH,27.600,L1CD,9,2560,39.1,2.200809825,2267.196,57979.980,0,0
$CH,27.600,L1CD,16,2560,49.9,8.188311389,-140.968,-3372.857,0,0
$CH,27.600,L1CD,21,2560,40.0,0.217386293,-1419.122,-36385.959,0,0
$CH,27.600,L1CD,26,2560,46.8,2.420336875,-2461.633,-62869.071,0,0
$CH,27.600,L1CD,27,2560,41.6,9.526433388,1940.147,49642.216,0,0
$CH,27.600,L1CD,31,2560,41.7,8.620038420,-2596.548,-66512.613,0,0
$TIME,2024,5,11,3,29,5.928439
$CH,27.700,L1CD,1,2570,43.0,9.262151759,-2100.385,-53983.632,0,0
$CH,27.700,L1CD,2,2570,40.8,9.964535275,-1680.879,-43241.797,0,0
$CH,27.700,L1CD,3,2570,50.7,8.562003845,850.536,22060.952,0,0
$CH,27.700,L1CD,4,2570,45.2,5.756222912,1854.114,47619.238,0,0
$CH,27.700,L1CD,7,2570,40.1,2.274129385,1354.386,34894.603,0,0
$CH,27.700,L1CD,8,2570,40.2,1.745702234,2099.469,53870.417,0,0
$CH,27.700,L1CD,9,2570,39.1,2.200672786,2266.993,58206.670,0,0
$CH,27.700,L1CD,16,2570,49.9,8.188326828,-140.881,-3386.952,0,0
$CH,27.700,L1CD,21,2570,40.0,0.217477025,-1418.920,-36527.864,0,0
$CH,27.700,L1CD,26,2570,46.8,2.420494643,-2461.576,-63115.246,0,0
$CH,27.700,L1CD,27,2570,41.6,9.526314535,1940.382,49836.185,0,0
$CH,27.700,L1CD,31,2570,41.7,8.620205096,-2596.650,-66772.290,0,0
$TIME,2024,5,11,3,29,6.685912
$CH,27.800,L1CD,1,2580,43.0,9.262287441,-2100.046,-54193.652,0,0
$CH,27.800,L1CD,2,2580,40.8,9.964638185,-1680.819,-43409.901,0,0
$CH,27.800,L1CD,3,2580,50.7,8.561943854,850.519,22145.987,0,0
$CH,27.800,L1CD,4,2580,45.2,5.756102286,1853.890,47804.631,0,0
$CH,27.800,L1CD,7,2580,40.1,2.274041547,1354.838,35030.063,0,0
$CH,27.800,L1CD,8,2580,40.2,1.745566421,2099.505,54080.351,0,0
$CH,27.800,L1CD,9,2580,39.1,2.200526016,2266.853,58433.366,0,0
$CH,27.800,L1CD,16,2580,49.9,8.188342248,-140.763,-3401.051,0,0
$CH,27.800,L1CD,21,2580,40.0,0.217569951,-1418.799,-36669.766,0,0
$CH,27.800,L1CD,26,2580,46.8,2.420651703,-2461.937,-63361.425,0,0
$CH,27.800,L1CD,27,2580,41.6,9.526181592,1939.753,50030.158,0,0
$CH,27.800,L1CD,31,2580,41.7,8.620371324,-2596.643,-67031.969,0,0
$TIME,2024,5,11,3,29,7.428023
$CH,27.900,L1CD,1,2590,43.0,9.262421013,-2100.468,-54403.670,0,0
$CH,27.900,L1CD,2,2590,40.8,9.964738103,-1680.720,-43577.989,0,0
$CH,27.900,L1CD,3,2590,50.7,8.561893634,850.246,22231.014,0,0
$CH,27.900,L1CD,4,2590,45.2,5.755986897,1854.139,47990.020,0,0
$CH,27.900,L1CD,7,2590,40.1,2.273958233,1354.749,35165.541,0,0
$CH,27.900,L1CD,8,2590,40.2,1.745426449,2099.704,54290.301,0,0
$CH,27.900,L1CD,9,2590,39.1,2.200385229,2267.564,58660.061,0,0
$CH,27.900,L1CD,16,2590,49.9,8.188339013,-141.296,-3415.157,0,0
$CH,27.900,L1CD,21,2590,40.0,0.217661762,-1419.175,-36811.681,0,0
$CH,27.900,L1CD,26,2590,46.8,2.420807270,-2461.909,-63607.612,0,0
$CH,27.900,L1CD,27,2590,41.6,9.526066373,1940.331,50224.125,0,0
$CH,27.900,L1CD,31,2590,41.7,8.620536889,-2596.765,-67291.649,0,0
$TIME,2024,5,11,3,29,8.248368
$CH,28.000,L1CD,1,2600,44.1,9.262556945,-2100.019,-54613.696,0,0
$CH,28.000,L1CD,2,2600,40.7,9.964845418,-1680.601,-43746.095,0,0
$CH,28.000,L1CD,3,2600,49.0,8.561845039,850.155,22316.039,0,0
$CH,28.000,L1CD,4,2600,44.9,5.755868742,1853.745,48175.419,0,0
$CH,28.000,L1CD,7,2600,40.1,2.273881136,1354.331,35301.013,0,0
$CH,28.000,L1CD,8,2600,39.7,1.745288704,2099.366,54500.252,0,0
$CH,28.000,L1CD,9,2600,39.9,2.200233152,2267.513,58886.760,0,0
$CH,28.000,L1CD,16,2600,49.8,8.188347302,-141.136,-3429.271,0,0
$CH,28.000,L1CD,21,2600,40.2,0.217750178,-1419.687,-36953.574,0,0
$CH,28.000,L1CD,26,2600,46.8,2.420961867,-2462.118,-63853.806,0,0
$CH,28.000,L1CD,27,2600,41.1,9.525937952,1939.327,50418.094,0,0
$CH,28.000,L1CD,31,2600,40.9,8.620702379,-2596.586,-67551.329,0,0
$TIME,2024,5,11,3,29,9.003082
$CH,28.100,L1CD,1,2610,44.1,9.262687282,-2099.895,-54823.723,0,0
$CH,28.100,L1CD,2,2610,40.7,9.964954090,-1680.676,-43914.186,0,0
$CH,28.100,L1CD,3,2610,49.0,8.561787008,850.059,22401.056,0,0
$CH,28.100,L1CD,4,2610,44.9,5.755748150,1854.022,48360.812,0,0
$CH,28.100,L1CD,7,2610,40.1,2.273785666,1354.756,35436.479,0,0
$CH,28.100,L1CD,8,2610,39.7,1.745158911,2099.613,54710.207,0,0
$CH,28.100,L1CD,9,2610,39.9,2.200091908,2266.518,59113.463,0,0
$CH,28.100,L1CD,16,2610,49.8,8.188359255,-141.156,-3443.392,0,0
$CH,28.100,L1CD,21,2610,40.2,0.217840880,-1419.244,-37095.474,0,0
$CH,28.100,L1CD,26,2610,46.8,2.421116822,-2461.723,-64099.997,0,0
$CH,28.100,L1CD,27,2610,41.1,9.525819886,1939.669,50612.062,0,0
$CH,28.100,L1CD,31,2610,40.9,8.620869914,-2596.548,-67811.002,0,0
$TIME,2024,5,11,3,29,9.833184
$CH,28.200,L1CD,1,2620,44.1,9.262817602,-2100.580,-55033.735,0,0
$CH,28.200,L1CD,2,2620,40.7,9.965062567,-1680.623,-44082.281,0,0
$CH,28.200,L1CD,3,2620,49.0,8.561732811,849.952,22486.063,0,0
$CH,28.200,L1CD,4,2620,44.9,5.755630146,1853.982,48546.209,0,0
$CH,28.200,L1CD,7,2620,40.1,2.273699701,1354.986,35571.937,0,0
$CH,28.200,L1CD,8,2620,39.7,1.745024567,2100.443,54920.152,0,0
$CH,28.200,L1CD,9,2620,39.9,2.199950536,2266.647,59340.171,0,0
$CH,28.200,L1CD,16,2620,49.8,8.188381099,-141.256,-3457.522,0,0
$CH,28.200,L1CD,21,2620,40.2,0.217933496,-1419.061,-37237.374,0,0
$CH,28.200,L1CD,26,2620,46.8,2.421273434,-2462.089,-64346.199,0,0
$CH,28.200,L1CD,27,2620,41.1,9.525701203,1940.191,50806.027,0,0
$CH,28.200,L1CD,31,2620,40.9,8.621032600,-2596.876,-68070.674,0,0
$TIME,2024,5,11,3,29,10.582912
$CH,28.300,L1CD,1,2630,44.1,9.262953009,-2100.479,-55243.759,0,0
$CH,28.300,L1CD,2,2630,40.7,9.965178094,-1680.708,-44250.381,0,0
$CH,28.300,L1CD,3,2630,49.0,8.561680322,850.112,22571.065,0,0
$CH,28.300,L1CD,4,2630,44.9,5.755517377,1854.138,48731.608,0,0
$CH,28.300,L1CD,7,2630,40.1,2.273614338,1354.608,35707.402,0,0
$CH,28.300,L1CD,8,2630,39.7,1.744890089,2100.046,55130.113,0,0
$CH,28.300,L1CD,9,2630,39.9,2.199801446,2267.400,59566.865,0,0
$CH,28.300,L1CD,16,2630,49.8,8.188378029,-141.316,-3471.658,0,0
$CH,28.300,L1CD,21,2630,40.2,0.218019721,-1418.021,-37379.274,0,0
$CH,28.300,L1CD,26,2630,46.8,2.421429309,-2462.262,-64592.402,0,0
$CH,28.300,L1CD,27,2630,41.1,9.525576699,1938.977,51000.010,0,0
$CH,28.300,L1CD,31,2630,40.9,8.621196869,-2596.568,-68330.345,0,0
$TIME,2024,5,11,3,29,11.396230
$CH,28.400,L1CD,1,2640,44.1,9.263089695,-2100.113,-55453.775,0,0
$CH,28.400,L1CD,2,2640,40.7,9.965278415,-1680.760,-44418.478,0,0
$CH,28.400,L1CD,3,2640,49.0,8.561622114,849.942,22656.063,0,0
$CH,28.400,L1CD,4,2640,44.9,5.755395759,1853.922,48917.006,0,0
$CH,28.400,L1CD,7,2640,40.1,2.273516986,1355.624,35842.851,0,0
$CH,28.400,L1CD,8,2640,39.7,1.744762421,2099.335,55340.081,0,0
$CH,28.400,L1CD,9,2640,39.9,2.199662660,2266.654,59793.577,0,0
$CH,28.400,L1CD,16,2640,49.8,8.188383165,-141.577,-3485.800,0,0
$CH,28.400,L1CD,21,2640,40.2,0.218106371,-1418.526,-37521.162,0,0
$CH,28.400,L1CD,26,2640,46.8,2.421586181,-2462.004,-64838.614,0,0
$CH,28.400,L1CD,27,2640,41.1,9.525451488,1940.030,51193.975,0,0
$CH,28.400,L1CD,31,2640,40.9,8.621360734,-2596.953,-68590.013,0,0
$TIME,2024,5,11,3,29,12.171554
$CH,28.500,L1CD,1,2650,44.1,9.263217480,-2100.359,-55663.796,0,0
$CH,28.500,L1CD,2,2650,40.7,9.965386369,-1681.539,-44586.559,0,0
$CH,28.500,L1CD,3,2650,49.0,8.561570970,849.838,22741.053,0,0
$CH,28.500,L1CD,4,2650,44.9,5.755282211,1853.867,49102.399,0,0
$CH,28.500,L1CD,7,2650,40.1,2.273435492,1354.474,35978.325,0,0
$CH,28.500,L1CD,8,2650,39.7,1.744622286,2099.802,55550.038,0,0
$CH,28.500,L1CD,9,2650,39.9,2.199518541,2267.074,60020.277,0,0
$CH,28.500,L1CD,16,2650,49.8,8.188390726,-141.788,-3499.951,0,0
$CH,28.500,L1CD,21,2650,40.2,0.218199163,-1418.831,-37663.060,0,0
$CH,28.500,L1CD,26,2650,46.8,2.421742715,-2462.238,-65084.829,0,0
$CH,28.500,L1CD,27,2650,41.1,9.525326492,1940.074,51387.935,0,0
$CH,28.500,L1CD,31,2650,40.9,8.621522851,-2596.614,-68849.687,0,0
$TIME,2024,5,11,3,29,12.980565
$CH,28.600,L1CD,1,2660,44.1,9.263351379,-2100.022,-55873.818,0,0
$CH,28.600,L1CD,2,2660,40.7,9.965491147,-1680.713,-44754.655,0,0
$CH,28.600,L1CD,3,2660,49.0,8.561514100,849.923,22826.037,0,0
$CH,28.600,L1CD,4,2660,44.9,5.755165304,1854.468,49287.793,0,0
$CH,28.600,L1CD,7,2660,40.1,2.273351727,1354.345,36113.769,0,0
$CH,28.600,L1CD,8,2660,39.7,1.744490021,2099.473,55759.995,0,0
$CH,28.600,L1CD,9,2660,39.9,2.199372168,2267.255,60246.986,0,0
$CH,28.600,L1CD,16,2660,49.8,8.188410238,-141.627,-3514.107,0,0
$CH,28.600,L1CD,21,2660,40.2,0.218294543,-1419.158,-37804.952,0,0
$CH,28.600,L1CD,26,2660,46.8,2.421901431,-2462.285,-65331.045,0,0
$CH,28.600,L1CD,27,2660,41.1,9.525204678,1940.223,51581.913,0,0
$CH,28.600,L1CD,31,2660,40.9,8.621695832,-2596.811,-69109.356,0,0
$TIME,2024,5,11,3,29,13.807935
$CH,28.700,L1CD,1,2670,44.1,9.263482633,-2100.040,-56083.840,0,0
$CH,28.700,L1CD,2,2670,40.7,9.965598012,-1680.698,-44922.742,0,0
$CH,28.700,L1CD,3,2670,49.0,8.561460004,849.589,22911.016,0,0
$CH,28.700,L1CD,4,2670,44.9,5.755049836,1853.908,49473.205,0,0
$CH,28.700,L1CD,7,2670,40.1,2.273263243,1354.950,36249.222,0,0
$CH,28.700,L1CD,8,2670,39.7,1.744356122,2099.931,55969.969,0,0
$CH,28.700,L1CD,9,2670,39.9,2.199223132,2266.764,60473.706,0,0
$CH,28.700,L1CD,16,2670,49.8,8.188417945,-141.654,-3528.271,0,0
$CH,28.700,L1CD,21,2670,40.2,0.218386513,-1419.315,-37946.830,0,0
$CH,28.700,L1CD,26,2670,46.8,2.422057635,-2462.325,-65577.267,0,0
$CH,28.700,L1CD,27,2670,41.1,9.525073025,1939.423,51775.885,0,0
$CH,28.700,L1CD,31,2670,40.9,8.621859509,-2596.842,-69369.023,0,0
$TIME,2024,5,11,3,29,14.584771
$CH,28.800,L1CD,1,2680,44.1,9.263617548,-2100.319,-56293.856,0,0
$CH,28.800,L1CD,2,2680,40.7,9.965703505,-1681.057,-45090.831,0,0
$CH,28.800,L1CD,3,2680,49.0,8.561408207,849.898,22995.986,0,0
$CH,28.800,L1CD,4,2680,44.9,5.754927343,1854.102,49658.603,0,0
$CH,28.800,L1CD,7,2680,40.1,2.273181362,1354.613,36384.678,0,0
$CH,28.800,L1CD,8,2680,39.7,1.744227497,2100.025,56179.943,0,0
$CH,28.800,L1CD,9,2680,39.9,2.199084733,2267.142,60700.412,0,0
$CH,28.800,L1CD,16,2680,49.8,8.188423033,-141.886,-3542.440,0,0
$CH,28.800,L1CD,21,2680,40.2,0.218469629,-1419.280,-38088.719,0,0
$CH,28.800,L1CD,26,2680,46.8,2.422212469,-2462.412,-65823.500,0,0
$CH,28.800,L1CD,27,2680,41.1,9.524949064,1939.564,51969.861,0,0
$CH,28.800,L1CD,31,2680,40.9,8.622019891,-2596.459,-69628.699,0,0
$TIME,2024,5,11,3,29,15.402295
$CH,28.900,L1CD,1,2690,44.1,9.263750936,-2100.118,-56503.873,0,0
$CH,28.900,L1CD,2,2690,40.7,9.965806110,-1681.693,-45258.908,0,0
$CH,28.900,L1CD,3,2690,49.0,8.561355754,849.666,23080.954,0,0
$CH,28.900,L1CD,4,2690,44.9,5.754813618,1853.694,49844.006,0,0
$CH,28.900,L1CD,7,2690,40.1,2.273098806,1354.725,36520.118,0,0
$CH,28.900,L1CD,8,2690,39.7,1.744087033,2099.555,56389.913,0,0
$CH,28.900,L1CD,9,2690,39.9,2.198937869,2267.020,60927.124,0,0
$CH,28.900,L1CD,16,2690,49.8,8.188423659,-141.801,-3556.620,0,0
$CH,28.900,L1CD,21,2690,40.2,0.218559047,-1418.904,-38230.608,0,0
$CH,28.900,L1CD,26,2690,46.8,2.422361820,-2462.283,-66069.729,0,0
$CH,28.900,L1CD,27,2690,41.1,9.524822360,1939.929,52163.827,0,0
$CH,28.900,L1CD,31,2690,40.9,8.622181591,-2596.429,-69888.360,0,0
$TIME,2024,5,11,3,29,16.193104
$CH,29.000,L1CD,1,2700,44.1,9.263887607,-2100.225,-56713.894,0,0
$CH,29.000,L1CD,2,2700,40.3,9.965916910,-1680.992,-45427.006,0,0
$CH,29.000,L1CD,3,2700,49.4,8.561298946,849.578,23165.912,0,0
$CH,29.000,L1CD,4,2700,44.7,5.754694224,1854.173,50029.402,0,0
$CH,29.000,L1CD,7,2700,39.3,2.273012174,1354.387,36655.578,0,0
$CH,29.000,L1CD,8,2700,40.4,1.743955477,2099.702,56599.886,0,0
$CH,29.000,L1CD,9,2700,39.0,2.198798617,2267.461,61153.831,0,0
$CH,29.000,L1CD,16,2700,50.1,8.188436456,-141.939,-3570.804,0,0
$CH,29.000,L1CD,21,2700,41.3,0.218652929,-1418.376,-38372.495,0,0
$CH,29.000,L1CD,26,2700,46.5,2.422524943,-2462.599,-66315.964,0,0
$CH,29.000,L1CD,27,2700,40.5,9.524702554,1939.524,52357.808,0,0
$CH,29.000,L1CD,31,2700,41.0,8.622349244,-2596.344,-70148.021,0,0
$TIME,2024,5,11,3,29,16.982262
$CH,29.100,L1CD,1,2710,44.1,9.264027344,-2100.343,-56923.913,0,0
$CH,29.100,L1CD,2,2710,40.3,9.966032380,-1681.008,-45595.086,0,0
$CH,29.100,L1CD,3,2710,49.4,8.561246475,849.501,23250.865,0,0
$CH,29.100,L1CD,4,2710,44.7,5.754572458,1853.903,50214.806,0,0
$CH,29.100,L1CD,7,2710,39.3,2.272923410,1354.590,36791.002,0,0
$CH,29.100,L1CD,8,2710,40.4,1.743828438,2099.737,56809.863,0,0
$CH,29.100,L1CD,9,2710,39.0,2.198657621,2267.179,61380.547,0,0
$CH,29.100,L1CD,16,2710,50.1,8.188459509,-142.003,-3584.997,0,0
$CH,29.100,L1CD,21,2710,41.3,0.218741370,-1419.454,-38514.376,0,0
$CH,29.100,L1CD,26,2710,46.5,2.422676037,-2462.379,-66562.210,0,0
$CH,29.100,L1CD,27,2710,40.5,9.524582535,1940.386,52551.773,0,0
$CH,29.100,L1CD,31,2710,41.0,8.622514042,-2596.376,-70407.691,0,0
$TIME,2024,5,11,3,29,17.793411
$CH,29.200,L1CD,1,2720,44.1,9.264162364,-2100.228,-57133.930,0,0
$CH,29.200,L1CD,2,2720,40.3,9.966132922,-1681.240,-45763.167,0,0
$CH,29.200,L1CD,3,2720,49.4,8.561192614,849.553,23335.812,0,0
$CH,29.200,L1CD,4,2720,44.7,5.754460944,1854.527,50400.206,0,0
$CH,29.200,L1CD,7,2720,39.3,2.272842556,1353.761,36926.453,0,0
$CH,29.200,L1CD,8,2720,40.4,1.743694752,2099.159,57019.851,0,0
$CH,29.200,L1CD,9,2720,39.0,2.198506673,2267.864,61607.261,0,0
$CH,29.200,L1CD,16,2720,50.1,8.188461796,-142.085,-3599.198,0,0
$CH,29.200,L1CD,21,2720,41.3,0.218829027,-1419.009,-38656.251,0,0
$CH,29.200,L1CD,26,2720,46.5,2.422833729,-2462.407,-66808.457,0,0
$CH,29.200,L1CD,27,2720,40.5,9.524458236,1940.515,52745.744,0,0
$CH,29.200,L1CD,31,2720,41.0,8.622686897,-2596.158,-70667.353,0,0
$TIME,2024,5,11,3,29,18.564751
$CH,29.300,L1CD,1,2730,44.1,9.264287345,-2100.189,-57343.948,0,0
$CH,29.300,L1CD,2,2730,40.3,9.966243704,-1681.039,-45931.256,0,0
$CH,29.300,L1CD,3,2730,49.4,8.561138025,849.497,23420.753,0,0
$CH,29.300,L1CD,4,2730,44.7,5.754342292,1854.710,50585.613,0,0
$CH,29.300,L1CD,7,2730,39.3,2.272753967,1354.033,37061.888,0,0
$CH,29.300,L1CD,8,2730,40.4,1.743571028,2099.891,57229.829,0,0
$CH,29.300,L1CD,9,2730,39.0,2.198354224,2266.616,61833.999,0,0
$CH,29.300,L1CD,16,2730,50.1,8.188462834,-141.891,-3613.409,0,0
$CH,29.300,L1CD,21,2730,41.3,0.218920674,-1418.409,-38798.127,0,0
$CH,29.300,L1CD,26,2730,46.5,2.422996971,-2462.525,-67054.705,0,0
$CH,29.300,L1CD,27,2730,40.5,9.524335400,1939.874,52939.724,0,0
$CH,29.300,L1CD,31,2730,41.0,8.622852040,-2596.277,-70927.018,0,0
$TIME,2024,5,11,3,29,19.439610
$CH,29.400,L1CD,1,2740,44.1,9.264425543,-2099.959,-57553.965,0,0
$CH,29.400,L1CD,2,2740,40.3,9.966349224,-1680.526,-46099.335,0,0
$CH,29.400,L1CD,3,2740,49.4,8.561085351,849.242,23505.688,0,0
$CH,29.400,L1CD,4,2740,44.7,5.754221799,1854.211,50771.019,0,0
$CH,29.400,L1CD,7,2740,39.3,2.272667467,1354.312,37197.308,0,0
$CH,29.400,L1CD,8,2740,40.4,1.743425245,2099.311,57439.819,0,0
$CH,29.400,L1CD,9,2740,39.0,2.198218854,2267.525,62060.711,0,0
$CH,29.400,L1CD,16,2740,50.1,8.188470845,-142.176,-3627.619,0,0
$CH,29.400,L1CD,21,2740,41.3,0.219008512,-1418.842,-38940.018,0,0
$CH,29.400,L1CD,26,2740,46.5,2.423151121,-2462.507,-67300.962,0,0
$CH,29.400,L1CD,27,2740,40.5,9.524221831,1939.916,53133.698,0,0
$CH,29.400,L1CD,31,2740,41.0,8.623015308,-2596.501,-71186.676,0,0
$TIME,2024,5,11,3,29,20.197830
$CH,29.500,L1CD,1,2750,44.1,9.264553040,-2099.934,-57763.984,0,0
$CH,29.500,L1CD,2,2750,40.3,9.966461275,-1680.525,-46267.419,0,0
$CH,29.500,L1CD,3,2750,49.4,8.561029140,849.409,23590.615,0,0
$CH,29.500,L1CD,4,2750,44.7,5.754103328,1854.166,50956.428,0,0
$CH,29.500,L1CD,7,2750,39.3,2.272586058,1354.611,37332.755,0,0
$CH,29.500,L1CD,8,2750,40.4,1.743296489,2100.215,57649.801,0,0
$CH,29.500,L1CD,9,2750,39.0,2.198085166,2267.510,62287.435,0,0
$CH,29.500,L1CD,16,2750,50.1,8.188490320,-142.168,-3641.840,0,0
$CH,29.500,L1CD,21,2750,41.3,0.219106662,-1419.031,-39081.895,0,0
$CH,29.500,L1CD,26,2750,46.5,2.423311144,-2462.349,-67547.223,0,0
$CH,29.500,L1CD,27,2750,40.5,9.524104093,1940.105,53327.671,0,0
$CH,29.500,L1CD,31,2750,41.0,8.623176720,-2596.288,-71446.337,0,0
$TIME,2024,5,11,3,29,20.964719
$CH,29.600,L1CD,1,2760,44.1,9.264695061,-2100.018,-57974.001,0,0
$CH,29.600,L1CD,2,2760,40.3,9.966564785,-1680.514,-46435.488,0,0
$CH,29.600,L1CD,3,2760,49.4,8.560974033,849.395,23675.535,0,0
$CH,29.600,L1CD,4,2760,44.7,5.753988140,1854.371,51141.833,0,0
$CH,29.600,L1CD,7,2760,39.3,2.272493571,1354.492,37468.179,0,0
$CH,29.600,L1CD,8,2760,40.4,1.743166403,2099.959,57859.790,0,0
$CH,29.600,L1CD,9,2760,39.0,2.197942202,2267.469,62514.163,0,0
$CH,29.600,L1CD,16,2760,50.1,8.188502329,-142.526,-3656.068,0,0
$CH,29.600,L1CD,21,2760,41.3,0.219189676,-1419.175,-39223.760,0,0
$CH,29.600,L1CD,26,2760,46.5,2.423460526,-2462.600,-67793.486,0,0
$CH,29.600,L1CD,27,2760,40.5,9.523971706,1939.286,53521.649,0,0
$CH,29.600,L1CD,31,2760,41.0,8.623339516,-2596.616,-71705.993,0,0
$TIME,2024,5,11,3,29,21.826304
$CH,29.700,L1CD,1,2770,44.1,9.264822833,-2100.434,-58184.016,0,0
$CH,29.700,L1CD,2,2770,40.3,9.966666085,-1681.071,-46603.574,0,0
$CH,29.700,L1CD,3,2770,49.4,8.560923999,849.126,23760.457,0,0
$CH,29.700,L1CD,4,2770,44.7,5.753867854,1853.981,51327.240,0,0
$CH,29.700,L1CD,7,2770,39.3,2.272405844,1354.431,37603.612,0,0
$CH,29.700,L1CD,8,2770,40.4,1.743026949,2099.872,58069.784,0,0
$CH,29.700,L1CD,9,2770,39.0,2.197797895,2266.647,62740.893,0,0
$CH,29.700,L1CD,16,2770,50.1,8.188500681,-142.168,-3670.308,0,0
$CH,29.700,L1CD,21,2770,41.3,0.219285395,-1418.874,-39365.628,0,0
$CH,29.700,L1CD,26,2770,46.5,2.423620611,-2462.812,-68039.754,0,0
$CH,29.700,L1CD,27,2770,40.5,9.523841293,1939.869,53715.621,0,0
$CH,29.700,L1CD,31,2770,41.0,8.623501384,-2597.025,-71965.656,0,0
$TIME,2024,5,11,3,29,22.608164
$CH,29.800,L1CD,1,2780,44.1,9.264962319,-2100.421,-58394.034,0,0
$CH,29.800,L1CD,2,2780,40.3,9.966780376,-1680.262,-46771.646,0,0
$CH,29.800,L1CD,3,2780,49.4,8.560868459,849.113,23845.360,0,0
$CH,29.800,L1CD,4,2780,44.7,5.753752739,1854.016,51512.647,0,0
$CH,29.800,L1CD,7,2780,39.3,2.272325775,1354.287,37739.038,0,0
$CH,29.800,L1CD,8,2780,40.4,1.742898254,2099.960,58279.783,0,0
$CH,29.800,L1CD,9,2780,39.0,2.197651299,2267.314,62967.610,0,0
$CH,29.800,L1CD,16,2780,50.1,8.188506487,-142.454,-3684.546,0,0
$CH,29.800,L1CD,21,2780,41.3,0.219371074,-1418.389,-39507.497,0,0
$CH,29.800,L1CD,26,2780,46.5,2.423777527,-2462.777,-68286.031,0,0
$CH,29.800,L1CD,27,2780,40.5,9.523719549,1939.772,53909.606,0,0
$CH,29.800,L1CD,31,2780,41.0,8.623665756,-2596.797,-72225.307,0,0
$TIME,2024,5,11,3,29,23.446676
$CH,29.900,L1CD,1,2790,44.1,9.265096141,-2099.976,-58604.042,0,0
$CH,29.900,L1CD,2,2790,40.3,9.966875324,-1680.784,-46939.719,0,0
$CH,29.900,L1CD,3,2790,49.4,8.560815546,849.000,23930.266,0,0
$CH,29.900,L1CD,4,2790,44.7,5.753633760,1854.292,51698.059,0,0
$CH,29.900,L1CD,7,2790,39.3,2.272241573,1353.758,37874.467,0,0
$CH,29.900,L1CD,8,2790,40.4,1.742770892,2099.973,58489.779,0,0
$CH,29.900,L1CD,9,2790,39.0,2.197505442,2267.215,63194.339,0,0
$CH,29.900,L1CD,16,2790,50.1,8.188520788,-142.710,-3698.794,0,0
$CH,29.900,L1CD,21,2790,41.3,0.219462383,-1418.538,-39649.372,0,0
$CH,29.900,L1CD,26,2790,46.5,2.423933283,-2463.094,-68532.309,0,0
$CH,29.900,L1CD,27,2790,40.5,9.523607349,1939.730,54103.591,0,0
$CH,29.900,L1CD,31,2790,41.0,8.623827735,-2596.666,-72484.963,0,0
$TIME,2024,5,11,3,29,24.225837
$CH,30.000,L1CD,1,2800,44.0,9.265224780,-2100.344,-58814.069,0,0
$CH,30.000,L1CD,2,2800,40.7,9.966981398,-1681.324,-47107.787,0,0
$CH,30.000,L1CD,3,2800,49.7,8.560762755,848.913,24015.163,0,0
$CH,30.000,L1CD,4,2800,44.1,5.753517422,1853.670,51883.468,0,0
$CH,30.000,L1CD,7,2800,39.4,2.272153130,1354.625,38009.880,0,0
$CH,30.000,L1CD,8,2800,40.9,1.742635228,2099.896,58699.780,0,0
$CH,30.000,L1CD,9,2800,39.2,2.197360809,2267.590,63421.069,0,0
$CH,30.000,L1CD,16,2800,50.5,8.188539104,-142.615,-3713.052,0,0
$CH,30.000,L1CD,21,2800,41.8,0.219546211,-1418.822,-39791.240,0,0
$CH,30.000,L1CD,26,2800,47.6,2.424088895,-2462.866,-68778.593,0,0
$CH,30.000,L1CD,27,2800,40.6,9.523484756,1939.801,54297.559,0,0
$CH,30.000,L1CD,31,2800,41.7,8.623999506,-2596.986,-72744.619,0,0
$TIME,2024,5,11,3,29,25.056792
$CH,30.100,L1CD,1,2810,44.0,9.265354197,-2099.760,-59024.080,0,0
$CH,30.100,L1CD,2,2810,40.7,9.967086298,-1680.779,-47275.864,0,0
$CH,30.100,L1CD,3,2810,49.7,8.560704305,848.803,24100.052,0,0
$CH,30.100,L1CD,4,2810,44.1,5.753396333,1854.246,52068.878,0,0
$CH,30.100,L1CD,7,2810,39.4,2.272067381,1354.823,38145.300,0,0
$CH,30.100,L1CD,8,2810,40.9,1.742499617,2100.285,58909.779,0,0
$CH,30.100,L1CD,9,2810,39.2,2.197212531,2267.289,63647.807,0,0
$CH,30.100,L1CD,16,2810,50.5,8.188539350,-142.670,-3727.317,0,0
$CH,30.100,L1CD,21,2810,41.8,0.219644505,-1418.635,-39933.105,0,0
$CH,30.100,L1CD,26,2810,47.6,2.424241873,-2462.935,-69024.880,0,0
$CH,30.100,L1CD,27,2810,40.6,9.523357523,1939.872,54491.532,0,0
$CH,30.100,L1CD,31,2810,41.7,8.624156315,-2596.275,-73004.281,0,0
$TIME,2024,5,11,3,29,25.807238
$CH,30.200,L1CD,1,2820,44.0,9.265487724,-2100.558,-59234.097,0,0
$CH,30.200,L1CD,2,2820,40.7,9.967197928,-1680.659,-47443.927,0,0
$CH,30.200,L1CD,3,2820,49.7,8.560652483,848.949,24184.937,0,0
$CH,30.200,L1CD,4,2820,44.1,5.753281791,1854.211,52254.292,0,0
$CH,30.200,L1CD,7,2820,39.4,2.271972856,1354.854,38280.715,0,0
$CH,30.200,L1CD,8,2820,40.9,1.742372635,2099.084,59119.799,0,0
$CH,30.200,L1CD,9,2820,39.2,2.197073706,2267.682,63874.545,0,0
$CH,30.200,L1CD,16,2820,50.5,8.188546062,-142.753,-3741.588,0,0
$CH,30.200,L1CD,21,2820,41.8,0.219729403,-1418.579,-40074.966,0,0
$CH,30.200,L1CD,26,2820,47.6,2.424400895,-2462.816,-69271.173,0,0
$CH,30.200,L1CD,27,2820,40.6,9.523237041,1939.719,54685.515,0,0
$CH,30.200,L1CD,31,2820,41.7,8.624327894,-2596.618,-73263.930,0,0
$TIME,2024,5,11,3,29,26.578130
$CH,30.300,L1CD,1,2830,44.0,9.265623555,-2100.258,-59444.117,0,0
$CH,30.300,L1CD,2,2830,40.7,9.967302488,-1680.573,-47612.007,0,0
$CH,30.300,L1CD,3,2830,49.7,8.560601030,848.701,24269.817,0,0
$CH,30.300,L1CD,4,2830,44.1,5.753163559,1854.756,52439.699,0,0
$CH,30.300,L1CD,7,2830,39.4,2.271895044,1354.530,38416.134,0,0
$CH,30.300,L1CD,8,2830,40.9,1.742236818,2100.007,59329.801,0,0
$CH,30.300,L1CD,9,2830,39.2,2.196925791,2266.786,64101.277,0,0
$CH,30.300,L1CD,16,2830,50.5,8.188558219,-142.794,-3755.865,0,0
$CH,30.300,L1CD,21,2830,41.8,0.219821417,-1418.726,-40216.828,0,0
$CH,30.300,L1CD,26,2830,47.6,2.424554651,-2462.788,-69517.467,0,0
$CH,30.300,L1CD,27,2830,40.6,9.523113170,1939.918,54879.494,0,0
$CH,30.300,L1CD,31,2830,41.7,8.624493242,-2596.562,-73523.579,0,0
$TIME,2024,5,11,3,29,27.486992
$CH,30.400,L1CD,1,2840,44.0,9.265753561,-2100.004,-59654.135,0,0
$CH,30.400,L1CD,2,2840,40.7,9.967407473,-1680.436,-47780.077,0,0
$CH,30.400,L1CD,3,2840,49.7,8.560544588,848.655,24354.687,0,0
$CH,30.400,L1CD,4,2840,44.1,5.753045941,1853.658,52625.119,0,0
$CH,30.400,L1CD,7,2840,39.4,2.271814704,1354.080,38551.548,0,0
$CH,30.400,L1CD,8,2840,40.9,1.742101614,2099.677,59539.814,0,0
$CH,30.400,L1CD,9,2840,39.2,2.196790789,2267.578,64328.012,0,0
$CH,30.400,L1CD,16,2840,50.5,8.188576010,-142.930,-3770.150,0,0
$CH,30.400,L1CD,21,2840,41.8,0.219911885,-1418.530,-40358.689,0,0
$CH,30.400,L1CD,26,2840,47.6,2.424712322,-2462.984,-69763.772,0,0
$CH,30.400,L1CD,27,2840,40.6,9.522985409,1939.841,55073.470,0,0
$CH,30.400,L1CD,31,2840,41.7,8.624659697,-2596.698,-73783.232,0,0
$TIME,2024,5,11,3,29,28.374031
$CH,30.500,L1CD,1,2850,44.0,9.265891230,-2100.238,-59864.143,0,0
$CH,30.500,L1CD,2,2850,40.7,9.967510275,-1680.683,-47948.136,0,0
$CH,30.500,L1CD,3,2850,49.7,8.560494253,848.473,24439.555,0,0
$CH,30.500,L1CD,4,2850,44.1,5.752929241,1853.756,52810.534,0,0
$CH,30.500,L1CD,7,2850,39.4,2.271718968,1354.019,38686.953,0,0
$CH,30.500,L1CD,8,2850,40.9,1.741963749,2100.425,59749.825,0,0
$CH,30.500,L1CD,9,2850,39.2,2.196641182,2266.912,64554.758,0,0
$CH,30.500,L1CD,16,2850,50.5,8.188578729,-143.238,-3784.441,0,0
$CH,30.500,L1CD,21,2850,41.8,0.219999517,-1418.655,-40500.538,0,0
$CH,30.500,L1CD,26,2850,47.6,2.424870125,-2463.172,-70010.078,0,0
$CH,30.500,L1CD,27,2850,40.6,9.522867276,1940.394,55267.447,0,0
$CH,30.500,L1CD,31,2850,41.7,8.624819885,-2596.531,-74042.883,0,0
$TIME,2024,5,11,3,29,29.156024
$CH,30.600,L1CD,1,2860,44.0,9.266021546,-2100.590,-60074.158,0,0
$CH,30.600,L1CD,2,2860,40.7,9.967618110,-1680.322,-48116.210,0,0
$CH,30.600,L1CD,3,2860,49.7,8.560439226,848.631,24524.413,0,0
$CH,30.600,L1CD,4,2860,44.1,5.752813043,1854.263,52995.948,0,0
$CH,30.600,L1CD,7,2860,39.4,2.271633366,1354.561,38822.364,0,0
$CH,30.600,L1CD,8,2860,40.9,1.741836431,2099.803,59959.842,0,0
$CH,30.600,L1CD,9,2860,39.2,2.196490420,2267.975,64781.480,0,0
$CH,30.600,L1CD,16,2860,50.5,8.188584432,-142.926,-3798.743,0,0
$CH,30.600,L1CD,21,2860,41.8,0.220090266,-1418.356,-40642.403,0,0
$CH,30.600,L1CD,26,2860,47.6,2.425025239,-2463.181,-70256.387,0,0
$CH,30.600,L1CD,27,2860,40.6,9.522747252,1939.537,55461.434,0,0
$CH,30.600,L1CD,31,2860,41.7,8.624984812,-2595.974,-74302.534,0,0
$TIME,2024,5,11,3,29,30.008042
$CH,30.700,L1CD,1,2870,44.0,9.266158151,-2100.305,-60284.171,0,0
$CH,30.700,L1CD,2,2870,40.7,9.967731108,-1680.537,-48284.274,0,0
$CH,30.700,L1CD,3,2870,49.7,8.560380179,848.541,24609.268,0,0
$CH,30.700,L1CD,4,2870,44.1,5.752697340,1854.291,53181.362,0,0
$CH,30.700,L1CD,7,2870,39.4,2.271548072,1353.473,38957.772,0,0
$CH,30.700,L1CD,8,2870,40.9,1.741694386,2100.012,60169.861,0,0
$CH,30.700,L1CD,9,2870,39.2,2.196352343,2267.047,65008.230,0,0
$CH,30.700,L1CD,16,2870,50.5,8.188589372,-143.081,-3813.051,0,0
$CH,30.700,L1CD,21,2870,41.8,0.220187727,-1418.519,-40784.255,0,0
$CH,30.700,L1CD,26,2870,47.6,2.425183543,-2463.076,-70502.707,0,0
$CH,30.700,L1CD,27,2870,40.6,9.522615316,1939.767,55655.414,0,0
$CH,30.700,L1CD,31,2870,41.7,8.625150900,-2596.424,-74562.180,0,0
$TIME,2024,5,11,3,29,30.755238
$CH,30.800,L1CD,1,2880,44.0,9.266294596,-2100.391,-60494.185,0,0
$CH,30.800,L1CD,2,2880,40.7,9.967834276,-1680.678,-48452.333,0,0
$CH,30.800,L1CD,3,2880,49.7,8.560329997,848.415,24694.114,0,0
$CH,30.800,L1CD,4,2880,44.1,5.752575605,1853.934,53366.782,0,0
$CH,30.800,L1CD,7,2880,39.4,2.271459589,1353.963,39093.161,0,0
$CH,30.800,L1CD,8,2880,40.9,1.741558224,2100.101,60379.889,0,0
$CH,30.800,L1CD,9,2880,39.2,2.196207167,2267.369,65234.972,0,0
$CH,30.800,L1CD,16,2880,50.5,8.188606708,-143.237,-3827.365,0,0
$CH,30.800,L1CD,21,2880,41.8,0.220270717,-1418.402,-40926.111,0,0
$CH,30.800,L1CD,26,2880,47.6,2.425342994,-2462.952,-70749.023,0,0
$CH,30.800,L1CD,27,2880,40.6,9.522490924,1939.424,55849.395,0,0
$CH,30.800,L1CD,31,2880,41.7,8.625314840,-2595.525,-74821.823,0,0
$TIME,2024,5,11,3,29,31.485086
$CH,30.900,L1CD,1,2890,44.0,9.266434139,-2100.532,-60704.202,0,0
$CH,30.900,L1CD,2,2890,40.7,9.967947389,-1680.798,-48620.396,0,0
$CH,30.900,L1CD,3,2890,49.7,8.560274472,848.371,24778.954,0,0
$CH,30.900,L1CD,4,2890,44.1,5.752456109,1854.366,53552.196,0,0
$CH,30.900,L1CD,7,2890,39.4,2.271379466,1354.454,39228.575,0,0
$CH,30.900,L1CD,8,2890,40.9,1.741421529,2100.264,60589.907,0,0
$CH,30.900,L1CD,9,2890,39.2,2.196073903,2266.655,65461.720,0,0
$CH,30.900,L1CD,16,2890,50.5,8.188617912,-143.305,-3841.684,0,0
$CH,30.900,L1CD,21,2890,41.8,0.220364010,-1418.000,-41067.961,0,0
$CH,30.900,L1CD,26,2890,47.6,2.425497133,-2463.491,-70995.345,0,0
$CH,30.900,L1CD,27,2890,40.6,9.522370066,1940.245,56043.369,0,0
$CH,30.900,L1CD,31,2890,41.7,8.625483637,-2596.454,-75081.468,0,0
$TIME,2024,5,11,3,29,32.266033
$CH,31.000,L1CD,1,2900,43.9,9.266560218,-2100.182,-60914.218,0,0
$CH,31.000,L1CD,2,2900,41.5,9.968056806,-1680.869,-48788.457,0,0
$CH,31.000,L1CD,3,2900,48.9,8.560218424,848.338,24863.786,0,0
$CH,31.000,L1CD,4,2900,44.2,5.752343802,1854.180,53737.618,0,0
$CH,31.000,L1CD,7,2900,40.3,2.271290138,1354.189,39363.964,0,0
$CH,31.000,L1CD,8,2900,40.8,1.741287745,2100.275,60799.939,0,0
$CH,31.000,L1CD,9,2900,40.4,2.195926372,2267.846,65688.469,0,0
$CH,31.000,L1CD,16,2900,50.3,8.188620827,-143.391,-3856.012,0,0
$CH,31.000,L1CD,21,2900,41.1,0.220449620,-1418.438,-41209.806,0,0
$CH,31.000,L1CD,26,2900,47.8,2.425653579,-2463.359,-71241.679,0,0
$CH,31.000,L1CD,27,2900,41.4,9.522251520,1940.109,56237.360,0,0
$CH,31.000,L1CD,31,2900,42.6,8.625651086,-2596.579,-75341.111,0,0
$TIME,2024,5,11,3,29,33.451393
$CH,31.100,L1CD,1,2910,43.9,9.266689771,-2100.352,-61124.229,0,0
$CH,31.100,L1CD,2,2910,41.5,9.968157783,-1680.790,-48956.509,0,0
$CH,31.100,L1CD,3,2910,48.9,8.560168046,848.204,24948.614,0,0
$CH,31.100,L1CD,4,2910,44.2,5.752221975,1854.183,53923.035,0,0
$CH,31.100,L1CD,7,2910,40.3,2.271202239,1353.909,39499.361,0,0
$CH,31.100,L1CD,8,2910,40.8,1.741164674,2100.464,61009.965,0,0
$CH,31.100,L1CD,9,2910,40.4,2.195773913,2267.018,65915.218,0,0
$CH,31.100,L1CD,16,2910,50.3,8.188619992,-143.567,-3870.348,0,0
$CH,31.100,L1CD,21,2910,41.1,0.220546271,-1418.661,-41351.656,0,0
$CH,31.100,L1CD,26,2910,47.8,2.425813756,-2463.354,-71488.011,0,0
$CH,31.100,L1CD,27,2910,41.4,9.522122377,1939.623,56431.337,0,0
$CH,31.100,L1CD,31,2910,42.6,8.625811022,-2596.482,-75600.757,0,0
$TIME,2024,5,11,3,29,34.452264
$CH,31.200,L1CD,1,2920,43.9,9.266819553,-2100.026,-61334.239,0,0
$CH,31.200,L1CD,2,2920,41.5,9.968269513,-1680.706,-49124.565,0,0
$CH,31.200,L1CD,3,2920,48.9,8.560113610,848.276,25033.438,0,0
$CH,31.200,L1CD,4,2920,44.2,5.752100673,1853.959,54108.459,0,0
$CH,31.200,L1CD,7,2920,40.3,2.271122890,1353.906,39634.751,0,0
$CH,31.200,L1CD,8,2920,40.8,1.741030628,2099.233,61219.998,0,0
$CH,31.200,L1CD,9,2920,40.4,2.195629884,2267.953,66141.965,0,0
$CH,31.200,L1CD,16,2920,50.3,8.188633504,-143.529,-3884.690,0,0
$CH,31.200,L1CD,21,2920,41.1,0.220629666,-1418.519,-41493.498,0,0
$CH,31.200,L1CD,26,2920,47.8,2.425969799,-2463.242,-71734.352,0,0
$CH,31.200,L1CD,27,2920,41.4,9.522004170,1938.785,56625.316,0,0
$CH,31.200,L1CD,31,2920,42.6,8.625980193,-2596.256,-75860.405,0,0
$TIME,2024,5,11,3,29,35.244884
$CH,31.300,L1CD,1,2930,43.9,9.266954642,-2099.428,-61544.262,0,0
$CH,31.300,L1CD,2,2930,41.5,9.968372559,-1680.288,-49292.636,0,0
$CH,31.300,L1CD,3,2930,48.9,8.560056910,848.323,25118.254,0,0
$CH,31.300,L1CD,4,2930,44.2,5.751982755,1854.289,54293.874,0,0
$CH,31.300,L1CD,7,2930,40.3,2.271025914,1353.566,39770.148,0,0
$CH,31.300,L1CD,8,2930,40.8,1.740897036,2101.174,61430.028,0,0
$CH,31.300,L1CD,9,2930,40.4,2.195489323,2268.042,66368.711,0,0
$CH,31.300,L1CD,16,2930,50.3,8.188655379,-143.440,-3899.041,0,0
$CH,31.300,L1CD,21,2930,41.1,0.220724285,-1418.106,-41635.347,0,0
$CH,31.300,L1CD,26,2930,47.8,2.426124480,-2463.715,-71980.692,0,0
$CH,31.300,L1CD,27,2930,41.4,9.521882554,1940.077,56819.304,0,0
$CH,31.300,L1CD,31,2930,42.6,8.626144900,-2596.636,-76120.040,0,0
$TIME,2024,5,11,3,29,36.008886
$CH,31.400,L1CD,1,2940,43.9,9.267085589,-2099.705,-61754.276,0,0
$CH,31.400,L1CD,2,2940,41.5,9.968479524,-1681.193,-49460.691,0,0
$CH,31.400,L1CD,3,2940,48.9,8.560006150,847.989,25203.064,0,0
$CH,31.400,L1CD,4,2940,44.2,5.751870322,1854.274,54479.298,0,0
$CH,31.400,L1CD,7,2940,40.3,2.270941750,1353.604,39905.529,0,0
$CH,31.400,L1CD,8,2940,40.8,1.740764512,2100.621,61640.052,0,0
$CH,31.400,L1CD,9,2940,40.4,2.195347902,2268.190,66595.467,0,0
$CH,31.400,L1CD,16,2940,50.3,8.188659685,-143.451,-3913.398,0,0
$CH,31.400,L1CD,21,2940,41.1,0.220815871,-1418.775,-41777.175,0,0
$CH,31.400,L1CD,26,2940,47.8,2.426278338,-2463.439,-72227.042,0,0
$CH,31.400,L1CD,27,2940,41.4,9.521758351,1939.701,57013.287,0,0
$CH,31.400,L1CD,31,2940,42.6,8.626309126,-2596.377,-76379.680,0,0
$TIME,2024,5,11,3,29,36.745674
$CH,31.500,L1CD,1,2950,43.9,9.267221872,-2100.084,-61964.289,0,0
$CH,31.500,L1CD,2,2950,41.5,9.968588693,-1680.624,-49628.742,0,0
$CH,31.500,L1CD,3,2950,48.9,8.559950653,847.895,25287.867,0,0
$CH,31.500,L1CD,4,2950,44.2,5.751754137,1854.149,54664.720,0,0
$CH,31.500,L1CD,7,2950,40.3,2.270854091,1355.005,40040.915,0,0
$CH,31.500,L1CD,8,2950,40.8,1.740634471,2099.954,61850.115,0,0
$CH,31.500,L1CD,9,2950,40.4,2.195212111,2268.060,66822.223,0,0
$CH,31.500,L1CD,16,2950,50.3,8.188660835,-143.824,-3927.758,0,0
$CH,31.500,L1CD,21,2950,41.1,0.220907981,-1418.125,-41919.029,0,0
$CH,31.500,L1CD,26,2950,47.8,2.426434252,-2463.581,-72473.395,0,0
$CH,31.500,L1CD,27,2950,41.4,9.521639868,1940.106,57207.265,0,0
$CH,31.500,L1CD,31,2950,42.6,8.626471292,-2596.430,-76639.314,0,0
$TIME,2024,5,11,3,29,37.498301
$CH,31.600,L1CD,1,2960,43.9,9.267354036,-2099.646,-62174.299,0,0
$CH,31.600,L1CD,2,2960,41.5,9.968694872,-1679.913,-49796.799,0,0
$CH,31.600,L1CD,3,2960,48.9,8.559897038,848.017,25372.661,0,0
$CH,31.600,L1CD,4,2960,44.2,5.751635944,1854.419,54850.142,0,0
$CH,31.600,L1CD,7,2960,40.3,2.270774336,1353.865,40176.314,0,0
$CH,31.600,L1CD,8,2960,40.8,1.740491524,2100.228,62060.148,0,0
$CH,31.600,L1CD,9,2960,40.4,2.195060783,2267.819,67048.992,0,0
$CH,31.600,L1CD,16,2960,50.3,8.188669193,-143.957,-3942.131,0,0
$CH,31.600,L1CD,21,2960,41.1,0.220989066,-1418.493,-42060.856,0,0
$CH,31.600,L1CD,26,2960,47.8,2.426589500,-2463.617,-72719.752,0,0
$CH,31.600,L1CD,27,2960,41.4,9.521512976,1939.712,57401.246,0,0
$CH,31.600,L1CD,31,2960,42.6,8.626633683,-2596.250,-76898.966,0,0
$TIME,2024,5,11,3,29,38.322691
$CH,31.700,L1CD,1,2970,43.9,9.267488113,-2100.409,-62384.306,0,0
$CH,31.700,L1CD,2,2970,41.5,9.968792961,-1681.038,-49964.851,0,0
$CH,31.700,L1CD,3,2970,48.9,8.559846259,847.705,25457.455,0,0
$CH,31.700,L1CD,4,2970,44.2,5.751515535,1854.201,55035.569,0,0
$CH,31.700,L1CD,7,2970,40.3,2.270687682,1353.708,40311.687,0,0
$CH,31.700,L1CD,8,2970,40.8,1.740361622,2100.474,62270.183,0,0
$CH,31.700,L1CD,9,2970,40.4,2.194909498,2268.041,67275.738,0,0
$CH,31.700,L1CD,16,2970,50.3,8.188686922,-143.818,-3956.508,0,0
$CH,31.700,L1CD,21,2970,41.1,0.221081368,-1419.156,-42202.694,0,0
$CH,31.700,L1CD,26,2970,47.8,2.426747303,-2463.972,-72966.115,0,0
$CH,31.700,L1CD,27,2970,41.4,9.521391437,1940.045,57595.235,0,0
$CH,31.700,L1CD,31,2970,42.6,8.626802462,-2596.268,-77158.597,0,0
$TIME,2024,5,11,3,29,38.998413
$CH,31.800,L1CD,1,2980,43.9,9.267618200,-2100.105,-62594.319,0,0
$CH,31.800,L1CD,2,2980,41.5,9.968897274,-1679.852,-50132.907,0,0
$CH,31.800,L1CD,3,2980,48.9,8.559789987,847.777,25542.239,0,0
$CH,31.800,L1CD,4,2980,44.2,5.751397718,1854.234,55220.989,0,0
$CH,31.800,L1CD,7,2980,40.3,2.270597481,1353.696,40447.072,0,0
$CH,31.800,L1CD,8,2980,40.8,1.740227891,2101.186,62480.235,0,0
$CH,31.800,L1CD,9,2980,40.4,2.194765768,2267.510,67502.508,0,0
$CH,31.800,L1CD,16,2980,50.3,8.188699196,-143.831,-3970.893,0,0
$CH,31.800,L1CD,21,2980,41.1,0.221171872,-1418.778,-42344.531,0,0
$CH,31.800,L1CD,26,2980,47.8,2.426903573,-2463.872,-73212.480,0,0
$CH,31.800,L1CD,27,2980,41.4,9.521267861,1939.975,57789.224,0,0
$CH,31.800,L1CD,31,2980,42.6,8.626970058,-2596.587,-77418.225,0,0
$TIME,2024,5,11,3,29,39.682349
$CH,31.900,L1CD,1,2990,43.9,9.267750270,-2099.904,-62804.332,0,0
$CH,31.900,L1CD,2,2990,41.5,9.969013950,-1680.158,-50300.958,0,0
$CH,31.900,L1CD,3,2990,48.9,8.559737604,847.749,25627.015,0,0
$CH,31.900,L1CD,4,2990,44.2,5.751280173,1854.339,55406.415,0,0
$CH,31.900,L1CD,7,2990,40.3,2.270520548,1354.335,40582.437,0,0
$CH,31.900,L1CD,8,2990,40.8,1.740100725,2100.537,62690.286,0,0
$CH,31.900,L1CD,9,2990,40.4,2.194627411,2268.040,67729.266,0,0
$CH,31.900,L1CD,16,2990,50.3,8.188703206,-143.902,-3985.286,0,0
$CH,31.900,L1CD,21,2990,41.1,0.221265108,-1418.220,-42486.367,0,0
$CH,31.900,L1CD,26,2990,47.8,2.427058552,-2463.736,-73458.847,0,0
$CH,31.900,L1CD,27,2990,41.4,9.521138424,1940.133,57983.199,0,0
$CH,31.900,L1CD,31,2990,42.6,8.627129621,-2596.520,-77677.861,0,0
$LOG,32.000,L1CD,10,SIGNAL NOT FOUND (33.9)
$TIME,2024,5,11,3,29,46.313534
$CH,32.000,L1CD,1,3000,43.6,9.267885976,-2099.901,-63014.342,0,0
$CH,32.000,L1CD,2,3000,41.7,9.969111179,-1681.018,-50468.994,0,0
$CH,32.000,L1CD,3,3000,49.1,8.559684756,847.592,25711.792,0,0
$CH,32.000,L1CD,4,3000,44.3,5.751163158,1854.465,55591.842,0,0
$CH,32.000,L1CD,7,3000,39.7,2.270438359,1354.017,40717.812,0,0
$CH,32.000,L1CD,8,3000,41.1,1.739963560,2100.289,62900.335,0,0
$CH,32.000,L1CD,9,3000,41.0,2.194486459,2267.320,67956.031,0,0
$CH,32.000,L1CD,16,3000,50.5,8.188711374,-143.867,-3999.683,0,0
$CH,32.000,L1CD,21,3000,40.8,0.221349924,-1418.652,-42628.187,0,0
$CH,32.000,L1CD,26,3000,47.4,2.427212412,-2463.484,-73705.222,0,0
$CH,32.000,L1CD,27,3000,42.3,9.521015237,1939.960,58177.191,0,0
$CH,32.000,L1CD,31,3000,43.1,8.627291573,-2596.109,-77937.499,0,0
$TIME,2024,5,11,3,29,47.031144
$CH,32.100,L1CD,1,3010,43.6,9.268021457,-2100.234,-63224.353,0,0
$CH,32.100,L1CD,2,3010,41.7,9.969221813,-1680.470,-50637.050,0,0
$CH,32.100,L1CD,3,3010,49.1,8.559627700,847.734,25796.553,0,0
$CH,32.100,L1CD,4,3010,44.3,5.751045994,1854.681,55777.266,0,0
$CH,32.100,L1CD,7,3010,39.7,2.270343251,1353.218,40853.186,0,0
$CH,32.100,L1CD,8,3010,41.1,1.739838273,2100.394,63110.395,0,0
$CH,32.100,L1CD,9,3010,41.0,2.194334508,2267.795,68182.793,0,0
$CH,32.100,L1CD,16,3010,50.5,8.188725768,-144.008,-4014.092,0,0
$CH,32.100,L1CD,21,3010,40.8,0.221441342,-1418.492,-42770.017,0,0
$CH,32.100,L1CD,26,3010,47.4,2.427373690,-2463.715,-73951.609,0,0
$CH,32.100,L1CD,27,3010,42.3,9.520886299,1939.824,58371.172,0,0
$CH,32.100,L1CD,31,3010,43.1,8.627455779,-2596.445,-78197.133,0,0
$TIME,2024,5,11,3,29,47.753965
$CH,32.200,L1CD,1,3020,43.6,9.268160849,-2099.637,-63434.365,0,0
$CH,32.200,L1CD,2,3020,41.7,9.969331676,-1680.843,-50805.092,0,0
$CH,32.200,L1CD,3,3020,49.1,8.559578505,847.512,25881.314,0,0
$CH,32.200,L1CD,4,3020,44.3,5.750927997,1854.638,55962.697,0,0
$CH,32.200,L1CD,7,3020,39.7,2.270256889,1353.925,40988.564,0,0
$CH,32.200,L1CD,8,3020,41.1,1.739698104,2100.231,63320.457,0,0
$CH,32.200,L1CD,9,3020,41.0,2.194184259,2267.868,68409.559,0,0
$CH,32.200,L1CD,16,3020,50.5,8.188740986,-144.260,-4028.502,0,0
$CH,32.200,L1CD,21,3020,40.8,0.221540983,-1418.583,-42911.848,0,0
$CH,32.200,L1CD,26,3020,47.4,2.427530394,-2463.763,-74197.991,0,0
$CH,32.200,L1CD,27,3020,42.3,9.520763196,1939.794,58565.162,0,0
$CH,32.200,L1CD,31,3020,43.1,8.627626071,-2596.218,-78456.764,0,0
$TIME,2024,5,11,3,29,48.521460
$CH,32.300,L1CD,1,3030,43.6,9.268293719,-2099.921,-63644.378,0,0
$CH,32.300,L1CD,2,3030,41.7,9.969444778,-1680.605,-50973.136,0,0
$CH,32.300,L1CD,3,3030,49.1,8.559526761,847.566,25966.064,0,0
$CH,32.300,L1CD,4,3030,44.3,5.750809420,1854.116,56148.128,0,0
$CH,32.300,L1CD,7,3030,39.7,2.270177926,1353.056,41123.920,0,0
$CH,32.300,L1CD,8,3030,41.1,1.739560692,2100.684,63530.513,0,0
$CH,32.300,L1CD,9,3030,41.0,2.194043839,2267.630,68636.323,0,0
$CH,32.300,L1CD,16,3030,50.5,8.188742445,-144.163,-4042.927,0,0
$CH,32.300,L1CD,21,3030,40.8,0.221626868,-1418.397,-43053.677,0,0
$CH,32.300,L1CD,26,3030,47.4,2.427689689,-2463.882,-74444.383,0,0
$CH,32.300,L1CD,27,3030,42.3,9.520640854,1940.068,58759.151,0,0
$CH,32.300,L1CD,31,3030,43.1,8.627785330,-2596.479,-78716.393,0,0
$TIME,2024,5,11,3,29,49.265163
$CH,32.400,L1CD,1,3040,43.6,9.268423865,-2100.092,-63854.384,0,0
$CH,32.400,L1CD,2,3040,41.7,9.969555033,-1679.966,-51141.187,0,0
$CH,32.400,L1CD,3,3040,49.1,8.559466419,847.472,26050.813,0,0
$CH,32.400,L1CD,4,3040,44.3,5.750689981,1853.784,56333.552,0,0
$CH,32.400,L1CD,7,3040,39.7,2.270090517,1354.887,41259.275,0,0
$CH,32.400,L1CD,8,3040,41.1,1.739430279,2100.860,63740.583,0,0
$CH,32.400,L1CD,9,3040,41.0,2.193899167,2267.193,68863.098,0,0
$CH,32.400,L1CD,16,3040,50.5,8.188744593,-144.303,-4057.354,0,0
$CH,32.400,L1CD,21,3040,40.8,0.221712510,-1419.069,-43195.495,0,0
$CH,32.400,L1CD,26,3040,47.4,2.427844559,-2464.081,-74690.773,0,0
$CH,32.400,L1CD,27,3040,42.3,9.520516455,1940.066,58953.133,0,0
$CH,32.400,L1CD,31,3040,43.1,8.627959374,-2596.710,-78976.016,0,0
$TIME,2024,5,11,3,29,49.980184
$CH,32.500,L1CD,1,3050,43.6,9.268561558,-2100.397,-64064.391,0,0
$CH,32.500,L1CD,2,3050,41.7,9.969652888,-1680.124,-51309.227,0,0
$CH,32.500,L1CD,3,3050,49.1,8.559417402,847.408,26135.556,0,0
$CH,32.500,L1CD,4,3050,44.3,5.750572788,1854.391,56518.983,0,0
$CH,32.500,L1CD,7,3050,39.7,2.269997625,1353.413,41394.646,0,0
$CH,32.500,L1CD,8,3050,41.1,1.739297439,2099.566,63950.653,0,0
$CH,32.500,L1CD,9,3050,41.0,2.193756254,2267.396,69089.871,0,0
$CH,32.500,L1CD,16,3050,50.5,8.188757372,-144.431,-4071.789,0,0
$CH,32.500,L1CD,21,3050,40.8,0.221807065,-1418.338,-43337.324,0,0
$CH,32.500,L1CD,26,3050,47.4,2.427998150,-2463.985,-74937.173,0,0
$CH,32.500,L1CD,27,3050,42.3,9.520394918,1939.849,59147.126,0,0
$CH,32.500,L1CD,31,3050,43.1,8.628118706,-2596.430,-79235.646,0,0
$TIME,2024,5,11,3,29,50.697088
$CH,32.600,L1CD,1,3060,43.6,9.268690187,-2100.076,-64274.408,0,0
$CH,32.600,L1CD,2,3060,41.7,9.969760375,-1681.117,-51477.270,0,0
$CH,32.600,L1CD,3,3060,49.1,8.559363994,847.551,26220.289,0,0
$CH,32.600,L1CD,4,3060,44.3,5.750452562,1854.369,56704.415,0,0
$CH,32.600,L1CD,7,3060,39.7,2.269922243,1353.591,41530.012,0,0
$CH,32.600,L1CD,8,3060,41.1,1.739157312,2100.694,64160.713,0,0
$CH,32.600,L1CD,9,3060,41.0,2.193622735,2267.987,69316.638,0,0
$CH,32.600,L1CD,16,3060,50.5,8.188778886,-144.403,-4086.232,0,0
$CH,32.600,L1CD,21,3060,40.8,0.221893991,-1418.242,-43479.138,0,0
$CH,32.600,L1CD,26,3060,47.4,2.428149442,-2464.093,-75183.574,0,0
$CH,32.600,L1CD,27,3060,42.3,9.520277923,1940.638,59341.107,0,0
$CH,32.600,L1CD,31,3060,43.1,8.628288149,-2596.386,-79495.281,0,0
$TIME,2024,5,11,3,29,51.432664
$CH,32.700,L1CD,1,3070,43.6,9.268819571,-2100.660,-64484.414,0,0
$CH,32.700,L1CD,2,3070,41.7,9.969865417,-1679.936,-51645.310,0,0
$CH,32.700,L1CD,3,3070,49.1,8.559309036,847.105,26305.017,0,0
$CH,32.700,L1CD,4,3070,44.3,5.750338097,1854.275,56889.849,0,0
$CH,32.700,L1CD,7,3070,39.7,2.269834255,1353.797,41665.364,0,0
$CH,32.700,L1CD,8,3070,41.1,1.739025934,2100.788,64370.777,0,0
$CH,32.700,L1CD,9,3070,41.0,2.193471416,2267.521,69543.414,0,0
$CH,32.700,L1CD,16,3070,50.5,8.188780424,-144.515,-4100.680,0,0
$CH,32.700,L1CD,21,3070,40.8,0.221978411,-1417.712,-43620.966,0,0
$CH,32.700,L1CD,26,3070,47.4,2.428301941,-2464.281,-75429.987,0,0
$CH,32.700,L1CD,27,3070,42.3,9.520153518,1939.202,59535.104,0,0
$CH,32.700,L1CD,31,3070,43.1,8.628457033,-2596.033,-79754.898,0,0
$TIME,2024,5,11,3,29,52.162559
$CH,32.800,L1CD,1,3080,43.6,9.268951687,-2100.169,-64694.425,0,0
$CH,32.800,L1CD,2,3080,41.7,9.969972139,-1680.476,-51813.341,0,0
$CH,32.800,L1CD,3,3080,49.1,8.559254423,847.208,26389.736,0,0
$CH,32.800,L1CD,4,3080,44.3,5.750222664,1854.363,57075.276,0,0
$CH,32.800,L1CD,7,3080,39.7,2.269754669,1353.231,41800.712,0,0
$CH,32.800,L1CD,8,3080,41.1,1.738888414,2100.773,64580.856,0,0
$CH,32.800,L1CD,9,3080,41.0,2.193330212,2267.601,69770.189,0,0
$CH,32.800,L1CD,16,3080,50.5,8.188784522,-144.545,-4115.136,0,0
$CH,32.800,L1CD,21,3080,40.8,0.222073459,-1418.262,-43762.778,0,0
$CH,32.800,L1CD,26,3080,47.4,2.428465619,-2464.079,-75676.397,0,0
$CH,32.800,L1CD,27,3080,42.3,9.520031148,1940.324,59729.086,0,0
$CH,32.800,L1CD,31,3080,43.1,8.628618688,-2597.605,-80014.517,0,0
$TIME,2024,5,11,3,29,52.880322
$CH,32.900,L1CD,1,3090,43.6,9.269083030,-2100.030,-64904.436,0,0
$CH,32.900,L1CD,2,3090,41.7,9.970083928,-1680.217,-51981.385,0,0
$CH,32.900,L1CD,3,3090,49.1,8.559200636,847.253,26474.455,0,0
$CH,32.900,L1CD,4,3090,44.3,5.750098936,1854.266,57260.712,0,0
$CH,32.900,L1CD,7,3090,39.7,2.269665130,1353.754,41936.077,0,0
$CH,32.900,L1CD,8,3090,41.1,1.738760725,2100.652,64790.931,0,0
$CH,32.900,L1CD,9,3090,41.0,2.193186331,2267.959,69996.967,0,0
$CH,32.900,L1CD,16,3090,50.5,8.188795118,-144.704,-4129.600,0,0
$CH,32.900,L1CD,21,3090,40.8,0.222168358,-1417.538,-43904.604,0,0
$CH,32.900,L1CD,26,3090,47.4,2.428626298,-2463.971,-75922.813,0,0
$CH,32.900,L1CD,27,3090,42.3,9.519909736,1939.457,59923.079,0,0
$CH,32.900,L1CD,31,3090,43.1,8.628780380,-2596.333,-80274.144,0,0
$TIME,2024,5,11,3,29,53.610724
$CH,33.000,L1CD,1,3100,42.8,9.269221172,-2100.439,-65114.444,0,0
$CH,33.000,L1CD,2,3100,41.2,9.970187472,-1680.201,-52149.422,0,0
$CH,33.000,L1CD,3,3100,49.1,8.559144992,847.028,26559.165,0,0
$CH,33.000,L1CD,4,3100,44.7,5.749984654,1853.912,57446.149,0,0
$CH,33.000,L1CD,7,3100,40.9,2.269577705,1353.351,42071.425,0,0
$CH,33.000,L1CD,8,3100,40.6,1.738627400,2100.889,65001.013,0,0
$CH,33.000,L1CD,9,3100,41.1,2.193037855,2267.690,70223.753,0,0
$CH,33.000,L1CD,16,3100,50.8,8.188810167,-144.683,-4144.071,0,0
$CH,33.000,L1CD,21,3100,41.2,0.222250291,-1417.758,-44046.417,0,0
$CH,33.000,L1CD,26,3100,47.2,2.428781861,-2463.994,-76169.238,0,0
$CH,33.000,L1CD,27,3100,42.9,9.519781715,1940.085,60117.069,0,0
$CH,33.000,L1CD,31,3100,43.0,8.628950912,-2596.259,-80533.774,0,0
$TIME,2024,5,11,3,29,54.331455
$CH,33.100,L1CD,1,3110,42.8,9.269355303,-2100.413,-65324.451,0,0
$CH,33.100,L1CD,2,3110,41.2,9.970296144,-1679.565,-52317.461,0,0
$CH,33.100,L1CD,3,3110,49.1,8.559093640,846.973,26643.865,0,0
$CH,33.100,L1CD,4,3110,44.7,5.749875067,1854.265,57631.582,0,0
$CH,33.100,L1CD,7,3110,40.9,2.269491795,1353.819,42206.765,0,0
$CH,33.100,L1CD,8,3110,40.6,1.738494851,2101.039,65211.085,0,0
$CH,33.100,L1CD,9,3110,41.1,2.192900881,2267.845,70450.527,0,0
$CH,33.100,L1CD,16,3110,50.8,8.188821294,-144.776,-4158.548,0,0
$CH,33.100,L1CD,21,3110,41.2,0.222338603,-1418.351,-44188.217,0,0
$CH,33.100,L1CD,26,3110,47.2,2.428937733,-2464.204,-76415.665,0,0
$CH,33.100,L1CD,27,3110,42.9,9.519661044,1939.652,60311.060,0,0
$CH,33.100,L1CD,31,3110,43.0,8.629105934,-2595.953,-80793.399,0,0
$TIME,2024,5,11,3,29,55.044097
$CH,33.200,L1CD,1,3120,42.8,9.269486702,-2100.082,-65534.459,0,0
$CH,33.200,L1CD,2,3120,41.2,9.970406609,-1680.608,-52485.492,0,0
$CH,33.200,L1CD,3,3120,49.1,8.559039529,846.969,26728.565,0,0
$CH,33.200,L1CD,4,3120,44.7,5.749755936,1854.322,57817.016,0,0
$CH,33.200,L1CD,7,3120,40.9,2.269411474,1353.321,42342.118,0,0
$CH,33.200,L1CD,8,3120,40.6,1.738365328,2100.775,65421.166,0,0
$CH,33.200,L1CD,9,3120,41.1,2.192755141,2268.169,70677.304,0,0
$CH,33.200,L1CD,16,3120,50.8,8.188819773,-144.926,-4173.033,0,0
$CH,33.200,L1CD,21,3120,41.2,0.222433917,-1418.093,-44330.035,0,0
$CH,33.200,L1CD,26,3120,47.2,2.429093776,-2464.298,-76662.096,0,0
$CH,33.200,L1CD,27,3120,42.9,9.519538488,1939.884,60505.049,0,0
$CH,33.200,L1CD,31,3120,43.0,8.629268545,-2596.343,-81053.013,0,0
$TIME,2024,5,11,3,29,55.775339
$CH,33.300,L1CD,1,3130,42.8,9.269622406,-2099.420,-65744.466,0,0
$CH,33.300,L1CD,2,3130,41.2,9.970510500,-1680.285,-52653.527,0,0
$CH,33.300,L1CD,3,3130,49.1,8.558981726,846.829,26813.257,0,0
$CH,33.300,L1CD,4,3130,44.7,5.749629147,1854.789,58002.452,0,0
$CH,33.300,L1CD,7,3130,40.9,2.269321617,1353.210,42477.468,0,0
$CH,33.300,L1CD,8,3130,40.6,1.738233437,2101.314,65631.254,0,0
$CH,33.300,L1CD,9,3130,41.1,2.192607729,2268.382,70904.091,0,0
$CH,33.300,L1CD,16,3130,50.8,8.188826278,-144.923,-4187.526,0,0
$CH,33.300,L1CD,21,3130,41.2,0.222523529,-1417.902,-44471.835,0,0
$CH,33.300,L1CD,26,3130,47.2,2.429247825,-2464.261,-76908.531,0,0
$CH,33.300,L1CD,27,3130,42.9,9.519412581,1939.191,60699.043,0,0
$CH,33.300,L1CD,31,3130,43.0,8.629435281,-2596.063,-81312.643,0,0
$TIME,2024,5,11,3,29,56.498356
$CH,33.400,L1CD,1,3140,42.8,9.269751722,-2099.910,-65954.480,0,0
$CH,33.400,L1CD,2,3140,41.2,9.970614524,-1680.680,-52821.555,0,0
$CH,33.400,L1CD,3,3140,49.1,8.558928967,846.817,26897.937,0,0
$CH,33.400,L1CD,4,3140,44.7,5.749514422,1854.455,58187.889,0,0
$CH,33.400,L1CD,7,3140,40.9,2.269230786,1353.192,42612.797,0,0
$CH,33.400,L1CD,8,3140,40.6,1.738099570,2100.573,65841.349,0,0
$CH,33.400,L1CD,9,3140,41.1,2.192466820,2268.003,71130.873,0,0
$CH,33.400,L1CD,16,3140,50.8,8.188840695,-145.051,-4202.026,0,0
$CH,33.400,L1CD,21,3140,41.2,0.222611334,-1417.726,-44613.649,0,0
$CH,33.400,L1CD,26,3140,47.2,2.429403521,-2464.433,-77154.967,0,0
$CH,33.400,L1CD,27,3140,42.9,9.519288923,1940.330,60893.026,0,0
$CH,33.400,L1CD,31,3140,43.0,8.629604067,-2596.349,-81572.254,0,0
$TIME,2024,5,11,3,29,57.207791
$CH,33.500,L1CD,1,3150,42.8,9.269883220,-2099.955,-66164.488,0,0
$CH,33.500,L1CD,2,3150,41.2,9.970715312,-1680.268,-52989.591,0,0
$CH,33.500,L1CD,3,3150,49.1,8.558875193,846.873,26982.618,0,0
$CH,33.500,L1CD,4,3150,44.7,5.749394444,1854.497,58373.329,0,0
$CH,33.500,L1CD,7,3150,40.9,2.269142047,1352.903,42748.143,0,0
$CH,33.500,L1CD,8,3150,40.6,1.737960902,2100.832,66051.434,0,0
$CH,33.500,L1CD,9,3150,41.1,2.192316213,2268.437,71357.656,0,0
$CH,33.500,L1CD,16,3150,50.8,8.188861081,-145.021,-4216.531,0,0
$CH,33.500,L1CD,21,3150,41.2,0.222698275,-1417.593,-44755.459,0,0
$CH,33.500,L1CD,26,3150,47.2,2.429564512,-2464.296,-77401.414,0,0
$CH,33.500,L1CD,27,3150,42.9,9.519166086,1940.165,61087.017,0,0
$CH,33.500,L1CD,31,3150,43.0,8.629766833,-2595.928,-81831.874,0,0
$TIME,2024,5,11,3,29,57.922663
$CH,33.600,L1CD,1,3160,42.8,9.270019516,-2100.067,-66374.494,0,0
$CH,33.600,L1CD,2,3160,41.2,9.970826181,-1680.524,-53157.613,0,0
$CH,33.600,L1CD,3,3160,49.1,8.558818302,846.520,27067.290,0,0
$CH,33.600,L1CD,4,3160,44.7,5.749278345,1854.113,58558.770,0,0
$CH,33.600,L1CD,7,3160,40.9,2.269053263,1353.029,42883.478,0,0
$CH,33.600,L1CD,8,3160,40.6,1.737833167,2101.187,66261.530,0,0
$CH,33.600,L1CD,9,3160,41.1,2.192178453,2267.455,71584.453,0,0
$CH,33.600,L1CD,16,3160,50.8,8.188859559,-145.213,-4231.044,0,0
$CH,33.600,L1CD,21,3160,41.2,0.222785480,-1418.522,-44897.251,0,0
$CH,33.600,L1CD,26,3160,47.2,2.429718461,-2464.638,-77647.863,0,0
$CH,33.600,L1CD,27,3160,42.9,9.519046930,1939.784,61281.010,0,0
$CH,33.600,L1CD,31,3160,43.0,8.629931344,-2596.266,-82091.489,0,0
$TIME,2024,5,11,3,29,58.673967
$CH,33.700,L1CD,1,3170,42.8,9.270155390,-2100.044,-66584.495,0,0
$CH,33.700,L1CD,2,3170,41.2,9.970934903,-1680.211,-53325.644,0,0
$CH,33.700,L1CD,3,3170,49.1,8.558768901,846.536,27151.955,0,0
$CH,33.700,L1CD,4,3170,44.7,5.749159806,1854.142,58744.208,0,0
$CH,33.700,L1CD,7,3170,40.9,2.268965700,1353.542,43018.815,0,0
$CH,33.700,L1CD,8,3170,40.6,1.737697354,2101.004,66471.625,0,0
$CH,33.700,L1CD,9,3170,41.1,2.192033559,2268.110,71811.259,0,0
$CH,33.700,L1CD,16,3170,50.8,8.188862894,-145.358,-4245.566,0,0
$CH,33.700,L1CD,21,3170,41.2,0.222873294,-1418.131,-45039.051,0,0
$CH,33.700,L1CD,26,3170,47.2,2.429875885,-2464.714,-77894.322,0,0
$CH,33.700,L1CD,27,3170,42.9,9.518917537,1939.578,61475.005,0,0
$CH,33.700,L1CD,31,3170,43.0,8.630094877,-2596.304,-82351.108,0,0
$TIME,2024,5,11,3,29,59.408899
$CH,33.800,L1CD,1,3180,42.8,9.270291922,-2100.076,-66794.505,0,0
$CH,33.800,L1CD,2,3180,41.2,9.971040848,-1680.330,-53493.667,0,0
$CH,33.800,L1CD,3,3180,49.1,8.558715291,846.513,27236.613,0,0
$CH,33.800,L1CD,4,3180,44.7,5.749045427,1854.359,58929.653,0,0
$CH,33.800,L1CD,7,3180,40.9,2.268886929,1353.742,43154.136,0,0
$CH,33.800,L1CD,8,3180,40.6,1.737567133,2100.849,66681.723,0,0
$CH,33.800,L1CD,9,3180,41.1,2.191890457,2267.622,72038.044,0,0
$CH,33.800,L1CD,16,3180,50.8,8.188870509,-145.541,-4260.091,0,0
$CH,33.800,L1CD,21,3180,41.2,0.222968766,-1417.230,-45180.859,0,0
$CH,33.800,L1CD,26,3180,47.2,2.430026779,-2464.706,-78140.775,0,0
$CH,33.800,L1CD,27,3180,42.9,9.518801033,1939.965,61669.003,0,0
$CH,33.800,L1CD,31,3180,43.0,8.630259969,-2596.066,-82610.728,0,0
$TIME,2024,5,11,3,30,0.121773
$CH,33.900,L1CD,1,3190,42.8,9.270420378,-2099.840,-67004.515,0,0
$CH,33.900,L1CD,2,3190,41.2,9.971139155,-1680.327,-53661.696,0,0
$CH,33.900,L1CD,3,3190,49.1,8.558659948,846.599,27321.268,0,0
$CH,33.900,L1CD,4,3190,44.7,5.748926542,1854.715,59115.090,0,0
$CH,33.900,L1CD,7,3190,40.9,2.268798708,1353.977,43289.462,0,0
$CH,33.900,L1CD,8,3190,40.6,1.737431747,2100.693,66891.831,0,0
$CH,33.900,L1CD,9,3190,41.1,2.191741252,2268.097,72264.829,0,0
$CH,33.900,L1CD,16,3190,50.8,8.188889490,-145.500,-4274.625,0,0
$CH,33.900,L1CD,21,3190,41.2,0.223061919,-1416.801,-45322.650,0,0
$CH,33.900,L1CD,26,3190,47.2,2.430184650,-2464.567,-78387.242,0,0
$CH,33.900,L1CD,27,3190,42.9,9.518677419,1940.370,61862.983,0,0
$CH,33.900,L1CD,31,3190,43.0,8.630420962,-2595.614,-82870.336,0,0
$TIME,2024,5,11,3,30,0.838485
$CH,34.000,L1CD,1,3200,42.0,9.270552524,-2099.944,-67214.519,0,0
$CH,34.000,L1CD,2,3200,40.9,9.971247004,-1680.605,-53829.718,0,0
$CH,34.000,L1CD,3,3200,48.0,8.558610309,846.408,27405.916,0,0
$CH,34.000,L1CD,4,3200,45.0,5.748809000,1854.090,59300.528,0,0
$CH,34.000,L1CD,7,3200,41.6,2.268702528,1353.831,43424.799,0,0
$CH,34.000,L1CD,8,3200,40.4,1.737293091,2100.444,67101.935,0,0
$CH,34.000,L1CD,9,3200,40.4,2.191603029,2268.186,72491.630,0,0
$CH,34.000,L1CD,16,3200,50.2,8.188898785,-145.507,-4289.170,0,0
$CH,34.000,L1CD,21,3200,41.1,0.223156627,-1418.200,-45464.459,0,0
$CH,34.000,L1CD,26,3200,47.0,2.430344265,-2464.841,-78633.707,0,0
$CH,34.000,L1CD,27,3200,42.6,9.518556664,1939.948,62056.991,0,0
$CH,34.000,L1CD,31,3200,42.6,8.630588916,-2595.767,-83129.947,0,0
$TIME,2024,5,11,3,30,1.561563
$CH,34.100,L1CD,1,3210,42.0,9.270685034,-2100.253,-67424.529,0,0
$CH,34.100,L1CD,2,3210,40.9,9.971358200,-1680.486,-53997.740,0,0
$CH,34.100,L1CD,3,3210,48.0,8.558554602,846.307,27490.555,0,0
$CH,34.100,L1CD,4,3210,45.0,5.748692163,1854.421,59485.975,0,0
$CH,34.100,L1CD,7,3210,41.6,2.268627983,1353.488,43560.126,0,0
$CH,34.100,L1CD,8,3210,40.4,1.737164698,2101.408,67312.037,0,0
$CH,34.100,L1CD,9,3210,40.4,2.191461416,2267.922,72718.424,0,0
$CH,34.100,L1CD,16,3210,50.2,8.188904296,-145.529,-4303.721,0,0
$CH,34.100,L1CD,21,3210,41.1,0.223245383,-1418.089,-45606.248,0,0
$CH,34.100,L1CD,26,3210,47.0,2.430499243,-2464.802,-78880.182,0,0
$CH,34.100,L1CD,27,3210,42.6,9.518422087,1940.199,62250.979,0,0
$CH,34.100,L1CD,31,3210,42.6,8.630753432,-2596.160,-83389.558,0,0
$TIME,2024,5,11,3,30,2.272805
$CH,34.200,L1CD,1,3220,42.0,9.270819586,-2099.761,-67634.539,0,0
$CH,34.200,L1CD,2,3220,40.9,9.971466023,-1679.722,-54165.765,0,0
$CH,34.200,L1CD,3,3220,48.0,8.558498661,846.264,27575.190,0,0
$CH,34.200,L1CD,4,3220,45.0,5.748573197,1854.343,59671.417,0,0
$CH,34.200,L1CD,7,3220,41.6,2.268543197,1352.908,43695.442,0,0
$CH,34.200,L1CD,8,3220,40.4,1.737023927,2101.433,67522.141,0,0
$CH,34.200,L1CD,9,3220,40.4,2.191306859,2268.361,72945.219,0,0
$CH,34.200,L1CD,16,3220,50.2,8.188914746,-145.518,-4318.276,0,0
$CH,34.200,L1CD,21,3220,41.1,0.223332452,-1417.860,-45748.032,0,0
$CH,34.200,L1CD,26,3220,47.0,2.430657130,-2464.799,-79126.659,0,0
$CH,34.200,L1CD,27,3220,42.6,9.518303550,1939.430,62444.970,0,0
$CH,34.200,L1CD,31,3220,42.6,8.630918465,-2596.393,-83649.166,0,0
$TIME,2024,5,11,3,30,3.025763
$CH,34.300,L1CD,1,3230,42.0,9.270954969,-2100.059,-67844.544,0,0
$CH,34.300,L1CD,2,3230,40.9,9.971575449,-1680.123,-54333.785,0,0
$CH,34.300,L1CD,3,3230,48.0,8.558446977,846.329,27659.819,0,0
$CH,34.300,L1CD,4,3230,45.0,5.748458405,1854.195,59856.863,0,0
$CH,34.300,L1CD,7,3230,41.6,2.268458639,1353.338,43830.764,0,0
$CH,34.300,L1CD,8,3230,40.4,1.736893648,2100.993,67732.254,0,0
$CH,34.300,L1CD,9,3230,40.4,2.191166605,2267.742,73172.022,0,0
$CH,34.300,L1CD,16,3230,50.2,8.188933810,-145.866,-4332.837,0,0
$CH,34.300,L1CD,21,3230,41.1,0.223426663,-1417.724,-45889.825,0,0
$CH,34.300,L1CD,26,3230,47.0,2.430811983,-2465.001,-79373.139,0,0
$CH,34.300,L1CD,27,3230,42.6,9.518186159,1939.126,62638.976,0,0
$CH,34.300,L1CD,31,3230,42.6,8.631089417,-2596.072,-83908.773,0,0
$TIME,2024,5,11,3,30,3.777413
$CH,34.400,L1CD,1,3240,42.0,9.271084454,-2100.176,-68054.539,0,0
$CH,34.400,L1CD,2,3240,40.9,9.971684091,-1680.661,-54501.802,0,0
$CH,34.400,L1CD,3,3240,48.0,8.558394270,846.187,27744.440,0,0
$CH,34.400,L1CD,4,3240,45.0,5.748337615,1854.494,60042.307,0,0
$CH,34.400,L1CD,7,3240,41.6,2.268377730,1353.316,43966.082,0,0
$CH,34.400,L1CD,8,3240,40.4,1.736763166,2101.438,67942.370,0,0
$CH,34.400,L1CD,9,3240,40.4,2.191030398,2268.053,73398.828,0,0
$CH,34.400,L1CD,16,3240,50.2,8.188941369,-145.573,-4347.410,0,0
$CH,34.400,L1CD,21,3240,41.1,0.223512999,-1417.851,-46031.611,0,0
$CH,34.400,L1CD,26,3240,47.0,2.430972159,-2464.847,-79619.624,0,0
$CH,34.400,L1CD,27,3240,42.6,9.518064891,1939.870,62832.959,0,0
$CH,34.400,L1CD,31,3240,42.6,8.631254435,-2596.059,-84168.389,0,0
$TIME,2024,5,11,3,30,4.562906
$CH,34.500,L1CD,1,3250,42.0,9.271220590,-2100.095,-68264.549,0,0
$CH,34.500,L1CD,2,3250,40.9,9.971792002,-1680.675,-54669.815,0,0
$CH,34.500,L1CD,3,3250,48.0,8.558340964,846.097,27829.056,0,0
$CH,34.500,L1CD,4,3250,45.0,5.748220363,1854.473,60227.757,0,0
$CH,34.500,L1CD,7,3250,41.6,2.268286620,1352.993,44101.395,0,0
$CH,34.500,L1CD,8,3250,40.4,1.736627071,2100.984,68152.485,0,0
$CH,34.500,L1CD,9,3250,40.4,2.190886565,2267.966,73625.635,0,0
$CH,34.500,L1CD,16,3250,50.2,8.188943038,-145.904,-4361.987,0,0
$CH,34.500,L1CD,21,3250,41.1,0.223598506,-1418.024,-46173.400,0,0
$CH,34.500,L1CD,26,3250,47.0,2.431127335,-2464.939,-79866.116,0,0
$CH,34.500,L1CD,27,3250,42.6,9.517940017,1940.217,63026.956,0,0
$CH,34.500,L1CD,31,3250,42.6,8.631419550,-2596.217,-84427.989,0,0
$TIME,2024,5,11,3,30,5.301219
$CH,34.600,L1CD,1,3260,42.0,9.271354806,-2100.111,-68474.554,0,0
$CH,34.600,L1CD,2,3260,40.9,9.971895443,-1679.355,-54837.843,0,0
$CH,34.600,L1CD,3,3260,48.0,8.558290795,846.156,27913.664,0,0
$CH,34.600,L1CD,4,3260,45.0,5.748099952,1854.040,60413.204,0,0
$CH,34.600,L1CD,7,3260,41.6,2.268194971,1353.544,44236.708,0,0
$CH,34.600,L1CD,8,3260,40.4,1.736497586,2101.264,68362.611,0,0
$CH,34.600,L1CD,9,3260,40.4,2.190735013,2268.432,73852.421,0,0
$CH,34.600,L1CD,16,3260,50.2,8.188953547,-145.784,-4376.570,0,0
$CH,34.600,L1CD,21,3260,41.1,0.223700166,-1417.944,-46315.178,0,0
$CH,34.600,L1CD,26,3260,47.0,2.431279630,-2465.024,-80112.610,0,0
$CH,34.600,L1CD,27,3260,42.6,9.517813752,1940.205,63220.950,0,0
$CH,34.600,L1CD,31,3260,42.6,8.631579599,-2595.785,-84687.599,0,0
$TIME,2024,5,11,3,30,6.053999
$CH,34.700,L1CD,1,3270,42.0,9.271491115,-2100.095,-68684.561,0,0
$CH,34.700,L1CD,2,3270,40.9,9.971996152,-1680.415,-55005.852,0,0
$CH,34.700,L1CD,3,3270,48.0,8.558234367,846.135,27998.269,0,0
$CH,34.700,L1CD,4,3270,45.0,5.747979951,1854.590,60598.651,0,0
$CH,34.700,L1CD,7,3270,41.6,2.268113257,1352.456,44372.028,0,0
$CH,34.700,L1CD,8,3270,40.4,1.736364148,2100.848,68572.721,0,0
$CH,34.700,L1CD,9,3270,40.4,2.190582809,2267.886,74079.235,0,0
$CH,34.700,L1CD,16,3270,50.2,8.188970329,-145.971,-4391.161,0,0
$CH,34.700,L1CD,21,3270,41.1,0.223785630,-1417.456,-46456.971,0,0
$CH,34.700,L1CD,26,3270,47.0,2.431440384,-2465.088,-80359.115,0,0
$CH,34.700,L1CD,27,3270,42.6,9.517683983,1940.115,63414.949,0,0
$CH,34.700,L1CD,31,3270,42.6,8.631742659,-2596.303,-84947.200,0,0
$TIME,2024,5,11,3,30,6.821027
$CH,34.800,L1CD,1,3280,42.0,9.271619830,-2099.814,-68894.570,0,0
$CH,34.800,L1CD,2,3280,40.9,9.972105323,-1679.757,-55173.875,0,0
$CH,34.800,L1CD,3,3280,48.0,8.558181818,846.069,28082.866,0,0
$CH,34.800,L1CD,4,3280,45.0,5.747861692,1854.542,60784.100,0,0
$CH,34.800,L1CD,7,3280,41.6,2.268034330,1353.027,44507.333,0,0
$CH,34.800,L1CD,8,3280,40.4,1.736229751,2101.292,68782.847,0,0
$CH,34.800,L1CD,9,3280,40.4,2.190444157,2267.364,74306.054,0,0
$CH,34.800,L1CD,16,3280,50.2,8.188978501,-145.866,-4405.761,0,0
$CH,34.800,L1CD,21,3280,41.1,0.223870132,-1417.500,-46598.752,0,0
$CH,34.800,L1CD,26,3280,47.0,2.431592148,-2465.266,-80605.614,0,0
$CH,34.800,L1CD,27,3280,42.6,9.517567097,1939.792,63608.941,0,0
$CH,34.800,L1CD,31,3280,42.6,8.631910229,-2595.768,-85206.810,0,0
$TIME,2024,5,11,3,30,7.586100
$CH,34.900,L1CD,1,3290,42.0,9.271754173,-2099.721,-69104.566,0,0
$CH,34.900,L1CD,2,3290,40.9,9.972213725,-1679.657,-55341.889,0,0
$CH,34.900,L1CD,3,3290,48.0,8.558129233,845.881,28167.457,0,0
$CH,34.900,L1CD,4,3290,45.0,5.747746261,1854.079,60969.550,0,0
$CH,34.900,L1CD,7,3290,41.6,2.267945770,1353.629,44642.639,0,0
$CH,34.900,L1CD,8,3290,40.4,1.736092806,2100.917,68992.984,0,0
$CH,34.900,L1CD,9,3290,40.4,2.190298303,2267.455,74532.858,0,0
$CH,34.900,L1CD,16,3290,50.2,8.188979922,-146.277,-4420.367,0,0
$CH,34.900,L1CD,21,3290,41.1,0.223961940,-1418.279,-46740.523,0,0
$CH,34.900,L1CD,26,3290,47.0,2.431752542,-2464.929,-80852.129,0,0
$CH,34.900,L1CD,27,3290,42.6,9.517455235,1940.564,63802.944,0,0
$CH,34.900,L1CD,31,3290,42.6,8.632073373,-2596.186,-85466.406,0,0
$TIME,2024,5,11,3,30,8.343843
$CH,35.000,L1CD,1,3300,43.3,9.271883207,-2099.930,-69314.575,0,0
$CH,35.000,L1CD,2,3300,41.2,9.972319316,-1680.592,-55509.892,0,0
$CH,35.000,L1CD,3,3300,48.8,8.558073321,846.000,28252.040,0,0
$CH,35.000,L1CD,4,3300,44.8,5.747628538,1854.328,61155.000,0,0
$CH,35.000,L1CD,7,3300,40.2,2.267863449,1352.974,44777.936,0,0
$CH,35.000,L1CD,8,3300,39.6,1.735967586,2101.010,69203.110,0,0
$CH,35.000,L1CD,9,3300,39.4,2.190156057,2267.995,74759.668,0,0
$CH,35.000,L1CD,16,3300,49.4,8.188984086,-146.043,-4434.981,0,0
$CH,35.000,L1CD,21,3300,41.2,0.224052629,-1418.027,-46882.301,0,0
$CH,35.000,L1CD,26,3300,47.0,2.431910254,-2465.005,-81098.644,0,0
$CH,35.000,L1CD,27,3300,42.3,9.517327915,1940.480,63996.935,0,0
$CH,35.000,L1CD,31,3300,42.3,8.632244169,-2595.760,-85726.011,0,0
$TIME,2024,5,11,3,30,9.101906
$CH,35.100,L1CD,1,3310,43.3,9.272022952,-2100.168,-69524.574,0,0
$CH,35.100,L1CD,2,3310,41.2,9.972421758,-1679.434,-55677.912,0,0
$CH,35.100,L1CD,3,3310,48.8,8.558016180,845.681,28336.621,0,0
$CH,35.100,L1CD,4,3310,44.8,5.747509238,1854.460,61340.448,0,0
$CH,35.100,L1CD,7,3310,40.2,2.267769021,1353.142,44913.243,0,0
$CH,35.100,L1CD,8,3310,39.6,1.735833920,2101.177,69413.247,0,0
$CH,35.100,L1CD,9,3310,39.4,2.190011674,2268.150,74986.473,0,0
$CH,35.100,L1CD,16,3310,49.4,8.188995337,-146.260,-4449.601,0,0
$CH,35.100,L1CD,21,3310,41.2,0.224141224,-1417.932,-47024.083,0,0
$CH,35.100,L1CD,26,3310,47.0,2.432066509,-2465.054,-81345.161,0,0
$CH,35.100,L1CD,27,3310,42.3,9.517200727,1939.787,64190.933,0,0
$CH,35.100,L1CD,31,3310,42.3,8.632402834,-2595.686,-85985.610,0,0
$TIME,2024,5,11,3,30,9.828774
$CH,35.200,L1CD,1,3320,43.3,9.272156447,-2100.234,-69734.582,0,0
$CH,35.200,L1CD,2,3320,41.2,9.972529032,-1679.677,-55845.919,0,0
$CH,35.200,L1CD,3,3320,48.8,8.557964769,845.639,28421.190,0,0
$CH,35.200,L1CD,4,3320,44.8,5.747394440,1854.287,61525.903,0,0
$CH,35.200,L1CD,7,3320,40.2,2.267681334,1352.592,45048.546,0,0
$CH,35.200,L1CD,8,3320,39.6,1.735700470,2101.483,69623.377,0,0
$CH,35.200,L1CD,9,3320,39.4,2.189866631,2268.749,75213.295,0,0
$CH,35.200,L1CD,16,3320,49.4,8.189014466,-146.273,-4464.229,0,0
$CH,35.200,L1CD,21,3320,41.2,0.224226252,-1417.797,-47165.851,0,0
$CH,35.200,L1CD,26,3320,47.0,2.432225434,-2465.184,-81591.687,0,0
$CH,35.200,L1CD,27,3320,42.3,9.517083767,1939.591,64384.934,0,0
$CH,35.200,L1CD,31,3320,42.3,8.632574761,-2595.861,-86245.212,0,0
$TIME,2024,5,11,3,30,10.570575
$CH,35.300,L1CD,1,3330,43.3,9.272287435,-2100.385,-69944.583,0,0
$CH,35.300,L1CD,2,3330,41.2,9.972634900,-1679.590,-56013.931,0,0
$CH,35.300,L1CD,3,3330,48.8,8.557911212,845.602,28505.756,0,0
$CH,35.300,L1CD,4,3330,44.8,5.747275797,1854.533,61711.352,0,0
$CH,35.300,L1CD,7,3330,40.2,2.267601728,1353.149,45183.838,0,0
$CH,35.300,L1CD,8,3330,39.6,1.735566258,2101.228,69833.512,0,0
$CH,35.300,L1CD,9,3330,39.4,2.189724936,2268.126,75440.108,0,0
$CH,35.300,L1CD,16,3330,49.4,8.189017768,-146.288,-4478.865,0,0
$CH,35.300,L1CD,21,3330,41.2,0.224320104,-1417.051,-47307.635,0,0
$CH,35.300,L1CD,26,3330,47.0,2.432380430,-2465.411,-81838.209,0,0
$CH,35.300,L1CD,27,3330,42.3,9.516955128,1939.889,64578.934,0,0
$CH,35.300,L1CD,31,3330,42.3,8.632736748,-2596.032,-86504.812,0,0
$TIME,2024,5,11,3,30,11.313874
$CH,35.400,L1CD,1,3340,43.3,9.272420866,-2100.047,-70154.584,0,0
$CH,35.400,L1CD,2,3340,41.2,9.972745674,-1679.987,-56181.931,0,0
$CH,35.400,L1CD,3,3340,48.8,8.557857985,845.584,28590.316,0,0
$CH,35.400,L1CD,4,3340,44.8,5.747161015,1854.569,61896.804,0,0
$CH,35.400,L1CD,7,3340,40.2,2.267514860,1352.893,45319.127,0,0
$CH,35.400,L1CD,8,3340,39.6,1.735429976,2101.548,70043.649,0,0
$CH,35.400,L1CD,9,3340,39.4,2.189581049,2268.308,75666.933,0,0
$CH,35.400,L1CD,16,3340,49.4,8.189020244,-146.493,-4493.504,0,0
$CH,35.400,L1CD,21,3340,41.2,0.224411213,-1417.605,-47449.408,0,0
$CH,35.400,L1CD,26,3340,47.0,2.432537450,-2465.372,-82084.746,0,0
$CH,35.400,L1CD,27,3340,42.3,9.516829816,1940.758,64772.936,0,0
$CH,35.400,L1CD,31,3340,42.3,8.632901679,-2595.523,-86764.408,0,0
$TIME,2024,5,11,3,30,12.065692
$CH,35.500,L1CD,1,3350,43.3,9.272553259,-2099.847,-70364.593,0,0
$CH,35.500,L1CD,2,3350,41.2,9.972851966,-1679.903,-56349.941,0,0
$CH,35.500,L1CD,3,3350,48.8,8.557806048,845.457,28674.870,0,0
$CH,35.500,L1CD,4,3350,44.8,5.747043554,1854.578,62082.259,0,0
$CH,35.500,L1CD,7,3350,40.2,2.267429028,1352.378,45454.430,0,0
$CH,35.500,L1CD,8,3350,39.6,1.735299188,2101.949,70253.792,0,0
$CH,35.500,L1CD,9,3350,39.4,2.189434127,2268.311,75893.750,0,0
$CH,35.500,L1CD,16,3350,49.4,8.189027930,-146.496,-4508.154,0,0
$CH,35.500,L1CD,21,3350,41.2,0.224507383,-1417.952,-47591.171,0,0
$CH,35.500,L1CD,26,3350,47.0,2.432694099,-2465.359,-82331.287,0,0
$CH,35.500,L1CD,27,3350,42.3,9.516702695,1940.505,64966.942,0,0
$CH,35.500,L1CD,31,3350,42.3,8.633064212,-2595.878,-87024.007,0,0
$TIME,2024,5,11,3,30,12.805080
$CH,35.600,L1CD,1,3360,43.3,9.272689573,-2099.973,-70574.597,0,0
$CH,35.600,L1CD,2,3360,41.2,9.972956104,-1680.423,-56517.940,0,0
$CH,35.600,L1CD,3,3360,48.8,8.557744621,845.241,28759.415,0,0
$CH,35.600,L1CD,4,3360,44.8,5.746929727,1854.613,62267.713,0,0
$CH,35.600,L1CD,7,3360,40.2,2.267339531,1352.509,45589.713,0,0
$CH,35.600,L1CD,8,3360,39.6,1.735157736,2100.862,70463.945,0,0
$CH,35.600,L1CD,9,3360,39.4,2.189298266,2269.142,76120.562,0,0
$CH,35.600,L1CD,16,3360,49.4,8.189049166,-146.617,-4522.813,0,0
$CH,35.600,L1CD,21,3360,41.2,0.224592127,-1417.500,-47732.939,0,0
$CH,35.600,L1CD,26,3360,47.0,2.432851819,-2465.279,-82577.825,0,0
$CH,35.600,L1CD,27,3360,42.3,9.516590755,1940.448,65160.933,0,0
$CH,35.600,L1CD,31,3360,42.3,8.633227867,-2595.587,-87283.599,0,0
$TIME,2024,5,11,3,30,13.541051
$CH,35.700,L1CD,1,3370,43.3,9.272822673,-2099.713,-70784.599,0,0
$CH,35.700,L1CD,2,3370,41.2,9.973057595,-1680.654,-56685.940,0,0
$CH,35.700,L1CD,3,3370,48.8,8.557694299,845.175,28843.959,0,0
$CH,35.700,L1CD,4,3370,44.8,5.746809384,1854.576,62453.173,0,0
$CH,35.700,L1CD,7,3370,40.2,2.267256055,1352.898,45724.995,0,0
$CH,35.700,L1CD,8,3370,39.6,1.735025827,2102.260,70674.084,0,0
$CH,35.700,L1CD,9,3370,39.4,2.189158267,2267.503,76347.396,0,0
$CH,35.700,L1CD,16,3370,49.4,8.189061506,-146.739,-4537.473,0,0
$CH,35.700,L1CD,21,3370,41.2,0.224670900,-1417.361,-47874.706,0,0
$CH,35.700,L1CD,26,3370,47.0,2.433005124,-2465.547,-82824.368,0,0
$CH,35.700,L1CD,27,3370,42.3,9.516463479,1939.565,65354.944,0,0
$CH,35.700,L1CD,31,3370,42.3,8.633387773,-2595.909,-87543.188,0,0
$TIME,2024,5,11,3,30,14.283034
$CH,35.800,L1CD,1,3380,43.3,9.272953236,-2099.984,-70994.598,0,0
$CH,35.800,L1CD,2,3380,41.2,9.973165419,-1679.783,-56853.953,0,0
$CH,35.800,L1CD,3,3380,48.8,8.557644678,845.474,28928.492,0,0
$CH,35.800,L1CD,4,3380,44.8,5.746691935,1854.548,62638.627,0,0
$CH,35.800,L1CD,7,3380,40.2,2.267167306,1352.478,45860.294,0,0
$CH,35.800,L1CD,8,3380,39.6,1.734896406,2101.860,70884.234,0,0
$CH,35.800,L1CD,9,3380,39.4,2.189011614,2268.105,76574.224,0,0
$CH,35.800,L1CD,16,3380,49.4,8.189062572,-146.728,-4552.142,0,0
$CH,35.800,L1CD,21,3380,41.2,0.224767137,-1417.433,-48016.464,0,0
$CH,35.800,L1CD,26,3380,47.0,2.433163146,-2465.495,-83070.922,0,0
$CH,35.800,L1CD,27,3380,42.3,9.516340877,1940.006,65548.938,0,0
$CH,35.800,L1CD,31,3380,42.3,8.633551199,-2595.551,-87802.789,0,0
$TIME,2024,5,11,3,30,15.034087
$CH,35.900,L1CD,1,3390,43.3,9.273087681,-2100.110,-71204.599,0,0
$CH,35.900,L1CD,2,3390,41.2,9.973273371,-1680.133,-57021.945,0,0
$CH,35.900,L1CD,3,3390,48.8,8.557584615,844.941,29013.021,0,0
$CH,35.900,L1CD,4,3390,44.8,5.746573085,1854.469,62824.083,0,0
$CH,35.900,L1CD,7,3390,40.2,2.267083867,1352.737,45995.562,0,0
$CH,35.900,L1CD,8,3390,39.6,1.734757186,2101.762,71094.389,0,0
$CH,35.900,L1CD,9,3390,39.4,2.188874226,2269.168,76801.043,0,0
$CH,35.900,L1CD,16,3390,49.4,8.189067763,-146.961,-4566.821,0,0
$CH,35.900,L1CD,21,3390,41.2,0.224854700,-1417.798,-48158.230,0,0
$CH,35.900,L1CD,26,3390,47.0,2.433321052,-2465.630,-83317.477,0,0
$CH,35.900,L1CD,27,3390,42.3,9.516219672,1939.975,65742.938,0,0
$CH,35.900,L1CD,31,3390,42.3,8.633724749,-2595.163,-88062.389,0,0
$TIME,2024,5,11,3,30,15.783762
$CH,36.000,L1CD,1,3400,43.3,9.273222000,-2100.644,-71414.600,0,0
$CH,36.000,L1CD,2,3400,40.8,9.973380924,-1679.632,-57189.949,0,0
$CH,36.000,L1CD,3,3400,49.1,8.557539314,845.184,29097.540,0,0
$CH,36.000,L1CD,4,3400,44.5,5.746455140,1854.678,63009.540,0,0
$CH,36.000,L1CD,7,3400,39.5,2.266996977,1353.042,46130.836,0,0
$CH,36.000,L1CD,8,3400,40.2,1.734621800,2101.889,71304.545,0,0
$CH,36.000,L1CD,9,3400,39.8,2.188725175,2268.727,77027.871,0,0
$CH,36.000,L1CD,16,3400,50.1,8.189081007,-146.814,-4581.503,0,0
$CH,36.000,L1CD,21,3400,40.2,0.224950107,-1417.615,-48299.992,0,0
$CH,36.000,L1CD,26,3400,47.3,2.433475528,-2465.618,-83564.042,0,0
$CH,36.000,L1CD,27,3400,41.8,9.516089256,1940.405,65936.935,0,0
$CH,36.000,L1CD,31,3400,42.6,8.633883085,-2596.305,-88321.963,0,0
$TIME,2024,5,11,3,30,16.538531
$CH,36.100,L1CD,1,3410,43.3,9.273354826,-2099.938,-71624.601,0,0
$CH,36.100,L1CD,2,3410,40.8,9.973483623,-1679.815,-57357.947,0,0
$CH,36.100,L1CD,3,3410,49.1,8.557486037,845.250,29182.056,0,0
$CH,36.100,L1CD,4,3410,44.5,5.746334353,1854.788,63194.996,0,0
$CH,36.100,L1CD,7,3410,39.5,2.266906359,1352.827,46266.121,0,0
$CH,36.100,L1CD,8,3410,40.2,1.734492554,2101.272,71514.698,0,0
$CH,36.100,L1CD,9,3410,39.8,2.188580338,2268.269,77254.704,0,0
$CH,36.100,L1CD,16,3410,50.1,8.189100225,-147.089,-4596.194,0,0
$CH,36.100,L1CD,21,3410,40.2,0.225043265,-1417.534,-48441.748,0,0
$CH,36.100,L1CD,26,3410,47.3,2.433631743,-2465.513,-83810.603,0,0
$CH,36.100,L1CD,27,3410,41.8,9.515968050,1939.885,66130.939,0,0
$CH,36.100,L1CD,31,3410,42.6,8.634045694,-2596.402,-88581.558,0,0
$TIME,2024,5,11,3,30,17.270338
$CH,36.200,L1CD,1,3420,43.3,9.273485377,-2099.350,-71834.608,0,0
$CH,36.200,L1CD,2,3420,40.8,9.973591512,-1679.729,-57525.943,0,0
$CH,36.200,L1CD,3,3420,49.1,8.557429213,845.132,29266.566,0,0
$CH,36.200,L1CD,4,3420,44.5,5.746218778,1854.803,63380.460,0,0
$CH,36.200,L1CD,7,3420,39.5,2.266825230,1352.440,46401.398,0,0
$CH,36.200,L1CD,8,3420,40.2,1.734353900,2101.498,71724.858,0,0
$CH,36.200,L1CD,9,3420,39.8,2.188436532,2268.063,77481.532,0,0
$CH,36.200,L1CD,16,3420,50.1,8.189103385,-147.160,-4610.894,0,0
$CH,36.200,L1CD,21,3420,40.2,0.225135558,-1417.573,-48583.508,0,0
$CH,36.200,L1CD,26,3420,47.3,2.433786974,-2465.720,-84057.170,0,0
$CH,36.200,L1CD,27,3420,41.8,9.515844678,1939.111,66324.946,0,0
$CH,36.200,L1CD,31,3420,42.6,8.634212564,-2595.625,-88841.149,0,0
$TIME,2024,5,11,3,30,18.019488
$CH,36.300,L1CD,1,3430,43.3,9.273620235,-2100.052,-72044.606,0,0
$CH,36.300,L1CD,2,3430,40.8,9.973699163,-1679.589,-57693.937,0,0
$CH,36.300,L1CD,3,3430,49.1,8.557374987,845.081,29351.068,0,0
$CH,36.300,L1CD,4,3430,44.5,5.746096969,1854.517,63565.922,0,0
$CH,36.300,L1CD,7,3430,39.5,2.266738887,1352.854,46536.665,0,0
$CH,36.300,L1CD,8,3430,40.2,1.734228332,2101.987,71935.023,0,0
$CH,36.300,L1CD,9,3430,39.8,2.188290420,2268.831,77708.359,0,0
$CH,36.300,L1CD,16,3430,50.1,8.189103085,-147.221,-4625.600,0,0
$CH,36.300,L1CD,21,3430,40.2,0.225225207,-1417.831,-48725.260,0,0
$CH,36.300,L1CD,26,3430,47.3,2.433939823,-2465.613,-84303.748,0,0
$CH,36.300,L1CD,27,3430,41.8,9.515725143,1940.271,66518.940,0,0
$CH,36.300,L1CD,31,3430,42.6,8.634379333,-2595.722,-89100.739,0,0
$TIME,2024,5,11,3,30,18.770574
$CH,36.400,L1CD,1,3440,43.3,9.273748805,-2099.717,-72254.606,0,0
$CH,36.400,L1CD,2,3440,40.8,9.973813496,-1680.113,-57861.931,0,0
$CH,36.400,L1CD,3,3440,49.1,8.557319915,844.809,29435.569,0,0
$CH,36.400,L1CD,4,3440,44.5,5.745981607,1854.444,63751.386,0,0
$CH,36.400,L1CD,7,3440,39.5,2.266658049,1352.495,46671.943,0,0
$CH,36.400,L1CD,8,3440,40.2,1.734093291,2101.379,72145.190,0,0
$CH,36.400,L1CD,9,3440,39.8,2.188142107,2268.130,77935.203,0,0
$CH,36.400,L1CD,16,3440,50.1,8.189115991,-147.088,-4640.317,0,0
$CH,36.400,L1CD,21,3440,40.2,0.225315423,-1417.569,-48867.017,0,0
$CH,36.400,L1CD,26,3440,47.3,2.434100897,-2465.787,-84550.329,0,0
$CH,36.400,L1CD,27,3440,41.8,9.515600891,1939.994,66712.949,0,0
$CH,36.400,L1CD,31,3440,42.6,8.634540733,-2596.060,-89360.323,0,0
$TIME,2024,5,11,3,30,19.529809
$CH,36.500,L1CD,1,3450,43.3,9.273885784,-2099.615,-72464.608,0,0
$CH,36.500,L1CD,2,3450,40.8,9.973919612,-1680.041,-58029.924,0,0
$CH,36.500,L1CD,3,3450,49.1,8.557266770,844.837,29520.057,0,0
$CH,36.500,L1CD,4,3450,44.5,5.745862208,1854.749,63936.844,0,0
$CH,36.500,L1CD,7,3450,39.5,2.266563671,1352.726,46807.210,0,0
$CH,36.500,L1CD,8,3450,40.2,1.733959474,2102.023,72355.359,0,0
$CH,36.500,L1CD,9,3450,39.8,2.188000855,2267.915,78162.038,0,0
$CH,36.500,L1CD,16,3450,50.1,8.189136844,-147.354,-4655.034,0,0
$CH,36.500,L1CD,21,3450,40.2,0.225400339,-1417.689,-49008.766,0,0
$CH,36.500,L1CD,26,3450,47.3,2.434253826,-2465.925,-84796.907,0,0
$CH,36.500,L1CD,27,3450,41.8,9.515473364,1940.067,66906.957,0,0
$CH,36.500,L1CD,31,3450,42.6,8.634707223,-2595.965,-89619.906,0,0
$TIME,2024,5,11,3,30,20.274691
$CH,36.600,L1CD,1,3460,43.3,9.274023956,-2099.748,-72674.608,0,0
$CH,36.600,L1CD,2,3460,40.8,9.974025854,-1679.499,-58197.925,0,0
$CH,36.600,L1CD,3,3460,49.1,8.557209307,844.751,29604.542,0,0
$CH,36.600,L1CD,4,3460,44.5,5.745747773,1854.632,64122.307,0,0
$CH,36.600,L1CD,7,3460,39.5,2.266481467,1352.874,46942.474,0,0
$CH,36.600,L1CD,8,3460,40.2,1.733820813,2101.526,72565.535,0,0
$CH,36.600,L1CD,9,3460,39.8,2.187847116,2267.876,78388.876,0,0
$CH,36.600,L1CD,16,3460,50.1,8.189140496,-147.235,-4669.763,0,0
$CH,36.600,L1CD,21,3460,40.2,0.225488273,-1417.235,-49150.520,0,0
$CH,36.600,L1CD,26,3460,47.3,2.434416958,-2465.898,-85043.498,0,0
$CH,36.600,L1CD,27,3460,41.8,9.515347426,1939.743,67100.960,0,0
$CH,36.600,L1CD,31,3460,42.6,8.634873304,-2596.160,-89879.496,0,0
$TIME,2024,5,11,3,30,21.016443
$CH,36.700,L1CD,1,3470,43.3,9.274149559,-2099.378,-72884.611,0,0
$CH,36.700,L1CD,2,3470,40.8,9.974127687,-1679.772,-58365.909,0,0
$CH,36.700,L1CD,3,3470,49.1,8.557161484,844.777,29689.019,0,0
$CH,36.700,L1CD,4,3470,44.5,5.745635325,1854.708,64307.770,0,0
$CH,36.700,L1CD,7,3470,39.5,2.266395509,1352.635,47077.743,0,0
$CH,36.700,L1CD,8,3470,40.2,1.733688846,2100.962,72775.711,0,0
$CH,36.700,L1CD,9,3470,39.8,2.187707403,2268.351,78615.704,0,0
$CH,36.700,L1CD,16,3470,50.1,8.189141464,-147.218,-4684.499,0,0
$CH,36.700,L1CD,21,3470,40.2,0.225583014,-1417.473,-49292.268,0,0
$CH,36.700,L1CD,26,3470,47.3,2.434572972,-2465.750,-85290.090,0,0
$CH,36.700,L1CD,27,3470,41.8,9.515228597,1940.369,67294.960,0,0
$CH,36.700,L1CD,31,3470,42.6,8.635039229,-2595.739,-90139.078,0,0
$TIME,2024,5,11,3,30,21.760215
$CH,36.800,L1CD,1,3480,43.3,9.274287073,-2099.767,-73094.609,0,0
$CH,36.800,L1CD,2,3480,40.8,9.974241664,-1680.339,-58533.903,0,0
$CH,36.800,L1CD,3,3480,49.1,8.557101474,844.566,29773.495,0,0
$CH,36.800,L1CD,4,3480,44.5,5.745514551,1854.643,64493.234,0,0
$CH,36.800,L1CD,7,3480,39.5,2.266311734,1352.994,47212.993,0,0
$CH,36.800,L1CD,8,3480,40.2,1.733560488,2101.233,72985.888,0,0
$CH,36.800,L1CD,9,3480,39.8,2.187569536,2268.817,78842.555,0,0
$CH,36.800,L1CD,16,3480,50.1,8.189151583,-147.423,-4699.240,0,0
$CH,36.800,L1CD,21,3480,40.2,0.225670016,-1417.340,-49434.004,0,0
$CH,36.800,L1CD,26,3480,47.3,2.434732982,-2466.056,-85536.684,0,0
$CH,36.800,L1CD,27,3480,41.8,9.515104823,1940.152,67488.965,0,0
$CH,36.800,L1CD,31,3480,42.6,8.635208423,-2595.628,-90398.661,0,0
$TIME,2024,5,11,3,30,22.510208
$CH,36.900,L1CD,1,3490,43.3,9.274420496,-2100.206,-73304.603,0,0
$CH,36.900,L1CD,2,3490,40.8,9.974346316,-1679.959,-58701.888,0,0
$CH,36.900,L1CD,3,3490,49.1,8.557049866,844.825,29857.959,0,0
$CH,36.900,L1CD,4,3490,44.5,5.745395380,1854.437,64678.701,0,0
$CH,36.900,L1CD,7,3490,39.5,2.266230894,1352.198,47348.259,0,0
$CH,36.900,L1CD,8,3490,40.2,1.733424358,2101.322,73196.061,0,0
$CH,36.900,L1CD,9,3490,39.8,2.187421392,2267.731,79069.399,0,0
$CH,36.900,L1CD,16,3490,50.1,8.189175566,-147.445,-4713.988,0,0
$CH,36.900,L1CD,21,3490,40.2,0.225766954,-1417.260,-49575.759,0,0
$CH,36.900,L1CD,26,3490,47.3,2.434883728,-2465.976,-85783.288,0,0
$CH,36.900,L1CD,27,3490,41.8,9.514981363,1940.204,67682.974,0,0
$CH,36.900,L1CD,31,3490,42.6,8.635371933,-2595.820,-90658.244,0,0
$TIME,2024,5,11,3,30,23.268741
$CH,37.000,L1CD,1,3500,44.4,9.274551036,-2100.342,-73514.599,0,0
$CH,37.000,L1CD,2,3500,40.2,9.974448476,-1679.886,-58869.878,0,0
$CH,37.000,L1CD,3,3500,50.2,8.556997405,844.567,29942.417,0,0
$CH,37.000,L1CD,4,3500,44.6,5.745280130,1854.324,64864.166,0,0
$CH,37.000,L1CD,7,3500,38.8,2.266136408,1352.593,47483.515,0,0
$CH,37.000,L1CD,8,3500,41.4,1.733290698,2101.398,73406.232,0,0
$CH,37.000,L1CD,9,3500,39.9,2.187281967,2267.743,79296.234,0,0
$CH,37.000,L1CD,16,3500,50.9,8.189178092,-147.526,-4728.742,0,0
$CH,37.000,L1CD,21,3500,40.2,0.225850804,-1417.230,-49717.497,0,0
$CH,37.000,L1CD,26,3500,47.3,2.435037748,-2465.926,-86029.898,0,0
$CH,37.000,L1CD,27,3500,41.0,9.514862360,1940.144,67876.977,0,0
$CH,37.000,L1CD,31,3500,43.1,8.635530399,-2595.746,-90917.820,0,0
$TIME,2024,5,11,3,30,24.022114
$CH,37.100,L1CD,1,3510,44.4,9.274689937,-2100.014,-73724.604,0,0
$CH,37.100,L1CD,2,3510,40.2,9.974554635,-1679.274,-59037.873,0,0
$CH,37.100,L1CD,3,3510,50.2,8.556944472,844.413,30026.871,0,0
$CH,37.100,L1CD,4,3510,44.6,5.745165537,1854.533,65049.633,0,0
$CH,37.100,L1CD,7,3510,38.8,2.266057735,1352.903,47618.760,0,0
$CH,37.100,L1CD,8,3510,41.4,1.733161232,2101.741,73616.426,0,0
$CH,37.100,L1CD,9,3510,39.9,2.187137454,2267.736,79523.091,0,0
$CH,37.100,L1CD,16,3510,50.9,8.189185376,-147.760,-4743.507,0,0
$CH,37.100,L1CD,21,3510,40.2,0.225943231,-1417.560,-49859.240,0,0
$CH,37.100,L1CD,26,3510,47.3,2.435196440,-2466.177,-86276.508,0,0
$CH,37.100,L1CD,27,3510,41.0,9.514737236,1940.149,68070.983,0,0
$CH,37.100,L1CD,31,3510,43.1,8.635694692,-2595.441,-91177.402,0,0
$TIME,2024,5,11,3,30,24.767594
$CH,37.200,L1CD,1,3520,44.4,9.274820110,-2100.051,-73934.596,0,0
$CH,37.200,L1CD,2,3520,40.2,9.974660943,-1679.523,-59205.849,0,0
$CH,37.200,L1CD,3,3520,50.2,8.556890388,844.619,30111.318,0,0
$CH,37.200,L1CD,4,3520,44.6,5.745044693,1855.084,65235.098,0,0
$CH,37.200,L1CD,7,3520,38.8,2.265972314,1352.128,47754.017,0,0
$CH,37.200,L1CD,8,3520,41.4,1.733034793,2101.740,73826.609,0,0
$CH,37.200,L1CD,9,3520,39.9,2.186991915,2268.755,79749.926,0,0
$CH,37.200,L1CD,16,3520,50.9,8.189192530,-147.845,-4758.274,0,0
$CH,37.200,L1CD,21,3520,40.2,0.226026830,-1417.342,-50000.982,0,0
$CH,37.200,L1CD,26,3520,47.3,2.435351413,-2466.422,-86523.118,0,0
$CH,37.200,L1CD,27,3520,41.0,9.514612569,1939.754,68264.995,0,0
$CH,37.200,L1CD,31,3520,43.1,8.635858413,-2595.706,-91436.985,0,0
$TIME,2024,5,11,3,30,25.480906
$CH,37.300,L1CD,1,3530,44.4,9.274959732,-2099.687,-74144.603,0,0
$CH,37.300,L1CD,2,3530,40.2,9.974769103,-1679.040,-59373.830,0,0
$CH,37.300,L1CD,3,3530,50.2,8.556839368,844.358,30195.757,0,0
$CH,37.300,L1CD,4,3530,44.6,5.744925497,1854.621,65420.568,0,0
$CH,37.300,L1CD,7,3530,38.8,2.265883487,1352.136,47889.267,0,0
$CH,37.300,L1CD,8,3530,41.4,1.732906846,2101.610,74036.797,0,0
$CH,37.300,L1CD,9,3530,39.9,2.186854319,2268.678,79976.765,0,0
$CH,37.300,L1CD,16,3530,50.9,8.189215077,-147.902,-4773.054,0,0
$CH,37.300,L1CD,21,3530,40.2,0.226121191,-1417.569,-50142.717,0,0
$CH,37.300,L1CD,26,3530,47.3,2.435505397,-2466.550,-86769.741,0,0
$CH,37.300,L1CD,27,3530,41.0,9.514489965,1939.657,68458.996,0,0
$CH,37.300,L1CD,31,3530,43.1,8.636027550,-2596.110,-91696.557,0,0
$TIME,2024,5,11,3,30,26.195577
$CH,37.400,L1CD,1,3540,44.4,9.275091581,-2099.960,-74354.595,0,0
$CH,37.400,L1CD,2,3540,40.2,9.974879762,-1679.995,-59541.812,0,0
$CH,37.400,L1CD,3,3540,50.2,8.556781797,844.503,30280.190,0,0
$CH,37.400,L1CD,4,3540,44.6,5.744802828,1854.739,65606.038,0,0
$CH,37.400,L1CD,7,3540,38.8,2.265796578,1352.184,48024.515,0,0
$CH,37.400,L1CD,8,3540,41.4,1.732765736,2101.745,74247.000,0,0
$CH,37.400,L1CD,9,3540,39.9,2.186712440,2269.139,80203.625,0,0
$CH,37.400,L1CD,16,3540,50.9,8.189218496,-147.619,-4787.836,0,0
$CH,37.400,L1CD,21,3540,40.2,0.226211204,-1417.420,-50284.452,0,0
$CH,37.400,L1CD,26,3540,47.3,2.435666701,-2466.456,-87016.367,0,0
$CH,37.400,L1CD,27,3540,41.0,9.514365105,1940.072,68653.007,0,0
$CH,37.400,L1CD,31,3540,43.1,8.636188271,-2595.723,-91956.134,0,0
$TIME,2024,5,11,3,30,26.910321
$CH,37.500,L1CD,1,3550,44.4,9.275223442,-2100.087,-74564.596,0,0
$CH,37.500,L1CD,2,3550,40.2,9.974984874,-1680.513,-59709.790,0,0
$CH,37.500,L1CD,3,3550,50.2,8.556732385,844.404,30364.620,0,0
$CH,37.500,L1CD,4,3550,44.6,5.744686321,1854.774,65791.506,0,0
$CH,37.500,L1CD,7,3550,38.8,2.265704516,1352.778,48159.759,0,0
$CH,37.500,L1CD,8,3550,41.4,1.732632568,2101.391,74457.181,0,0
$CH,37.500,L1CD,9,3550,39.9,2.186578152,2268.638,80430.480,0,0
$CH,37.500,L1CD,16,3550,50.9,8.189219586,-147.715,-4802.629,0,0
$CH,37.500,L1CD,21,3550,40.2,0.226302709,-1417.004,-50426.177,0,0
$CH,37.500,L1CD,26,3550,47.3,2.435822242,-2466.305,-87262.995,0,0
$CH,37.500,L1CD,27,3550,41.0,9.514242418,1939.872,68847.014,0,0
$CH,37.500,L1CD,31,3550,43.1,8.636355930,-2595.896,-92215.717,0,0
$LOG,37.570,L1CD,3,FRAME SYNC (R) TOI=2
$CNV2,19.050,L1CD,3,01239CDA94014A3FEC33300000018CD00000033FD07E200A7EF0085A5859DC39D93AD013F7E130BFF1807A3FE2BFFA80067C0055660013E80050E001DC705800B400000400000001CF1684C5018417BB11CE00C0000002A302FC7F10C266B39EEAFFF578B9419FFD55555542FE4600
$LOG,37.570,L1CD,16,FRAME SYNC (N) TOI=2
$CNV2,19.050,L1CD,16,01239CDA94014A003401A0000001A060000000C6CAE6A41B67279440A7028EBD5FEE9513A1B56A3F1BC007802BBFD400038A004CFE002004003C200188E9F000310001EA00000001CF394990080417BB11CE00C0000002A302FC7F10C266B39EEAFFF578B9419FFD55555549A9F4E0
$LOG,37.580,L1CD,1,FRAME SYNC (R) TOI=2
$CNV2,19.060,L1CD,1,01239CDA94034A002116200000014610000004C8035ED01A597C3850DFF6160FE62318142E11D7820482613FE5802D8014EC002F660058CC0111C0002B64207FF800000B00000001CF4F58A1008417BB11CE00C0000002A302FC7F10C266B39EEAFFF578B9419FFD555555450CFF00
$LOG,37.580,L1CD,2,FRAME SYNC (R) TOI=2
$CNV2,19.060,L1CD,2,01239CDA94014A00B35220000001799800000034AF65F020B7C091924E5F5E0BC9111013B7B9FB801D413F3FD1BFCB001050002B2C005E0000DC80016EC2E800270001DA00000001CF00F99B010417BB11CE00C0000002A302FC7F10C266B39EEAFFF578B9419FFD55555541071A80
$LOG,37.580,L1CD,4,FRAME SYNC (N) TOI=2
$CNV2,19.060,L1CD,4,01239CDA94014A0015BBB000000183D000000718A788640533B08908302E5265E2DB3D13A127F5805E5D293FFE0009BFE9900035AE0048D1FEBCA00028D45800620001F700000001CF5E637F820417BB11CE00C0000002A302FC7F10C266B39EEAFFF578B9419FFD5555554910D180
$LOG,37.580,L1CD,26,FRAME SYNC (N) TOI=2
$CNV2,19.060,L1CD,26,01239CDA94014A00AF5B60000001DDF8000001DE70C97810BDD7C4262937D4B6DF60AF12FFFDBFBE6E40C700183FEE0008D40048A40020F00080C0003BE8487FF000000F00000001CF74A7B80D0417BB11CE00C0000002A302FC7F10C266B39EEAFFF578B9419FFD5555555191A9E0
$LOG,37.580,L1CD,27,FRAME SYNC (R) TOI=2
$CNV2,19.060,L1CD,27,01239CDA94014A004BAD4000000183C80000079C95A2F017CC32283C79F9FAE449881E13ADB1943FEC1DDC002B800B3FF2FA0036D000486DFF528001F5B0587FC900000300000001CF1EA1558D8417BB11CE00C0000002A302FC7F10C266B39EEAFFF578B9419FFD5555555268F560
$LOG,37.580,L1CD,31,FRAME SYNC (N) TOI=2
$CNV2,19.060,L1CD,31,01239CDA94014A001AA8700000017D28000002D0EF9CC0156A19202F88AD129007C4C31373928180C64142BFE0BFD200066C0027E4006098004CE001C572B07FFB0001E400000001CF57462D8F8417BB11CE00C0000002A302FC7F10C266B39EEAFFF578B9419FFD5555555D8D8760
$LOG,37.590,L1CD,7,FRAME SYNC (R) TOI=2
$CNV2,19.070,L1CD,7,01239CDA94014A0099F1E00000017888000003E554252023EEC87D4EEBCF768F328FCF935E7A4D017701D7BFD4000F8009600023FC0061BC0076A00011B2187FA40001E800000001CF73CFDF038417BB11CE00C0000002A302FC7F10C266B39EEAFFF578B9419FFD5555554D1B3400
$LOG,37.590,L1CD,8,FRAME SYNC (N) TOI=2
$CNV2,19.070,L1CD,8,01239CDA94034A00B23AD000000192980000078524668011AA952C16212998E34C61ED137F012BBFDBDDC100130024BFF1680035A0004619FF3A6001DAB8287FEF00000B00000001CF4F6782840417BB11CE00C0000002A302FC7F10C266B39EEAFFF578B9419FFD555555593F4780
$LOG,37.590,L1CD,9,FRAME SYNC (N) TOI=2
$CNV2,19.070,L1CD,9,01239CDA94014A3FB073F000000197300000003E13CAD00597F1389E315DE8638A90D5137E56A1BFDA1D2E8007BFF7BFE88E0037BA004381FEB54001F048B8005A00000200000001CF222607048417BB11CE00C0000002A302FC7F10C266B39EEAFFF578B9419FFD5555555AC61B00
$LOG,37.590,L1CD,21,FRAME SYNC (N) TOI=2
$CNV2,19.070,L1CD,21,01239CDA94034A3FCE969000000189000000078B63FEE832C2E545C66353EA0B8DF7211399F09CBFC941EEBF80BFEA800F62002C82005A8C00C6A0002709E07FF90001EA00000001CF49C5690A8417BB11CE00C0000002A302FC7F10C266B39EEAFFF578B9419FFD55555545B5DA60
$TIME,2024,5,11,3,30,27.651052
$CH,37.600,L1CD,1,3560,44.4,9.275358054,-2099.241,-74774.595,1,0
$CH,37.600,L1CD,2,3560,40.2,9.975093543,-1679.135,-59877.779,1,0
$CH,37.600,L1CD,3,3560,50.2,8.556681685,844.095,30449.041,1,0
$CH,37.600,L1CD,4,3560,44.6,5.744567667,1854.555,65976.977,1,0
$CH,37.600,L1CD,7,3560,38.8,2.265616543,1352.285,48295.009,1,0
$CH,37.600,L1CD,8,3560,41.4,1.732494579,2102.576,74667.370,1,0
$CH,37.600,L1CD,9,3560,39.9,2.186423582,2268.222,80657.333,1,0
$CH,37.600,L1CD,16,3560,50.9,8.189224951,-148.190,-4817.423,1,0
$CH,37.600,L1CD,21,3560,40.2,0.226389399,-1417.804,-50567.917,1,0
$CH,37.600,L1CD,26,3560,47.3,2.435975711,-2466.281,-87509.630,1,0
$CH,37.600,L1CD,27,3560,41.0,9.514116458,1940.171,69041.018,1,0
$CH,37.600,L1CD,31,3560,43.1,8.636523275,-2595.697,-92475.281,1,0
$TIME,2024,5,11,3,30,28.133938
$CH,37.700,L1CD,1,3570,44.4,9.275489968,-2099.983,-74984.592,1,0
$CH,37.700,L1CD,2,3570,40.2,9.975190201,-1680.392,-60045.753,1,0
$CH,37.700,L1CD,3,3570,50.2,8.556625938,844.228,30533.459,1,0
$CH,37.700,L1CD,4,3570,44.6,5.744450796,1854.955,66162.446,1,0
$CH,37.700,L1CD,7,3570,38.8,2.265529872,1351.388,48430.254,1,0
$CH,37.700,L1CD,8,3570,41.4,1.732357800,2102.093,74877.575,1,0
$CH,37.700,L1CD,9,3570,39.9,2.186282290,2268.279,80884.198,1,0
$CH,37.700,L1CD,16,3570,50.9,8.189236362,-148.099,-4832.235,1,0
$CH,37.700,L1CD,21,3570,40.2,0.226480576,-1417.518,-50709.648,1,0
$CH,37.700,L1CD,26,3570,47.3,2.436132896,-2466.703,-87756.269,1,0
$CH,37.700,L1CD,27,3570,41.0,9.514003492,1939.847,69235.030,1,0
$CH,37.700,L1CD,31,3570,43.1,8.636689288,-2595.617,-92734.857,1,0
$TIME,2024,5,11,3,30,28.633837
$CH,37.800,L1CD,1,3580,44.4,9.275622123,-2099.980,-75194.590,1,0
$CH,37.800,L1CD,2,3580,40.2,9.975297575,-1679.857,-60213.729,1,0
$CH,37.800,L1CD,3,3580,50.2,8.556567283,844.010,30617.872,1,0
$CH,37.800,L1CD,4,3580,44.6,5.744329834,1855.047,66347.923,1,0
$CH,37.800,L1CD,7,3580,38.8,2.265446239,1351.769,48565.482,1,0
$CH,37.800,L1CD,8,3580,41.4,1.732224319,2102.191,75087.779,1,0
$CH,37.800,L1CD,9,3580,39.9,2.186138037,2267.480,81111.046,1,0
$CH,37.800,L1CD,16,3580,50.9,8.189259879,-148.271,-4847.045,1,0
$CH,37.800,L1CD,21,3580,40.2,0.226575070,-1417.454,-50851.375,1,0
$CH,37.800,L1CD,26,3580,47.3,2.436290417,-2466.759,-88002.913,1,0
$CH,37.800,L1CD,27,3580,41.0,9.513873922,1939.909,69429.036,1,0
$CH,37.800,L1CD,31,3580,43.1,8.636854075,-2595.661,-92994.422,1,0
$TIME,2024,5,11,3,30,29.130378
$CH,37.900,L1CD,1,3590,44.4,9.275751619,-2100.118,-75404.581,1,0
$CH,37.900,L1CD,2,3590,40.2,9.975403542,-1679.446,-60381.707,1,0
$CH,37.900,L1CD,3,3590,50.2,8.556514135,843.943,30702.271,1,0
$CH,37.900,L1CD,4,3590,44.6,5.744210549,1854.995,66533.398,1,0
$CH,37.900,L1CD,7,3590,38.8,2.265363614,1352.660,48700.707,1,0
$CH,37.900,L1CD,8,3590,41.4,1.732091434,2101.905,75297.985,1,0
$CH,37.900,L1CD,9,3590,39.9,2.185992009,2268.265,81337.910,1,0
$CH,37.900,L1CD,16,3590,50.9,8.189260333,-148.296,-4861.865,1,0
$CH,37.900,L1CD,21,3590,40.2,0.226660746,-1417.363,-50993.112,1,0
$CH,37.900,L1CD,26,3590,47.3,2.436452777,-2466.360,-88249.559,1,0
$CH,37.900,L1CD,27,3590,41.0,9.513748858,1940.642,69623.049,1,0
$CH,37.900,L1CD,31,3590,43.1,8.637010915,-2595.559,-93253.998,1,0
$TIME,2024,5,11,3,30,29.656051
$CH,38.000,L1CD,1,3600,45.3,9.275885856,-2099.501,-75614.577,1,0
$CH,38.000,L1CD,2,3600,40.5,9.975512839,-1679.835,-60549.677,1,0
$CH,38.000,L1CD,3,3600,51.0,8.556462237,844.034,30786.666,1,0
$CH,38.000,L1CD,4,3600,44.7,5.744095344,1854.718,66718.869,1,0
$CH,38.000,L1CD,7,3600,38.1,2.265276996,1352.767,48835.945,1,0
$CH,38.000,L1CD,8,3600,41.2,1.731958703,2102.491,75508.181,1,0
$CH,38.000,L1CD,9,3600,40.8,2.185853987,2268.299,81564.759,1,0
$CH,38.000,L1CD,16,3600,50.5,8.189264337,-148.288,-4876.692,1,0
$CH,38.000,L1CD,21,3600,40.3,0.226749339,-1417.146,-51134.829,1,0
$CH,38.000,L1CD,26,3600,47.0,2.436608177,-2466.391,-88496.216,1,0
$CH,38.000,L1CD,27,3600,41.3,9.513635449,1940.522,69817.056,1,0
$CH,38.000,L1CD,31,3600,42.5,8.637181587,-2595.800,-93513.564,1,0
$TIME,2024,5,11,3,30,30.202766
$CH,38.100,L1CD,1,3610,45.3,9.276019672,-2099.550,-75824.576,1,0
$CH,38.100,L1CD,2,3610,40.5,9.975622512,-1680.162,-60717.656,1,0
$CH,38.100,L1CD,3,3610,51.0,8.556412371,843.772,30871.060,1,0
$CH,38.100,L1CD,4,3610,44.7,5.743977183,1854.658,66904.341,1,0
$CH,38.100,L1CD,7,3610,38.1,2.265193794,1352.204,48971.180,1,0
$CH,38.100,L1CD,8,3610,41.2,1.731828168,2102.376,75718.392,1,0
$CH,38.100,L1CD,9,3610,40.8,2.185697022,2269.340,81791.624,1,0
$CH,38.100,L1CD,16,3610,50.5,8.189277253,-148.438,-4891.528,1,0
$CH,38.100,L1CD,21,3610,40.3,0.226845661,-1417.314,-51276.554,1,0
$CH,38.100,L1CD,26,3610,47.0,2.436762378,-2466.498,-88742.875,1,0
$CH,38.100,L1CD,27,3610,41.3,9.513503005,1940.030,70011.060,1,0
$CH,38.100,L1CD,31,3610,42.5,8.637348404,-2595.458,-93773.139,1,0
$TIME,2024,5,11,3,30,30.772076
$CH,38.200,L1CD,1,3620,45.3,9.276150144,-2100.044,-76034.574,1,0
$CH,38.200,L1CD,2,3620,40.5,9.975729487,-1679.817,-60885.627,1,0
$CH,38.200,L1CD,3,3620,51.0,8.556357189,843.825,30955.442,1,0
$CH,38.200,L1CD,4,3620,44.7,5.743862082,1854.855,67089.817,1,0
$CH,38.200,L1CD,7,3620,38.1,2.265101730,1352.185,49106.399,1,0
$CH,38.200,L1CD,8,3620,41.2,1.731697319,2102.178,75928.604,1,0
$CH,38.200,L1CD,9,3620,40.8,2.185552930,2268.595,82018.489,1,0
$CH,38.200,L1CD,16,3620,50.5,8.189298393,-148.506,-4906.368,1,0
$CH,38.200,L1CD,21,3620,40.3,0.226928939,-1417.534,-51418.268,1,0
$CH,38.200,L1CD,26,3620,47.0,2.436919665,-2466.476,-88989.532,1,0
$CH,38.200,L1CD,27,3620,41.3,9.513380681,1940.790,70205.076,1,0
$CH,38.200,L1CD,31,3620,42.5,8.637513646,-2596.200,-94032.703,1,0
$TIME,2024,5,11,3,30,31.567677
$CH,38.300,L1CD,1,3630,45.3,9.276286825,-2099.925,-76244.570,1,0
$CH,38.300,L1CD,2,3630,40.5,9.975831224,-1679.693,-61053.598,1,0
$CH,38.300,L1CD,3,3630,51.0,8.556299323,843.692,31039.821,1,0
$CH,38.300,L1CD,4,3630,44.7,5.743742664,1854.832,67275.298,1,0
$CH,38.300,L1CD,7,3630,38.1,2.265017948,1352.607,49241.618,1,0
$CH,38.300,L1CD,8,3630,41.2,1.731560738,2102.551,76138.817,1,0
$CH,38.300,L1CD,9,3630,40.8,2.185411200,2268.157,82245.359,1,0
$CH,38.300,L1CD,16,3630,50.5,8.189303425,-148.766,-4921.216,1,0
$CH,38.300,L1CD,21,3630,40.3,0.227020577,-1417.432,-51559.996,1,0
$CH,38.300,L1CD,26,3630,47.0,2.437073010,-2466.463,-89236.201,1,0
$CH,38.300,L1CD,27,3630,41.3,9.513257921,1939.724,70399.090,1,0
$CH,38.300,L1CD,31,3630,42.5,8.637677337,-2595.651,-94292.270,1,0
$TIME,2024,5,11,3,30,32.204575
$CH,38.400,L1CD,1,3640,45.3,9.276413756,-2099.980,-76454.566,1,0
$CH,38.400,L1CD,2,3640,40.5,9.975939134,-1679.653,-61221.574,1,0
$CH,38.400,L1CD,3,3640,51.0,8.556249568,843.726,31124.195,1,0
$CH,38.400,L1CD,4,3640,44.7,5.743619871,1854.876,67460.775,1,0
$CH,38.400,L1CD,7,3640,38.1,2.264934784,1351.628,49376.862,1,0
$CH,38.400,L1CD,8,3640,41.2,1.731426416,2102.295,76349.035,1,0
$CH,38.400,L1CD,9,3640,40.8,2.185268785,2268.875,82472.219,1,0
$CH,38.400,L1CD,16,3640,50.5,8.189303660,-148.598,-4936.073,1,0
$CH,38.400,L1CD,21,3640,40.3,0.227109556,-1416.786,-51701.719,1,0
$CH,38.400,L1CD,26,3640,47.0,2.437231979,-2466.781,-89482.871,1,0
$CH,38.400,L1CD,27,3640,41.3,9.513140181,1940.312,70593.099,1,0
$CH,38.400,L1CD,31,3640,42.5,8.637848910,-2595.655,-94551.836,1,0
$TIME,2024,5,11,3,30,32.843282
$CH,38.500,L1CD,1,3650,45.3,9.276544098,-2099.909,-76664.557,1,0
$CH,38.500,L1CD,2,3650,40.5,9.976052592,-1679.521,-61389.548,1,0
$CH,38.500,L1CD,3,3650,51.0,8.556196244,843.507,31208.557,1,0
$CH,38.500,L1CD,4,3650,44.7,5.743508624,1854.421,67646.256,1,0
$CH,38.500,L1CD,7,3650,38.1,2.264846878,1352.152,49512.084,1,0
$CH,38.500,L1CD,8,3650,41.2,1.731301679,2102.188,76559.258,1,0
$CH,38.500,L1CD,9,3650,40.8,2.185122809,2268.623,82699.093,1,0
$CH,38.500,L1CD,16,3650,50.5,8.189314379,-148.677,-4950.938,1,0
$CH,38.500,L1CD,21,3650,40.3,0.227199824,-1417.004,-51843.424,1,0
$CH,38.500,L1CD,26,3650,47.0,2.437384143,-2466.566,-89729.550,1,0
$CH,38.500,L1CD,27,3650,41.3,9.513018081,1940.296,70787.120,1,0
$CH,38.500,L1CD,31,3650,42.5,8.638016379,-2595.281,-94811.406,1,0
$TIME,2024,5,11,3,30,33.404386
$CH,38.600,L1CD,1,3660,45.3,9.276683243,-2099.599,-76874.557,1,0
$CH,38.600,L1CD,2,3660,40.5,9.976149576,-1679.502,-61557.495,1,0
$CH,38.600,L1CD,3,3660,51.0,8.556140143,843.535,31292.919,1,0
$CH,38.600,L1CD,4,3660,44.7,5.743394334,1854.775,67831.728,1,0
$CH,38.600,L1CD,7,3660,38.1,2.264767896,1352.506,49647.287,1,0
$CH,38.600,L1CD,8,3660,41.2,1.731167149,2102.603,76769.476,1,0
$CH,38.600,L1CD,9,3660,40.8,2.184980171,2268.829,82925.953,1,0
$CH,38.600,L1CD,16,3660,50.5,8.189334200,-148.756,-4965.808,1,0
$CH,38.600,L1CD,21,3660,40.3,0.227296522,-1417.231,-51985.140,1,0
$CH,38.600,L1CD,26,3660,47.0,2.437543678,-2466.740,-89976.226,1,0
$CH,38.600,L1CD,27,3660,41.3,9.512893045,1940.773,70981.127,1,0
$CH,38.600,L1CD,31,3660,42.5,8.638165521,-2595.256,-95070.957,1,0
$TIME,2024,5,11,3,30,33.933081
$CH,38.700,L1CD,1,3670,45.3,9.276817987,-2100.406,-77084.551,1,0
$CH,38.700,L1CD,2,3670,40.5,9.976261207,-1679.461,-61725.466,1,0
$CH,38.700,L1CD,3,3670,51.0,8.556089394,843.549,31377.270,1,0
$CH,38.700,L1CD,4,3670,44.7,5.743273114,1855.006,68017.207,1,0
$CH,38.700,L1CD,7,3670,38.1,2.264676565,1352.018,49782.510,1,0
$CH,38.700,L1CD,8,3670,41.2,1.731029255,2101.991,76979.708,1,0
$CH,38.700,L1CD,9,3670,40.8,2.184835593,2268.799,83152.825,1,0
$CH,38.700,L1CD,16,3670,50.5,8.189341107,-148.715,-4980.683,1,0
$CH,38.700,L1CD,21,3670,40.3,0.227382628,-1417.157,-52126.855,1,0
$CH,38.700,L1CD,26,3670,47.0,2.437701683,-2466.693,-90222.912,1,0
$CH,38.700,L1CD,27,3670,41.3,9.512768917,1940.097,71175.133,1,0
$CH,38.700,L1CD,31,3670,42.5,8.638334708,-2596.185,-95330.522,1,0
$TIME,2024,5,11,3,30,34.506516
$CH,38.800,L1CD,1,3680,45.3,9.276954261,-2099.898,-77294.549,1,0
$CH,38.800,L1CD,2,3680,40.5,9.976363957,-1680.881,-61893.434,1,0
$CH,38.800,L1CD,3,3680,51.0,8.556031511,843.711,31461.617,1,0
$CH,38.800,L1CD,4,3680,44.7,5.743154004,1854.543,68202.692,1,0
$CH,38.800,L1CD,7,3680,38.1,2.264596490,1351.974,49917.719,1,0
$CH,38.800,L1CD,8,3680,41.2,1.730895366,2102.242,77189.940,1,0
$CH,38.800,L1CD,9,3680,40.8,2.184689266,2268.644,83379.702,1,0
$CH,38.800,L1CD,16,3680,50.5,8.189341594,-148.946,-4995.566,1,0
$CH,38.800,L1CD,21,3680,40.3,0.227477450,-1416.819,-52268.560,1,0
$CH,38.800,L1CD,26,3680,47.0,2.437858025,-2466.729,-90469.596,1,0
$CH,38.800,L1CD,27,3680,41.3,9.512641553,1939.816,71369.151,1,0
$CH,38.800,L1CD,31,3680,42.5,8.638502612,-2595.558,-95590.093,1,0
$TIME,2024,5,11,3,30,35.110613
$CH,38.900,L1CD,1,3690,45.3,9.277087999,-2099.431,-77504.546,1,0
$CH,38.900,L1CD,2,3690,40.5,9.976469299,-1679.883,-62061.399,1,0
$CH,38.900,L1CD,3,3690,51.0,8.555981053,843.135,31545.964,1,0
$CH,38.900,L1CD,4,3690,44.7,5.743035610,1854.892,68388.166,1,0
$CH,38.900,L1CD,7,3690,38.1,2.264509016,1351.987,50052.936,1,0
$CH,38.900,L1CD,8,3690,41.2,1.730753063,2102.081,77400.159,1,0
$CH,38.900,L1CD,9,3690,40.8,2.184538569,2267.612,83606.582,1,0
$CH,38.900,L1CD,16,3690,50.5,8.189347648,-149.086,-5010.457,1,0
$CH,38.900,L1CD,21,3690,40.3,0.227564842,-1417.338,-52410.264,1,0
$CH,38.900,L1CD,26,3690,47.0,2.438015604,-2466.927,-90716.294,1,0
$CH,38.900,L1CD,27,3690,41.3,9.512512043,1940.140,71563.164,1,0
$CH,38.900,L1CD,31,3690,42.5,8.638669912,-2595.204,-95849.643,1,0
$TIME,2024,5,11,3,30,35.873322
$CH,39.000,L1CD,1,3700,44.5,9.277221307,-2099.825,-77714.538,1,0
$CH,39.000,L1CD,2,3700,40.6,9.976571412,-1679.362,-62229.361,1,0
$CH,39.000,L1CD,3,3700,51.2,8.555930969,843.134,31630.293,1,0
$CH,39.000,L1CD,4,3700,44.4,5.742918571,1855.142,68573.653,1,0
$CH,39.000,L1CD,7,3700,38.5,2.264423878,1351.763,50188.146,1,0
$CH,39.000,L1CD,8,3700,41.4,1.730622622,2103.207,77610.392,1,0
$CH,39.000,L1CD,9,3700,40.9,2.184402846,2268.679,83833.445,1,0
$CH,39.000,L1CD,16,3700,50.7,8.189366294,-149.060,-5025.356,1,0
$CH,39.000,L1CD,21,3700,40.4,0.227652055,-1417.004,-52551.978,1,0
$CH,39.000,L1CD,26,3700,47.0,2.438170913,-2467.012,-90962.993,1,0
$CH,39.000,L1CD,27,3700,41.6,9.512401932,1939.601,71757.184,1,0
$CH,39.000,L1CD,31,3700,42.6,8.638828667,-2595.940,-96109.207,1,0
$TIME,2024,5,11,3,30,36.474779
$CH,39.100,L1CD,1,3710,44.5,9.277352784,-2100.123,-77924.526,1,0
$CH,39.100,L1CD,2,3710,40.6,9.976685304,-1679.645,-62397.327,1,0
$CH,39.100,L1CD,3,3710,51.2,8.555870503,843.332,31714.620,1,0
$CH,39.100,L1CD,4,3710,44.4,5.742804286,1855.001,68759.138,1,0
$CH,39.100,L1CD,7,3710,38.5,2.264340529,1351.940,50323.348,1,0
$CH,39.100,L1CD,8,3710,41.4,1.730490589,2102.492,77820.629,1,0
$CH,39.100,L1CD,9,3710,40.9,2.184257091,2268.532,84060.330,1,0
$CH,39.100,L1CD,16,3710,50.7,8.189378312,-149.268,-5040.260,1,0
$CH,39.100,L1CD,21,3710,40.4,0.227741745,-1417.103,-52693.691,1,0
$CH,39.100,L1CD,26,3710,47.0,2.438332655,-2467.110,-91209.692,1,0
$CH,39.100,L1CD,27,3710,41.6,9.512272541,1940.744,71951.186,1,0
$CH,39.100,L1CD,31,3710,42.6,8.638989216,-2595.900,-96368.763,1,0
$TIME,2024,5,11,3,30,37.049225
$CH,39.200,L1CD,1,3720,44.5,9.277487094,-2099.684,-78134.525,1,0
$CH,39.200,L1CD,2,3720,40.6,9.976798395,-1679.852,-62565.291,1,0
$CH,39.200,L1CD,3,3720,51.2,8.555822125,843.444,31798.943,1,0
$CH,39.200,L1CD,4,3720,44.4,5.742682518,1854.508,68944.618,1,0
$CH,39.200,L1CD,7,3720,38.5,2.264252358,1352.596,50458.551,1,0
$CH,39.200,L1CD,8,3720,41.4,1.730357615,2102.438,78030.862,1,0
$CH,39.200,L1CD,9,3720,40.9,2.184123564,2268.515,84287.212,1,0
$CH,39.200,L1CD,16,3720,50.7,8.189378511,-149.280,-5055.175,1,0
$CH,39.200,L1CD,21,3720,40.4,0.227832325,-1417.430,-52835.391,1,0
$CH,39.200,L1CD,26,3720,47.0,2.438487946,-2466.961,-91456.404,1,0
$CH,39.200,L1CD,27,3720,41.6,9.512142342,1940.147,72145.204,1,0
$CH,39.200,L1CD,31,3720,42.6,8.639157065,-2595.396,-96628.322,1,0
$TIME,2024,5,11,3,30,37.506246
$CH,39.300,L1CD,1,3730,44.5,9.277617992,-2099.321,-78344.522,1,0
$CH,39.300,L1CD,2,3730,40.6,9.976901945,-1679.312,-62733.251,1,0
$CH,39.300,L1CD,3,3730,51.2,8.555765826,842.996,31883.261,1,0
$CH,39.300,L1CD,4,3730,44.4,5.742566736,1854.789,69130.107,1,0
$CH,39.300,L1CD,7,3730,38.5,2.264159899,1352.770,50593.751,1,0
$CH,39.300,L1CD,8,3730,41.4,1.730224240,2101.881,78241.107,1,0
$CH,39.300,L1CD,9,3730,40.9,2.183974583,2269.390,84514.087,1,0
$CH,39.300,L1CD,16,3730,50.7,8.189387946,-149.179,-5070.097,1,0
$CH,39.300,L1CD,21,3730,40.4,0.227926158,-1417.021,-52977.099,1,0
$CH,39.300,L1CD,26,3730,47.0,2.438638935,-2467.290,-91703.120,1,0
$CH,39.300,L1CD,27,3730,41.6,9.512019032,1939.394,72339.229,1,0
$CH,39.300,L1CD,31,3730,42.6,8.639322536,-2595.730,-96887.877,1,0
$TIME,2024,5,11,3,30,37.979692
$CH,39.400,L1CD,1,3740,44.5,9.277752708,-2099.812,-78554.506,1,0
$CH,39.400,L1CD,2,3740,40.6,9.977010902,-1679.667,-62901.199,1,0
$CH,39.400,L1CD,3,3740,51.2,8.555717785,842.982,31967.568,1,0
$CH,39.400,L1CD,4,3740,44.4,5.742450938,1854.999,69315.593,1,0
$CH,39.400,L1CD,7,3740,38.5,2.264075149,1351.956,50728.957,1,0
$CH,39.400,L1CD,8,3740,41.4,1.730093798,2102.626,78451.341,1,0
$CH,39.400,L1CD,9,3740,40.9,2.183822203,2268.341,84740.980,1,0
$CH,39.400,L1CD,16,3740,50.7,8.189402671,-149.213,-5085.021,1,0
$CH,39.400,L1CD,21,3740,40.4,0.228010301,-1417.404,-53118.787,1,0
$CH,39.400,L1CD,26,3740,47.0,2.438800571,-2467.283,-91949.834,1,0
$CH,39.400,L1CD,27,3740,41.6,9.511898983,1940.667,72533.229,1,0
$CH,39.400,L1CD,31,3740,42.6,8.639487074,-2595.427,-97147.436,1,0
$TIME,2024,5,11,3,30,38.765398
$CH,39.500,L1CD,1,3750,44.5,9.277883647,-2099.808,-78764.500,1,0
$CH,39.500,L1CD,2,3750,40.6,9.977112960,-1679.869,-63069.157,1,0
$CH,39.500,L1CD,3,3750,51.2,8.555662778,843.035,32051.873,1,0
$CH,39.500,L1CD,4,3750,44.4,5.742330031,1854.812,69501.076,1,0
$CH,39.500,L1CD,7,3750,38.5,2.263989743,1351.532,50864.161,1,0
$CH,39.500,L1CD,8,3750,41.4,1.729956414,2103.018,78661.593,1,0
$CH,39.500,L1CD,9,3750,40.9,2.183680524,2268.362,84967.849,1,0
$CH,39.500,L1CD,16,3750,50.7,8.189420835,-149.288,-5099.956,1,0
$CH,39.500,L1CD,21,3750,40.4,0.228097959,-1416.550,-53260.496,1,0
$CH,39.500,L1CD,26,3750,47.0,2.438956348,-2467.192,-92196.555,1,0
$CH,39.500,L1CD,27,3750,41.6,9.511779391,1940.132,72727.242,1,0
$CH,39.500,L1CD,31,3750,42.6,8.639649559,-2595.475,-97406.988,1,0
$TIME,2024,5,11,3,30,39.337040
$CH,39.600,L1CD,1,3760,44.5,9.278021101,-2099.896,-78974.499,1,0
$CH,39.600,L1CD,2,3760,40.6,9.977219207,-1679.514,-63237.116,1,0
$CH,39.600,L1CD,3,3760,51.2,8.555611324,842.911,32136.171,1,0
$CH,39.600,L1CD,4,3760,44.4,5.742217042,1854.773,69686.562,1,0
$CH,39.600,L1CD,7,3760,38.5,2.263899727,1352.177,50999.346,1,0
$CH,39.600,L1CD,8,3760,41.4,1.729816593,2102.869,78871.840,1,0
$CH,39.600,L1CD,9,3760,40.9,2.183539717,2269.241,85194.729,1,0
$CH,39.600,L1CD,16,3760,50.7,8.189420405,-149.383,-5114.898,1,0
$CH,39.600,L1CD,21,3760,40.4,0.228186814,-1416.610,-53402.190,1,0
$CH,39.600,L1CD,26,3760,47.0,2.439111723,-2467.336,-92443.281,1,0
$CH,39.600,L1CD,27,3760,41.6,9.511655841,1940.434,72921.258,1,0
$CH,39.600,L1CD,31,3760,42.6,8.639816059,-2594.976,-97666.544,1,0
$TIME,2024,5,11,3,30,39.853188
$CH,39.700,L1CD,1,3770,44.5,9.278150546,-2100.039,-79184.485,1,0
$CH,39.700,L1CD,2,3770,40.6,9.977334210,-1679.461,-63405.077,1,0
$CH,39.700,L1CD,3,3770,51.2,8.555553057,842.824,32220.458,1,0
$CH,39.700,L1CD,4,3770,44.4,5.742098469,1855.072,69872.045,1,0
$CH,39.700,L1CD,7,3770,38.5,2.263820984,1351.475,51134.554,1,0
$CH,39.700,L1CD,8,3770,41.4,1.729690167,2102.613,79082.090,1,0
$CH,39.700,L1CD,9,3770,40.9,2.183390402,2268.267,85421.620,1,0
$CH,39.700,L1CD,16,3770,50.7,8.189424991,-149.528,-5129.847,1,0
$CH,39.700,L1CD,21,3770,40.4,0.228283435,-1416.653,-53543.894,1,0
$CH,39.700,L1CD,26,3770,47.0,2.439269663,-2467.623,-92690.011,1,0
$CH,39.700,L1CD,27,3770,41.6,9.511535311,1940.929,73115.277,1,0
$CH,39.700,L1CD,31,3770,42.6,8.639984021,-2595.519,-97926.089,1,0
$TIME,2024,5,11,3,30,40.363527
$CH,39.800,L1CD,1,3780,44.5,9.278288111,-2099.640,-79394.482,1,0
$CH,39.800,L1CD,2,3780,40.6,9.977433577,-1679.293,-63573.021,1,0
$CH,39.800,L1CD,3,3780,51.2,8.555498210,842.688,32304.745,1,0
$CH,39.800,L1CD,4,3780,44.4,5.741979087,1854.499,70057.536,1,0
$CH,39.800,L1CD,7,3780,38.5,2.263731580,1352.369,51269.731,1,0
$CH,39.800,L1CD,8,3780,41.4,1.729554148,2103.058,79292.338,1,0
$CH,39.800,L1CD,9,3780,40.9,2.183259802,2268.703,85648.519,1,0
$CH,39.800,L1CD,16,3780,50.7,8.189435184,-149.376,-5144.800,1,0
$CH,39.800,L1CD,21,3780,40.4,0.228380356,-1417.136,-53685.579,1,0
$CH,39.800,L1CD,26,3780,47.0,2.439424686,-2467.320,-92936.751,1,0
$CH,39.800,L1CD,27,3780,41.6,9.511414940,1939.723,73309.303,1,0
$CH,39.800,L1CD,31,3780,42.6,8.640149287,-2594.967,-98185.634,1,0
$TIME,2024,5,11,3,30,41.006533
$CH,39.900,L1CD,1,3790,44.5,9.278418498,-2099.361,-79604.470,1,0
$CH,39.900,L1CD,2,3790,40.6,9.977539107,-1679.156,-63740.977,1,0
$CH,39.900,L1CD,3,3790,51.2,8.555445891,842.683,32389.023,1,0
$CH,39.900,L1CD,4,3790,44.4,5.741855619,1854.653,70243.026,1,0
$CH,39.900,L1CD,7,3790,38.5,2.263648477,1351.964,51404.915,1,0
$CH,39.900,L1CD,8,3790,41.4,1.729420607,2102.366,79502.599,1,0
$CH,39.900,L1CD,9,3790,40.9,2.183110598,2268.953,85875.405,1,0
$CH,39.900,L1CD,16,3790,50.7,8.189458378,-149.898,-5159.761,1,0
$CH,39.900,L1CD,21,3790,40.4,0.228465156,-1416.291,-53827.264,1,0
$CH,39.900,L1CD,26,3790,47.0,2.439576663,-2467.346,-93183.490,1,0
$CH,39.900,L1CD,27,3790,41.6,9.511291375,1939.909,73503.322,1,0
$CH,39.900,L1CD,31,3790,42.6,8.640319352,-2595.776,-98445.186,1,0
$TIME,2024,5,11,3,30,41.533167
$CH,40.000,L1CD,1,3800,43.5,9.278553158,-2099.757,-79814.465,1,0
$CH,40.000,L1CD,2,3800,40.5,9.977643680,-1679.589,-63908.920,1,0
$CH,40.000,L1CD,3,3800,50.7,8.555390861,842.579,32473.296,1,0
$CH,40.000,L1CD,4,3800,44.9,5.741741137,1854.641,70428.519,1,0
$CH,40.000,L1CD,7,3800,39.9,2.263565698,1352.050,51540.105,1,0
$CH,40.000,L1CD,8,3800,40.9,1.729288500,2102.515,79712.855,1,0
$CH,40.000,L1CD,9,3800,39.0,2.182965957,2268.822,86102.302,1,0
$CH,40.000,L1CD,16,3800,50.1,8.189460824,-149.680,-5174.734,1,0
$CH,40.000,L1CD,21,3800,40.4,0.228553170,-1416.516,-53968.959,1,0
$CH,40.000,L1CD,26,3800,46.8,2.439735726,-2467.308,-93430.233,1,0
$CH,40.000,L1CD,27,3800,41.8,9.511160587,1939.992,73697.332,1,0
$CH,40.000,L1CD,31,3800,42.8,8.640482805,-2595.456,-98704.737,1,0
$TIME,2024,5,11,3,30,42.045509
$CH,40.100,L1CD,1,3810,43.5,9.278684527,-2100.049,-80024.456,1,0
$CH,40.100,L1CD,2,3810,40.5,9.977753336,-1679.853,-64076.874,1,0
$CH,40.100,L1CD,3,3810,50.7,8.555337862,842.564,32557.559,1,0
$CH,40.100,L1CD,4,3810,44.9,5.741626474,1854.888,70614.007,1,0
$CH,40.100,L1CD,7,3810,39.9,2.263484890,1352.077,51675.293,1,0
$CH,40.100,L1CD,8,3810,40.9,1.729158199,2102.225,79923.117,1,0
$CH,40.100,L1CD,9,3810,39.0,2.182820591,2268.550,86329.201,1,0
$CH,40.100,L1CD,16,3810,50.1,8.189463299,-149.958,-5189.709,1,0
$CH,40.100,L1CD,21,3810,40.4,0.228645392,-1416.707,-54110.655,1,0
$CH,40.100,L1CD,26,3810,46.8,2.439894409,-2467.471,-93676.984,1,0
$CH,40.100,L1CD,27,3810,41.8,9.511036565,1940.084,73891.350,1,0
$CH,40.100,L1CD,31,3810,42.8,8.640640112,-2595.275,-98964.288,1,0
$TIME,2024,5,11,3,30,42.557660
$CH,40.200,L1CD,1,3820,43.5,9.278818536,-2100.075,-80234.442,1,0
$CH,40.200,L1CD,2,3820,40.5,9.977863265,-1679.914,-64244.820,1,0
$CH,40.200,L1CD,3,3820,50.7,8.555287093,842.534,32641.820,1,0
$CH,40.200,L1CD,4,3820,44.9,5.741506407,1854.844,70799.497,1,0
$CH,40.200,L1CD,7,3820,39.9,2.263394196,1351.356,51810.473,1,0
$CH,40.200,L1CD,8,3820,40.9,1.729018229,2103.344,80133.379,1,0
$CH,40.200,L1CD,9,3820,39.0,2.182677655,2268.710,86556.091,1,0
$CH,40.200,L1CD,16,3820,50.1,8.189477497,-149.749,-5204.695,1,0
$CH,40.200,L1CD,21,3820,40.4,0.228731428,-1417.181,-54252.334,1,0
$CH,40.200,L1CD,26,3820,46.8,2.440054967,-2467.604,-93923.740,1,0
$CH,40.200,L1CD,27,3820,41.8,9.510914214,1940.257,74085.373,1,0
$CH,40.200,L1CD,31,3820,42.8,8.640803514,-2595.957,-99223.834,1,0
$TIME,2024,5,11,3,30,43.081134
$CH,40.300,L1CD,1,3830,43.5,9.278955708,-2100.600,-80444.435,1,0
$CH,40.300,L1CD,2,3830,40.5,9.977966424,-1679.240,-64412.771,1,0
$CH,40.300,L1CD,3,3830,50.7,8.555231225,842.559,32726.069,1,0
$CH,40.300,L1CD,4,3830,44.9,5.741391409,1854.723,70984.987,1,0
$CH,40.300,L1CD,7,3830,39.9,2.263312038,1351.711,51945.648,1,0
$CH,40.300,L1CD,8,3830,40.9,1.728887705,2102.836,80343.645,1,0
$CH,40.300,L1CD,9,3830,39.0,2.182534505,2269.141,86782.983,1,0
$CH,40.300,L1CD,16,3830,50.1,8.189497536,-150.093,-5219.685,1,0
$CH,40.300,L1CD,21,3830,40.4,0.228820108,-1416.910,-54394.014,1,0
$CH,40.300,L1CD,26,3830,46.8,2.440204160,-2467.631,-94170.494,1,0
$CH,40.300,L1CD,27,3830,41.8,9.510796149,1940.294,74279.383,1,0
$CH,40.300,L1CD,31,3830,42.8,8.640976032,-2595.848,-99483.378,1,0
$TIME,2024,5,11,3,30,43.592911
$CH,40.400,L1CD,1,3840,43.5,9.279085132,-2099.642,-80654.433,1,0
$CH,40.400,L1CD,2,3840,40.5,9.978075186,-1679.884,-64580.714,1,0
$CH,40.400,L1CD,3,3840,50.7,8.555181542,842.431,32810.317,1,0
$CH,40.400,L1CD,4,3840,44.9,5.741276481,1855.304,71170.484,1,0
$CH,40.400,L1CD,7,3840,39.9,2.263220808,1352.090,52080.824,1,0
$CH,40.400,L1CD,8,3840,40.9,1.728757096,2103.738,80553.909,1,0
$CH,40.400,L1CD,9,3840,39.0,2.182386074,2268.806,87009.891,1,0
$CH,40.400,L1CD,16,3840,50.1,8.189499407,-149.810,-5234.682,1,0
$CH,40.400,L1CD,21,3840,40.4,0.228910502,-1416.385,-54535.699,1,0
$CH,40.400,L1CD,26,3840,46.8,2.440365084,-2467.575,-94417.260,1,0
$CH,40.400,L1CD,27,3840,41.8,9.510674403,1940.385,74473.411,1,0
$CH,40.400,L1CD,31,3840,42.8,8.641131205,-2595.670,-99742.923,1,0
$TIME,2024,5,11,3,30,44.101871
$CH,40.500,L1CD,1,3850,43.5,9.279221698,-2100.140,-80864.412,1,0
$CH,40.500,L1CD,2,3850,40.5,9.978182246,-1679.073,-64748.660,1,0
$CH,40.500,L1CD,3,3850,50.7,8.555130603,842.305,32894.561,1,0
$CH,40.500,L1CD,4,3850,44.9,5.741159568,1855.068,71355.980,1,0
$CH,40.500,L1CD,7,3850,39.9,2.263136086,1351.726,52216.001,1,0
$CH,40.500,L1CD,8,3850,40.9,1.728617132,2102.660,80764.190,1,0
$CH,40.500,L1CD,9,3850,39.0,2.182246629,2268.884,87236.782,1,0
$CH,40.500,L1CD,16,3850,50.1,8.189502487,-150.000,-5249.687,1,0
$CH,40.500,L1CD,21,3850,40.4,0.229002270,-1416.651,-54677.384,1,0
$CH,40.500,L1CD,26,3850,46.8,2.440516061,-2467.710,-94664.029,1,0
$CH,40.500,L1CD,27,3850,41.8,9.510552585,1939.898,74667.437,1,0
$CH,40.500,L1CD,31,3850,42.8,8.641300149,-2595.327,-100002.468,1,0
$TIME,2024,5,11,3,30,44.630508
$CH,40.600,L1CD,1,3860,43.5,9.279353187,-2099.626,-81074.409,1,0
$CH,40.600,L1CD,2,3860,40.5,9.978296376,-1679.159,-64916.605,1,0
$CH,40.600,L1CD,3,3860,50.7,8.555074468,842.392,32978.796,1,0
$CH,40.600,L1CD,4,3860,44.9,5.741041470,1855.089,71541.470,1,0
$CH,40.600,L1CD,7,3860,39.9,2.263047771,1351.431,52351.168,1,0
$CH,40.600,L1CD,8,3860,40.9,1.728486893,2102.438,80974.460,1,0
$CH,40.600,L1CD,9,3860,39.0,2.182100752,2268.053,87463.686,1,0
$CH,40.600,L1CD,16,3860,50.1,8.189509533,-150.166,-5264.700,1,0
$CH,40.600,L1CD,21,3860,40.4,0.229099656,-1416.371,-54819.068,1,0
$CH,40.600,L1CD,26,3860,46.8,2.440674128,-2467.405,-94910.801,1,0
$CH,40.600,L1CD,27,3860,41.8,9.510425192,1940.364,74861.445,1,0
$CH,40.600,L1CD,31,3860,42.8,8.641465788,-2595.508,-100262.007,1,0
$TIME,2024,5,11,3,30,45.161869
$CH,40.700,L1CD,1,3870,43.5,9.279489335,-2100.122,-81284.388,1,0
$CH,40.700,L1CD,2,3870,40.5,9.978399027,-1679.552,-65084.541,1,0
$CH,40.700,L1CD,3,3870,50.7,8.555020110,842.298,33063.019,1,0
$CH,40.700,L1CD,4,3870,44.9,5.740919962,1854.537,71726.970,1,0
$CH,40.700,L1CD,7,3870,39.9,2.262962288,1351.379,52486.345,1,0
$CH,40.700,L1CD,8,3870,40.9,1.728352237,2102.917,81184.737,1,0
$CH,40.700,L1CD,9,3870,39.0,2.181943851,2269.071,87690.583,1,0
$CH,40.700,L1CD,16,3870,50.1,8.189526616,-150.316,-5279.722,1,0
$CH,40.700,L1CD,21,3870,40.4,0.229182439,-1416.540,-54960.740,1,0
$CH,40.700,L1CD,26,3870,46.8,2.440832996,-2467.493,-95157.579,1,0
$CH,40.700,L1CD,27,3870,41.8,9.510304629,1940.282,75055.471,1,0
$CH,40.700,L1CD,31,3870,42.8,8.641633913,-2595.650,-100521.544,1,0
$TIME,2024,5,11,3,30,45.772912
$CH,40.800,L1CD,1,3880,43.5,9.279619433,-2099.752,-81494.388,1,0
$CH,40.800,L1CD,2,3880,40.5,9.978502062,-1679.418,-65252.475,1,0
$CH,40.800,L1CD,3,3880,50.7,8.554965724,842.171,33147.242,1,0
$CH,40.800,L1CD,4,3880,44.9,5.740799219,1854.919,71912.462,1,0
$CH,40.800,L1CD,7,3880,39.9,2.262874449,1351.400,52621.509,1,0
$CH,40.800,L1CD,8,3880,40.9,1.728220616,2102.643,81395.015,1,0
$CH,40.800,L1CD,9,3880,39.0,2.181795905,2268.676,87917.501,1,0
$CH,40.800,L1CD,16,3880,50.1,8.189541471,-150.344,-5294.750,1,0
$CH,40.800,L1CD,21,3880,40.4,0.229271058,-1416.792,-55102.413,1,0
$CH,40.800,L1CD,26,3880,46.8,2.440986473,-2467.920,-95404.360,1,0
$CH,40.800,L1CD,27,3880,41.8,9.510180942,1940.065,75249.486,1,0
$CH,40.800,L1CD,31,3880,42.8,8.641792786,-2595.844,-100781.087,1,0
$TIME,2024,5,11,3,30,46.326822
$CH,40.900,L1CD,1,3890,43.5,9.279750644,-2100.439,-81704.375,1,0
$CH,40.900,L1CD,2,3890,40.5,9.978611760,-1679.092,-65420.419,1,0
$CH,40.900,L1CD,3,3890,50.7,8.554909062,842.032,33231.461,1,0
$CH,40.900,L1CD,4,3890,44.9,5.740682370,1854.875,72097.959,1,0
$CH,40.900,L1CD,7,3890,39.9,2.262797717,1351.671,52756.674,1,0
$CH,40.900,L1CD,8,3890,40.9,1.728092682,2102.246,81605.288,1,0
$CH,40.900,L1CD,9,3890,39.0,2.181661147,2267.683,88144.412,1,0
$CH,40.900,L1CD,16,3890,50.1,8.189543686,-150.461,-5309.778,1,0
$CH,40.900,L1CD,21,3890,40.4,0.229362374,-1416.763,-55244.088,1,0
$CH,40.900,L1CD,26,3890,46.8,2.441145103,-2467.922,-95651.147,1,0
$CH,40.900,L1CD,27,3890,41.8,9.510052459,1939.724,75443.511,1,0
$CH,40.900,L1CD,31,3890,42.8,8.641953055,-2595.261,-101040.625,1,0
$TIME,2024,5,11,3,30,46.778151
$CH,41.000,L1CD,1,3900,43.6,9.279886360,-2100.450,-81914.363,1,0
$CH,41.000,L1CD,2,3900,41.1,9.978713654,-1679.430,-65588.358,1,0
$CH,41.000,L1CD,3,3900,50.7,8.554858489,842.127,33315.668,1,0
$CH,41.000,L1CD,4,3900,45.5,5.740568603,1854.817,72283.455,1,0
$CH,41.000,L1CD,7,3900,38.6,2.262713384,1351.537,52891.827,1,0
$CH,41.000,L1CD,8,3900,40.1,1.727956603,2102.852,81815.577,1,0
$CH,41.000,L1CD,9,3900,38.9,2.181511949,2269.049,88371.313,1,0
$CH,41.000,L1CD,16,3900,49.5,8.189554975,-150.396,-5324.821,1,0
$CH,41.000,L1CD,21,3900,41.3,0.229449306,-1416.034,-55385.759,1,0
$CH,41.000,L1CD,26,3900,46.6,2.441307190,-2467.789,-95897.938,1,0
$CH,41.000,L1CD,27,3900,41.3,9.509935811,1939.782,75637.526,1,0
$CH,41.000,L1CD,31,3900,42.4,8.642120906,-2595.513,-101300.162,1,0
$TIME,2024,5,11,3,30,47.232189
$CH,41.100,L1CD,1,3910,43.6,9.280017606,-2099.689,-82124.354,1,0
$CH,41.100,L1CD,2,3910,41.1,9.978823934,-1679.058,-65756.296,1,0
$CH,41.100,L1CD,3,3910,50.7,8.554804921,842.110,33399.871,1,0
$CH,41.100,L1CD,4,3910,45.5,5.740450046,1854.912,72468.956,1,0
$CH,41.100,L1CD,7,3910,38.6,2.262626782,1351.403,53026.991,1,0
$CH,41.100,L1CD,8,3910,40.1,1.727820133,2103.262,82025.854,1,0
$CH,41.100,L1CD,9,3910,38.9,2.181375680,2269.239,88598.225,1,0
$CH,41.100,L1CD,16,3910,49.5,8.189572190,-150.647,-5339.872,1,0
$CH,41.100,L1CD,21,3910,41.3,0.229541171,-1416.954,-55527.426,1,0
$CH,41.100,L1CD,26,3910,46.6,2.441464353,-2468.293,-96144.729,1,0
$CH,41.100,L1CD,27,3910,41.3,9.509806994,1940.034,75831.550,1,0
$CH,41.100,L1CD,31,3910,42.4,8.642292688,-2595.070,-101559.700,1,0
$TIME,2024,5,11,3,30,47.677438
$CH,41.200,L1CD,1,3920,43.6,9.280159884,-2100.221,-82334.344,1,0
$CH,41.200,L1CD,2,3920,41.1,9.978931254,-1678.795,-65924.242,1,0
$CH,41.200,L1CD,3,3920,50.7,8.554747999,841.957,33484.069,1,0
$CH,41.200,L1CD,4,3920,45.5,5.740331523,1855.250,72654.457,1,0
$CH,41.200,L1CD,7,3920,38.6,2.262537756,1352.313,53162.149,1,0
$CH,41.200,L1CD,8,3920,40.1,1.727684208,2102.433,82236.153,1,0
$CH,41.200,L1CD,9,3920,38.9,2.181238386,2268.986,88825.117,1,0
$CH,41.200,L1CD,16,3920,49.5,8.189578593,-150.396,-5354.926,1,0
$CH,41.200,L1CD,21,3920,41.3,0.229630194,-1416.665,-55669.098,1,0
$CH,41.200,L1CD,26,3920,46.6,2.441617967,-2467.845,-96391.531,1,0
$CH,41.200,L1CD,27,3920,41.3,9.509688336,1939.847,76025.582,1,0
$CH,41.200,L1CD,31,3920,42.4,8.642455147,-2595.342,-101819.233,1,0
$TIME,2024,5,11,3,30,48.121931
$CH,41.300,L1CD,1,3930,43.6,9.280284128,-2099.601,-82544.335,1,0
$CH,41.300,L1CD,2,3930,41.1,9.979028911,-1679.137,-66092.160,1,0
$CH,41.300,L1CD,3,3930,50.7,8.554698806,841.742,33568.261,1,0
$CH,41.300,L1CD,4,3930,45.5,5.740209159,1854.839,72839.955,1,0
$CH,41.300,L1CD,7,3930,38.6,2.262458124,1351.580,53297.303,1,0
$CH,41.300,L1CD,8,3930,40.1,1.727557713,2103.372,82446.437,1,0
$CH,41.300,L1CD,9,3930,38.9,2.181095608,2269.627,89052.042,1,0
$CH,41.300,L1CD,16,3930,49.5,8.189579267,-150.863,-5369.987,1,0
$CH,41.300,L1CD,21,3930,41.3,0.229719752,-1416.996,-55810.770,1,0
$CH,41.300,L1CD,26,3930,46.6,2.441775354,-2468.122,-96638.341,1,0
$CH,41.300,L1CD,27,3930,41.3,9.509564390,1940.696,76219.599,1,0
$CH,41.300,L1CD,31,3930,42.4,8.642617477,-2595.251,-102078.774,1,0
$TIME,2024,5,11,3,30,48.572034
$CH,41.400,L1CD,1,3940,43.6,9.280422074,-2099.791,-82754.315,1,0
$CH,41.400,L1CD,2,3940,41.1,9.979143151,-1679.752,-66260.100,1,0
$CH,41.400,L1CD,3,3940,50.7,8.554644953,841.877,33652.444,1,0
$CH,41.400,L1CD,4,3940,45.5,5.740096369,1854.822,73025.456,1,0
$CH,41.400,L1CD,7,3940,38.6,2.262360523,1351.098,53432.453,1,0
$CH,41.400,L1CD,8,3940,40.1,1.727420473,2102.933,82656.734,1,0
$CH,41.400,L1CD,9,3940,38.9,2.180953356,2269.191,89278.952,1,0
$CH,41.400,L1CD,16,3940,49.5,8.189584759,-150.826,-5385.058,1,0
$CH,41.400,L1CD,21,3940,41.3,0.229811238,-1416.458,-55952.432,1,0
$CH,41.400,L1CD,26,3940,46.6,2.441926428,-2468.020,-96885.145,1,0
$CH,41.400,L1CD,27,3940,41.3,9.509435481,1940.179,76413.629,1,0
$CH,41.400,L1CD,31,3940,42.4,8.642780271,-2595.130,-102338.303,1,0
$TIME,2024,5,11,3,30,49.037013
$CH,41.500,L1CD,1,3950,43.6,9.280552830,-2099.527,-82964.304,1,0
$CH,41.500,L1CD,2,3950,41.1,9.979250374,-1679.117,-66428.035,1,0
$CH,41.500,L1CD,3,3950,50.7,8.554592484,841.776,33736.621,1,0
$CH,41.500,L1CD,4,3950,45.5,5.739979646,1854.940,73210.958,1,0
$CH,41.500,L1CD,7,3950,38.6,2.262281508,1352.032,53567.603,1,0
$CH,41.500,L1CD,8,3950,40.1,1.727291171,2102.990,82867.035,1,0
$CH,41.500,L1CD,9,3950,38.9,2.180803624,2268.737,89505.872,1,0
$CH,41.500,L1CD,16,3950,49.5,8.189602841,-150.963,-5400.134,1,0
$CH,41.500,L1CD,21,3950,41.3,0.229907252,-1416.771,-56094.082,1,0
$CH,41.500,L1CD,26,3950,46.6,2.442085965,-2468.279,-97131.959,1,0
$CH,41.500,L1CD,27,3950,41.3,9.509301306,1940.599,76607.650,1,0
$CH,41.500,L1CD,31,3950,42.4,8.642944509,-2595.530,-102597.838,1,0
$TIME,2024,5,11,3,30,49.497493
$CH,41.600,L1CD,1,3960,43.6,9.280683700,-2100.258,-83174.297,1,0
$CH,41.600,L1CD,2,3960,41.1,9.979356810,-1679.145,-66595.964,1,0
$CH,41.600,L1CD,3,3960,50.7,8.554537389,841.608,33820.793,1,0
$CH,41.600,L1CD,4,3960,45.5,5.739859845,1855.299,73396.458,1,0
$CH,41.600,L1CD,7,3960,38.6,2.262190241,1351.708,53702.755,1,0
$CH,41.600,L1CD,8,3960,40.1,1.727153869,2103.999,83077.327,1,0
$CH,41.600,L1CD,9,3960,38.9,2.180659400,2269.143,89732.789,1,0
$CH,41.600,L1CD,16,3960,49.5,8.189618705,-150.818,-5415.219,1,0
$CH,41.600,L1CD,21,3960,41.3,0.229990559,-1416.660,-56235.754,1,0
$CH,41.600,L1CD,26,3960,46.6,2.442241429,-2468.199,-97378.781,1,0
$CH,41.600,L1CD,27,3960,41.3,9.509188457,1940.273,76801.665,1,0
$CH,41.600,L1CD,31,3960,42.4,8.643115613,-2595.620,-102857.369,1,0
$TIME,2024,5,11,3,30,50.103515
$CH,41.700,L1CD,1,3970,43.6,9.280818192,-2099.563,-83384.285,1,0
$CH,41.700,L1CD,2,3970,41.1,9.979464299,-1679.497,-66763.887,1,0
$CH,41.700,L1CD,3,3970,50.7,8.554486005,841.706,33904.961,1,0
$CH,41.700,L1CD,4,3970,45.5,5.739744563,1855.048,73581.963,1,0
$CH,41.700,L1CD,7,3970,38.6,2.262108915,1351.094,53837.909,1,0
$CH,41.700,L1CD,8,3970,40.1,1.727020085,2103.090,83287.638,1,0
$CH,41.700,L1CD,9,3970,38.9,2.180520077,2269.179,89959.710,1,0
$CH,41.700,L1CD,16,3970,49.5,8.189618841,-150.963,-5430.309,1,0
$CH,41.700,L1CD,21,3970,41.3,0.230080567,-1416.862,-56377.404,1,0
$CH,41.700,L1CD,26,3970,46.6,2.442397648,-2468.264,-97625.601,1,0
$CH,41.700,L1CD,27,3970,41.3,9.509068967,1939.962,76995.695,1,0
$CH,41.700,L1CD,31,3970,42.4,8.643274997,-2595.341,-103116.904,1,0
$TIME,2024,5,11,3,30,50.581580
$CH,41.800,L1CD,1,3980,43.6,9.280952595,-2100.121,-83594.265,1,0
$CH,41.800,L1CD,2,3980,41.1,9.979571038,-1679.302,-66931.820,1,0
$CH,41.800,L1CD,3,3980,50.7,8.554427697,841.487,33989.121,1,0
$CH,41.800,L1CD,4,3980,45.5,5.739622763,1855.083,73767.463,1,0
$CH,41.800,L1CD,7,3980,38.6,2.262018846,1351.302,53973.045,1,0
$CH,41.800,L1CD,8,3980,40.1,1.726887708,2103.279,83497.937,1,0
$CH,41.800,L1CD,9,3980,38.9,2.180367751,2269.043,90186.638,1,0
$CH,41.800,L1CD,16,3980,49.5,8.189625828,-151.002,-5445.406,1,0
$CH,41.800,L1CD,21,3980,41.3,0.230175024,-1416.378,-56519.069,1,0
$CH,41.800,L1CD,26,3980,46.6,2.442556994,-2468.195,-97872.433,1,0
$CH,41.800,L1CD,27,3980,41.3,9.508946890,1940.180,77189.723,1,0
$CH,41.800,L1CD,31,3980,42.4,8.643441008,-2595.284,-103376.425,1,0
$TIME,2024,5,11,3,30,51.311641
$CH,41.900,L1CD,1,3990,43.6,9.281084805,-2099.943,-83804.253,1,0
$CH,41.900,L1CD,2,3990,41.1,9.979677234,-1678.867,-67099.750,1,0
$CH,41.900,L1CD,3,3990,50.7,8.554375161,841.460,34073.272,1,0
$CH,41.900,L1CD,4,3990,45.5,5.739500076,1855.433,73952.965,1,0
$CH,41.900,L1CD,7,3990,38.6,2.261928192,1350.863,54108.190,1,0
$CH,41.900,L1CD,8,3990,40.1,1.726752916,2102.999,83708.244,1,0
$CH,41.900,L1CD,9,3990,38.9,2.180225665,2269.233,90413.548,1,0
$CH,41.900,L1CD,16,3990,49.5,8.189640613,-151.102,-5460.514,1,0
$CH,41.900,L1CD,21,3990,41.3,0.230263841,-1416.838,-56660.728,1,0
$CH,41.900,L1CD,26,3990,46.6,2.442714077,-2468.400,-98119.262,1,0
$CH,41.900,L1CD,27,3990,41.3,9.508822459,1940.106,77383.741,1,0
$CH,41.900,L1CD,31,3990,42.4,8.643614847,-2595.024,-103635.956,1,0
$LOG,42.000,L1CD,11,SIGNAL NOT FOUND (33.4)
$TIME,2024,5,11,3,30,57.816701
$CH,42.000,L1CD,1,4000,44.8,9.281217473,-2100.073,-84014.241,1,0
$CH,42.000,L1CD,2,4000,41.1,9.979778132,-1679.183,-67267.672,1,0
$CH,42.000,L1CD,3,4000,49.8,8.554325371,841.447,34157.418,1,0
$CH,42.000,L1CD,4,4000,46.2,5.739387846,1854.932,74138.485,1,0
$CH,42.000,L1CD,7,4000,38.3,2.261837754,1351.931,54243.324,1,0
$CH,42.000,L1CD,8,4000,39.8,1.726627138,2103.347,83918.548,1,0
$CH,42.000,L1CD,9,4000,40.1,2.180078195,2268.821,90640.478,1,0
$CH,42.000,L1CD,16,4000,49.8,8.189658510,-151.218,-5475.624,1,0
$CH,42.000,L1CD,21,4000,40.9,0.230349715,-1416.374,-56802.381,1,0
$CH,42.000,L1CD,26,4000,46.9,2.442866948,-2468.678,-98366.098,1,0
$CH,42.000,L1CD,27,4000,41.7,9.508700838,1939.952,77577.779,1,0
$CH,42.000,L1CD,31,4000,42.7,8.643773371,-2595.121,-103895.488,1,0
$TIME,2024,5,11,3,30,58.397097
$CH,42.100,L1CD,1,4010,44.8,9.281353905,-2100.133,-84224.231,1,0
$CH,42.100,L1CD,2,4010,41.1,9.979891319,-1679.394,-67435.597,1,0
$CH,42.100,L1CD,3,4010,49.8,8.554270359,841.404,34241.560,1,0
$CH,42.100,L1CD,4,4010,46.2,5.739270695,1854.981,74323.985,1,0
$CH,42.100,L1CD,7,4010,38.3,2.261755691,1351.384,54378.459,1,0
$CH,42.100,L1CD,8,4010,39.8,1.726494082,2103.358,84128.852,1,0
$CH,42.100,L1CD,9,4010,40.1,2.179927501,2269.291,90867.405,1,0
$CH,42.100,L1CD,16,4010,49.8,8.189660044,-151.084,-5490.745,1,0
$CH,42.100,L1CD,21,4010,40.9,0.230435906,-1416.336,-56944.030,1,0
$CH,42.100,L1CD,26,4010,46.9,2.443024546,-2468.358,-98612.944,1,0
$CH,42.100,L1CD,27,4010,41.7,9.508576334,1940.412,77771.803,1,0
$CH,42.100,L1CD,31,4010,42.7,8.643939798,-2594.971,-104155.015,1,0
$TIME,2024,5,11,3,30,58.890445
$CH,42.200,L1CD,1,4020,44.8,9.281487032,-2099.501,-84434.220,1,0
$CH,42.200,L1CD,2,4020,41.1,9.979991137,-1679.626,-67603.514,1,0
$CH,42.200,L1CD,3,4020,49.8,8.554218099,841.291,34325.693,1,0
$CH,42.200,L1CD,4,4020,46.2,5.739157863,1855.234,74509.487,1,0
$CH,42.200,L1CD,7,4020,38.3,2.261675375,1351.642,54513.586,1,0
$CH,42.200,L1CD,8,4020,39.8,1.726355028,2103.204,84339.167,1,0
$CH,42.200,L1CD,9,4020,40.1,2.179793772,2268.888,91094.331,1,0
$CH,42.200,L1CD,16,4020,49.8,8.189663862,-151.290,-5505.872,1,0
$CH,42.200,L1CD,21,4020,40.9,0.230530575,-1416.681,-57085.677,1,0
$CH,42.200,L1CD,26,4020,46.9,2.443182609,-2468.625,-98859.789,1,0
$CH,42.200,L1CD,27,4020,41.7,9.508450296,1940.029,77965.822,1,0
$CH,42.200,L1CD,31,4020,42.7,8.644107943,-2595.363,-104414.537,1,0
$TIME,2024,5,11,3,30,59.497315
$CH,42.300,L1CD,1,4030,44.8,9.281621136,-2099.725,-84644.202,1,0
$CH,42.300,L1CD,2,4030,41.1,9.980101250,-1679.348,-67771.438,1,0
$CH,42.300,L1CD,3,4030,49.8,8.554167203,841.345,34409.820,1,0
$CH,42.300,L1CD,4,4030,46.2,5.739038421,1854.748,74695.000,1,0
$CH,42.300,L1CD,7,4030,38.3,2.261587872,1351.166,54648.721,1,0
$CH,42.300,L1CD,8,4030,39.8,1.726220244,2103.327,84549.497,1,0
$CH,42.300,L1CD,9,4030,40.1,2.179645585,2269.010,91321.257,1,0
$CH,42.300,L1CD,16,4030,49.8,8.189677458,-151.199,-5521.006,1,0
$CH,42.300,L1CD,21,4030,40.9,0.230620351,-1416.326,-57227.335,1,0
$CH,42.300,L1CD,26,4030,46.9,2.443340449,-2468.652,-99106.639,1,0
$CH,42.300,L1CD,27,4030,41.7,9.508331698,1940.814,78159.839,1,0
$CH,42.300,L1CD,31,4030,42.7,8.644268274,-2594.956,-104674.064,1,0
$TIME,2024,5,11,3,31,0.128580
$CH,42.400,L1CD,1,4040,44.8,9.281742127,-2099.377,-84854.191,1,0
$CH,42.400,L1CD,2,4040,41.1,9.980204541,-1679.625,-67939.361,1,0
$CH,42.400,L1CD,3,4040,49.8,8.554110448,841.115,34493.943,1,0
$CH,42.400,L1CD,4,4040,46.2,5.738919757,1855.076,74880.512,1,0
$CH,42.400,L1CD,7,4040,38.3,2.261508430,1351.237,54783.848,1,0
$CH,42.400,L1CD,8,4040,39.8,1.726088996,2102.774,84759.811,1,0
$CH,42.400,L1CD,9,4040,40.1,2.179501703,2269.328,91548.188,1,0
$CH,42.400,L1CD,16,4040,49.8,8.189698300,-151.438,-5536.144,1,0
$CH,42.400,L1CD,21,4040,40.9,0.230708189,-1416.011,-57368.983,1,0
$CH,42.400,L1CD,26,4040,46.9,2.443498578,-2468.416,-99353.493,1,0
$CH,42.400,L1CD,27,4040,41.7,9.508211950,1940.379,78353.870,1,0
$CH,42.400,L1CD,31,4040,42.7,8.644431986,-2595.150,-104933.584,1,0
$TIME,2024,5,11,3,31,0.630919
$CH,42.500,L1CD,1,4050,44.8,9.281882930,-2099.557,-85064.175,1,0
$CH,42.500,L1CD,2,4050,41.1,9.980310169,-1679.514,-68107.280,1,0
$CH,42.500,L1CD,3,4050,49.8,8.554057177,841.122,34578.057,1,0
$CH,42.500,L1CD,4,4050,46.2,5.738803799,1855.173,75066.022,1,0
$CH,42.500,L1CD,7,4050,38.3,2.261423005,1351.163,54918.982,1,0
$CH,42.500,L1CD,8,4050,39.8,1.725951904,2103.286,84970.135,1,0
$CH,42.500,L1CD,9,4050,40.1,2.179363421,2269.292,91775.129,1,0
$CH,42.500,L1CD,16,4050,49.8,8.189702345,-151.538,-5551.293,1,0
$CH,42.500,L1CD,21,4050,40.9,0.230800292,-1416.333,-57510.625,1,0
$CH,42.500,L1CD,26,4050,46.9,2.443652361,-2468.528,-99600.352,1,0
$CH,42.500,L1CD,27,4050,41.7,9.508089149,1940.169,78547.906,1,0
$CH,42.500,L1CD,31,4050,42.7,8.644592558,-2594.997,-105193.097,1,0
$TIME,2024,5,11,3,31,1.129948
$CH,42.600,L1CD,1,4060,44.8,9.282019585,-2100.033,-85274.154,1,0
$CH,42.600,L1CD,2,4060,41.1,9.980419997,-1679.307,-68275.195,1,0
$CH,42.600,L1CD,3,4060,49.8,8.554006948,841.190,34662.165,1,0
$CH,42.600,L1CD,4,4060,46.2,5.738685429,1854.879,75251.532,1,0
$CH,42.600,L1CD,7,4060,38.3,2.261344845,1350.958,55054.110,1,0
$CH,42.600,L1CD,8,4060,39.8,1.725819974,2103.713,85180.454,1,0
$CH,42.600,L1CD,9,4060,40.1,2.179227466,2268.737,92002.064,1,0
$CH,42.600,L1CD,16,4060,49.8,8.189703311,-151.645,-5566.449,1,0
$CH,42.600,L1CD,21,4060,40.9,0.230889714,-1416.522,-57652.268,1,0
$CH,42.600,L1CD,26,4060,46.9,2.443810526,-2468.350,-99847.222,1,0
$CH,42.600,L1CD,27,4060,41.7,9.507960026,1940.519,78741.936,1,0
$CH,42.600,L1CD,31,4060,42.7,8.644762392,-2594.760,-105452.624,1,0
$TIME,2024,5,11,3,31,1.627653
$CH,42.700,L1CD,1,4070,44.8,9.282153959,-2099.860,-85484.144,1,0
$CH,42.700,L1CD,2,4070,41.1,9.980527123,-1678.852,-68443.115,1,0
$CH,42.700,L1CD,3,4070,49.8,8.553949163,841.034,34746.269,1,0
$CH,42.700,L1CD,4,4070,46.2,5.738565873,1855.082,75437.040,1,0
$CH,42.700,L1CD,7,4070,38.3,2.261251514,1351.262,55189.231,1,0
$CH,42.700,L1CD,8,4070,39.8,1.725688862,2102.894,85390.795,1,0
$CH,42.700,L1CD,9,4070,40.1,2.179078890,2270.035,92228.986,1,0
$CH,42.700,L1CD,16,4070,49.8,8.189714125,-151.750,-5581.611,1,0
$CH,42.700,L1CD,21,4070,40.9,0.230985295,-1416.135,-57793.913,1,0
$CH,42.700,L1CD,26,4070,46.9,2.443967622,-2468.722,-100094.086,1,0
$CH,42.700,L1CD,27,4070,41.7,9.507842796,1940.576,78935.966,1,0
$CH,42.700,L1CD,31,4070,42.7,8.644926033,-2595.155,-105712.143,1,0
$TIME,2024,5,11,3,31,2.128389
$CH,42.800,L1CD,1,4080,44.8,9.282291928,-2100.074,-85694.125,1,0
$CH,42.800,L1CD,2,4080,41.1,9.980635446,-1678.729,-68611.041,1,0
$CH,42.800,L1CD,3,4080,49.8,8.553896220,840.934,34830.367,1,0
$CH,42.800,L1CD,4,4080,46.2,5.738447825,1855.273,75622.554,1,0
$CH,42.800,L1CD,7,4080,38.3,2.261160658,1351.384,55324.345,1,0
$CH,42.800,L1CD,8,4080,39.8,1.725550438,2103.734,85601.119,1,0
$CH,42.800,L1CD,9,4080,40.1,2.178931207,2269.524,92455.931,1,0
$CH,42.800,L1CD,16,4080,49.8,8.189732698,-152.047,-5596.779,1,0
$CH,42.800,L1CD,21,4080,40.9,0.231073345,-1416.090,-57935.554,1,0
$CH,42.800,L1CD,26,4080,46.9,2.444120338,-2468.790,-100340.961,1,0
$CH,42.800,L1CD,27,4080,41.7,9.507712821,1940.381,79129.994,1,0
$CH,42.800,L1CD,31,4080,42.7,8.645090602,-2595.316,-105971.658,1,0
$TIME,2024,5,11,3,31,2.783638
$CH,42.900,L1CD,1,4090,44.8,9.282422933,-2099.544,-85904.112,1,0
$CH,42.900,L1CD,2,4090,41.1,9.980741219,-1678.874,-68778.945,1,0
$CH,42.900,L1CD,3,4090,49.8,8.553845294,840.876,34914.460,1,0
$CH,42.900,L1CD,4,4090,46.2,5.738328768,1855.066,75808.067,1,0
$CH,42.900,L1CD,7,4090,38.3,2.261081679,1350.931,55459.461,1,0
$CH,42.900,L1CD,8,4090,39.8,1.725419992,2103.376,85811.453,1,0
$CH,42.900,L1CD,9,4090,40.1,2.178789058,2269.426,92682.873,1,0
$CH,42.900,L1CD,16,4090,49.8,8.189740159,-151.831,-5611.961,1,0
$CH,42.900,L1CD,21,4090,40.9,0.231157320,-1416.295,-58077.192,1,0
$CH,42.900,L1CD,26,4090,46.9,2.444282909,-2468.955,-100587.843,1,0
$CH,42.900,L1CD,27,4090,41.7,9.507596365,1940.014,79324.021,1,0
$CH,42.900,L1CD,31,4090,42.7,8.645256774,-2595.396,-106231.185,1,0
$TIME,2024,5,11,3,31,3.377367
$CH,43.000,L1CD,1,4100,43.1,9.282555253,-2099.900,-86114.098,1,0
$CH,43.000,L1CD,2,4100,41.1,9.980852441,-1678.685,-68946.862,1,0
$CH,43.000,L1CD,3,4100,50.1,8.553786276,840.467,34998.547,1,0
$CH,43.000,L1CD,4,4100,45.9,5.738209700,1855.409,75993.575,1,0
$CH,43.000,L1CD,7,4100,38.5,2.260990458,1351.086,55594.585,1,0
$CH,43.000,L1CD,8,4100,40.4,1.725290260,2103.211,86021.791,1,0
$CH,43.000,L1CD,9,4100,39.8,2.178644014,2269.588,92909.813,1,0
$CH,43.000,L1CD,16,4100,49.6,8.189741768,-151.872,-5627.143,1,0
$CH,43.000,L1CD,21,4100,40.8,0.231246954,-1416.076,-58218.823,1,0
$CH,43.000,L1CD,26,4100,46.1,2.444435672,-2468.878,-100834.724,1,0
$CH,43.000,L1CD,27,4100,42.4,9.507467466,1940.772,79518.042,1,0
$CH,43.000,L1CD,31,4100,43.2,8.645419877,-2595.303,-106490.696,1,0
$TIME,2024,5,11,3,31,3.957635
$CH,43.100,L1CD,1,4110,43.1,9.282688588,-2100.121,-86324.081,1,0
$CH,43.100,L1CD,2,4110,41.1,9.980948370,-1678.403,-69114.776,1,0
$CH,43.100,L1CD,3,4110,50.1,8.553731831,840.616,35082.621,1,0
$CH,43.100,L1CD,4,4110,45.9,5.738095264,1855.277,76179.093,1,0
$CH,43.100,L1CD,7,4110,38.5,2.260909979,1351.257,55729.695,1,0
$CH,43.100,L1CD,8,4110,40.4,1.725152817,2103.416,86232.118,1,0
$CH,43.100,L1CD,9,4110,39.8,2.178499749,2269.945,93136.755,1,0
$CH,43.100,L1CD,16,4110,49.6,8.189748805,-151.874,-5642.331,1,0
$CH,43.100,L1CD,21,4110,40.8,0.231338597,-1416.208,-58360.464,1,0
$CH,43.100,L1CD,26,4110,46.1,2.444593022,-2468.973,-101081.611,1,0
$CH,43.100,L1CD,27,4110,42.4,9.507348665,1940.523,79712.081,1,0
$CH,43.100,L1CD,31,4110,43.2,8.645578813,-2594.998,-106750.212,1,0
$TIME,2024,5,11,3,31,4.471401
$CH,43.200,L1CD,1,4120,43.1,9.282820450,-2099.662,-86534.065,1,0
$CH,43.200,L1CD,2,4120,41.1,9.981059696,-1679.389,-69282.676,1,0
$CH,43.200,L1CD,3,4120,50.1,8.553680044,840.690,35166.690,1,0
$CH,43.200,L1CD,4,4120,45.9,5.737980497,1855.462,76364.607,1,0
$CH,43.200,L1CD,7,4120,38.5,2.260819289,1351.099,55864.801,1,0
$CH,43.200,L1CD,8,4120,40.4,1.725022464,2103.509,86442.461,1,0
$CH,43.200,L1CD,9,4120,39.8,2.178363086,2270.068,93363.699,1,0
$CH,43.200,L1CD,16,4120,49.6,8.189763340,-152.226,-5657.526,1,0
$CH,43.200,L1CD,21,4120,40.8,0.231424248,-1416.535,-58502.086,1,0
$CH,43.200,L1CD,26,4120,46.1,2.444748726,-2469.482,-101328.504,1,0
$CH,43.200,L1CD,27,4120,42.4,9.507227660,1940.422,79906.114,1,0
$CH,43.200,L1CD,31,4120,43.2,8.645741996,-2594.808,-107009.730,1,0
$TIME,2024,5,11,3,31,5.110687
$CH,43.300,L1CD,1,4130,43.1,9.282948800,-2100.038,-86744.043,1,0
$CH,43.300,L1CD,2,4130,41.1,9.981173723,-1679.147,-69450.593,1,0
$CH,43.300,L1CD,3,4130,50.1,8.553627358,840.788,35250.758,1,0
$CH,43.300,L1CD,4,4130,45.9,5.737860723,1855.415,76550.124,1,0
$CH,43.300,L1CD,7,4130,38.5,2.260735343,1350.992,55999.913,1,0
$CH,43.300,L1CD,8,4130,40.4,1.724885234,2103.645,86652.804,1,0
$CH,43.300,L1CD,9,4130,39.8,2.178212843,2269.568,93590.639,1,0
$CH,43.300,L1CD,16,4130,49.6,8.189781191,-152.170,-5672.734,1,0
$CH,43.300,L1CD,21,4130,40.8,0.231518096,-1416.408,-58643.720,1,0
$CH,43.300,L1CD,26,4130,46.1,2.444912641,-2468.559,-101575.405,1,0
$CH,43.300,L1CD,27,4130,42.4,9.507106833,1940.180,80100.140,1,0
$CH,43.300,L1CD,31,4130,43.2,8.645908872,-2594.778,-107269.243,1,0
$TIME,2024,5,11,3,31,5.724430
$CH,43.400,L1CD,1,4140,43.1,9.283088412,-2099.677,-86954.031,1,0
$CH,43.400,L1CD,2,4140,41.1,9.981272161,-1679.162,-69618.501,1,0
$CH,43.400,L1CD,3,4140,50.1,8.553575785,840.513,35334.818,1,0
$CH,43.400,L1CD,4,4140,45.9,5.737744943,1855.387,76735.637,1,0
$CH,43.400,L1CD,7,4140,38.5,2.260649705,1351.423,56135.011,1,0
$CH,43.400,L1CD,8,4140,40.4,1.724745989,2103.071,86863.156,1,0
$CH,43.400,L1CD,9,4140,39.8,2.178067240,2269.395,93817.578,1,0
$CH,43.400,L1CD,16,4140,49.6,8.189780616,-152.187,-5687.945,1,0
$CH,43.400,L1CD,21,4140,40.8,0.231607691,-1416.518,-58785.347,1,0
$CH,43.400,L1CD,26,4140,46.1,2.445067232,-2469.234,-101822.304,1,0
$CH,43.400,L1CD,27,4140,42.4,9.506983330,1940.093,80294.170,1,0
$CH,43.400,L1CD,31,4140,43.2,8.646073921,-2595.023,-107528.753,1,0
$TIME,2024,5,11,3,31,6.367133
$CH,43.500,L1CD,1,4150,43.1,9.283219666,-2099.631,-87164.007,1,0
$CH,43.500,L1CD,2,4150,41.1,9.981385861,-1678.448,-69786.411,1,0
$CH,43.500,L1CD,3,4150,50.1,8.553522854,840.446,35418.870,1,0
$CH,43.500,L1CD,4,4150,45.9,5.737622618,1855.293,76921.159,1,0
$CH,43.500,L1CD,7,4150,38.5,2.260561690,1351.090,56270.114,1,0
$CH,43.500,L1CD,8,4150,40.4,1.724609279,2102.521,87073.498,1,0
$CH,43.500,L1CD,9,4150,39.8,2.177922869,2269.464,94044.536,1,0
$CH,43.500,L1CD,16,4150,49.6,8.189788133,-152.181,-5703.164,1,0
$CH,43.500,L1CD,21,4150,40.8,0.231699869,-1415.714,-58926.985,1,0
$CH,43.500,L1CD,26,4150,46.1,2.445222908,-2469.103,-102069.211,1,0
$CH,43.500,L1CD,27,4150,42.4,9.506862923,1940.434,80488.199,1,0
$CH,43.500,L1CD,31,4150,43.2,8.646247991,-2595.355,-107788.265,1,0
$TIME,2024,5,11,3,31,6.897520
$CH,43.600,L1CD,1,4160,43.1,9.283350146,-2100.069,-87373.994,1,0
$CH,43.600,L1CD,2,4160,41.1,9.981480730,-1678.593,-69954.314,1,0
$CH,43.600,L1CD,3,4160,50.1,8.553470662,840.446,35502.914,1,0
$CH,43.600,L1CD,4,4160,45.9,5.737510817,1855.151,77106.677,1,0
$CH,43.600,L1CD,7,4160,38.5,2.260473335,1351.142,56405.228,1,0
$CH,43.600,L1CD,8,4160,40.4,1.724480398,2103.302,87283.846,1,0
$CH,43.600,L1CD,9,4160,39.8,2.177777924,2269.503,94271.491,1,0
$CH,43.600,L1CD,16,4160,49.6,8.189806179,-152.680,-5718.389,1,0
$CH,43.600,L1CD,21,4160,40.8,0.231784915,-1416.225,-59068.608,1,0
$CH,43.600,L1CD,26,4160,46.1,2.445378472,-2469.377,-102316.121,1,0
$CH,43.600,L1CD,27,4160,42.4,9.506732815,1940.409,80682.235,1,0
$CH,43.600,L1CD,31,4160,43.2,8.646410625,-2594.710,-108047.770,1,0
$TIME,2024,5,11,3,31,7.412311
$CH,43.700,L1CD,1,4170,43.1,9.283488066,-2099.911,-87583.975,1,0
$CH,43.700,L1CD,2,4170,41.1,9.981589406,-1678.960,-70122.221,1,0
$CH,43.700,L1CD,3,4170,50.1,8.553419630,840.378,35586.957,1,0
$CH,43.700,L1CD,4,4170,45.9,5.737394283,1855.098,77292.195,1,0
$CH,43.700,L1CD,7,4170,38.5,2.260382910,1351.589,56540.319,1,0
$CH,43.700,L1CD,8,4170,40.4,1.724348604,2103.494,87494.204,1,0
$CH,43.700,L1CD,9,4170,39.8,2.177631995,2269.996,94498.443,1,0
$CH,43.700,L1CD,16,4170,49.6,8.189817851,-152.363,-5733.626,1,0
$CH,43.700,L1CD,21,4170,40.8,0.231872207,-1416.040,-59210.231,1,0
$CH,43.700,L1CD,26,4170,46.1,2.445537451,-2469.111,-102563.034,1,0
$CH,43.700,L1CD,27,4170,42.4,9.506610154,1940.572,80876.275,1,0
$CH,43.700,L1CD,31,4170,43.2,8.646568563,-2595.151,-108307.279,1,0
$TIME,2024,5,11,3,31,7.919810
$CH,43.800,L1CD,1,4180,43.1,9.283616287,-2099.578,-87793.960,1,0
$CH,43.800,L1CD,2,4180,41.1,9.981695772,-1678.832,-70290.121,1,0
$CH,43.800,L1CD,3,4180,50.1,8.553367910,840.184,35670.994,1,0
$CH,43.800,L1CD,4,4180,45.9,5.737267188,1855.203,77477.713,1,0
$CH,43.800,L1CD,7,4180,38.5,2.260302666,1350.693,56675.407,1,0
$CH,43.800,L1CD,8,4180,40.4,1.724221220,2104.039,87704.548,1,0
$CH,43.800,L1CD,9,4180,39.8,2.177485892,2269.057,94725.397,1,0
$CH,43.800,L1CD,16,4180,49.6,8.189820621,-152.734,-5748.863,1,0
$CH,43.800,L1CD,21,4180,40.8,0.231961412,-1416.576,-59351.851,1,0
$CH,43.800,L1CD,26,4180,46.1,2.445690744,-2469.148,-102809.956,1,0
$CH,43.800,L1CD,27,4180,42.4,9.506483154,1940.052,81070.302,1,0
$CH,43.800,L1CD,31,4180,43.2,8.646736898,-2594.908,-108566.791,1,0
$TIME,2024,5,11,3,31,8.461056
$CH,43.900,L1CD,1,4190,43.1,9.283753252,-2100.153,-88003.937,1,0
$CH,43.900,L1CD,2,4190,41.1,9.981808198,-1679.095,-70458.021,1,0
$CH,43.900,L1CD,3,4190,50.1,8.553311704,840.109,35755.020,1,0
$CH,43.900,L1CD,4,4190,45.9,5.737145426,1854.963,77663.243,1,0
$CH,43.900,L1CD,7,4190,38.5,2.260213929,1351.196,56810.513,1,0
$CH,43.900,L1CD,8,4190,40.4,1.724090253,2103.886,87914.912,1,0
$CH,43.900,L1CD,9,4190,39.8,2.177346339,2269.423,94952.351,1,0
$CH,43.900,L1CD,16,4190,49.6,8.189825621,-152.662,-5764.115,1,0
$CH,43.900,L1CD,21,4190,40.8,0.232051785,-1415.964,-59493.476,1,0
$CH,43.900,L1CD,26,4190,46.1,2.445852360,-2469.297,-103056.881,1,0
$CH,43.900,L1CD,27,4190,42.4,9.506353287,1940.228,81264.334,1,0
$CH,43.900,L1CD,31,4190,43.2,8.646897963,-2595.047,-108826.300,1,0
$TIME,2024,5,11,3,31,8.981121
$CH,44.000,L1CD,1,4200,42.8,9.283882845,-2099.795,-88213.922,1,0
$CH,44.000,L1CD,2,4200,41.1,9.981913664,-1679.027,-70625.930,1,0
$CH,44.000,L1CD,3,4200,49.0,8.553255081,840.072,35839.042,1,0
$CH,44.000,L1CD,4,4200,45.8,5.737032967,1855.381,77848.758,1,0
$CH,44.000,L1CD,7,4200,39.5,2.260128244,1351.721,56945.599,1,0
$CH,44.000,L1CD,8,4200,40.7,1.723957042,2103.565,88125.271,1,0
$CH,44.000,L1CD,9,4200,40.0,2.177204429,2268.806,95179.305,1,0
$CH,44.000,L1CD,16,4200,49.9,8.189844604,-152.561,-5779.369,1,0
$CH,44.000,L1CD,21,4200,40.5,0.232148403,-1415.903,-59635.094,1,0
$CH,44.000,L1CD,26,4200,46.4,2.446008390,-2469.206,-103303.808,1,0
$CH,44.000,L1CD,27,4200,42.6,9.506241093,1940.381,81458.366,1,0
$CH,44.000,L1CD,31,4200,43.7,8.647064838,-2594.747,-109085.802,1,0
$TIME,2024,5,11,3,31,9.543572
$CH,44.100,L1CD,1,4210,42.8,9.284013960,-2099.799,-88423.906,1,0
$CH,44.100,L1CD,2,4210,41.1,9.982020366,-1678.825,-70793.822,1,0
$CH,44.100,L1CD,3,4210,49.0,8.553203822,840.215,35923.056,1,0
$CH,44.100,L1CD,4,4210,45.8,5.736913640,1855.232,78034.280,1,0
$CH,44.100,L1CD,7,4210,39.5,2.260040259,1350.999,57080.690,1,0
$CH,44.100,L1CD,8,4210,40.7,1.723820548,2103.768,88335.633,1,0
$CH,44.100,L1CD,9,4210,40.0,2.177058608,2269.308,95406.261,1,0
$CH,44.100,L1CD,16,4210,49.9,8.189861544,-152.723,-5794.630,1,0
$CH,44.100,L1CD,21,4210,40.5,0.232234309,-1416.217,-59776.705,1,0
$CH,44.100,L1CD,26,4210,46.4,2.446161862,-2469.427,-103550.743,1,0
$CH,44.100,L1CD,27,4210,42.6,9.506118274,1940.227,81652.402,1,0
$CH,44.100,L1CD,31,4210,43.7,8.647227981,-2595.173,-109345.308,1,0
$TIME,2024,5,11,3,31,10.085021
$CH,44.200,L1CD,1,4220,42.8,9.284149625,-2100.258,-88633.885,1,0
$CH,44.200,L1CD,2,4220,41.1,9.982126046,-1679.117,-70961.730,1,0
$CH,44.200,L1CD,3,4220,49.0,8.553148718,839.887,36007.065,1,0
$CH,44.200,L1CD,4,4220,45.8,5.736799559,1854.812,78219.807,1,0
$CH,44.200,L1CD,7,4220,39.5,2.259957697,1350.590,57215.776,1,0
$CH,44.200,L1CD,8,4220,40.7,1.723685194,2103.334,88546.007,1,0
$CH,44.200,L1CD,9,4220,40.0,2.176920213,2269.700,95633.216,1,0
$CH,44.200,L1CD,16,4220,49.9,8.189861922,-152.742,-5809.900,1,0
$CH,44.200,L1CD,21,4220,40.5,0.232327331,-1415.754,-59918.328,1,0
$CH,44.200,L1CD,26,4220,46.4,2.446320686,-2469.099,-103797.685,1,0
$CH,44.200,L1CD,27,4220,42.6,9.505997510,1940.068,81846.435,1,0
$CH,44.200,L1CD,31,4220,43.7,8.647393419,-2595.129,-109604.810,1,0
$TIME,2024,5,11,3,31,10.677297
$CH,44.300,L1CD,1,4230,42.8,9.284287589,-2099.731,-88843.863,1,0
$CH,44.300,L1CD,2,4230,41.1,9.982234032,-1679.184,-71129.616,1,0
$CH,44.300,L1CD,3,4230,49.0,8.553096197,840.066,36091.068,1,0
$CH,44.300,L1CD,4,4230,45.8,5.736681751,1854.839,78405.332,1,0
$CH,44.300,L1CD,7,4230,39.5,2.259881313,1351.175,57350.869,1,0
$CH,44.300,L1CD,8,4230,40.7,1.723544493,2104.242,88756.370,1,0
$CH,44.300,L1CD,9,4230,40.0,2.176773254,2269.851,95860.180,1,0
$CH,44.300,L1CD,16,4230,49.9,8.189866975,-152.705,-5825.178,1,0
$CH,44.300,L1CD,21,4230,40.5,0.232412404,-1415.633,-60059.944,1,0
$CH,44.300,L1CD,26,4230,46.4,2.446475639,-2469.540,-104044.624,1,0
$CH,44.300,L1CD,27,4230,42.6,9.505876321,1939.688,82040.478,1,0
$CH,44.300,L1CD,31,4230,43.7,8.647561933,-2595.287,-109864.312,1,0
$TIME,2024,5,11,3,31,11.381824
$CH,44.400,L1CD,1,4240,42.8,9.284419440,-2099.175,-89053.850,1,0
$CH,44.400,L1CD,2,4240,41.1,9.982337476,-1678.852,-71297.519,1,0
$CH,44.400,L1CD,3,4240,49.0,8.553045704,839.820,36175.065,1,0
$CH,44.400,L1CD,4,4240,45.8,5.736564592,1855.131,78590.853,1,0
$CH,44.400,L1CD,7,4240,39.5,2.259787041,1350.987,57485.943,1,0
$CH,44.400,L1CD,8,4240,40.7,1.723407789,2104.293,88966.741,1,0
$CH,44.400,L1CD,9,4240,40.0,2.176625933,2270.109,96087.139,1,0
$CH,44.400,L1CD,16,4240,49.9,8.189884585,-152.866,-5840.457,1,0
$CH,44.400,L1CD,21,4240,40.5,0.232500092,-1416.828,-60201.546,1,0
$CH,44.400,L1CD,26,4240,46.4,2.446630516,-2469.392,-104291.571,1,0
$CH,44.400,L1CD,27,4240,42.6,9.505744186,1940.491,82234.511,1,0
$CH,44.400,L1CD,31,4240,43.7,8.647727923,-2594.885,-110123.816,1,0
$TIME,2024,5,11,3,31,11.883176
$CH,44.500,L1CD,1,4250,42.8,9.284554776,-2099.636,-89263.827,1,0
$CH,44.500,L1CD,2,4250,41.1,9.982440541,-1678.816,-71465.412,1,0
$CH,44.500,L1CD,3,4250,49.0,8.552985743,839.952,36259.056,1,0
$CH,44.500,L1CD,4,4250,45.8,5.736450641,1855.186,78776.378,1,0
$CH,44.500,L1CD,7,4250,39.5,2.259700133,1351.015,57621.026,1,0
$CH,44.500,L1CD,8,4250,40.7,1.723283971,2103.601,89177.114,1,0
$CH,44.500,L1CD,9,4250,40.0,2.176480557,2269.244,96314.113,1,0
$CH,44.500,L1CD,16,4250,49.9,8.189899516,-152.835,-5855.752,1,0
$CH,44.500,L1CD,21,4250,40.5,0.232598026,-1416.277,-60343.161,1,0
$CH,44.500,L1CD,26,4250,46.4,2.446786460,-2469.456,-104538.528,1,0
$CH,44.500,L1CD,27,4250,42.6,9.505622243,1939.497,82428.547,1,0
$CH,44.500,L1CD,31,4250,43.7,8.647885341,-2595.129,-110383.309,1,0
$TIME,2024,5,11,3,31,12.330882
$CH,44.600,L1CD,1,4260,42.8,9.284686084,-2099.895,-89473.807,1,0
$CH,44.600,L1CD,2,4260,41.1,9.982545202,-1679.425,-71633.305,1,0
$CH,44.600,L1CD,3,4260,49.0,8.552933982,839.806,36343.041,1,0
$CH,44.600,L1CD,4,4260,45.8,5.736329856,1855.386,78961.908,1,0
$CH,44.600,L1CD,7,4260,39.5,2.259614843,1350.696,57756.101,1,0
$CH,44.600,L1CD,8,4260,40.7,1.723144619,2104.130,89387.489,1,0
$CH,44.600,L1CD,9,4260,40.0,2.176332229,2269.257,96541.080,1,0
$CH,44.600,L1CD,16,4260,49.9,8.189903136,-153.115,-5871.048,1,0
$CH,44.600,L1CD,21,4260,40.5,0.232684865,-1416.125,-60484.767,1,0
$CH,44.600,L1CD,26,4260,46.4,2.446946698,-2469.671,-104785.483,1,0
$CH,44.600,L1CD,27,4260,42.6,9.505503130,1940.676,82622.574,1,0
$CH,44.600,L1CD,31,4260,43.7,8.648055185,-2594.640,-110642.813,1,0
$TIME,2024,5,11,3,31,12.781887
$CH,44.700,L1CD,1,4270,42.8,9.284820378,-2099.897,-89683.784,1,0
$CH,44.700,L1CD,2,4270,41.1,9.982660994,-1679.244,-71801.205,1,0
$CH,44.700,L1CD,3,4270,49.0,8.552882240,839.659,36427.020,1,0
$CH,44.700,L1CD,4,4270,45.8,5.736208102,1855.181,79147.432,1,0
$CH,44.700,L1CD,7,4270,39.5,2.259532183,1350.204,57891.175,1,0
$CH,44.700,L1CD,8,4270,40.7,1.723015642,2104.502,89597.879,1,0
$CH,44.700,L1CD,9,4270,40.0,2.176197138,2270.370,96768.051,1,0
$CH,44.700,L1CD,16,4270,49.9,8.189906789,-153.017,-5886.356,1,0
$CH,44.700,L1CD,21,4270,40.5,0.232775393,-1416.597,-60626.374,1,0
$CH,44.700,L1CD,26,4270,46.4,2.447102965,-2469.468,-105032.445,1,0
$CH,44.700,L1CD,27,4270,42.6,9.505377511,1940.632,82816.610,1,0
$CH,44.700,L1CD,31,4270,43.7,8.648217891,-2594.687,-110902.314,1,0
$TIME,2024,5,11,3,31,13.268922
$CH,44.800,L1CD,1,4280,42.8,9.284955786,-2099.858,-89893.766,1,0
$CH,44.800,L1CD,2,4280,41.1,9.982764009,-1678.876,-71969.095,1,0
$CH,44.800,L1CD,3,4280,49.0,8.552828031,839.634,36510.991,1,0
$CH,44.800,L1CD,4,4280,45.8,5.736085548,1855.577,79332.957,1,0
$CH,44.800,L1CD,7,4280,39.5,2.259436779,1351.460,58026.245,1,0
$CH,44.800,L1CD,8,4280,40.7,1.722888170,2104.599,89808.243,1,0
$CH,44.800,L1CD,9,4280,40.0,2.176054878,2269.644,96995.018,1,0
$CH,44.800,L1CD,16,4280,49.9,8.189920538,-153.356,-5901.660,1,0
$CH,44.800,L1CD,21,4280,40.5,0.232870766,-1415.866,-60767.985,1,0
$CH,44.800,L1CD,26,4280,46.4,2.447261123,-2469.533,-105279.411,1,0
$CH,44.800,L1CD,27,4280,42.6,9.505250271,1940.517,83010.652,1,0
$CH,44.800,L1CD,31,4280,43.7,8.648375933,-2594.889,-111161.811,1,0
$TIME,2024,5,11,3,31,13.855377
$CH,44.900,L1CD,1,4290,42.8,9.285085281,-2099.785,-90103.740,1,0
$CH,44.900,L1CD,2,4290,41.1,9.982871353,-1678.900,-72136.977,1,0
$CH,44.900,L1CD,3,4290,49.0,8.552778162,839.575,36594.956,1,0
$CH,44.900,L1CD,4,4290,45.8,5.735973117,1855.323,79518.489,1,0
$CH,44.900,L1CD,7,4290,39.5,2.259354046,1351.280,58161.314,1,0
$CH,44.900,L1CD,8,4290,40.7,1.722747606,2103.794,90018.642,1,0
$CH,44.900,L1CD,9,4290,40.0,2.175905763,2269.356,97221.992,1,0
$CH,44.900,L1CD,16,4290,49.9,8.189940406,-153.108,-5916.984,1,0
$CH,44.900,L1CD,21,4290,40.5,0.232955555,-1416.047,-60909.587,1,0
$CH,44.900,L1CD,26,4290,46.4,2.447416966,-2469.846,-105526.382,1,0
$CH,44.900,L1CD,27,4290,42.6,9.505128490,1940.744,83204.684,1,0
$CH,44.900,L1CD,31,4290,43.7,8.648541662,-2594.685,-111421.300,1,0
$TIME,2024,5,11,3,31,14.304058
$CH,45.000,L1CD,1,4300,42.1,9.285219353,-2099.570,-90313.724,1,0
$CH,45.000,L1CD,2,4300,41.7,9.982977135,-1678.636,-72304.870,1,0
$CH,45.000,L1CD,3,4300,49.7,8.552724355,839.580,36678.915,1,0
$CH,45.000,L1CD,4,4300,45.2,5.735852001,1855.447,79704.018,1,0
$CH,45.000,L1CD,7,4300,39.8,2.259264844,1350.693,58296.390,1,0
$CH,45.000,L1CD,8,4300,40.9,1.722618295,2103.781,90229.021,1,0
$CH,45.000,L1CD,9,4300,40.2,2.175765664,2269.430,97448.955,1,0
$CH,45.000,L1CD,16,4300,50.3,8.189939341,-153.433,-5932.308,1,0
$CH,45.000,L1CD,21,4300,41.4,0.233043839,-1415.791,-61051.195,1,0
$CH,45.000,L1CD,26,4300,46.0,2.447570652,-2469.567,-105773.358,1,0
$CH,45.000,L1CD,27,4300,42.2,9.505012433,1940.415,83398.730,1,0
$CH,45.000,L1CD,31,4300,43.9,8.648714715,-2594.831,-111680.803,1,0
$TIME,2024,5,11,3,31,14.766108
$CH,45.100,L1CD,1,4310,42.1,9.285355129,-2099.681,-90523.702,1,0
$CH,45.100,L1CD,2,4310,41.7,9.983081196,-1679.294,-72472.754,1,0
$CH,45.100,L1CD,3,4310,49.7,8.552667324,839.508,36762.869,1,0
$CH,45.100,L1CD,4,4310,45.2,5.735738128,1855.681,79889.547,1,0
$CH,45.100,L1CD,7,4310,39.8,2.259183462,1350.931,58431.454,1,0
$CH,45.100,L1CD,8,4310,40.9,1.722483089,2104.320,90439.404,1,0
$CH,45.100,L1CD,9,4310,40.2,2.175624369,2269.794,97675.929,1,0
$CH,45.100,L1CD,16,4310,50.3,8.189943666,-153.333,-5947.642,1,0
$CH,45.100,L1CD,21,4310,41.4,0.233140042,-1415.680,-61192.787,1,0
$CH,45.100,L1CD,26,4310,46.0,2.447732113,-2469.769,-106020.336,1,0
$CH,45.100,L1CD,27,4310,42.2,9.504885837,1940.065,83592.761,1,0
$CH,45.100,L1CD,31,4310,43.9,8.648879568,-2594.815,-111940.297,1,0
$TIME,2024,5,11,3,31,15.255611
$CH,45.200,L1CD,1,4320,42.1,9.285487015,-2099.862,-90733.676,1,0
$CH,45.200,L1CD,2,4320,41.7,9.983192177,-1678.885,-72640.642,1,0
$CH,45.200,L1CD,3,4320,49.7,8.552616990,839.405,36846.815,1,0
$CH,45.200,L1CD,4,4320,45.2,5.735618009,1855.480,80075.077,1,0
$CH,45.200,L1CD,7,4320,39.8,2.259094525,1350.928,58566.516,1,0
$CH,45.200,L1CD,8,4320,40.9,1.722351095,2103.520,90649.806,1,0
$CH,45.200,L1CD,9,4320,40.2,2.175475339,2269.689,97902.914,1,0
$CH,45.200,L1CD,16,4320,50.3,8.189954251,-153.434,-5962.982,1,0
$CH,45.200,L1CD,21,4320,41.4,0.233228285,-1415.925,-61334.378,1,0
$CH,45.200,L1CD,26,4320,46.0,2.447885212,-2470.037,-106267.322,1,0
$CH,45.200,L1CD,27,4320,42.2,9.504761749,1940.283,83786.799,1,0
$CH,45.200,L1CD,31,4320,43.9,8.649046187,-2594.823,-112199.793,1,0
$TIME,2024,5,11,3,31,15.715156
$CH,45.300,L1CD,1,4330,42.1,9.285620744,-2100.293,-90943.656,1,0
$CH,45.300,L1CD,2,4330,41.7,9.983301186,-1678.458,-72808.524,1,0
$CH,45.300,L1CD,3,4330,49.7,8.552565963,839.341,36930.755,1,0
$CH,45.300,L1CD,4,4330,45.2,5.735505278,1855.250,80260.613,1,0
$CH,45.300,L1CD,7,4330,39.8,2.259023154,1350.232,58701.565,1,0
$CH,45.300,L1CD,8,4330,40.9,1.722221075,2104.035,90860.191,1,0
$CH,45.300,L1CD,9,4330,40.2,2.175331326,2270.079,98129.881,1,0
$CH,45.300,L1CD,16,4330,50.3,8.189978062,-153.740,-5978.333,1,0
$CH,45.300,L1CD,21,4330,41.4,0.233305919,-1416.401,-61475.976,1,0
$CH,45.300,L1CD,26,4330,46.0,2.448044410,-2469.844,-106514.314,1,0
$CH,45.300,L1CD,27,4330,42.2,9.504639398,1940.035,83980.837,1,0
$CH,45.300,L1CD,31,4330,43.9,8.649209882,-2594.411,-112459.281,1,0
$TIME,2024,5,11,3,31,16.178383
$CH,45.400,L1CD,1,4340,42.1,9.285754135,-2099.196,-91153.641,1,0
$CH,45.400,L1CD,2,4340,41.7,9.983410886,-1678.998,-72976.409,1,0
$CH,45.400,L1CD,3,4340,49.7,8.552507904,839.177,37014.690,1,0
$CH,45.400,L1CD,4,4340,45.2,5.735383270,1855.328,80446.142,1,0
$CH,45.400,L1CD,7,4340,39.8,2.258940303,1350.853,58836.635,1,0
$CH,45.400,L1CD,8,4340,40.9,1.722088632,2104.026,91070.586,1,0
$CH,45.400,L1CD,9,4340,40.2,2.175183576,2269.551,98356.863,1,0
$CH,45.400,L1CD,16,4340,50.3,8.189981005,-153.624,-5993.685,1,0
$CH,45.400,L1CD,21,4340,41.4,0.233404705,-1416.164,-61617.565,1,0
$CH,45.400,L1CD,26,4340,46.0,2.448199788,-2470.079,-106761.303,1,0
$CH,45.400,L1CD,27,4340,42.2,9.504514650,1940.191,84174.883,1,0
$CH,45.400,L1CD,31,4340,43.9,8.649374652,-2594.871,-112718.769,1,0
$TIME,2024,5,11,3,31,16.649387
$CH,45.500,L1CD,1,4350,42.1,9.285887514,-2100.243,-91363.607,1,0
$CH,45.500,L1CD,2,4350,41.7,9.983512351,-1678.845,-73144.289,1,0
$CH,45.500,L1CD,3,4350,49.7,8.552454906,839.282,37098.618,1,0
$CH,45.500,L1CD,4,4350,45.2,5.735262184,1854.938,80631.679,1,0
$CH,45.500,L1CD,7,4350,39.8,2.258852127,1350.271,58971.691,1,0
$CH,45.500,L1CD,8,4350,40.9,1.721950169,2104.437,91280.983,1,0
$CH,45.500,L1CD,9,4350,40.2,2.175036638,2270.033,98583.855,1,0
$CH,45.500,L1CD,16,4350,50.3,8.189987522,-153.781,-6009.046,1,0
$CH,45.500,L1CD,21,4350,41.4,0.233491445,-1416.001,-61759.154,1,0
$CH,45.500,L1CD,26,4350,46.0,2.448354048,-2470.027,-107008.302,1,0
$CH,45.500,L1CD,27,4350,42.2,9.504393490,1940.216,84368.925,1,0
$CH,45.500,L1CD,31,4350,43.9,8.649538877,-2594.290,-112978.262,1,0
$TIME,2024,5,11,3,31,17.097474
$CH,45.600,L1CD,1,4360,42.1,9.286022579,-2099.999,-91573.593,1,0
$CH,45.600,L1CD,2,4360,41.7,9.983618999,-1678.698,-73312.168,1,0
$CH,45.600,L1CD,3,4360,49.7,8.552404611,839.177,37182.537,1,0
$CH,45.600,L1CD,4,4360,45.2,5.735149837,1855.611,80817.210,1,0
$CH,45.600,L1CD,7,4360,39.8,2.258760389,1350.998,59106.746,1,0
$CH,45.600,L1CD,8,4360,40.9,1.721818073,2103.251,91491.394,1,0
$CH,45.600,L1CD,9,4360,40.2,2.174887398,2269.331,98810.829,1,0
$CH,45.600,L1CD,16,4360,50.3,8.189996351,-153.740,-6024.413,1,0
$CH,45.600,L1CD,21,4360,41.4,0.233579058,-1416.192,-61900.751,1,0
$CH,45.600,L1CD,26,4360,46.0,2.448514480,-2469.942,-107255.306,1,0
$CH,45.600,L1CD,27,4360,42.2,9.504269747,1940.561,84562.957,1,0
$CH,45.600,L1CD,31,4360,43.9,8.649704410,-2595.064,-113237.747,1,0
$TIME,2024,5,11,3,31,17.563517
$CH,45.700,L1CD,1,4370,42.1,9.286152727,-2099.876,-91783.568,1,0
$CH,45.700,L1CD,2,4370,41.7,9.983723382,-1678.452,-73480.054,1,0
$CH,45.700,L1CD,3,4370,49.7,8.552349986,839.264,37266.454,1,0
$CH,45.700,L1CD,4,4370,45.2,5.735031015,1855.121,81002.746,1,0
$CH,45.700,L1CD,7,4370,39.8,2.258682832,1350.513,59241.805,1,0
$CH,45.700,L1CD,8,4370,40.9,1.721688866,2103.308,91701.792,1,0
$CH,45.700,L1CD,9,4370,40.2,2.174747728,2269.551,99037.808,1,0
$CH,45.700,L1CD,16,4370,50.3,8.190019037,-153.680,-6039.795,1,0
$CH,45.700,L1CD,21,4370,41.4,0.233672562,-1415.843,-62042.335,1,0
$CH,45.700,L1CD,26,4370,46.0,2.448666416,-2469.945,-107502.314,1,0
$CH,45.700,L1CD,27,4370,42.2,9.504142031,1939.799,84757.003,1,0
$CH,45.700,L1CD,31,4370,43.9,8.649865804,-2595.077,-113497.229,1,0
$TIME,2024,5,11,3,31,18.126015
$CH,45.800,L1CD,1,4380,42.1,9.286280708,-2099.353,-91993.543,1,0
$CH,45.800,L1CD,2,4380,41.7,9.983830710,-1678.817,-73647.927,1,0
$CH,45.800,L1CD,3,4380,49.7,8.552295157,838.897,37350.364,1,0
$CH,45.800,L1CD,4,4380,45.2,5.734919704,1855.434,81188.284,1,0
$CH,45.800,L1CD,7,4380,39.8,2.258593093,1350.668,59376.843,1,0
$CH,45.800,L1CD,8,4380,40.9,1.721548236,2104.778,91912.194,1,0
$CH,45.800,L1CD,9,4380,40.2,2.174600801,2269.771,99264.798,1,0
$CH,45.800,L1CD,16,4380,50.3,8.190023583,-153.821,-6055.178,1,0
$CH,45.800,L1CD,21,4380,41.4,0.233764323,-1415.679,-62183.928,1,0
$CH,45.800,L1CD,26,4380,46.0,2.448825504,-2470.035,-107749.324,1,0
$CH,45.800,L1CD,27,4380,42.2,9.504022514,1940.702,84951.037,1,0
$CH,45.800,L1CD,31,4380,43.9,8.650036325,-2595.161,-113756.716,1,0
$TIME,2024,5,11,3,31,18.715238
$CH,45.900,L1CD,1,4390,42.1,9.286413747,-2100.827,-92203.520,1,0
$CH,45.900,L1CD,2,4390,41.7,9.983933348,-1678.959,-73815.810,1,0
$CH,45.900,L1CD,3,4390,49.7,8.552245345,839.020,37434.265,1,0
$CH,45.900,L1CD,4,4390,45.2,5.734800074,1855.254,81373.819,1,0
$CH,45.900,L1CD,7,4390,39.8,2.258503725,1349.807,59511.893,1,0
$CH,45.900,L1CD,8,4390,40.9,1.721418170,2103.451,92122.622,1,0
$CH,45.900,L1CD,9,4390,40.2,2.174460293,2270.121,99491.784,1,0
$CH,45.900,L1CD,16,4390,50.3,8.190024271,-153.951,-6070.567,1,0
$CH,45.900,L1CD,21,4390,41.4,0.233858148,-1415.902,-62325.513,1,0
$CH,45.900,L1CD,26,4390,46.0,2.448985812,-2470.141,-107996.340,1,0
$CH,45.900,L1CD,27,4390,42.2,9.503897076,1940.197,85145.083,1,0
$CH,45.900,L1CD,31,4390,43.9,8.650196617,-2594.806,-114016.206,1,0
$TIME,2024,5,11,3,31,19.369077
$CH,46.000,L1CD,1,4400,41.9,9.286554879,-2099.773,-92413.494,1,0
$CH,46.000,L1CD,2,4400,40.9,9.984048100,-1678.569,-73983.683,1,0
$CH,46.000,L1CD,3,4400,49.9,8.552187553,838.812,37518.164,1,0
$CH,46.000,L1CD,4,4400,45.2,5.734676969,1855.549,81559.355,1,0
$CH,46.000,L1CD,7,4400,41.1,2.258411443,1350.469,59646.943,1,0
$CH,46.000,L1CD,8,4400,40.6,1.721283887,2104.237,92333.025,1,0
$CH,46.000,L1CD,9,4400,40.2,2.174321629,2270.045,99718.782,1,0
$CH,46.000,L1CD,16,4400,49.8,8.190034282,-154.055,-6085.966,1,0
$CH,46.000,L1CD,21,4400,41.6,0.233946566,-1415.891,-62467.093,1,0
$CH,46.000,L1CD,26,4400,45.9,2.449142593,-2470.004,-108243.364,1,0
$CH,46.000,L1CD,27,4400,41.6,9.503778811,1940.394,85339.121,1,0
$CH,46.000,L1CD,31,4400,44.0,8.650361630,-2594.899,-114275.695,1,0
$TIME,2024,5,11,3,31,19.919938
$CH,46.100,L1CD,1,4410,41.9,9.286684363,-2099.995,-92623.474,1,0
$CH,46.100,L1CD,2,4410,40.9,9.984153678,-1678.935,-74151.565,1,0
$CH,46.100,L1CD,3,4410,49.9,8.552139853,838.795,37602.055,1,0
$CH,46.100,L1CD,4,4410,45.2,5.734558282,1855.389,81744.894,1,0
$CH,46.100,L1CD,7,4410,41.1,2.258327588,1350.221,59781.980,1,0
$CH,46.100,L1CD,8,4410,40.6,1.721139842,2104.813,92543.438,1,0
$CH,46.100,L1CD,9,4410,40.2,2.174172574,2270.043,99945.759,1,0
$CH,46.100,L1CD,16,4410,49.8,8.190056646,-154.247,-6101.368,1,0
$CH,46.100,L1CD,21,4410,41.6,0.234033347,-1415.982,-62608.678,1,0
$CH,46.100,L1CD,26,4410,45.9,2.449296803,-2470.401,-108490.386,1,0
$CH,46.100,L1CD,27,4410,41.6,9.503652425,1940.478,85533.163,1,0
$CH,46.100,L1CD,31,4410,44.0,8.650526042,-2594.973,-114535.176,1,0
$TIME,2024,5,11,3,31,20.412801
$CH,46.200,L1CD,1,4420,41.9,9.286820893,-2099.689,-92833.453,1,0
$CH,46.200,L1CD,2,4420,40.9,9.984256012,-1678.430,-74319.432,1,0
$CH,46.200,L1CD,3,4420,49.9,8.552084928,838.754,37685.936,1,0
$CH,46.200,L1CD,4,4420,45.2,5.734446236,1855.358,81930.434,1,0
$CH,46.200,L1CD,7,4420,41.1,2.258247968,1350.491,59917.015,1,0
$CH,46.200,L1CD,8,4420,40.6,1.721008832,2103.997,92753.849,1,0
$CH,46.200,L1CD,9,4420,40.2,2.174029014,2269.842,100172.753,1,0
$CH,46.200,L1CD,16,4420,49.8,8.190061799,-154.213,-6116.778,1,0
$CH,46.200,L1CD,21,4420,41.6,0.234126110,-1416.281,-62750.253,1,0
$CH,46.200,L1CD,26,4420,45.9,2.449455340,-2470.382,-108737.419,1,0
$CH,46.200,L1CD,27,4420,41.6,9.503525165,1940.836,85727.204,1,0
$CH,46.200,L1CD,31,4420,44.0,8.650692000,-2594.706,-114794.658,1,0
$TIME,2024,5,11,3,31,20.875021
$CH,46.300,L1CD,1,4430,41.9,9.286953305,-2099.030,-93043.429,1,0
$CH,46.300,L1CD,2,4430,40.9,9.984357600,-1678.659,-74487.303,1,0
$CH,46.300,L1CD,3,4430,49.9,8.552028398,838.800,37769.815,1,0
$CH,46.300,L1CD,4,4430,45.2,5.734326132,1855.504,82115.973,1,0
$CH,46.300,L1CD,7,4430,41.1,2.258163207,1350.418,60052.059,1,0
$CH,46.300,L1CD,8,4430,40.6,1.720884640,2104.466,92964.263,1,0
$CH,46.300,L1CD,9,4430,40.2,2.173879779,2269.864,100399.756,1,0
$CH,46.300,L1CD,16,4430,49.8,8.190063042,-154.205,-6132.199,1,0
$CH,46.300,L1CD,21,4430,41.6,0.234218425,-1415.895,-62891.840,1,0
$CH,46.300,L1CD,26,4430,45.9,2.449614703,-2470.616,-108984.454,1,0
$CH,46.300,L1CD,27,4430,41.6,9.503404113,1941.011,85921.247,1,0
$CH,46.300,L1CD,31,4430,44.0,8.650855971,-2594.819,-115054.134,1,0
$TIME,2024,5,11,3,31,21.327718
$CH,46.400,L1CD,1,4440,41.9,9.287080620,-2099.913,-93253.395,1,0
$CH,46.400,L1CD,2,4440,40.9,9.984467426,-1678.475,-74655.173,1,0
$CH,46.400,L1CD,3,4440,49.9,8.551979838,838.676,37853.688,1,0
$CH,46.400,L1CD,4,4440,45.2,5.734208672,1855.270,82301.512,1,0
$CH,46.400,L1CD,7,4440,41.1,2.258074519,1350.618,60187.089,1,0
$CH,46.400,L1CD,8,4440,40.6,1.720754774,2104.750,93174.691,1,0
$CH,46.400,L1CD,9,4440,40.2,2.173740780,2269.437,100626.749,1,0
$CH,46.400,L1CD,16,4440,49.8,8.190068057,-154.267,-6147.626,1,0
$CH,46.400,L1CD,21,4440,41.6,0.234305401,-1415.956,-63033.405,1,0
$CH,46.400,L1CD,26,4440,45.9,2.449769342,-2470.541,-109231.495,1,0
$CH,46.400,L1CD,27,4440,41.6,9.503283578,1940.705,86115.289,1,0
$CH,46.400,L1CD,31,4440,44.0,8.651019915,-2594.482,-115313.618,1,0
$TIME,2024,5,11,3,31,21.999391
$CH,46.500,L1CD,1,4450,41.9,9.287210741,-2099.579,-93463.371,1,0
$CH,46.500,L1CD,2,4450,40.9,9.984578048,-1678.658,-74823.046,1,0
$CH,46.500,L1CD,3,4450,49.9,8.551925353,838.562,37937.554,1,0
$CH,46.500,L1CD,4,4450,45.2,5.734089304,1855.329,82487.054,1,0
$CH,46.500,L1CD,7,4450,41.1,2.257981490,1350.877,60322.110,1,0
$CH,46.500,L1CD,8,4450,40.6,1.720622575,2104.444,93385.116,1,0
$CH,46.500,L1CD,9,4450,40.2,2.173596230,2270.131,100853.744,1,0
$CH,46.500,L1CD,16,4450,49.8,8.190086391,-154.237,-6163.058,1,0
$CH,46.500,L1CD,21,4450,41.6,0.234396051,-1415.998,-63174.987,1,0
$CH,46.500,L1CD,26,4450,45.9,2.449924293,-2470.545,-109478.536,1,0
$CH,46.500,L1CD,27,4450,41.6,9.503158975,1940.296,86309.336,1,0
$CH,46.500,L1CD,31,4450,44.0,8.651179660,-2594.837,-115573.100,1,0
$TIME,2024,5,11,3,31,22.566527
$CH,46.600,L1CD,1,4460,41.9,9.287351884,-2100.014,-93673.354,1,0
$CH,46.600,L1CD,2,4460,40.9,9.984685011,-1679.097,-74990.914,1,0
$CH,46.600,L1CD,3,4460,49.9,8.551870240,838.469,38021.412,1,0
$CH,46.600,L1CD,4,4460,45.2,5.733972090,1855.507,82672.592,1,0
$CH,46.600,L1CD,7,4460,41.1,2.257896720,1350.535,60457.161,1,0
$CH,46.600,L1CD,8,4460,40.6,1.720485511,2104.205,93595.549,1,0
$CH,46.600,L1CD,9,4460,40.2,2.173452122,2269.541,101080.745,1,0
$CH,46.600,L1CD,16,4460,49.8,8.190102530,-154.436,-6178.500,1,0
$CH,46.600,L1CD,21,4460,41.6,0.234487539,-1415.753,-63316.560,1,0
$CH,46.600,L1CD,26,4460,45.9,2.450081346,-2470.534,-109725.592,1,0
$CH,46.600,L1CD,27,4460,41.6,9.503033676,1940.623,86503.379,1,0
$CH,46.600,L1CD,31,4460,44.0,8.651343474,-2594.516,-115832.578,1,0
$TIME,2024,5,11,3,31,23.083695
$CH,46.700,L1CD,1,4470,41.9,9.287487349,-2099.506,-93883.325,1,0
$CH,46.700,L1CD,2,4470,40.9,9.984793768,-1678.525,-75158.789,1,0
$CH,46.700,L1CD,3,4470,49.9,8.551816903,838.320,38105.265,1,0
$CH,46.700,L1CD,4,4470,45.2,5.733851877,1855.469,82858.142,1,0
$CH,46.700,L1CD,7,4470,41.1,2.257810198,1350.375,60592.182,1,0
$CH,46.700,L1CD,8,4470,40.6,1.720344699,2104.456,93805.973,1,0
$CH,46.700,L1CD,9,4470,40.2,2.173309659,2270.528,101307.736,1,0
$CH,46.700,L1CD,16,4470,49.8,8.190102138,-154.452,-6193.947,1,0
$CH,46.700,L1CD,21,4470,41.6,0.234579531,-1416.345,-63458.125,1,0
$CH,46.700,L1CD,26,4470,45.9,2.450238370,-2470.420,-109972.642,1,0
$CH,46.700,L1CD,27,4470,41.6,9.502910734,1940.664,86697.421,1,0
$CH,46.700,L1CD,31,4470,44.0,8.651512180,-2594.729,-116092.049,1,0
$TIME,2024,5,11,3,31,23.642604
$CH,46.800,L1CD,1,4480,41.9,9.287612437,-2099.729,-94093.299,1,0
$CH,46.800,L1CD,2,4480,40.9,9.984895622,-1679.366,-75326.647,1,0
$CH,46.800,L1CD,3,4480,49.9,8.551765518,838.630,38189.109,1,0
$CH,46.800,L1CD,4,4480,45.2,5.733732058,1855.594,83043.685,1,0
$CH,46.800,L1CD,7,4480,41.1,2.257730415,1350.237,60727.206,1,0
$CH,46.800,L1CD,8,4480,40.6,1.720207925,2104.566,94016.410,1,0
$CH,46.800,L1CD,9,4480,40.2,2.173172826,2269.761,101534.744,1,0
$CH,46.800,L1CD,16,4480,49.8,8.190113811,-154.656,-6209.400,1,0
$CH,46.800,L1CD,21,4480,41.6,0.234667649,-1416.042,-63599.697,1,0
$CH,46.800,L1CD,26,4480,45.9,2.450398067,-2470.802,-110219.698,1,0
$CH,46.800,L1CD,27,4480,41.6,9.502791074,1940.141,86891.466,1,0
$CH,46.800,L1CD,31,4480,44.0,8.651680265,-2594.695,-116351.534,1,0
$TIME,2024,5,11,3,31,24.248416
$CH,46.900,L1CD,1,4490,41.9,9.287743749,-2099.347,-94303.281,1,0
$CH,46.900,L1CD,2,4490,40.9,9.984995234,-1678.668,-75494.518,1,0
$CH,46.900,L1CD,3,4490,49.9,8.551710448,838.351,38272.953,1,0
$CH,46.900,L1CD,4,4490,45.2,5.733617785,1855.562,83229.232,1,0
$CH,46.900,L1CD,7,4490,41.1,2.257650775,1350.772,60862.226,1,0
$CH,46.900,L1CD,8,4490,40.6,1.720077374,2104.003,94226.843,1,0
$CH,46.900,L1CD,9,4490,40.2,2.173020410,2269.920,101761.744,1,0
$CH,46.900,L1CD,16,4490,49.8,8.190132118,-154.667,-6224.862,1,0
$CH,46.900,L1CD,21,4490,41.6,0.234766221,-1415.729,-63741.262,1,0
$CH,46.900,L1CD,26,4490,45.9,2.450554245,-2470.830,-110466.759,1,0
$CH,46.900,L1CD,27,4490,41.6,9.502669411,1940.806,87085.508,1,0
$CH,46.900,L1CD,31,4490,44.0,8.651836143,-2594.981,-116611.000,1,0
$TIME,2024,5,11,3,31,24.785401
$CH,47.000,L1CD,1,4500,42.9,9.287878994,-2100.060,-94513.254,1,0
$CH,47.000,L1CD,2,4500,41.2,9.985104211,-1678.471,-75662.381,1,0
$CH,47.000,L1CD,3,4500,50.5,8.551659280,838.168,38356.788,1,0
$CH,47.000,L1CD,4,4500,44.9,5.733499455,1855.416,83414.773,1,0
$CH,47.000,L1CD,7,4500,40.7,2.257561606,1350.311,60997.268,1,0
$CH,47.000,L1CD,8,4500,39.8,1.719939696,2103.815,94437.273,1,0
$CH,47.000,L1CD,9,4500,39.8,2.172875456,2270.176,101988.754,1,0
$CH,47.000,L1CD,16,4500,50.1,8.190140323,-154.847,-6240.329,1,0
$CH,47.000,L1CD,21,4500,41.6,0.234851176,-1415.639,-63882.828,1,0
$CH,47.000,L1CD,26,4500,46.5,2.450704804,-2470.899,-110713.829,1,0
$CH,47.000,L1CD,27,4500,41.3,9.502538866,1940.569,87279.557,1,0
$CH,47.000,L1CD,31,4500,43.9,8.652006872,-2594.381,-116870.474,1,0
$TIME,2024,5,11,3,31,25.289648
$CH,47.100,L1CD,1,4510,42.9,9.288017777,-2099.583,-94723.225,1,0
$CH,47.100,L1CD,2,4510,41.2,9.985215816,-1678.355,-75830.243,1,0
$CH,47.100,L1CD,3,4510,50.5,8.551607622,838.394,38440.610,1,0
$CH,47.100,L1CD,4,4510,44.9,5.733384770,1855.937,83600.319,1,0
$CH,47.100,L1CD,7,4510,40.7,2.257471468,1350.036,61132.280,1,0
$CH,47.100,L1CD,8,4510,39.8,1.719807329,2103.945,94647.712,1,0
$CH,47.100,L1CD,9,4510,39.8,2.172734931,2270.194,102215.753,1,0
$CH,47.100,L1CD,16,4510,50.1,8.190142956,-154.865,-6255.806,1,0
$CH,47.100,L1CD,21,4510,41.6,0.234937351,-1414.918,-64024.400,1,0
$CH,47.100,L1CD,26,4510,46.5,2.450869177,-2470.750,-110960.904,1,0
$CH,47.100,L1CD,27,4510,41.3,9.502420668,1940.922,87473.601,1,0
$CH,47.100,L1CD,31,4510,43.9,8.652171925,-2594.761,-117129.949,1,0
$TIME,2024,5,11,3,31,25.835848
$CH,47.200,L1CD,1,4520,42.9,9.288152090,-2099.634,-94933.197,1,0
$CH,47.200,L1CD,2,4520,41.2,9.985323642,-1678.495,-75998.101,1,0
$CH,47.200,L1CD,3,4520,50.5,8.551549981,838.466,38524.433,1,0
$CH,47.200,L1CD,4,4520,44.9,5.733269749,1855.853,83785.861,1,0
$CH,47.200,L1CD,7,4520,40.7,2.257389789,1349.715,61267.287,1,0
$CH,47.200,L1CD,8,4520,39.8,1.719679224,2104.416,94858.157,1,0
$CH,47.200,L1CD,9,4520,39.8,2.172588068,2270.388,102442.768,1,0
$CH,47.200,L1CD,16,4520,50.1,8.190149799,-154.759,-6271.291,1,0
$CH,47.200,L1CD,21,4520,41.6,0.235020649,-1415.640,-64165.960,1,0
$CH,47.200,L1CD,26,4520,46.5,2.451022405,-2470.743,-111207.982,1,0
$CH,47.200,L1CD,27,4520,41.3,9.502296982,1940.491,87667.644,1,0
$CH,47.200,L1CD,31,4520,43.9,8.652335775,-2594.709,-117389.418,1,0
$TIME,2024,5,11,3,31,26.368704
$CH,47.300,L1CD,1,4530,42.9,9.288287039,-2099.934,-95143.163,1,0
$CH,47.300,L1CD,2,4530,41.2,9.985430193,-1678.927,-76165.956,1,0
$CH,47.300,L1CD,3,4530,50.5,8.551499348,838.084,38608.252,1,0
$CH,47.300,L1CD,4,4530,44.9,5.733149811,1855.688,83971.411,1,0
$CH,47.300,L1CD,7,4530,40.7,2.257301143,1349.433,61402.301,1,0
$CH,47.300,L1CD,8,4530,39.8,1.719539647,2104.415,95068.610,1,0
$CH,47.300,L1CD,9,4530,39.8,2.172444223,2270.128,102669.781,1,0
$CH,47.300,L1CD,16,4530,50.1,8.190164458,-154.927,-6286.782,1,0
$CH,47.300,L1CD,21,4530,41.6,0.235111371,-1415.092,-64307.523,1,0
$CH,47.300,L1CD,26,4530,46.5,2.451178595,-2470.885,-111455.063,1,0
$CH,47.300,L1CD,27,4530,41.3,9.502167935,1940.727,87861.695,1,0
$CH,47.300,L1CD,31,4530,43.9,8.652499400,-2594.662,-117648.889,1,0
$TIME,2024,5,11,3,31,27.054953
$CH,47.400,L1CD,1,4540,42.9,9.288419497,-2100.136,-95353.139,1,0
$CH,47.400,L1CD,2,4540,41.2,9.985533565,-1678.617,-76333.822,1,0
$CH,47.400,L1CD,3,4540,50.5,8.551447346,837.909,38692.061,1,0
$CH,47.400,L1CD,4,4540,44.9,5.733030365,1855.615,84156.964,1,0
$CH,47.400,L1CD,7,4540,40.7,2.257219764,1350.555,61537.316,1,0
$CH,47.400,L1CD,8,4540,39.8,1.719407218,2104.399,95279.051,1,0
$CH,47.400,L1CD,9,4540,39.8,2.172299860,2270.192,102896.783,1,0
$CH,47.400,L1CD,16,4540,50.1,8.190182085,-154.999,-6302.276,1,0
$CH,47.400,L1CD,21,4540,41.6,0.235204525,-1415.665,-64449.076,1,0
$CH,47.400,L1CD,26,4540,46.5,2.451337309,-2470.929,-111702.146,1,0
$CH,47.400,L1CD,27,4540,41.3,9.502048999,1940.349,88055.746,1,0
$CH,47.400,L1CD,31,4540,43.9,8.652670362,-2594.861,-117908.360,1,0
$TIME,2024,5,11,3,31,27.719761
$CH,47.500,L1CD,1,4550,42.9,9.288548679,-2099.889,-95563.114,1,0
$CH,47.500,L1CD,2,4550,41.2,9.985637849,-1678.266,-76501.680,1,0
$CH,47.500,L1CD,3,4550,50.5,8.551390544,837.855,38775.865,1,0
$CH,47.500,L1CD,4,4550,44.9,5.732914800,1855.419,84342.511,1,0
$CH,47.500,L1CD,7,4550,40.7,2.257137468,1349.603,61672.323,1,0
$CH,47.500,L1CD,8,4550,39.8,1.719278030,2104.989,95489.504,1,0
$CH,47.500,L1CD,9,4550,39.8,2.172155167,2269.806,103123.806,1,0
$CH,47.500,L1CD,16,4550,50.1,8.190182965,-154.968,-6317.784,1,0
$CH,47.500,L1CD,21,4550,41.6,0.235285327,-1416.056,-64590.637,1,0
$CH,47.500,L1CD,26,4550,46.5,2.451495723,-2470.863,-111949.241,1,0
$CH,47.500,L1CD,27,4550,41.3,9.501928517,1940.705,88249.789,1,0
$CH,47.500,L1CD,31,4550,43.9,8.652831294,-2594.629,-118167.828,1,0
$TIME,2024,5,11,3,31,28.476986
$CH,47.600,L1CD,1,4560,42.9,9.288674968,-2099.586,-95773.084,1,0
$CH,47.600,L1CD,2,4560,41.2,9.985745795,-1678.673,-76669.536,1,0
$CH,47.600,L1CD,3,4560,50.5,8.551336164,837.994,38859.658,1,0
$CH,47.600,L1CD,4,4560,44.9,5.732798412,1855.237,84528.065,1,0
$CH,47.600,L1CD,7,4560,40.7,2.257043363,1349.884,61807.334,1,0
$CH,47.600,L1CD,8,4560,39.8,1.719141975,2104.604,95699.954,1,0
$CH,47.600,L1CD,9,4560,39.8,2.172010720,2270.619,103350.804,1,0
$CH,47.600,L1CD,16,4560,50.1,8.190189633,-155.257,-6333.290,1,0
$CH,47.600,L1CD,21,4560,41.6,0.235385994,-1415.670,-64732.181,1,0
$CH,47.600,L1CD,26,4560,46.5,2.451651514,-2471.164,-112196.331,1,0
$CH,47.600,L1CD,27,4560,41.3,9.501809466,1940.136,88443.835,1,0
$CH,47.600,L1CD,31,4560,43.9,8.652996202,-2594.777,-118427.293,1,0
$TIME,2024,5,11,3,31,29.262830
$CH,47.700,L1CD,1,4570,42.9,9.288806706,-2099.740,-95983.058,1,0
$CH,47.700,L1CD,2,4570,41.2,9.985857435,-1678.540,-76837.389,1,0
$CH,47.700,L1CD,3,4570,50.5,8.551287987,837.798,38943.449,1,0
$CH,47.700,L1CD,4,4570,44.9,5.732673493,1855.674,84713.618,1,0
$CH,47.700,L1CD,7,4570,40.7,2.256952220,1349.518,61942.339,1,0
$CH,47.700,L1CD,8,4570,39.8,1.719012682,2105.231,95910.409,1,0
$CH,47.700,L1CD,9,4570,39.8,2.171872737,2270.459,103577.826,1,0
$CH,47.700,L1CD,16,4570,50.1,8.190205051,-155.482,-6348.808,1,0
$CH,47.700,L1CD,21,4570,41.6,0.235476711,-1415.544,-64873.747,1,0
$CH,47.700,L1CD,26,4570,46.5,2.451805386,-2470.936,-112443.429,1,0
$CH,47.700,L1CD,27,4570,41.3,9.501688736,1940.809,88637.887,1,0
$CH,47.700,L1CD,31,4570,43.9,8.653161524,-2594.249,-118686.764,1,0
$TIME,2024,5,11,3,31,29.800336
$CH,47.800,L1CD,1,4580,42.9,9.288940825,-2099.372,-96193.037,1,0
$CH,47.800,L1CD,2,4580,41.2,9.985957832,-1678.508,-77005.246,1,0
$CH,47.800,L1CD,3,4580,50.5,8.551232360,837.738,39027.235,1,0
$CH,47.800,L1CD,4,4580,44.9,5.732558529,1855.368,84899.163,1,0
$CH,47.800,L1CD,7,4580,40.7,2.256863682,1350.444,62077.327,1,0
$CH,47.800,L1CD,8,4580,39.8,1.718878049,2105.046,96120.867,1,0
$CH,47.800,L1CD,9,4580,39.8,2.171735341,2270.906,103804.850,1,0
$CH,47.800,L1CD,16,4580,50.1,8.190219592,-155.040,-6364.338,1,0
$CH,47.800,L1CD,21,4580,41.6,0.235564890,-1416.005,-65015.285,1,0
$CH,47.800,L1CD,26,4580,46.5,2.451962583,-2470.981,-112690.537,1,0
$CH,47.800,L1CD,27,4580,41.3,9.501558566,1940.323,88831.933,1,0
$CH,47.800,L1CD,31,4580,43.9,8.653319414,-2595.224,-118946.225,1,0
$TIME,2024,5,11,3,31,30.402559
$CH,47.900,L1CD,1,4590,42.9,9.289079346,-2099.630,-96402.999,1,0
$CH,47.900,L1CD,2,4590,41.2,9.986060442,-1678.309,-77173.101,1,0
$CH,47.900,L1CD,3,4590,50.5,8.551177404,837.739,39111.013,1,0
$CH,47.900,L1CD,4,4590,44.9,5.732442270,1855.244,85084.720,1,0
$CH,47.900,L1CD,7,4590,40.7,2.256784537,1351.202,62212.333,1,0
$CH,47.900,L1CD,8,4590,39.8,1.718741924,2104.582,96331.331,1,0
$CH,47.900,L1CD,9,4590,39.8,2.171587706,2269.977,104031.875,1,0
$CH,47.900,L1CD,16,4590,50.1,8.190222778,-155.284,-6379.872,1,0
$CH,47.900,L1CD,21,4590,41.6,0.235659029,-1415.143,-65156.840,1,0
$CH,47.900,L1CD,26,4590,46.5,2.452118709,-2471.037,-112937.647,1,0
$CH,47.900,L1CD,27,4590,41.3,9.501434669,1940.262,89025.986,1,0
$CH,47.900,L1CD,31,4590,43.9,8.653484822,-2594.631,-119205.685,1,0
$TIME,2024,5,11,3,31,30.917878
$CH,48.000,L1CD,1,4600,41.6,9.289213005,-2099.740,-96612.970,1,0
$CH,48.000,L1CD,2,4600,41.7,9.986176188,-1678.770,-77340.939,1,0
$CH,48.000,L1CD,3,4600,51.1,8.551127337,837.847,39194.782,1,0
$CH,48.000,L1CD,4,4600,45.6,5.732325215,1855.339,85270.273,1,0
$CH,48.000,L1CD,7,4600,40.0,2.256706059,1350.685,62347.331,1,0
$CH,48.000,L1CD,8,4600,39.6,1.718605317,2104.603,96541.795,1,0
$CH,48.000,L1CD,9,4600,39.2,2.171446043,2270.246,104258.894,1,0
$CH,48.000,L1CD,16,4600,49.2,8.190226655,-155.341,-6395.414,1,0
$CH,48.000,L1CD,21,4600,40.7,0.235745683,-1415.632,-65298.389,1,0
$CH,48.000,L1CD,26,4600,47.2,2.452275975,-2471.051,-113184.760,1,0
$CH,48.000,L1CD,27,4600,41.8,9.501311735,1940.525,89220.029,1,0
$CH,48.000,L1CD,31,4600,43.7,8.653648087,-2594.125,-119465.156,1,0
$TIME,2024,5,11,3,31,31.480031
$CH,48.100,L1CD,1,4610,41.6,9.289345955,-2100.008,-96822.938,1,0
$CH,48.100,L1CD,2,4610,41.7,9.986283434,-1678.346,-77508.794,1,0
$CH,48.100,L1CD,3,4610,51.1,8.551073404,837.674,39278.548,1,0
$CH,48.100,L1CD,4,4610,45.6,5.732206496,1855.717,85455.823,1,0
$CH,48.100,L1CD,7,4610,40.0,2.256619192,1350.190,62482.321,1,0
$CH,48.100,L1CD,8,4610,39.6,1.718472881,2104.780,96752.260,1,0
$CH,48.100,L1CD,9,4610,39.2,2.171291649,2269.860,104485.913,1,0
$CH,48.100,L1CD,16,4610,49.2,8.190243558,-155.297,-6410.960,1,0
$CH,48.100,L1CD,21,4610,40.7,0.235839351,-1415.639,-65439.933,1,0
$CH,48.100,L1CD,26,4610,47.2,2.452436086,-2470.887,-113431.876,1,0
$CH,48.100,L1CD,27,4610,41.8,9.501183184,1940.542,89414.083,1,0
$CH,48.100,L1CD,31,4610,43.7,8.653824135,-2594.741,-119724.614,1,0
$TIME,2024,5,11,3,31,32.065374
$CH,48.200,L1CD,1,4620,41.6,9.289481240,-2099.733,-97032.912,1,0
$CH,48.200,L1CD,2,4620,41.7,9.986387241,-1679.163,-77676.640,1,0
$CH,48.200,L1CD,3,4620,51.1,8.551020835,837.762,39362.307,1,0
$CH,48.200,L1CD,4,4620,45.6,5.732087132,1855.588,85641.381,1,0
$CH,48.200,L1CD,7,4620,40.0,2.256536183,1349.302,62617.338,1,0
$CH,48.200,L1CD,8,4620,39.6,1.718343903,2105.128,96962.715,1,0
$CH,48.200,L1CD,9,4620,39.2,2.171145357,2270.296,104712.926,1,0
$CH,48.200,L1CD,16,4620,49.2,8.190258753,-155.598,-6426.512,1,0
$CH,48.200,L1CD,21,4620,40.7,0.235923298,-1415.294,-65581.484,1,0
$CH,48.200,L1CD,26,4620,47.2,2.452592340,-2470.906,-113679.003,1,0
$CH,48.200,L1CD,27,4620,41.8,9.501062897,1939.988,89608.133,1,0
$CH,48.200,L1CD,31,4620,43.7,8.653986338,-2594.793,-119984.080,1,0
$TIME,2024,5,11,3,31,32.751627
$CH,48.300,L1CD,1,4630,41.6,9.289618358,-2099.904,-97242.887,1,0
$CH,48.300,L1CD,2,4630,41.7,9.986493903,-1678.930,-77844.499,1,0
$CH,48.300,L1CD,3,4630,51.1,8.550967953,836.932,39446.061,1,0
$CH,48.300,L1CD,4,4630,45.6,5.731967721,1855.481,85826.936,1,0
$CH,48.300,L1CD,7,4630,40.0,2.256446982,1349.823,62752.304,1,0
$CH,48.300,L1CD,8,4630,39.6,1.718211331,2105.076,97173.195,1,0
$CH,48.300,L1CD,9,4630,39.2,2.171012474,2270.307,104939.955,1,0
$CH,48.300,L1CD,16,4630,49.2,8.190259573,-155.765,-6442.075,1,0
$CH,48.300,L1CD,21,4630,40.7,0.236012829,-1415.350,-65723.025,1,0
$CH,48.300,L1CD,26,4630,47.2,2.452747678,-2471.417,-113926.125,1,0
$CH,48.300,L1CD,27,4630,41.8,9.500945353,1940.359,89802.184,1,0
$CH,48.300,L1CD,31,4630,43.7,8.654146474,-2594.422,-120243.532,1,0
$TIME,2024,5,11,3,31,33.357217
$CH,48.400,L1CD,1,4640,41.6,9.289750412,-2099.749,-97452.861,1,0
$CH,48.400,L1CD,2,4640,41.7,9.986598245,-1678.438,-78012.342,1,0
$CH,48.400,L1CD,3,4640,51.1,8.550914864,837.419,39529.804,1,0
$CH,48.400,L1CD,4,4640,45.6,5.731848550,1855.889,86012.492,1,0
$CH,48.400,L1CD,7,4640,40.0,2.256364387,1349.593,62887.303,1,0
$CH,48.400,L1CD,8,4640,39.6,1.718070368,2104.613,97383.672,1,0
$CH,48.400,L1CD,9,4640,39.2,2.170861078,2270.811,105166.982,1,0
$CH,48.400,L1CD,16,4640,49.2,8.190266951,-155.704,-6457.644,1,0
$CH,48.400,L1CD,21,4640,40.7,0.236101928,-1415.680,-65864.559,1,0
$CH,48.400,L1CD,26,4640,47.2,2.452902883,-2471.719,-114173.257,1,0
$CH,48.400,L1CD,27,4640,41.8,9.500819846,1940.669,89996.231,1,0
$CH,48.400,L1CD,31,4640,43.7,8.654304264,-2594.555,-120502.990,1,0
$TIME,2024,5,11,3,31,34.068520
$CH,48.500,L1CD,1,4650,41.6,9.289882339,-2099.819,-97662.826,1,0
$CH,48.500,L1CD,2,4650,41.7,9.986702818,-1678.248,-78180.189,1,0
$CH,48.500,L1CD,3,4650,51.1,8.550861654,837.576,39613.547,1,0
$CH,48.500,L1CD,4,4650,45.6,5.731735655,1855.339,86198.055,1,0
$CH,48.500,L1CD,7,4650,40.0,2.256286029,1349.740,63022.291,1,0
$CH,48.500,L1CD,8,4650,39.6,1.717941280,2104.503,97594.143,1,0
$CH,48.500,L1CD,9,4650,39.2,2.170715496,2270.591,105394.021,1,0
$CH,48.500,L1CD,16,4650,49.2,8.190284299,-155.722,-6473.218,1,0
$CH,48.500,L1CD,21,4650,40.7,0.236193353,-1415.271,-66006.110,1,0
$CH,48.500,L1CD,26,4650,47.2,2.453059544,-2471.501,-114420.397,1,0
$CH,48.500,L1CD,27,4650,41.8,9.500694826,1941.162,90190.285,1,0
$CH,48.500,L1CD,31,4650,43.7,8.654473849,-2594.541,-120762.448,1,0
$TIME,2024,5,11,3,31,35.090767
$CH,48.600,L1CD,1,4660,41.6,9.290018182,-2099.247,-97872.792,1,0
$CH,48.600,L1CD,2,4660,41.7,9.986807234,-1678.459,-78348.026,1,0
$CH,48.600,L1CD,3,4660,51.1,8.550811850,837.258,39697.281,1,0
$CH,48.600,L1CD,4,4660,45.6,5.731615049,1855.428,86383.606,1,0
$CH,48.600,L1CD,7,4660,40.0,2.256204427,1350.274,63157.270,1,0
$CH,48.600,L1CD,8,4660,39.6,1.717810636,2104.947,97804.623,1,0
$CH,48.600,L1CD,9,4660,39.2,2.170564717,2269.099,105621.044,1,0
$CH,48.600,L1CD,16,4660,49.2,8.190299857,-155.938,-6488.802,1,0
$CH,48.600,L1CD,21,4660,40.7,0.236284106,-1415.079,-66147.639,1,0
$CH,48.600,L1CD,26,4660,47.2,2.453216956,-2471.578,-114667.533,1,0
$CH,48.600,L1CD,27,4660,41.8,9.500571909,1940.651,90384.342,1,0
$CH,48.600,L1CD,31,4660,43.7,8.654639284,-2594.921,-121021.912,1,0
$TIME,2024,5,11,3,31,35.924909
$CH,48.700,L1CD,1,4670,41.6,9.290149487,-2099.667,-98082.769,1,0
$CH,48.700,L1CD,2,4670,41.7,9.986913957,-1678.200,-78515.872,1,0
$CH,48.700,L1CD,3,4670,51.1,8.550761458,837.131,39781.009,1,0
$CH,48.700,L1CD,4,4670,45.6,5.731499913,1855.443,86569.169,1,0
$CH,48.700,L1CD,7,4670,40.0,2.256109379,1349.460,63292.242,1,0
$CH,48.700,L1CD,8,4670,39.6,1.717673223,2104.808,98015.102,1,0
$CH,48.700,L1CD,9,4670,39.2,2.170429626,2270.234,105848.090,1,0
$CH,48.700,L1CD,16,4670,49.2,8.190303150,-155.817,-6504.392,1,0
$CH,48.700,L1CD,21,4670,40.7,0.236372365,-1415.788,-66289.172,1,0
$CH,48.700,L1CD,26,4670,47.2,2.453374103,-2471.651,-114914.680,1,0
$CH,48.700,L1CD,27,4670,41.8,9.500445455,1940.149,90578.392,1,0
$CH,48.700,L1CD,31,4670,43.7,8.654806970,-2594.659,-121281.366,1,0
$TIME,2024,5,11,3,31,36.656425
$CH,48.800,L1CD,1,4680,41.6,9.290286782,-2099.206,-98292.735,1,0
$CH,48.800,L1CD,2,4680,41.7,9.987023831,-1677.989,-78683.714,1,0
$CH,48.800,L1CD,3,4680,51.1,8.550698450,837.039,39864.731,1,0
$CH,48.800,L1CD,4,4680,45.6,5.731381101,1855.553,86754.727,1,0
$CH,48.800,L1CD,7,4680,40.0,2.256021852,1349.595,63427.230,1,0
$CH,48.800,L1CD,8,4680,39.6,1.717541217,2104.607,98225.592,1,0
$CH,48.800,L1CD,9,4680,39.2,2.170287091,2270.218,106075.107,1,0
$CH,48.800,L1CD,16,4680,49.2,8.190308499,-155.991,-6519.990,1,0
$CH,48.800,L1CD,21,4680,40.7,0.236456044,-1415.052,-66430.714,1,0
$CH,48.800,L1CD,26,4680,47.2,2.453534355,-2471.524,-115161.835,1,0
$CH,48.800,L1CD,27,4680,41.8,9.500329241,1940.397,90772.447,1,0
$CH,48.800,L1CD,31,4680,43.7,8.654971247,-2595.092,-121540.819,1,0
$TIME,2024,5,11,3,31,37.396406
$CH,48.900,L1CD,1,4690,41.6,9.290417438,-2099.448,-98502.700,1,0
$CH,48.900,L1CD,2,4690,41.7,9.987136912,-1677.698,-78851.559,1,0
$CH,48.900,L1CD,3,4690,51.1,8.550648098,837.179,39948.444,1,0
$CH,48.900,L1CD,4,4690,45.6,5.731261760,1855.287,86940.286,1,0
$CH,48.900,L1CD,7,4690,40.0,2.255931221,1350.268,63562.200,1,0
$CH,48.900,L1CD,8,4690,39.6,1.717403832,2104.879,98436.070,1,0
$CH,48.900,L1CD,9,4690,39.2,2.170140275,2270.809,106302.157,1,0
$CH,48.900,L1CD,16,4690,49.2,8.190326594,-156.063,-6535.595,1,0
$CH,48.900,L1CD,21,4690,40.7,0.236550134,-1415.326,-66572.231,1,0
$CH,48.900,L1CD,26,4690,47.2,2.453687181,-2471.711,-115408.987,1,0
$CH,48.900,L1CD,27,4690,41.8,9.500209800,1940.686,90966.494,1,0
$CH,48.900,L1CD,31,4690,43.7,8.655133310,-2594.466,-121800.271,1,0
$TIME,2024,5,11,3,31,38.128771
$CH,49.000,L1CD,1,4700,42.3,9.290553612,-2099.947,-98712.670,1,0
$CH,49.000,L1CD,2,4700,41.9,9.987240430,-1678.223,-79019.395,1,0
$CH,49.000,L1CD,3,4700,50.4,8.550595431,836.908,40032.154,1,0
$CH,49.000,L1CD,4,4700,44.7,5.731145782,1855.748,87125.849,1,0
$CH,49.000,L1CD,7,4700,40.7,2.255845294,1349.539,63697.172,1,0
$CH,49.000,L1CD,8,4700,39.5,1.717274429,2105.139,98646.570,1,0
$CH,49.000,L1CD,9,4700,39.9,2.169996620,2270.700,106529.183,1,0
$CH,49.000,L1CD,16,4700,48.6,8.190342139,-156.362,-6551.203,1,0
$CH,49.000,L1CD,21,4700,40.9,0.236638470,-1415.189,-66713.773,1,0
$CH,49.000,L1CD,26,4700,47.7,2.453846152,-2471.841,-115656.143,1,0
$CH,49.000,L1CD,27,4700,42.6,9.500078254,1940.530,91160.544,1,0
$CH,49.000,L1CD,31,4700,43.4,8.655305076,-2594.560,-122059.724,1,0
$TIME,2024,5,11,3,31,38.858319
$CH,49.100,L1CD,1,4710,42.3,9.290683366,-2099.481,-98922.643,1,0
$CH,49.100,L1CD,2,4710,41.9,9.987346852,-1678.256,-79187.231,1,0
$CH,49.100,L1CD,3,4710,50.4,8.550538484,836.880,40115.859,1,0
$CH,49.100,L1CD,4,4710,44.7,5.731024375,1855.501,87311.407,1,0
$CH,49.100,L1CD,7,4710,40.7,2.255764353,1349.532,63832.148,1,0
$CH,49.100,L1CD,8,4710,39.5,1.717139466,2104.914,98857.054,1,0
$CH,49.100,L1CD,9,4710,39.9,2.169846520,2269.869,106756.223,1,0
$CH,49.100,L1CD,16,4710,48.6,8.190344545,-156.305,-6566.823,1,0
$CH,49.100,L1CD,21,4710,40.9,0.236730246,-1415.914,-66855.294,1,0
$CH,49.100,L1CD,26,4710,47.7,2.454002284,-2471.590,-115903.314,1,0
$CH,49.100,L1CD,27,4710,42.6,9.499954126,1940.232,91354.601,1,0
$CH,49.100,L1CD,31,4710,43.4,8.655468906,-2594.596,-122319.176,1,0
$TIME,2024,5,11,3,31,39.578467
$CH,49.200,L1CD,1,4720,42.3,9.290819167,-2099.509,-99132.605,1,0
$CH,49.200,L1CD,2,4720,41.9,9.987453985,-1678.333,-79355.069,1,0
$CH,49.200,L1CD,3,4720,50.4,8.550489460,836.999,40199.553,1,0
$CH,49.200,L1CD,4,4720,44.7,5.730907500,1855.654,87496.974,1,0
$CH,49.200,L1CD,7,4720,40.7,2.255673354,1349.457,63967.109,1,0
$CH,49.200,L1CD,8,4720,39.5,1.717005944,2104.575,99067.542,1,0
$CH,49.200,L1CD,9,4720,39.9,2.169703126,2270.263,106983.273,1,0
$CH,49.200,L1CD,16,4720,48.6,8.190348020,-156.211,-6582.448,1,0
$CH,49.200,L1CD,21,4720,40.9,0.236822295,-1415.324,-66996.828,1,0
$CH,49.200,L1CD,26,4720,47.7,2.454156065,-2471.781,-116150.480,1,0
$CH,49.200,L1CD,27,4720,42.6,9.499834091,1940.734,91548.657,1,0
$CH,49.200,L1CD,31,4720,43.4,8.655630201,-2594.574,-122578.623,1,0
$TIME,2024,5,11,3,31,40.332563
$CH,49.300,L1CD,1,4730,42.3,9.290951101,-2099.545,-99342.565,1,0
$CH,49.300,L1CD,2,4730,41.9,9.987558361,-1677.827,-79522.904,1,0
$CH,49.300,L1CD,3,4730,50.4,8.550433827,836.854,40283.243,1,0
$CH,49.300,L1CD,4,4730,44.7,5.730791072,1855.799,87682.533,1,0
$CH,49.300,L1CD,7,4730,40.7,2.255586245,1349.748,64102.079,1,0
$CH,49.300,L1CD,8,4730,39.5,1.716873881,2105.299,99278.037,1,0
$CH,49.300,L1CD,9,4730,39.9,2.169568581,2270.545,107210.306,1,0
$CH,49.300,L1CD,16,4730,48.6,8.190365362,-156.489,-6598.079,1,0
$CH,49.300,L1CD,21,4730,40.9,0.236910125,-1415.081,-67138.348,1,0
$CH,49.300,L1CD,26,4730,47.7,2.454316135,-2471.949,-116397.655,1,0
$CH,49.300,L1CD,27,4730,42.6,9.499711544,1940.540,91742.710,1,0
$CH,49.300,L1CD,31,4730,43.4,8.655792659,-2594.423,-122838.075,1,0
$TIME,2024,5,11,3,31,41.104505
$CH,49.400,L1CD,1,4740,42.3,9.291082403,-2099.867,-99552.543,1,0
$CH,49.400,L1CD,2,4740,41.9,9.987662403,-1678.362,-79690.740,1,0
$CH,49.400,L1CD,3,4740,50.4,8.550378984,836.868,40366.927,1,0
$CH,49.400,L1CD,4,4740,44.7,5.730676572,1855.420,87868.102,1,0
$CH,49.400,L1CD,7,4740,40.7,2.255499511,1349.502,64237.047,1,0
$CH,49.400,L1CD,8,4740,39.5,1.716737382,2105.374,99488.537,1,0
$CH,49.400,L1CD,9,4740,39.9,2.169414573,2270.661,107437.348,1,0
$CH,49.400,L1CD,16,4740,48.6,8.190379603,-156.450,-6613.722,1,0
$CH,49.400,L1CD,21,4740,40.9,0.237005373,-1415.411,-67279.872,1,0
$CH,49.400,L1CD,26,4740,47.7,2.454475390,-2471.537,-116644.831,1,0
$CH,49.400,L1CD,27,4740,42.6,9.499585837,1941.075,91936.760,1,0
$CH,49.400,L1CD,31,4740,43.4,8.655955686,-2594.044,-123097.526,1,0
$TIME,2024,5,11,3,31,41.755152
$CH,49.500,L1CD,1,4750,42.3,9.291208124,-2099.925,-99762.506,1,0
$CH,49.500,L1CD,2,4750,41.9,9.987766130,-1678.580,-79858.573,1,0
$CH,49.500,L1CD,3,4750,50.4,8.550328856,836.568,40450.605,1,0
$CH,49.500,L1CD,4,4750,44.7,5.730553856,1855.600,88053.666,1,0
$CH,49.500,L1CD,7,4750,40.7,2.255405720,1349.578,64372.006,1,0
$CH,49.500,L1CD,8,4750,39.5,1.716603070,2104.917,99699.035,1,0
$CH,49.500,L1CD,9,4750,39.9,2.169274042,2270.669,107664.392,1,0
$CH,49.500,L1CD,16,4750,48.6,8.190379693,-156.540,-6629.366,1,0
$CH,49.500,L1CD,21,4750,40.9,0.237098180,-1415.520,-67421.392,1,0
$CH,49.500,L1CD,26,4750,47.7,2.454630487,-2471.544,-116892.014,1,0
$CH,49.500,L1CD,27,4750,42.6,9.499460191,1939.986,92130.827,1,0
$CH,49.500,L1CD,31,4750,43.4,8.656126718,-2594.590,-123356.974,1,0
$TIME,2024,5,11,3,31,42.421579
$CH,49.600,L1CD,1,4760,42.3,9.291342012,-2100.011,-99972.470,1,0
$CH,49.600,L1CD,2,4760,41.9,9.987881635,-1678.019,-80026.408,1,0
$CH,49.600,L1CD,3,4760,50.4,8.550277135,836.753,40534.277,1,0
$CH,49.600,L1CD,4,4760,44.7,5.730437058,1855.649,88239.233,1,0
$CH,49.600,L1CD,7,4760,40.7,2.255321923,1349.447,64506.983,1,0
$CH,49.600,L1CD,8,4760,39.5,1.716468779,2104.310,99909.554,1,0
$CH,49.600,L1CD,9,4760,39.9,2.169133406,2271.140,107891.442,1,0
$CH,49.600,L1CD,16,4760,48.6,8.190385501,-156.741,-6645.021,1,0
$CH,49.600,L1CD,21,4760,40.9,0.237185594,-1415.589,-67562.913,1,0
$CH,49.600,L1CD,26,4760,47.7,2.454783557,-2471.756,-117139.199,1,0
$CH,49.600,L1CD,27,4760,42.6,9.499341073,1940.034,92324.875,1,0
$CH,49.600,L1CD,31,4760,43.4,8.656294158,-2594.311,-123616.417,1,0
$TIME,2024,5,11,3,31,43.214361
$CH,49.700,L1CD,1,4770,42.3,9.291473925,-2099.876,-100182.440,1,0
$CH,49.700,L1CD,2,4770,41.9,9.987987364,-1678.112,-80194.235,1,0
$CH,49.700,L1CD,3,4770,50.4,8.550222212,836.389,40617.941,1,0
$CH,49.700,L1CD,4,4770,44.7,5.730320413,1855.584,88424.800,1,0
$CH,49.700,L1CD,7,4770,40.7,2.255234805,1348.972,64641.929,1,0
$CH,49.700,L1CD,8,4770,39.5,1.716330902,2105.421,100120.045,1,0
$CH,49.700,L1CD,9,4770,39.9,2.168989559,2270.371,108118.500,1,0
$CH,49.700,L1CD,16,4770,48.6,8.190402312,-156.831,-6660.681,1,0
$CH,49.700,L1CD,21,4770,40.9,0.237270130,-1414.786,-67704.430,1,0
$CH,49.700,L1CD,26,4770,47.7,2.454945267,-2472.091,-117386.392,1,0
$CH,49.700,L1CD,27,4770,42.6,9.499219387,1940.090,92518.932,1,0
$CH,49.700,L1CD,31,4770,43.4,8.656451950,-2594.680,-123875.852,1,0
$TIME,2024,5,11,3,31,43.969349
$CH,49.800,L1CD,1,4780,42.3,9.291610273,-2099.632,-100392.409,1,0
$CH,49.800,L1CD,2,4780,41.9,9.988095212,-1678.800,-80362.058,1,0
$CH,49.800,L1CD,3,4780,50.4,8.550169505,836.466,40701.601,1,0
$CH,49.800,L1CD,4,4780,44.7,5.730207678,1855.764,88610.362,1,0
$CH,49.800,L1CD,7,4780,40.7,2.255158491,1349.702,64776.879,1,0
$CH,49.800,L1CD,8,4780,39.5,1.716197996,2104.204,100330.569,1,0
$CH,49.800,L1CD,9,4780,39.9,2.168850686,2269.992,108345.540,1,0
$CH,49.800,L1CD,16,4780,48.6,8.190421747,-156.685,-6676.351,1,0
$CH,49.800,L1CD,21,4780,40.9,0.237363064,-1415.073,-67845.942,1,0
$CH,49.800,L1CD,26,4780,47.7,2.455102207,-2471.916,-117633.591,1,0
$CH,49.800,L1CD,27,4780,42.6,9.499091972,1940.309,92712.991,1,0
$CH,49.800,L1CD,31,4780,43.4,8.656620132,-2594.602,-124135.308,1,0
$TIME,2024,5,11,3,31,44.635758
$CH,49.900,L1CD,1,4790,42.3,9.291740952,-2099.886,-100602.376,1,0
$CH,49.900,L1CD,2,4790,41.9,9.988201647,-1678.243,-80529.893,1,0
$CH,49.900,L1CD,3,4790,50.4,8.550116312,836.465,40785.254,1,0
$CH,49.900,L1CD,4,4790,44.7,5.730087863,1856.009,88795.933,1,0
$CH,49.900,L1CD,7,4790,40.7,2.255075116,1349.203,64911.840,1,0
$CH,49.900,L1CD,8,4790,39.5,1.716069154,2105.053,100541.077,1,0
$CH,49.900,L1CD,9,4790,39.9,2.168705907,2270.462,108572.591,1,0
$CH,49.900,L1CD,16,4790,48.6,8.190421790,-156.695,-6692.028,1,0
$CH,49.900,L1CD,21,4790,40.9,0.237450100,-1415.249,-67987.465,1,0
$CH,49.900,L1CD,26,4790,47.7,2.455258356,-2472.132,-117880.791,1,0
$CH,49.900,L1CD,27,4790,42.6,9.498970741,1940.328,92907.039,1,0
$CH,49.900,L1CD,31,4790,43.4,8.656783950,-2594.604,-124394.747,1,0
$TIME,2024,5,11,3,31,45.352712
$CH,50.000,L1CD,1,4800,42.2,9.291877355,-2099.728,-100812.340,1,0
$CH,50.000,L1CD,2,4800,42.1,9.988308710,-1678.119,-80697.717,1,0
$CH,50.000,L1CD,3,4800,49.8,8.550064302,836.109,40868.898,1,0
$CH,50.000,L1CD,4,4800,44.2,5.729968355,1855.468,88981.506,1,0
$CH,50.000,L1CD,7,4800,39.1,2.254986174,1348.817,65046.789,1,0
$CH,50.000,L1CD,8,4800,39.8,1.715935478,2105.114,100751.588,1,0
$CH,50.000,L1CD,9,4800,40.9,2.168562720,2270.595,108799.645,1,0
$CH,50.000,L1CD,16,4800,49.2,8.190427377,-156.917,-6707.710,1,0
$CH,50.000,L1CD,21,4800,41.1,0.237537447,-1415.249,-68128.971,1,0
$CH,50.000,L1CD,26,4800,46.7,2.455415002,-2472.054,-118127.994,1,0
$CH,50.000,L1CD,27,4800,42.7,9.498850458,1940.873,93101.098,1,0
$CH,50.000,L1CD,31,4800,43.5,8.656955613,-2594.624,-124654.186,1,0
$TIME,2024,5,11,3,31,46.080434
$CH,50.100,L1CD,1,4810,42.2,9.292014727,-2099.935,-101022.305,1,0
$CH,50.100,L1CD,2,4810,42.1,9.988410821,-1678.737,-80865.542,1,0
$CH,50.100,L1CD,3,4810,49.8,8.550013160,836.457,40952.541,1,0
$CH,50.100,L1CD,4,4810,44.2,5.729847305,1855.629,89167.074,1,0
$CH,50.100,L1CD,7,4810,39.1,2.254906105,1350.209,65181.717,1,0
$CH,50.100,L1CD,8,4810,39.8,1.715807646,2105.398,100962.100,1,0
$CH,50.100,L1CD,9,4810,40.9,2.168412154,2271.208,109026.698,1,0
$CH,50.100,L1CD,16,4810,49.2,8.190443277,-156.927,-6723.400,1,0
$CH,50.100,L1CD,21,4810,41.1,0.237627039,-1415.210,-68270.489,1,0
$CH,50.100,L1CD,26,4810,46.7,2.455571555,-2472.138,-118375.204,1,0
$CH,50.100,L1CD,27,4810,42.7,9.498725555,1940.308,93295.156,1,0
$CH,50.100,L1CD,31,4810,43.5,8.657112143,-2594.675,-124913.624,1,0
$TIME,2024,5,11,3,31,46.806624
$CH,50.200,L1CD,1,4820,42.2,9.292148469,-2100.185,-101232.266,1,0
$CH,50.200,L1CD,2,4820,42.1,9.988511088,-1678.297,-81033.364,1,0
$CH,50.200,L1CD,3,4820,49.8,8.549961022,836.415,41036.173,1,0
$CH,50.200,L1CD,4,4820,44.2,5.729740160,1855.579,89352.645,1,0
$CH,50.200,L1CD,7,4820,39.1,2.254814046,1348.622,65316.672,1,0
$CH,50.200,L1CD,8,4820,39.8,1.715673452,2104.857,101172.623,1,0
$CH,50.200,L1CD,9,4820,40.9,2.168269121,2270.265,109253.760,1,0
$CH,50.200,L1CD,16,4820,49.2,8.190459074,-156.982,-6739.099,1,0
$CH,50.200,L1CD,21,4820,41.1,0.237711272,-1415.476,-68411.996,1,0
$CH,50.200,L1CD,26,4820,46.7,2.455731184,-2472.193,-118622.421,1,0
$CH,50.200,L1CD,27,4820,42.7,9.498603893,1940.678,93489.222,1,0
$CH,50.200,L1CD,31,4820,43.5,8.657274909,-2594.481,-125173.070,1,0
$TIME,2024,5,11,3,31,47.550704
$CH,50.300,L1CD,1,4830,42.2,9.292284099,-2099.822,-101442.239,1,0
$CH,50.300,L1CD,2,4830,42.1,9.988620999,-1678.372,-81201.187,1,0
$CH,50.300,L1CD,3,4830,49.8,8.549903988,836.321,41119.800,1,0
$CH,50.300,L1CD,4,4830,44.2,5.729614653,1855.624,89538.215,1,0
$CH,50.300,L1CD,7,4830,39.1,2.254729182,1349.044,65451.632,1,0
$CH,50.300,L1CD,8,4830,39.8,1.715539718,2105.893,101383.148,1,0
$CH,50.300,L1CD,9,4830,40.9,2.168120517,2270.477,109480.818,1,0
$CH,50.300,L1CD,16,4830,49.2,8.190459181,-157.019,-6754.802,1,0
$CH,50.300,L1CD,21,4830,41.1,0.237801580,-1414.849,-68553.505,1,0
$CH,50.300,L1CD,26,4830,46.7,2.455885941,-2472.077,-118869.642,1,0
$CH,50.300,L1CD,27,4830,42.7,9.498476622,1940.072,93683.280,1,0
$CH,50.300,L1CD,31,4830,43.5,8.657445130,-2594.200,-125432.506,1,0
$TIME,2024,5,11,3,31,48.221215
$CH,50.400,L1CD,1,4840,42.2,9.292419292,-2099.541,-101652.201,1,0
$CH,50.400,L1CD,2,4840,42.1,9.988731366,-1678.172,-81369.015,1,0
$CH,50.400,L1CD,3,4840,49.8,8.549852955,836.193,41203.421,1,0
$CH,50.400,L1CD,4,4840,44.2,5.729498073,1855.748,89723.781,1,0
$CH,50.400,L1CD,7,4840,39.1,2.254643449,1349.319,65586.546,1,0
$CH,50.400,L1CD,8,4840,39.8,1.715406719,2104.499,101593.677,1,0
$CH,50.400,L1CD,9,4840,40.9,2.167978321,2271.624,109707.867,1,0
$CH,50.400,L1CD,16,4840,49.2,8.190465840,-156.958,-6770.511,1,0
$CH,50.400,L1CD,21,4840,41.1,0.237897961,-1414.783,-68695.004,1,0
$CH,50.400,L1CD,26,4840,46.7,2.456043349,-2472.052,-119116.862,1,0
$CH,50.400,L1CD,27,4840,42.7,9.498354853,1940.502,93877.336,1,0
$CH,50.400,L1CD,31,4840,43.5,8.657607987,-2594.468,-125691.947,1,0
$TIME,2024,5,11,3,31,48.925015
$CH,50.500,L1CD,1,4850,42.2,9.292549765,-2100.307,-101862.162,1,0
$CH,50.500,L1CD,2,4850,42.1,9.988838607,-1677.859,-81536.833,1,0
$CH,50.500,L1CD,3,4850,49.8,8.549799596,836.057,41287.038,1,0
$CH,50.500,L1CD,4,4850,44.2,5.729381541,1855.903,89909.360,1,0
$CH,50.500,L1CD,7,4850,39.1,2.254563472,1349.801,65721.495,1,0
$CH,50.500,L1CD,8,4850,39.8,1.715271447,2105.351,101804.195,1,0
$CH,50.500,L1CD,9,4850,40.9,2.167834683,2270.766,109934.940,1,0
$CH,50.500,L1CD,16,4850,49.2,8.190479605,-157.198,-6786.231,1,0
$CH,50.500,L1CD,21,4850,41.1,0.237989791,-1414.992,-68836.507,1,0
$CH,50.500,L1CD,26,4850,46.7,2.456198665,-2472.626,-119364.091,1,0
$CH,50.500,L1CD,27,4850,42.7,9.498232883,1940.481,94071.393,1,0
$CH,50.500,L1CD,31,4850,43.5,8.657775572,-2593.983,-125951.385,1,0
$TIME,2024,5,11,3,31,49.628650
$CH,50.600,L1CD,1,4860,42.2,9.292680454,-2099.047,-102072.137,1,0
$CH,50.600,L1CD,2,4860,42.1,9.988943679,-1678.205,-81704.650,1,0
$CH,50.600,L1CD,3,4860,49.8,8.549739460,836.216,41370.645,1,0
$CH,50.600,L1CD,4,4860,44.2,5.729261099,1855.798,90094.935,1,0
$CH,50.600,L1CD,7,4860,39.1,2.254476097,1349.349,65856.439,1,0
$CH,50.600,L1CD,8,4860,39.8,1.715137087,2105.377,102014.726,1,0
$CH,50.600,L1CD,9,4860,40.9,2.167693686,2271.312,110161.997,1,0
$CH,50.600,L1CD,16,4860,49.2,8.190500785,-157.415,-6801.958,1,0
$CH,50.600,L1CD,21,4860,41.1,0.238079009,-1414.837,-68978.016,1,0
$CH,50.600,L1CD,26,4860,46.7,2.456356478,-2472.538,-119611.321,1,0
$CH,50.600,L1CD,27,4860,42.7,9.498102647,1941.196,94265.445,1,0
$CH,50.600,L1CD,31,4860,43.5,8.657946097,-2594.127,-126210.815,1,0
$TIME,2024,5,11,3,31,50.322960
$CH,50.700,L1CD,1,4870,42.2,9.292823047,-2099.873,-102282.092,1,0
$CH,50.700,L1CD,2,4870,42.1,9.989053303,-1678.193,-81872.464,1,0
$CH,50.700,L1CD,3,4870,49.8,8.549693413,835.995,41454.249,1,0
$CH,50.700,L1CD,4,4870,44.2,5.729140956,1855.894,90280.507,1,0
$CH,50.700,L1CD,7,4870,39.1,2.254385835,1348.846,65991.367,1,0
$CH,50.700,L1CD,8,4870,39.8,1.715002864,2105.875,102225.268,1,0
$CH,50.700,L1CD,9,4870,40.9,2.167545519,2270.977,110389.063,1,0
$CH,50.700,L1CD,16,4870,49.2,8.190501948,-157.596,-6817.688,1,0
$CH,50.700,L1CD,21,4870,41.1,0.238169479,-1415.081,-69119.509,1,0
$CH,50.700,L1CD,26,4870,46.7,2.456514682,-2472.329,-119858.569,1,0
$CH,50.700,L1CD,27,4870,42.7,9.497979992,1941.535,94459.509,1,0
$CH,50.700,L1CD,31,4870,43.5,8.658099863,-2594.706,-126470.240,1,0
$TIME,2024,5,11,3,31,50.993730
$CH,50.800,L1CD,1,4880,42.2,9.292946597,-2100.024,-102492.059,1,0
$CH,50.800,L1CD,2,4880,42.1,9.989160651,-1678.096,-82040.286,1,0
$CH,50.800,L1CD,3,4880,49.8,8.549640614,836.043,41537.846,1,0
$CH,50.800,L1CD,4,4880,44.2,5.729020434,1855.626,90466.085,1,0
$CH,50.800,L1CD,7,4880,39.1,2.254301755,1349.358,66126.302,1,0
$CH,50.800,L1CD,8,4880,39.8,1.714858324,2105.940,102435.790,1,0
$CH,50.800,L1CD,9,4880,40.9,2.167404417,2271.092,110616.134,1,0
$CH,50.800,L1CD,16,4880,49.2,8.190502748,-157.224,-6833.429,1,0
$CH,50.800,L1CD,21,4880,41.1,0.238256439,-1414.825,-69261.011,1,0
$CH,50.800,L1CD,26,4880,46.7,2.456670826,-2472.584,-120105.805,1,0
$CH,50.800,L1CD,27,4880,42.7,9.497856111,1940.734,94653.571,1,0
$CH,50.800,L1CD,31,4880,43.5,8.658258354,-2594.363,-126729.679,1,0
$TIME,2024,5,11,3,31,51.495848
$CH,50.900,L1CD,1,4890,42.2,9.293084378,-2099.454,-102702.023,1,0
$CH,50.900,L1CD,2,4890,42.1,9.989271446,-1678.312,-82208.088,1,0
$CH,50.900,L1CD,3,4890,49.8,8.549583993,835.961,41621.435,1,0
$CH,50.900,L1CD,4,4890,44.2,5.728902249,1855.882,90651.661,1,0
$CH,50.900,L1CD,7,4890,39.1,2.254219994,1349.070,66261.241,1,0
$CH,50.900,L1CD,8,4890,39.8,1.714727665,2104.826,102646.339,1,0
$CH,50.900,L1CD,9,4890,40.9,2.167262214,2271.105,110843.197,1,0
$CH,50.900,L1CD,16,4890,49.2,8.190517498,-157.508,-6849.177,1,0
$CH,50.900,L1CD,21,4890,41.1,0.238343612,-1415.101,-69402.501,1,0
$CH,50.900,L1CD,26,4890,46.7,2.456824678,-2472.409,-120353.055,1,0
$CH,50.900,L1CD,27,4890,42.7,9.497736885,1940.361,94847.634,1,0
$CH,50.900,L1CD,31,4890,43.5,8.658433507,-2594.223,-126989.113,1,0
$TIME,2024,5,11,3,31,51.996977
$CH,51.000,L1CD,1,4900,42.9,9.293220074,-2099.799,-102911.988,1,0
$CH,51.000,L1CD,2,4900,42.9,9.989371715,-1678.395,-82375.908,1,0
$CH,51.000,L1CD,3,4900,50.0,8.549534851,835.927,41705.020,1,0
$CH,51.000,L1CD,4,4900,44.5,5.728787543,1855.820,90837.237,1,0
$CH,51.000,L1CD,7,4900,40.7,2.254130312,1349.101,66396.155,1,0
$CH,51.000,L1CD,8,4900,39.6,1.714599064,2105.039,102856.873,1,0
$CH,51.000,L1CD,9,4900,41.2,2.167114951,2270.949,111070.265,1,0
$CH,51.000,L1CD,16,4900,48.9,8.190539428,-157.583,-6864.929,1,0
$CH,51.000,L1CD,21,4900,41.3,0.238434890,-1415.167,-69543.998,1,0
$CH,51.000,L1CD,26,4900,47.5,2.456980603,-2472.660,-120600.304,1,0
$CH,51.000,L1CD,27,4900,42.7,9.497622854,1940.375,95041.699,1,0
$CH,51.000,L1CD,31,4900,43.0,8.658594286,-2594.039,-127248.542,1,0
$TIME,2024,5,11,3,31,52.506316
$CH,51.100,L1CD,1,4910,42.9,9.293348915,-2099.337,-103121.948,1,0
$CH,51.100,L1CD,2,4910,42.9,9.989483137,-1678.201,-82543.725,1,0
$CH,51.100,L1CD,3,4910,50.0,8.549485034,835.842,41788.596,1,0
$CH,51.100,L1CD,4,4910,44.5,5.728674781,1855.898,91022.813,1,0
$CH,51.100,L1CD,7,4910,40.7,2.254046164,1349.445,66531.087,1,0
$CH,51.100,L1CD,8,4910,39.6,1.714462381,2104.374,103067.419,1,0
$CH,51.100,L1CD,9,4910,41.2,2.166971040,2271.087,111297.338,1,0
$CH,51.100,L1CD,16,4910,48.9,8.190542232,-157.704,-6880.694,1,0
$CH,51.100,L1CD,21,4910,41.3,0.238530608,-1414.776,-69685.486,1,0
$CH,51.100,L1CD,26,4910,47.5,2.457140613,-2472.723,-120847.560,1,0
$CH,51.100,L1CD,27,4910,42.7,9.497494184,1940.411,95235.750,1,0
$CH,51.100,L1CD,31,4910,43.0,8.658754554,-2594.007,-127507.976,1,0
$TIME,2024,5,11,3,31,53.025986
$CH,51.200,L1CD,1,4920,42.9,9.293484443,-2099.915,-103331.915,1,0
$CH,51.200,L1CD,2,4920,42.9,9.989590904,-1678.153,-82711.538,1,0
$CH,51.200,L1CD,3,4920,50.0,8.549428003,835.623,41872.168,1,0
$CH,51.200,L1CD,4,4920,44.5,5.728555604,1855.827,91208.391,1,0
$CH,51.200,L1CD,7,4920,40.7,2.253963007,1348.736,66666.006,1,0
$CH,51.200,L1CD,8,4920,39.6,1.714325016,2105.485,103277.964,1,0
$CH,51.200,L1CD,9,4920,41.2,2.166831993,2270.663,111524.415,1,0
$CH,51.200,L1CD,16,4920,48.9,8.190547637,-157.572,-6896.458,1,0
$CH,51.200,L1CD,21,4920,41.3,0.238612310,-1415.232,-69826.975,1,0
$CH,51.200,L1CD,26,4920,47.5,2.457294084,-2472.584,-121094.821,1,0
$CH,51.200,L1CD,27,4920,42.7,9.497373093,1940.436,95429.816,1,0
$CH,51.200,L1CD,31,4920,43.0,8.658917983,-2594.645,-127767.401,1,0
$TIME,2024,5,11,3,31,53.529582
$CH,51.300,L1CD,1,4930,42.9,9.293616971,-2099.588,-103541.876,1,0
$CH,51.300,L1CD,2,4930,42.9,9.989690506,-1678.215,-82879.350,1,0
$CH,51.300,L1CD,3,4930,50.0,8.549375831,835.532,41955.734,1,0
$CH,51.300,L1CD,4,4930,44.5,5.728437531,1855.789,91393.971,1,0
$CH,51.300,L1CD,7,4930,40.7,2.253874843,1349.518,66800.919,1,0
$CH,51.300,L1CD,8,4930,39.6,1.714195190,2105.098,103488.511,1,0
$CH,51.300,L1CD,9,4930,41.2,2.166683494,2270.483,111751.489,1,0
$CH,51.300,L1CD,16,4930,48.9,8.190563563,-157.880,-6912.232,1,0
$CH,51.300,L1CD,21,4930,41.3,0.238706807,-1414.717,-69968.473,1,0
$CH,51.300,L1CD,26,4930,47.5,2.457450018,-2472.592,-121342.087,1,0
$CH,51.300,L1CD,27,4930,42.7,9.497246126,1940.962,95623.875,1,0
$CH,51.300,L1CD,31,4930,43.0,8.659089328,-2594.416,-128026.831,1,0
$TIME,2024,5,11,3,31,54.033804
$CH,51.400,L1CD,1,4940,42.9,9.293749814,-2098.996,-103751.836,1,0
$CH,51.400,L1CD,2,4940,42.9,9.989799212,-1677.774,-83047.161,1,0
$CH,51.400,L1CD,3,4940,50.0,8.549322538,835.762,42039.290,1,0
$CH,51.400,L1CD,4,4940,44.5,5.728315123,1855.849,91579.555,1,0
$CH,51.400,L1CD,7,4940,40.7,2.253789987,1349.141,66935.844,1,0
$CH,51.400,L1CD,8,4940,39.6,1.714065197,2106.160,103699.054,1,0
$CH,51.400,L1CD,9,4940,41.2,2.166537393,2271.267,111978.563,1,0
$CH,51.400,L1CD,16,4940,48.9,8.190580070,-157.591,-6928.018,1,0
$CH,51.400,L1CD,21,4940,41.3,0.238797006,-1414.823,-70109.965,1,0
$CH,51.400,L1CD,26,4940,47.5,2.457610659,-2472.774,-121589.355,1,0
$CH,51.400,L1CD,27,4940,42.7,9.497126313,1940.841,95817.938,1,0
$CH,51.400,L1CD,31,4940,43.0,8.659254307,-2594.708,-128286.260,1,0
$TIME,2024,5,11,3,31,54.538600
$CH,51.500,L1CD,1,4950,42.9,9.293880826,-2099.913,-103961.799,1,0
$CH,51.500,L1CD,2,4950,42.9,9.989904709,-1678.460,-83214.964,1,0
$CH,51.500,L1CD,3,4950,50.0,8.549266648,835.578,42122.844,1,0
$CH,51.500,L1CD,4,4950,44.5,5.728199978,1855.321,91765.138,1,0
$CH,51.500,L1CD,7,4950,40.7,2.253702754,1349.085,67070.762,1,0
$CH,51.500,L1CD,8,4950,39.6,1.713929150,2105.082,103909.608,1,0
$CH,51.500,L1CD,9,4950,41.2,2.166396424,2270.573,112205.644,1,0
$CH,51.500,L1CD,16,4950,48.9,8.190581599,-157.972,-6943.805,1,0
$CH,51.500,L1CD,21,4950,41.3,0.238884518,-1414.918,-70251.450,1,0
$CH,51.500,L1CD,26,4950,47.5,2.457773203,-2472.732,-121836.630,1,0
$CH,51.500,L1CD,27,4950,42.7,9.497004487,1940.734,96012.002,1,0
$CH,51.500,L1CD,31,4950,43.0,8.659415972,-2593.987,-128545.686,1,0
$TIME,2024,5,11,3,31,55.044438
$CH,51.600,L1CD,1,4960,42.9,9.294013198,-2099.350,-104171.762,1,0
$CH,51.600,L1CD,2,4960,42.9,9.990013354,-1677.965,-83382.766,1,0
$CH,51.600,L1CD,3,4960,50.0,8.549215558,835.368,42206.393,1,0
$CH,51.600,L1CD,4,4960,44.5,5.728085392,1855.504,91950.717,1,0
$CH,51.600,L1CD,7,4960,40.7,2.253620478,1348.816,67205.670,1,0
$CH,51.600,L1CD,8,4960,39.6,1.713794825,2105.447,104120.166,1,0
$CH,51.600,L1CD,9,4960,41.2,2.166255060,2270.697,112432.717,1,0
$CH,51.600,L1CD,16,4960,48.9,8.190586425,-158.127,-6959.605,1,0
$CH,51.600,L1CD,21,4960,41.3,0.238972296,-1415.306,-70392.922,1,0
$CH,51.600,L1CD,26,4960,47.5,2.457925476,-2472.936,-122083.911,1,0
$CH,51.600,L1CD,27,4960,42.7,9.496874863,1940.465,96206.071,1,0
$CH,51.600,L1CD,31,4960,43.0,8.659572082,-2594.515,-128805.109,1,0
$TIME,2024,5,11,3,31,55.563270
$CH,51.700,L1CD,1,4970,42.9,9.294140027,-2099.816,-104381.723,1,0
$CH,51.700,L1CD,2,4970,42.9,9.990118322,-1678.563,-83550.562,1,0
$CH,51.700,L1CD,3,4970,50.0,8.549162447,835.210,42289.932,1,0
$CH,51.700,L1CD,4,4970,44.5,5.727961027,1855.883,92136.298,1,0
$CH,51.700,L1CD,7,4970,40.7,2.253538543,1349.586,67340.577,1,0
$CH,51.700,L1CD,8,4970,39.6,1.713661928,2105.632,104330.721,1,0
$CH,51.700,L1CD,9,4970,41.2,2.166106537,2270.826,112659.788,1,0
$CH,51.700,L1CD,16,4970,48.9,8.190603082,-157.877,-6975.410,1,0
$CH,51.700,L1CD,21,4970,41.3,0.239068121,-1415.525,-70534.404,1,0
$CH,51.700,L1CD,26,4970,47.5,2.458083845,-2472.878,-122331.193,1,0
$CH,51.700,L1CD,27,4970,42.7,9.496756473,1940.654,96400.131,1,0
$CH,51.700,L1CD,31,4970,43.0,8.659741126,-2594.063,-129064.535,1,0
$TIME,2024,5,11,3,31,56.063755
$CH,51.800,L1CD,1,4980,42.9,9.294275554,-2099.558,-104591.691,1,0
$CH,51.800,L1CD,2,4980,42.9,9.990219027,-1678.378,-83718.380,1,0
$CH,51.800,L1CD,3,4980,50.0,8.549109161,835.462,42373.465,1,0
$CH,51.800,L1CD,4,4980,44.5,5.727848914,1855.568,92321.881,1,0
$CH,51.800,L1CD,7,4980,40.7,2.253449710,1349.191,67475.484,1,0
$CH,51.800,L1CD,8,4980,39.6,1.713524647,2106.132,104541.277,1,0
$CH,51.800,L1CD,9,4980,41.2,2.165966394,2270.787,112886.880,1,0
$CH,51.800,L1CD,16,4980,48.9,8.190622375,-158.217,-6991.217,1,0
$CH,51.800,L1CD,21,4980,41.3,0.239151637,-1414.753,-70675.893,1,0
$CH,51.800,L1CD,26,4980,47.5,2.458238739,-2473.005,-122578.478,1,0
$CH,51.800,L1CD,27,4980,42.7,9.496626032,1941.082,96594.190,1,0
$CH,51.800,L1CD,31,4980,43.0,8.659910888,-2594.026,-129323.952,1,0
$TIME,2024,5,11,3,31,56.565298
$CH,51.900,L1CD,1,4990,42.9,9.294411418,-2100.075,-104801.645,1,0
$CH,51.900,L1CD,2,4990,42.9,9.990332327,-1677.694,-83886.189,1,0
$CH,51.900,L1CD,3,4990,50.0,8.549056931,835.167,42456.994,1,0
$CH,51.900,L1CD,4,4990,44.5,5.727730697,1856.213,92507.466,1,0
$CH,51.900,L1CD,7,4990,40.7,2.253361067,1348.654,67610.398,1,0
$CH,51.900,L1CD,8,4990,39.6,1.713400489,2105.664,104751.843,1,0
$CH,51.900,L1CD,9,4990,41.2,2.165819134,2270.713,113113.969,1,0
$CH,51.900,L1CD,16,4990,48.9,8.190620916,-158.110,-7007.036,1,0
$CH,51.900,L1CD,21,4990,41.3,0.239247822,-1414.773,-70817.371,1,0
$CH,51.900,L1CD,26,4990,47.5,2.458396979,-2472.744,-122825.778,1,0
$CH,51.900,L1CD,27,4990,42.7,9.496501751,1940.462,96788.259,1,0
$CH,51.900,L1CD,31,4990,43.0,8.660076427,-2593.984,-129583.377,1,0
$LOG,52.000,L1CD,12,SIGNAL NOT FOUND (32.4)
$TIME,2024,5,11,3,32,2.698687
$CH,52.000,L1CD,1,5000,42.1,9.294541944,-2099.814,-105011.607,1,0
$CH,52.000,L1CD,2,5000,42.7,9.990436377,-1677.762,-84053.990,1,0
$CH,52.000,L1CD,3,5000,50.1,8.549003905,835.047,42540.516,1,0
$CH,52.000,L1CD,4,5000,44.1,5.727615709,1855.755,92693.050,1,0
$CH,52.000,L1CD,7,5000,41.1,2.253270708,1349.113,67745.295,1,0
$CH,52.000,L1CD,8,5000,39.8,1.713260429,2105.213,104962.413,1,0
$CH,52.000,L1CD,9,5000,40.5,2.165673894,2271.233,113341.052,1,0
$CH,52.000,L1CD,16,5000,48.6,8.190630285,-158.269,-7022.862,1,0
$CH,52.000,L1CD,21,5000,40.7,0.239340828,-1414.299,-70958.851,1,0
$CH,52.000,L1CD,26,5000,48.0,2.458556303,-2473.199,-123073.070,1,0
$CH,52.000,L1CD,27,5000,42.1,9.496380004,1940.829,96982.322,1,0
$CH,52.000,L1CD,31,5000,42.6,8.660241737,-2594.254,-129842.796,1,0
$TIME,2024,5,11,3,32,3.402892
$CH,52.100,L1CD,1,5010,42.1,9.294675990,-2099.342,-105221.568,1,0
$CH,52.100,L1CD,2,5010,42.7,9.990545484,-1677.836,-84221.789,1,0
$CH,52.100,L1CD,3,5010,50.1,8.548949561,835.044,42624.030,1,0
$CH,52.100,L1CD,4,5010,44.1,5.727493215,1855.734,92878.637,1,0
$CH,52.100,L1CD,7,5010,41.1,2.253183461,1348.995,67880.187,1,0
$CH,52.100,L1CD,8,5010,39.8,1.713121440,2105.332,105172.976,1,0
$CH,52.100,L1CD,9,5010,40.5,2.165524541,2271.362,113568.135,1,0
$CH,52.100,L1CD,16,5010,48.6,8.190640842,-158.389,-7038.695,1,0
$CH,52.100,L1CD,21,5010,40.7,0.239426653,-1414.845,-71100.316,1,0
$CH,52.100,L1CD,26,5010,48.0,2.458708306,-2473.134,-123320.375,1,0
$CH,52.100,L1CD,27,5010,42.1,9.496263575,1940.415,97176.389,1,0
$CH,52.100,L1CD,31,5010,42.6,8.660409449,-2594.221,-130102.214,1,0
$TIME,2024,5,11,3,32,4.058285
$CH,52.200,L1CD,1,5020,42.1,9.294810976,-2099.710,-105431.527,1,0
$CH,52.200,L1CD,2,5020,42.7,9.990650072,-1678.767,-84389.578,1,0
$CH,52.200,L1CD,3,5020,50.1,8.548895730,835.113,42707.537,1,0
$CH,52.200,L1CD,4,5020,44.1,5.727377666,1856.152,93064.224,1,0
$CH,52.200,L1CD,7,5020,41.1,2.253098287,1349.072,68015.097,1,0
$CH,52.200,L1CD,8,5020,39.8,1.712994879,2106.528,105383.535,1,0
$CH,52.200,L1CD,9,5020,40.5,2.165375954,2270.791,113795.229,1,0
$CH,52.200,L1CD,16,5020,48.6,8.190662185,-158.384,-7054.534,1,0
$CH,52.200,L1CD,21,5020,40.7,0.239515688,-1414.424,-71241.795,1,0
$CH,52.200,L1CD,26,5020,48.0,2.458862919,-2472.945,-123567.680,1,0
$CH,52.200,L1CD,27,5020,42.1,9.496141424,1940.899,97370.456,1,0
$CH,52.200,L1CD,31,5020,42.6,8.660577867,-2594.078,-130361.631,1,0
$TIME,2024,5,11,3,32,4.712492
$CH,52.300,L1CD,1,5030,42.1,9.294948816,-2099.539,-105641.489,1,0
$CH,52.300,L1CD,2,5030,42.7,9.990755394,-1678.515,-84557.383,1,0
$CH,52.300,L1CD,3,5030,50.1,8.548844293,835.165,42791.040,1,0
$CH,52.300,L1CD,4,5030,44.1,5.727259679,1855.521,93249.813,1,0
$CH,52.300,L1CD,7,5030,41.1,2.253013258,1349.497,68149.987,1,0
$CH,52.300,L1CD,8,5030,39.8,1.712880942,2105.548,105594.121,1,0
$CH,52.300,L1CD,9,5030,40.5,2.165241137,2271.106,114022.321,1,0
$CH,52.300,L1CD,16,5030,48.6,8.190663537,-158.521,-7070.381,1,0
$CH,52.300,L1CD,21,5030,40.7,0.239603442,-1414.731,-71383.260,1,0
$CH,52.300,L1CD,26,5030,48.0,2.459020349,-2473.034,-123814.996,1,0
$CH,52.300,L1CD,27,5030,42.1,9.496012615,1940.551,97564.524,1,0
$CH,52.300,L1CD,31,5030,42.6,8.660735577,-2594.469,-130621.042,1,0
$TIME,2024,5,11,3,32,5.369130
$CH,52.400,L1CD,1,5040,42.1,9.295075897,-2099.347,-105851.448,1,0
$CH,52.400,L1CD,2,5040,42.7,9.990859047,-1677.791,-84725.181,1,0
$CH,52.400,L1CD,3,5040,50.1,8.548791078,834.981,42874.536,1,0
$CH,52.400,L1CD,4,5040,44.1,5.727139645,1855.677,93435.395,1,0
$CH,52.400,L1CD,7,5040,41.1,2.252935599,1348.778,68284.885,1,0
$CH,52.400,L1CD,8,5040,39.8,1.712739385,2105.428,105804.691,1,0
$CH,52.400,L1CD,9,5040,40.5,2.165088745,2271.031,114249.406,1,0
$CH,52.400,L1CD,16,5040,48.6,8.190670224,-158.473,-7086.235,1,0
$CH,52.400,L1CD,21,5040,40.7,0.239699428,-1414.661,-71524.736,1,0
$CH,52.400,L1CD,26,5040,48.0,2.459181031,-2472.998,-124062.311,1,0
$CH,52.400,L1CD,27,5040,42.1,9.495898827,1940.647,97758.587,1,0
$CH,52.400,L1CD,31,5040,42.6,8.660910053,-2593.832,-130880.457,1,0
$TIME,2024,5,11,3,32,6.025053
$CH,52.500,L1CD,1,5050,42.1,9.295213906,-2099.317,-106061.410,1,0
$CH,52.500,L1CD,2,5050,42.7,9.990970465,-1678.127,-84892.976,1,0
$CH,52.500,L1CD,3,5050,50.1,8.548737656,834.918,42958.027,1,0
$CH,52.500,L1CD,4,5050,44.1,5.727022387,1855.816,93620.989,1,0
$CH,52.500,L1CD,7,5050,41.1,2.252853153,1349.349,68419.771,1,0
$CH,52.500,L1CD,8,5050,39.8,1.712603970,2105.092,106015.280,1,0
$CH,52.500,L1CD,9,5050,40.5,2.164953499,2270.292,114476.504,1,0
$CH,52.500,L1CD,16,5050,48.6,8.190683523,-158.509,-7102.095,1,0
$CH,52.500,L1CD,21,5050,40.7,0.239786080,-1414.337,-71666.208,1,0
$CH,52.500,L1CD,26,5050,48.0,2.459340699,-2473.018,-124309.631,1,0
$CH,52.500,L1CD,27,5050,42.1,9.495769101,1940.658,97952.654,1,0
$CH,52.500,L1CD,31,5050,42.6,8.661064581,-2593.809,-131139.870,1,0
$TIME,2024,5,11,3,32,6.675553
$CH,52.600,L1CD,1,5060,42.1,9.295346544,-2099.422,-106271.369,1,0
$CH,52.600,L1CD,2,5060,42.7,9.991073503,-1678.054,-85060.770,1,0
$CH,52.600,L1CD,3,5060,50.1,8.548683151,834.740,43041.511,1,0
$CH,52.600,L1CD,4,5060,44.1,5.726904267,1856.167,93806.572,1,0
$CH,52.600,L1CD,7,5060,41.1,2.252769677,1349.136,68554.661,1,0
$CH,52.600,L1CD,8,5060,39.8,1.712464437,2105.833,106225.859,1,0
$CH,52.600,L1CD,9,5060,40.5,2.164813252,2270.699,114703.600,1,0
$CH,52.600,L1CD,16,5060,48.6,8.190701605,-158.869,-7117.962,1,0
$CH,52.600,L1CD,21,5060,40.7,0.239879807,-1414.651,-71807.666,1,0
$CH,52.600,L1CD,26,5060,48.0,2.459502299,-2473.474,-124556.954,1,0
$CH,52.600,L1CD,27,5060,42.1,9.495649669,1941.387,98146.718,1,0
$CH,52.600,L1CD,31,5060,42.6,8.661227200,-2593.583,-131399.293,1,0
$TIME,2024,5,11,3,32,7.174609
$CH,52.700,L1CD,1,5070,42.1,9.295483316,-2099.424,-106481.319,1,0
$CH,52.700,L1CD,2,5070,42.7,9.991180694,-1678.318,-85228.560,1,0
$CH,52.700,L1CD,3,5070,50.1,8.548632164,834.670,43124.991,1,0
$CH,52.700,L1CD,4,5070,44.1,5.726785744,1856.381,93992.164,1,0
$CH,52.700,L1CD,7,5070,41.1,2.252676111,1348.448,68689.549,1,0
$CH,52.700,L1CD,8,5070,39.8,1.712337866,2105.744,106436.449,1,0
$CH,52.700,L1CD,9,5070,40.5,2.164659742,2271.291,114930.688,1,0
$CH,52.700,L1CD,16,5070,48.6,8.190701367,-158.664,-7133.839,1,0
$CH,52.700,L1CD,21,5070,40.7,0.239974592,-1414.510,-71949.138,1,0
$CH,52.700,L1CD,26,5070,48.0,2.459655833,-2473.297,-124804.285,1,0
$CH,52.700,L1CD,27,5070,42.1,9.495521365,1940.427,98340.789,1,0
$CH,52.700,L1CD,31,5070,42.6,8.661392517,-2593.669,-131658.707,1,0
$TIME,2024,5,11,3,32,7.661114
$CH,52.800,L1CD,1,5080,42.1,9.295619087,-2099.750,-106691.280,1,0
$CH,52.800,L1CD,2,5080,42.7,9.991285859,-1678.223,-85396.348,1,0
$CH,52.800,L1CD,3,5080,50.1,8.548580228,834.533,43208.461,1,0
$CH,52.800,L1CD,4,5080,44.1,5.726661697,1855.772,94177.758,1,0
$CH,52.800,L1CD,7,5080,41.1,2.252591070,1348.790,68824.438,1,0
$CH,52.800,L1CD,8,5080,39.8,1.712202534,2106.028,106647.022,1,0
$CH,52.800,L1CD,9,5080,40.5,2.164524058,2270.972,115157.792,1,0
$CH,52.800,L1CD,16,5080,48.6,8.190708507,-159.074,-7149.721,1,0
$CH,52.800,L1CD,21,5080,40.7,0.240058828,-1414.696,-72090.601,1,0
$CH,52.800,L1CD,26,5080,48.0,2.459816113,-2473.582,-125051.618,1,0
$CH,52.800,L1CD,27,5080,42.1,9.495399446,1940.385,98534.858,1,0
$CH,52.800,L1CD,31,5080,42.6,8.661560853,-2594.293,-131918.121,1,0
$TIME,2024,5,11,3,32,8.152433
$CH,52.900,L1CD,1,5090,42.1,9.295748104,-2099.852,-106901.245,1,0
$CH,52.900,L1CD,2,5090,42.7,9.991389664,-1678.042,-85564.144,1,0
$CH,52.900,L1CD,3,5090,50.1,8.548528118,834.668,43291.922,1,0
$CH,52.900,L1CD,4,5090,44.1,5.726550014,1855.799,94363.349,1,0
$CH,52.900,L1CD,7,5090,41.1,2.252500708,1348.758,68959.318,1,0
$CH,52.900,L1CD,8,5090,39.8,1.712061832,2105.781,106857.611,1,0
$CH,52.900,L1CD,9,5090,40.5,2.164380697,2271.205,115384.888,1,0
$CH,52.900,L1CD,16,5090,48.6,8.190730242,-159.061,-7165.609,1,0
$CH,52.900,L1CD,21,5090,40.7,0.240147349,-1415.076,-72232.052,1,0
$CH,52.900,L1CD,26,5090,48.0,2.459970414,-2473.158,-125298.957,1,0
$CH,52.900,L1CD,27,5090,42.1,9.495280744,1940.354,98728.924,1,0
$CH,52.900,L1CD,31,5090,42.6,8.661730248,-2594.326,-132177.525,1,0
$TIME,2024,5,11,3,32,8.661110
$CH,53.000,L1CD,1,5100,42.5,9.295882258,-2099.400,-107111.202,1,0
$CH,53.000,L1CD,2,5100,42.7,9.991499629,-1677.802,-85731.937,1,0
$CH,53.000,L1CD,3,5100,49.8,8.548476150,834.377,43375.386,1,0
$CH,53.000,L1CD,4,5100,44.4,5.726430223,1855.646,94548.945,1,0
$CH,53.000,L1CD,7,5100,41.8,2.252417373,1348.700,69094.198,1,0
$CH,53.000,L1CD,8,5100,39.1,1.711920974,2106.619,107068.194,1,0
$CH,53.000,L1CD,9,5100,39.5,2.164234715,2270.904,115611.996,1,0
$CH,53.000,L1CD,16,5100,48.7,8.190741923,-158.981,-7181.507,1,0
$CH,53.000,L1CD,21,5100,40.9,0.240233521,-1414.510,-72373.523,1,0
$CH,53.000,L1CD,26,5100,47.3,2.460125011,-2473.673,-125546.304,1,0
$CH,53.000,L1CD,27,5100,41.9,9.495156132,1940.584,98922.987,1,0
$CH,53.000,L1CD,31,5100,42.6,8.661895123,-2593.676,-132436.937,1,0
$TIME,2024,5,11,3,32,9.145109
$CH,53.100,L1CD,1,5110,42.5,9.296017109,-2099.990,-107321.157,1,0
$CH,53.100,L1CD,2,5110,42.7,9.991606288,-1677.574,-85899.725,1,0
$CH,53.100,L1CD,3,5110,49.8,8.548421386,834.446,43458.833,1,0
$CH,53.100,L1CD,4,5110,44.4,5.726318430,1856.086,94734.537,1,0
$CH,53.100,L1CD,7,5110,41.8,2.252332572,1348.865,69229.077,1,0
$CH,53.100,L1CD,8,5110,39.1,1.711789607,2105.934,107278.804,1,0
$CH,53.100,L1CD,9,5110,39.5,2.164084650,2270.402,115839.091,1,0
$CH,53.100,L1CD,16,5110,48.7,8.190741845,-159.080,-7197.410,1,0
$CH,53.100,L1CD,21,5110,40.9,0.240322833,-1414.941,-72514.969,1,0
$CH,53.100,L1CD,26,5110,47.3,2.460272787,-2473.256,-125793.649,1,0
$CH,53.100,L1CD,27,5110,41.9,9.495026240,1941.036,99117.065,1,0
$CH,53.100,L1CD,31,5110,42.6,8.662052083,-2594.404,-132696.342,1,0
$TIME,2024,5,11,3,32,9.647207
$CH,53.200,L1CD,1,5120,42.5,9.296149649,-2099.678,-107531.110,1,0
$CH,53.200,L1CD,2,5120,42.7,9.991717057,-1677.614,-86067.514,1,0
$CH,53.200,L1CD,3,5120,49.8,8.548369904,834.306,43542.280,1,0
$CH,53.200,L1CD,4,5120,44.4,5.726201917,1856.093,94920.125,1,0
$CH,53.200,L1CD,7,5120,41.8,2.252240639,1348.613,69363.943,1,0
$CH,53.200,L1CD,8,5120,39.1,1.711659177,2105.507,107489.390,1,0
$CH,53.200,L1CD,9,5120,39.5,2.163942854,2271.172,116066.204,1,0
$CH,53.200,L1CD,16,5120,48.7,8.190744893,-159.219,-7213.320,1,0
$CH,53.200,L1CD,21,5120,40.9,0.240413965,-1415.127,-72656.420,1,0
$CH,53.200,L1CD,26,5120,47.3,2.460434424,-2473.317,-126041.003,1,0
$CH,53.200,L1CD,27,5120,41.9,9.494912195,1940.458,99311.139,1,0
$CH,53.200,L1CD,31,5120,42.6,8.662216756,-2594.094,-132955.749,1,0
$TIME,2024,5,11,3,32,10.176606
$CH,53.300,L1CD,1,5130,42.5,9.296281154,-2099.318,-107741.076,1,0
$CH,53.300,L1CD,2,5130,42.7,9.991817815,-1677.209,-86235.299,1,0
$CH,53.300,L1CD,3,5130,49.8,8.548316612,834.483,43625.721,1,0
$CH,53.300,L1CD,4,5130,44.4,5.726083608,1856.101,95105.726,1,0
$CH,53.300,L1CD,7,5130,41.8,2.252163599,1348.960,69498.819,1,0
$CH,53.300,L1CD,8,5130,39.1,1.711529211,2105.932,107699.981,1,0
$CH,53.300,L1CD,9,5130,39.5,2.163805512,2271.265,116293.310,1,0
$CH,53.300,L1CD,16,5130,48.7,8.190757445,-159.004,-7229.238,1,0
$CH,53.300,L1CD,21,5130,40.9,0.240502723,-1414.634,-72797.880,1,0
$CH,53.300,L1CD,26,5130,47.3,2.460596717,-2473.451,-126288.361,1,0
$CH,53.300,L1CD,27,5130,41.9,9.494785696,1941.340,99505.203,1,0
$CH,53.300,L1CD,31,5130,42.6,8.662386943,-2593.710,-133215.157,1,0
$TIME,2024,5,11,3,32,10.712274
$CH,53.400,L1CD,1,5140,42.5,9.296407038,-2099.627,-107951.024,1,0
$CH,53.400,L1CD,2,5140,42.7,9.991936263,-1677.503,-86403.082,1,0
$CH,53.400,L1CD,3,5140,49.8,8.548258511,834.304,43709.156,1,0
$CH,53.400,L1CD,4,5140,44.4,5.725965795,1855.799,95291.325,1,0
$CH,53.400,L1CD,7,5140,41.8,2.252074756,1348.445,69633.698,1,0
$CH,53.400,L1CD,8,5140,39.1,1.711391097,2106.017,107910.590,1,0
$CH,53.400,L1CD,9,5140,39.5,2.163657289,2270.849,116520.410,1,0
$CH,53.400,L1CD,16,5140,48.7,8.190781144,-159.371,-7245.164,1,0
$CH,53.400,L1CD,21,5140,40.9,0.240595141,-1414.462,-72939.330,1,0
$CH,53.400,L1CD,26,5140,47.3,2.460751774,-2473.562,-126535.723,1,0
$CH,53.400,L1CD,27,5140,41.9,9.494660045,1940.844,99699.267,1,0
$CH,53.400,L1CD,31,5140,42.6,8.662549953,-2594.789,-133474.561,1,0
$TIME,2024,5,11,3,32,11.210308
$CH,53.500,L1CD,1,5150,42.5,9.296539817,-2099.931,-108160.985,1,0
$CH,53.500,L1CD,2,5150,42.7,9.992034125,-1677.073,-86570.867,1,0
$CH,53.500,L1CD,3,5150,49.8,8.548205937,834.297,43792.582,1,0
$CH,53.500,L1CD,4,5150,44.4,5.725840371,1855.804,95476.921,1,0
$CH,53.500,L1CD,7,5150,41.8,2.252001043,1348.171,69768.565,1,0
$CH,53.500,L1CD,8,5150,39.1,1.711258507,2106.270,108121.186,1,0
$CH,53.500,L1CD,9,5150,39.5,2.163509062,2271.861,116747.525,1,0
$CH,53.500,L1CD,16,5150,48.7,8.190786780,-159.266,-7261.099,1,0
$CH,53.500,L1CD,21,5150,40.9,0.240686365,-1414.120,-73080.791,1,0
$CH,53.500,L1CD,26,5150,47.3,2.460903959,-2473.713,-126783.089,1,0
$CH,53.500,L1CD,27,5150,41.9,9.494538487,1940.915,99893.341,1,0
$CH,53.500,L1CD,31,5150,42.6,8.662711601,-2594.028,-133733.967,1,0
$TIME,2024,5,11,3,32,11.879610
$CH,53.600,L1CD,1,5160,42.5,9.296671335,-2099.611,-108370.944,1,0
$CH,53.600,L1CD,2,5160,42.7,9.992143127,-1677.567,-86738.642,1,0
$CH,53.600,L1CD,3,5160,49.8,8.548156292,834.304,43876.002,1,0
$CH,53.600,L1CD,4,5160,44.4,5.725727591,1855.838,95662.518,1,0
$CH,53.600,L1CD,7,5160,41.8,2.251916863,1348.702,69903.427,1,0
$CH,53.600,L1CD,8,5160,39.1,1.711126057,2105.824,108331.804,1,0
$CH,53.600,L1CD,9,5160,39.5,2.163364431,2271.295,116974.654,1,0
$CH,53.600,L1CD,16,5160,48.7,8.190796505,-159.568,-7277.036,1,0
$CH,53.600,L1CD,21,5160,40.9,0.240768950,-1414.711,-73222.233,1,0
$CH,53.600,L1CD,26,5160,47.3,2.461063104,-2473.643,-127030.463,1,0
$CH,53.600,L1CD,27,5160,41.9,9.494409062,1941.290,100087.403,1,0
$CH,53.600,L1CD,31,5160,42.6,8.662880614,-2595.050,-133993.362,1,0
$TIME,2024,5,11,3,32,12.405801
$CH,53.700,L1CD,1,5170,42.5,9.296810776,-2099.368,-108580.901,1,0
$CH,53.700,L1CD,2,5170,42.7,9.992249844,-1677.862,-86906.423,1,0
$CH,53.700,L1CD,3,5170,49.8,8.548100575,834.063,43959.417,1,0
$CH,53.700,L1CD,4,5170,44.4,5.725613392,1855.864,95848.114,1,0
$CH,53.700,L1CD,7,5170,41.8,2.251825729,1348.541,70038.293,1,0
$CH,53.700,L1CD,8,5170,39.1,1.711001035,2106.139,108542.411,1,0
$CH,53.700,L1CD,9,5170,39.5,2.163219254,2271.592,117201.742,1,0
$CH,53.700,L1CD,16,5170,48.7,8.190813437,-159.578,-7292.981,1,0
$CH,53.700,L1CD,21,5170,40.9,0.240867980,-1414.365,-73363.688,1,0
$CH,53.700,L1CD,26,5170,47.3,2.461222363,-2473.780,-127277.836,1,0
$CH,53.700,L1CD,27,5170,41.9,9.494285674,1940.700,100281.481,1,0
$CH,53.700,L1CD,31,5170,42.6,8.663045989,-2593.712,-134252.776,1,0
$TIME,2024,5,11,3,32,12.928190
$CH,53.800,L1CD,1,5180,42.5,9.296944194,-2099.301,-108790.855,1,0
$CH,53.800,L1CD,2,5180,42.7,9.992354709,-1678.135,-87074.199,1,0
$CH,53.800,L1CD,3,5180,49.8,8.548053345,834.022,44042.826,1,0
$CH,53.800,L1CD,4,5180,44.4,5.725492413,1855.437,96033.716,1,0
$CH,53.800,L1CD,7,5180,41.8,2.251740518,1349.079,70173.149,1,0
$CH,53.800,L1CD,8,5180,39.1,1.710861153,2105.973,108753.036,1,0
$CH,53.800,L1CD,9,5180,39.5,2.163086126,2271.318,117428.863,1,0
$CH,53.800,L1CD,16,5180,48.7,8.190817011,-159.653,-7308.934,1,0
$CH,53.800,L1CD,21,5180,40.9,0.240959925,-1414.301,-73505.118,1,0
$CH,53.800,L1CD,26,5180,47.3,2.461378195,-2473.854,-127525.216,1,0
$CH,53.800,L1CD,27,5180,41.9,9.494163681,1940.480,100475.562,1,0
$CH,53.800,L1CD,31,5180,42.6,8.663203022,-2593.976,-134512.167,1,0
$TIME,2024,5,11,3,32,13.498670
$CH,53.900,L1CD,1,5190,42.5,9.297080875,-2099.817,-109000.808,1,0
$CH,53.900,L1CD,2,5190,42.7,9.992466619,-1676.727,-87241.991,1,0
$CH,53.900,L1CD,3,5190,49.8,8.547997486,833.921,44126.228,1,0
$CH,53.900,L1CD,4,5190,44.4,5.725375504,1856.190,96219.313,1,0
$CH,53.900,L1CD,7,5190,41.8,2.251647566,1348.471,70308.015,1,0
$CH,53.900,L1CD,8,5190,39.1,1.710727391,2106.113,108963.633,1,0
$CH,53.900,L1CD,9,5190,39.5,2.162942487,2271.073,117655.983,1,0
$CH,53.900,L1CD,16,5190,48.7,8.190822955,-159.649,-7324.897,1,0
$CH,53.900,L1CD,21,5190,40.9,0.241044037,-1414.891,-73646.564,1,0
$CH,53.900,L1CD,26,5190,47.3,2.461537727,-2473.708,-127772.604,1,0
$CH,53.900,L1CD,27,5190,41.9,9.494036440,1940.650,100669.627,1,0
$CH,53.900,L1CD,31,5190,42.6,8.663374254,-2593.925,-134771.570,1,0
$TIME,2024,5,11,3,32,14.047947
$CH,54.000,L1CD,1,5200,43.3,9.297217589,-2099.433,-109210.766,1,0
$CH,54.000,L1CD,2,5200,42.1,9.992569460,-1678.584,-87409.750,1,0
$CH,54.000,L1CD,3,5200,50.2,8.547942507,833.942,44209.626,1,0
$CH,54.000,L1CD,4,5200,44.4,5.725257492,1856.014,96404.911,1,0
$CH,54.000,L1CD,7,5200,41.6,2.251567956,1348.666,70442.865,1,0
$CH,54.000,L1CD,8,5200,39.3,1.710591910,2105.660,109174.251,1,0
$CH,54.000,L1CD,9,5200,39.1,2.162789664,2271.043,117883.101,1,0
$CH,54.000,L1CD,16,5200,49.4,8.190828549,-159.552,-7340.867,1,0
$CH,54.000,L1CD,21,5200,39.9,0.241133716,-1414.654,-73788.004,1,0
$CH,54.000,L1CD,26,5200,47.3,2.461693782,-2473.994,-128019.988,1,0
$CH,54.000,L1CD,27,5200,41.1,9.493921471,1940.281,100863.703,1,0
$CH,54.000,L1CD,31,5200,42.1,8.663541313,-2593.852,-135030.973,1,0
$TIME,2024,5,11,3,32,14.578316
$CH,54.100,L1CD,1,5210,43.3,9.297345965,-2099.047,-109420.724,1,0
$CH,54.100,L1CD,2,5210,42.1,9.992666728,-1677.343,-87577.534,1,0
$CH,54.100,L1CD,3,5210,50.2,8.547891859,833.852,44293.015,1,0
$CH,54.100,L1CD,4,5210,44.4,5.725138729,1855.945,96590.512,1,0
$CH,54.100,L1CD,7,5210,41.6,2.251480974,1348.390,70577.725,1,0
$CH,54.100,L1CD,8,5210,39.3,1.710454582,2106.601,109384.872,1,0
$CH,54.100,L1CD,9,5210,39.1,2.162648097,2270.892,118110.221,1,0
$CH,54.100,L1CD,16,5210,49.4,8.190849708,-159.742,-7356.843,1,0
$CH,54.100,L1CD,21,5210,39.9,0.241227561,-1414.484,-73929.444,1,0
$CH,54.100,L1CD,26,5210,47.3,2.461853418,-2473.943,-128267.390,1,0
$CH,54.100,L1CD,27,5210,41.1,9.493806934,1940.926,101057.772,1,0
$CH,54.100,L1CD,31,5210,42.1,8.663703729,-2593.536,-135290.371,1,0
$TIME,2024,5,11,3,32,15.323683
$CH,54.200,L1CD,1,5220,43.3,9.297480651,-2099.906,-109630.674,1,0
$CH,54.200,L1CD,2,5220,42.1,9.992778136,-1677.676,-87745.309,1,0
$CH,54.200,L1CD,3,5220,50.2,8.547837694,833.913,44376.398,1,0
$CH,54.200,L1CD,4,5220,44.4,5.725019987,1856.031,96776.118,1,0
$CH,54.200,L1CD,7,5220,41.6,2.251390875,1348.212,70712.572,1,0
$CH,54.200,L1CD,8,5220,39.3,1.710317490,2106.292,109595.484,1,0
$CH,54.200,L1CD,9,5220,39.1,2.162498608,2271.379,118337.323,1,0
$CH,54.200,L1CD,16,5220,49.4,8.190861535,-160.031,-7372.823,1,0
$CH,54.200,L1CD,21,5220,39.9,0.241314784,-1414.254,-74070.888,1,0
$CH,54.200,L1CD,26,5220,47.3,2.462012734,-2473.925,-128514.785,1,0
$CH,54.200,L1CD,27,5220,41.1,9.493674896,1940.385,101251.848,1,0
$CH,54.200,L1CD,31,5220,42.1,8.663868796,-2594.310,-135549.760,1,0
$TIME,2024,5,11,3,32,15.934692
$CH,54.300,L1CD,1,5230,43.3,9.297615504,-2099.568,-109840.623,1,0
$CH,54.300,L1CD,2,5230,42.1,9.992884664,-1678.234,-87913.079,1,0
$CH,54.300,L1CD,3,5230,50.2,8.547782083,833.855,44459.778,1,0
$CH,54.300,L1CD,4,5230,44.4,5.724904693,1856.103,96961.717,1,0
$CH,54.300,L1CD,7,5230,41.6,2.251305666,1348.252,70847.425,1,0
$CH,54.300,L1CD,8,5230,39.3,1.710185987,2106.622,109806.111,1,0
$CH,54.300,L1CD,9,5230,39.1,2.162354494,2271.671,118564.471,1,0
$CH,54.300,L1CD,16,5230,49.4,8.190861896,-159.804,-7388.810,1,0
$CH,54.300,L1CD,21,5230,39.9,0.241394508,-1414.029,-74212.331,1,0
$CH,54.300,L1CD,26,5230,47.3,2.462168824,-2474.017,-128762.187,1,0
$CH,54.300,L1CD,27,5230,41.1,9.493548650,1941.091,101445.917,1,0
$CH,54.300,L1CD,31,5230,42.1,8.664029875,-2594.156,-135809.163,1,0
$TIME,2024,5,11,3,32,16.487486
$CH,54.400,L1CD,1,5240,43.3,9.297746633,-2099.835,-110050.581,1,0
$CH,54.400,L1CD,2,5240,42.1,9.992992169,-1677.681,-88080.850,1,0
$CH,54.400,L1CD,3,5240,50.2,8.547732031,833.514,44543.148,1,0
$CH,54.400,L1CD,4,5240,44.4,5.724787716,1855.900,97147.320,1,0
$CH,54.400,L1CD,7,5240,41.6,2.251223138,1348.475,70982.272,1,0
$CH,54.400,L1CD,8,5240,39.3,1.710054394,2106.542,110016.751,1,0
$CH,54.400,L1CD,9,5240,39.1,2.162219513,2271.089,118791.600,1,0
$CH,54.400,L1CD,16,5240,49.4,8.190867623,-160.066,-7404.810,1,0
$CH,54.400,L1CD,21,5240,39.9,0.241487366,-1414.558,-74353.753,1,0
$CH,54.400,L1CD,26,5240,47.3,2.462323660,-2474.037,-129009.595,1,0
$CH,54.400,L1CD,27,5240,41.1,9.493423217,1940.479,101640.001,1,0
$CH,54.400,L1CD,31,5240,42.1,8.664197990,-2593.213,-136068.555,1,0
$TIME,2024,5,11,3,32,17.025214
$CH,54.500,L1CD,1,5250,43.3,9.297885701,-2099.580,-110260.536,1,0
$CH,54.500,L1CD,2,5250,42.1,9.993101025,-1677.750,-88248.621,1,0
$CH,54.500,L1CD,3,5250,50.2,8.547679219,833.532,44626.513,1,0
$CH,54.500,L1CD,4,5250,44.4,5.724667467,1855.887,97332.932,1,0
$CH,54.500,L1CD,7,5250,41.6,2.251140149,1348.228,71117.113,1,0
$CH,54.500,L1CD,8,5250,39.3,1.709921449,2106.120,110227.368,1,0
$CH,54.500,L1CD,9,5250,39.1,2.162077340,2270.501,119018.719,1,0
$CH,54.500,L1CD,16,5250,49.4,8.190886066,-159.928,-7420.812,1,0
$CH,54.500,L1CD,21,5250,39.9,0.241584109,-1414.907,-74495.183,1,0
$CH,54.500,L1CD,26,5250,47.3,2.462476402,-2473.983,-129257.012,1,0
$CH,54.500,L1CD,27,5250,41.1,9.493307046,1940.605,101834.070,1,0
$CH,54.500,L1CD,31,5250,42.1,8.664355296,-2594.214,-136327.940,1,0
$TIME,2024,5,11,3,32,17.572425
$CH,54.600,L1CD,1,5260,43.3,9.298012121,-2099.205,-110470.501,1,0
$CH,54.600,L1CD,2,5260,42.1,9.993199054,-1677.629,-88416.394,1,0
$CH,54.600,L1CD,3,5260,50.2,8.547622715,833.339,44709.873,1,0
$CH,54.600,L1CD,4,5260,44.4,5.724549672,1855.526,97518.540,1,0
$CH,54.600,L1CD,7,5260,41.6,2.251050040,1348.124,71251.954,1,0
$CH,54.600,L1CD,8,5260,39.3,1.709795839,2107.120,110437.992,1,0
$CH,54.600,L1CD,9,5260,39.1,2.161925996,2272.056,119245.837,1,0
$CH,54.600,L1CD,16,5260,49.4,8.190899183,-160.215,-7436.822,1,0
$CH,54.600,L1CD,21,5260,39.9,0.241664371,-1415.165,-74636.616,1,0
$CH,54.600,L1CD,26,5260,47.3,2.462635788,-2474.253,-129504.427,1,0
$CH,54.600,L1CD,27,5260,41.1,9.493181107,1940.819,102028.145,1,0
$CH,54.600,L1CD,31,5260,42.1,8.664528375,-2593.416,-136587.346,1,0
$TIME,2024,5,11,3,32,18.157753
$CH,54.700,L1CD,1,5270,43.3,9.298145219,-2099.141,-110680.447,1,0
$CH,54.700,L1CD,2,5270,42.1,9.993305342,-1676.977,-88584.166,1,0
$CH,54.700,L1CD,3,5270,50.2,8.547574589,833.590,44793.224,1,0
$CH,54.700,L1CD,4,5270,44.4,5.724429567,1856.396,97704.139,1,0
$CH,54.700,L1CD,7,5270,41.6,2.250960445,1348.729,71386.791,1,0
$CH,54.700,L1CD,8,5270,39.3,1.709655823,2106.292,110648.647,1,0
$CH,54.700,L1CD,9,5270,39.1,2.161780354,2271.271,119472.965,1,0
$CH,54.700,L1CD,16,5270,49.4,8.190900041,-160.434,-7452.839,1,0
$CH,54.700,L1CD,21,5270,39.9,0.241759649,-1414.078,-74778.045,1,0
$CH,54.700,L1CD,26,5270,47.3,2.462791453,-2474.208,-129751.846,1,0
$CH,54.700,L1CD,27,5270,41.1,9.493055495,1940.757,102222.217,1,0
$CH,54.700,L1CD,31,5270,42.1,8.664692435,-2594.437,-136846.726,1,0
$TIME,2024,5,11,3,32,18.697070
$CH,54.800,L1CD,1,5280,43.3,9.298278598,-2099.591,-110890.396,1,0
$CH,54.800,L1CD,2,5280,42.1,9.993418497,-1677.563,-88751.926,1,0
$CH,54.800,L1CD,3,5280,50.2,8.547518172,833.471,44876.571,1,0
$CH,54.800,L1CD,4,5280,44.4,5.724313210,1855.938,97889.747,1,0
$CH,54.800,L1CD,7,5280,41.6,2.250878386,1348.281,71521.630,1,0
$CH,54.800,L1CD,8,5280,39.3,1.709521608,2106.301,110859.277,1,0
$CH,54.800,L1CD,9,5280,39.1,2.161635490,2271.529,119700.107,1,0
$CH,54.800,L1CD,16,5280,49.4,8.190907303,-160.379,-7468.864,1,0
$CH,54.800,L1CD,21,5280,39.9,0.241848615,-1413.837,-74919.470,1,0
$CH,54.800,L1CD,26,5280,47.3,2.462947468,-2474.382,-129999.275,1,0
$CH,54.800,L1CD,27,5280,41.1,9.492934612,1940.329,102416.298,1,0
$CH,54.800,L1CD,31,5280,42.1,8.664851795,-2593.592,-137106.126,1,0
$TIME,2024,5,11,3,32,19.220662
$CH,54.900,L1CD,1,5290,43.3,9.298414828,-2099.358,-111100.358,1,0
$CH,54.900,L1CD,2,5290,42.1,9.993516160,-1677.534,-88919.693,1,0
$CH,54.900,L1CD,3,5290,50.2,8.547465060,833.532,44959.907,1,0
$CH,54.900,L1CD,4,5290,44.4,5.724193850,1856.192,98075.354,1,0
$CH,54.900,L1CD,7,5290,41.6,2.250795818,1348.530,71656.472,1,0
$CH,54.900,L1CD,8,5290,39.3,1.709386072,2106.296,111069.911,1,0
$CH,54.900,L1CD,9,5290,39.1,2.161498370,2270.675,119927.227,1,0
$CH,54.900,L1CD,16,5290,49.4,8.190927754,-160.524,-7484.898,1,0
$CH,54.900,L1CD,21,5290,39.9,0.241938720,-1414.523,-75060.896,1,0
$CH,54.900,L1CD,26,5290,47.3,2.463107923,-2474.518,-130246.702,1,0
$CH,54.900,L1CD,27,5290,41.1,9.492813231,1940.628,102610.370,1,0
$CH,54.900,L1CD,31,5290,42.1,8.665015578,-2593.845,-137365.510,1,0
$TIME,2024,5,11,3,32,19.727779
$CH,55.000,L1CD,1,5300,43.4,9.298545883,-2098.665,-111310.315,1,0
$CH,55.000,L1CD,2,5300,41.8,9.993623806,-1678.398,-89087.452,1,0
$CH,55.000,L1CD,3,5300,49.4,8.547418089,833.303,45043.243,1,0
$CH,55.000,L1CD,4,5300,45.5,5.724076315,1856.009,98260.965,1,0
$CH,55.000,L1CD,7,5300,41.2,2.250707788,1348.371,71791.296,1,0
$CH,55.000,L1CD,8,5300,39.5,1.709252695,2105.907,111280.558,1,0
$CH,55.000,L1CD,9,5300,39.6,2.161365090,2271.406,120154.362,1,0
$CH,55.000,L1CD,16,5300,50.1,8.190937774,-160.356,-7500.937,1,0
$CH,55.000,L1CD,21,5300,39.5,0.242028626,-1414.343,-75202.324,1,0
$CH,55.000,L1CD,26,5300,46.9,2.463265331,-2474.662,-130494.140,1,0
$CH,55.000,L1CD,27,5300,41.7,9.492690597,1941.038,102804.450,1,0
$CH,55.000,L1CD,31,5300,42.7,8.665179590,-2594.061,-137624.904,1,0
$TIME,2024,5,11,3,32,20.255457
$CH,55.100,L1CD,1,5310,43.4,9.298672335,-2099.424,-111520.259,1,0
$CH,55.100,L1CD,2,5310,41.8,9.993729756,-1677.771,-89255.225,1,0
$CH,55.100,L1CD,3,5310,49.4,8.547364493,833.293,45126.572,1,0
$CH,55.100,L1CD,4,5310,45.5,5.723953051,1856.270,98446.570,1,0
$CH,55.100,L1CD,7,5310,41.2,2.250621248,1348.213,71926.138,1,0
$CH,55.100,L1CD,8,5310,39.5,1.709125769,2106.553,111491.206,1,0
$CH,55.100,L1CD,9,5310,39.6,2.161213478,2271.395,120381.500,1,0
$CH,55.100,L1CD,16,5310,50.1,8.190943009,-160.417,-7516.985,1,0
$CH,55.100,L1CD,21,5310,39.5,0.242118051,-1413.863,-75343.748,1,0
$CH,55.100,L1CD,26,5310,46.9,2.463422356,-2474.546,-130741.582,1,0
$CH,55.100,L1CD,27,5310,41.7,9.492566725,1940.532,102998.526,1,0
$CH,55.100,L1CD,31,5310,42.7,8.665345202,-2593.574,-137884.292,1,0
$TIME,2024,5,11,3,32,20.790435
$CH,55.200,L1CD,1,5320,43.4,9.298809531,-2100.008,-111730.208,1,0
$CH,55.200,L1CD,2,5320,41.8,9.993838292,-1677.426,-89422.984,1,0
$CH,55.200,L1CD,3,5320,49.4,8.547309198,833.164,45209.890,1,0
$CH,55.200,L1CD,4,5320,45.5,5.723836420,1856.135,98632.185,1,0
$CH,55.200,L1CD,7,5320,41.2,2.250532621,1348.136,72060.963,1,0
$CH,55.200,L1CD,8,5320,39.5,1.708987691,2106.258,111701.840,1,0
$CH,55.200,L1CD,9,5320,39.6,2.161061526,2271.494,120608.639,1,0
$CH,55.200,L1CD,16,5320,50.1,8.190950585,-160.765,-7533.034,1,0
$CH,55.200,L1CD,21,5320,39.5,0.242207243,-1414.307,-75485.168,1,0
$CH,55.200,L1CD,26,5320,46.9,2.463579400,-2474.471,-130989.026,1,0
$CH,55.200,L1CD,27,5320,41.7,9.492444086,1940.661,103192.598,1,0
$CH,55.200,L1CD,31,5320,42.7,8.665510878,-2594.482,-138143.661,1,0
$TIME,2024,5,11,3,32,21.297325
$CH,55.300,L1CD,1,5330,43.4,9.298939651,-2099.050,-111940.167,1,0
$CH,55.300,L1CD,2,5330,41.8,9.993946906,-1677.406,-89590.746,1,0
$CH,55.300,L1CD,3,5330,49.4,8.547257757,832.849,45293.207,1,0
$CH,55.300,L1CD,4,5330,45.5,5.723721070,1855.867,98817.791,1,0
$CH,55.300,L1CD,7,5330,41.2,2.250446232,1348.579,72195.781,1,0
$CH,55.300,L1CD,8,5330,39.5,1.708859828,2106.687,111912.499,1,0
$CH,55.300,L1CD,9,5330,39.6,2.160916888,2270.965,120835.779,1,0
$CH,55.300,L1CD,16,5330,50.1,8.190966687,-160.728,-7549.100,1,0
$CH,55.300,L1CD,21,5330,39.5,0.242301220,-1414.752,-75626.578,1,0
$CH,55.300,L1CD,26,5330,46.9,2.463738201,-2474.356,-131236.475,1,0
$CH,55.300,L1CD,27,5330,41.7,9.492322668,1940.628,103386.680,1,0
$CH,55.300,L1CD,31,5330,42.7,8.665676977,-2594.357,-138403.051,1,0
$TIME,2024,5,11,3,32,21.819022
$CH,55.400,L1CD,1,5340,43.4,9.299075343,-2099.802,-112150.113,1,0
$CH,55.400,L1CD,2,5340,41.8,9.994055397,-1677.388,-89758.507,1,0
$CH,55.400,L1CD,3,5340,49.4,8.547203888,832.957,45376.515,1,0
$CH,55.400,L1CD,4,5340,45.5,5.723603417,1856.115,99003.403,1,0
$CH,55.400,L1CD,7,5340,41.2,2.250363159,1347.914,72330.616,1,0
$CH,55.400,L1CD,8,5340,39.5,1.708724163,2106.736,112123.152,1,0
$CH,55.400,L1CD,9,5340,39.6,2.160779376,2271.351,121062.913,1,0
$CH,55.400,L1CD,16,5340,50.1,8.190977846,-160.770,-7565.162,1,0
$CH,55.400,L1CD,21,5340,39.5,0.242393227,-1413.905,-75767.999,1,0
$CH,55.400,L1CD,26,5340,46.9,2.463892259,-2474.615,-131483.927,1,0
$CH,55.400,L1CD,27,5340,41.7,9.492202596,1940.715,103580.760,1,0
$CH,55.400,L1CD,31,5340,42.7,8.665835575,-2593.864,-138662.438,1,0
$TIME,2024,5,11,3,32,22.340307
$CH,55.500,L1CD,1,5350,43.4,9.299208567,-2099.333,-112360.073,1,0
$CH,55.500,L1CD,2,5350,41.8,9.994157231,-1677.474,-89926.262,1,0
$CH,55.500,L1CD,3,5350,49.4,8.547150543,833.003,45459.816,1,0
$CH,55.500,L1CD,4,5350,45.5,5.723489046,1856.242,99189.022,1,0
$CH,55.500,L1CD,7,5350,41.2,2.250281996,1348.370,72465.431,1,0
$CH,55.500,L1CD,8,5350,39.5,1.708592769,2106.756,112333.802,1,0
$CH,55.500,L1CD,9,5350,39.6,2.160632153,2272.420,121290.051,1,0
$CH,55.500,L1CD,16,5350,50.1,8.190981832,-161.074,-7581.238,1,0
$CH,55.500,L1CD,21,5350,39.5,0.242484760,-1414.092,-75909.408,1,0
$CH,55.500,L1CD,26,5350,46.9,2.464047003,-2474.815,-131731.382,1,0
$CH,55.500,L1CD,27,5350,41.7,9.492078652,1940.479,103774.841,1,0
$CH,55.500,L1CD,31,5350,42.7,8.666005945,-2593.993,-138921.818,1,0
$LOG,55.570,L1CD,3,FRAME SYNC (R) TOI=3
$CNV2,37.050,L1CD,3,01A39CDA94014A3FEC33300000018CD00000033FD07E200A7EF0085A5859DC39D93AD013F7E130BFF1807A3FE2BFFA80067C0055660013E80050E001DC705800B400000400000001CF1684C501868E70001011148010186B200C00EBC00800CD2805023828030188642AAAB066E540
$LOG,55.570,L1CD,16,FRAME SYNC (N) TOI=3
$CNV2,37.050,L1CD,16,01A39CDA94014A003401A0000001A060000000C6CAE6A41B67279440A7028EBD5FEE9513A1B56A3F1BC007802BBFD400038A004CFE002004003C200188E9F000310001EA00000001CF39499008068E70001011148010186B200C00EBC00800CD2805023828030188642AAABB3157A0
$LOG,55.580,L1CD,1,FRAME SYNC (R) TOI=3
$CNV2,37.060,L1CD,1,01A39CDA94034A002116200000014610000004C8035ED01A597C3850DFF6160FE62318142E11D7820482613FE5802D8014EC002F660058CC0111C0002B64207FF800000B00000001CF4F58A100868E70001011148010186B200C00EBC00800CD2805023828030188642AAAB7945C40
$LOG,55.580,L1CD,2,FRAME SYNC (R) TOI=3
$CNV2,37.060,L1CD,2,01A39CDA94014A00B35220000001799800000034AF65F020B7C091924E5F5E0BC9111013B7B9FB801D413F3FD1BFCB001050002B2C005E0000DC80016EC2E800270001DA00000001CF00F99B01068E70001011148010186B200C00EBC00800CD2805023828030188642AAAB39FB9C0
$LOG,55.580,L1CD,4,FRAME SYNC (N) TOI=3
$CNV2,37.060,L1CD,4,01A39CDA94014A0015BBB000000183D000000718A788640533B08908302E5265E2DB3D13A127F5805E5D293FFE0009BFE9900035AE0048D1FEBCA00028D45800620001F700000001CF5E637F82068E70001011148010186B200C00EBC00800CD2805023828030188642AAABB8872C0
$LOG,55.580,L1CD,26,FRAME SYNC (N) TOI=3
$CNV2,37.060,L1CD,26,01A39CDA94014A00AF5B60000001DDF8000001DE70C97810BDD7C4262937D4B6DF60AF12FFFDBFBE6E40C700183FEE0008D40048A40020F00080C0003BE8487FF000000F00000001CF74A7B80D068E70001011148010186B200C00EBC00800CD2805023828030188642AAAA3090AA0
$LOG,55.580,L1CD,27,FRAME SYNC (R) TOI=3
$CNV2,37.060,L1CD,27,01A39CDA94014A004BAD4000000183C80000079C95A2F017CC32283C79F9FAE449881E13ADB1943FEC1DDC002B800B3FF2FA0036D000486DFF528001F5B0587FC900000300000001CF1EA1558D868E70001011148010186B200C00EBC00800CD2805023828030188642AAAA0F05620
$LOG,55.580,L1CD,31,FRAME SYNC (N) TOI=3
$CNV2,37.060,L1CD,31,01A39CDA94014A001AA8700000017D28000002D0EF9CC0156A19202F88AD129007C4C31373928180C64142BFE0BFD200066C0027E4006098004CE001C572B07FFB0001E400000001CF57462D8F868E70001011148010186B200C00EBC00800CD2805023828030188642AAAAF152420
$LOG,55.590,L1CD,7,FRAME SYNC (R) TOI=3
$CNV2,37.070,L1CD,7,01A39CDA94014A0099F1E00000017888000003E554252023EEC87D4EEBCF768F328FCF935E7A4D017701D7BFD4000F8009600023FC0061BC0076A00011B2187FA40001E800000001CF73CFDF03868E70001011148010186B200C00EBC00800CD2805023828030188642AAABF839740
$LOG,55.590,L1CD,8,FRAME SYNC (N) TOI=3
$CNV2,37.070,L1CD,8,01A39CDA94034A00B23AD000000192980000078524668011AA952C16212998E34C61ED137F012BBFDBDDC100130024BFF1680035A0004619FF3A6001DAB8287FEF00000B00000001CF4F678284068E70001011148010186B200C00EBC00800CD2805023828030188642AAAABA7E4C0
$LOG,55.590,L1CD,9,FRAME SYNC (N) TOI=3
$CNV2,37.070,L1CD,9,01A39CDA94014A3FB073F000000197300000003E13CAD00597F1389E315DE8638A90D5137E56A1BFDA1D2E8007BFF7BFE88E0037BA004381FEB54001F048B8005A00000200000001CF22260704868E70001011148010186B200C00EBC00800CD2805023828030188642AAAA85EB840
$LOG,55.590,L1CD,21,FRAME SYNC (N) TOI=3
$CNV2,37.070,L1CD,21,01A39CDA94034A3FCE969000000189000000078B63FEE832C2E545C66353EA0B8DF7211399F09CBFC941EEBF80BFEA800F62002C82005A8C00C6A0002709E07FF90001EA00000001CF49C5690A868E70001011148010186B200C00EBC00800CD2805023828030188642AAAB72D7920
$TIME,2024,5,11,3,32,22.895857
$CH,55.600,L1CD,1,5360,43.4,9.299342450,-2099.958,-112570.011,2,0
$CH,55.600,L1CD,2,5360,41.8,9.994265276,-1677.560,-90094.025,2,0
$CH,55.600,L1CD,3,5360,49.4,8.547095278,832.972,45543.111,2,0
$CH,55.600,L1CD,4,5360,45.5,5.723366207,1856.459,99374.632,2,0
$CH,55.600,L1CD,7,5360,41.2,2.250194421,1347.925,72600.249,2,0
$CH,55.600,L1CD,8,5360,39.5,1.708457190,2106.587,112544.458,2,0
$CH,55.600,L1CD,9,5360,39.6,2.160483019,2271.657,121517.208,2,0
$CH,55.600,L1CD,16,5360,50.1,8.190991861,-160.931,-7597.320,2,0
$CH,55.600,L1CD,21,5360,39.5,0.242567470,-1414.081,-76050.826,2,0
$CH,55.600,L1CD,26,5360,46.9,2.464203247,-2474.490,-131978.851,2,0
$CH,55.600,L1CD,27,5360,41.7,9.491952260,1941.034,103968.913,2,0
$CH,55.600,L1CD,31,5360,42.7,8.666165358,-2593.724,-139181.203,2,0
$TIME,2024,5,11,3,32,23.400433
$CH,55.700,L1CD,1,5370,43.4,9.299476278,-2099.432,-112779.962,2,0
$CH,55.700,L1CD,2,5370,41.8,9.994371076,-1677.551,-90261.772,2,0
$CH,55.700,L1CD,3,5370,49.4,8.547047099,832.934,45626.401,2,0
$CH,55.700,L1CD,4,5370,45.5,5.723247132,1856.250,99560.246,2,0
$CH,55.700,L1CD,7,5370,41.2,2.250113625,1348.167,72735.063,2,0
$CH,55.700,L1CD,8,5370,39.5,1.708317222,2106.707,112755.126,2,0
$CH,55.700,L1CD,9,5370,39.6,2.160349528,2271.734,121744.344,2,0
$CH,55.700,L1CD,16,5370,50.1,8.191013804,-160.933,-7613.411,2,0
$CH,55.700,L1CD,21,5370,39.5,0.242652471,-1414.002,-76192.229,2,0
$CH,55.700,L1CD,26,5370,46.9,2.464363102,-2474.730,-132226.317,2,0
$CH,55.700,L1CD,27,5370,41.7,9.491827102,1941.081,104162.992,2,0
$CH,55.700,L1CD,31,5370,42.7,8.666332986,-2593.640,-139440.579,2,0
$TIME,2024,5,11,3,32,23.925643
$CH,55.800,L1CD,1,5380,43.4,9.299611337,-2099.310,-112989.923,2,0
$CH,55.800,L1CD,2,5380,41.8,9.994477112,-1677.264,-90429.532,2,0
$CH,55.800,L1CD,3,5380,49.4,8.546991684,832.870,45709.685,2,0
$CH,55.800,L1CD,4,5380,45.5,5.723129764,1856.094,99745.861,2,0
$CH,55.800,L1CD,7,5380,41.2,2.250018615,1347.865,72869.877,2,0
$CH,55.800,L1CD,8,5380,39.5,1.708179143,2107.648,112965.775,2,0
$CH,55.800,L1CD,9,5380,39.6,2.160204240,2271.116,121971.502,2,0
$CH,55.800,L1CD,16,5380,50.1,8.191017686,-161.241,-7629.506,2,0
$CH,55.800,L1CD,21,5380,39.5,0.242749593,-1414.226,-76333.652,2,0
$CH,55.800,L1CD,26,5380,46.9,2.464523303,-2474.751,-132473.793,2,0
$CH,55.800,L1CD,27,5380,41.7,9.491702852,1940.903,104357.066,2,0
$CH,55.800,L1CD,31,5380,42.7,8.666494336,-2593.597,-139699.965,2,0
$TIME,2024,5,11,3,32,24.430834
$CH,55.900,L1CD,1,5390,43.4,9.299744369,-2099.493,-113199.866,2,0
$CH,55.900,L1CD,2,5390,41.8,9.994585088,-1676.738,-90597.287,2,0
$CH,55.900,L1CD,3,5390,49.4,8.546938621,832.750,45792.962,2,0
$CH,55.900,L1CD,4,5390,45.5,5.723012465,1855.706,99931.472,2,0
$CH,55.900,L1CD,7,5390,41.2,2.249938089,1348.228,73004.687,2,0
$CH,55.900,L1CD,8,5390,39.5,1.708058330,2106.339,113176.458,2,0
$CH,55.900,L1CD,9,5390,39.6,2.160056027,2271.506,122198.638,2,0
$CH,55.900,L1CD,16,5390,50.1,8.191021868,-161.226,-7645.608,2,0
$CH,55.900,L1CD,21,5390,39.5,0.242837845,-1414.196,-76475.040,2,0
$CH,55.900,L1CD,26,5390,46.9,2.464677190,-2474.779,-132721.268,2,0
$CH,55.900,L1CD,27,5390,41.7,9.491581814,1940.909,104551.152,2,0
$CH,55.900,L1CD,31,5390,42.7,8.666661312,-2593.501,-139959.340,2,0
$TIME,2024,5,11,3,32,24.940458
$CH,56.000,L1CD,1,5400,43.7,9.299875311,-2099.747,-113409.819,2,0
$CH,56.000,L1CD,2,5400,42.3,9.994695398,-1677.957,-90765.029,2,0
$CH,56.000,L1CD,3,5400,48.6,8.546887444,832.672,45876.233,2,0
$CH,56.000,L1CD,4,5400,45.5,5.722898098,1856.181,100117.093,2,0
$CH,56.000,L1CD,7,5400,41.4,2.249847915,1348.606,73139.495,2,0
$CH,56.000,L1CD,8,5400,40.8,1.707929526,2106.846,113387.122,2,0
$CH,56.000,L1CD,9,5400,39.7,2.159903881,2271.868,122425.782,2,0
$CH,56.000,L1CD,16,5400,50.0,8.191032592,-161.074,-7661.722,2,0
$CH,56.000,L1CD,21,5400,39.6,0.242931491,-1414.278,-76616.459,2,0
$CH,56.000,L1CD,26,5400,47.9,2.464830480,-2474.630,-132968.751,2,0
$CH,56.000,L1CD,27,5400,41.6,9.491461146,1940.897,104745.233,2,0
$CH,56.000,L1CD,31,5400,42.5,8.666829320,-2593.933,-140218.715,2,0
$TIME,2024,5,11,3,32,25.450753
$CH,56.100,L1CD,1,5410,43.7,9.300004859,-2099.654,-113619.766,2,0
$CH,56.100,L1CD,2,5410,42.3,9.994814257,-1676.835,-90932.788,2,0
$CH,56.100,L1CD,3,5410,48.6,8.546836612,832.595,45959.499,2,0
$CH,56.100,L1CD,4,5410,45.5,5.722777258,1856.398,100302.708,2,0
$CH,56.100,L1CD,7,5410,41.4,2.249766466,1348.385,73274.306,2,0
$CH,56.100,L1CD,8,5410,40.8,1.707791097,2106.577,113597.785,2,0
$CH,56.100,L1CD,9,5410,39.7,2.159765113,2271.597,122652.926,2,0
$CH,56.100,L1CD,16,5410,50.0,8.191053461,-160.692,-7677.842,2,0
$CH,56.100,L1CD,21,5410,39.6,0.243017872,-1413.914,-76757.863,2,0
$CH,56.100,L1CD,26,5410,47.9,2.464988833,-2475.012,-133216.234,2,0
$CH,56.100,L1CD,27,5410,41.6,9.491327522,1940.926,104939.314,2,0
$CH,56.100,L1CD,31,5410,42.5,8.666998610,-2593.571,-140478.091,2,0
$TIME,2024,5,11,3,32,25.952439
$CH,56.200,L1CD,1,5420,43.7,9.300140984,-2099.848,-113829.716,2,0
$CH,56.200,L1CD,2,5420,42.3,9.994910211,-1676.888,-91100.539,2,0
$CH,56.200,L1CD,3,5420,48.6,8.546780595,832.547,46042.758,2,0
$CH,56.200,L1CD,4,5420,45.5,5.722661603,1856.559,100488.322,2,0
$CH,56.200,L1CD,7,5420,41.4,2.249678677,1348.036,73409.114,2,0
$CH,56.200,L1CD,8,5420,40.8,1.707657097,2106.476,113808.455,2,0
$CH,56.200,L1CD,9,5420,39.7,2.159620724,2271.759,122880.098,2,0
$CH,56.200,L1CD,16,5420,50.0,8.191060823,-161.196,-7693.963,2,0
$CH,56.200,L1CD,21,5420,39.6,0.243112146,-1413.678,-76899.265,2,0
$CH,56.200,L1CD,26,5420,47.9,2.465150573,-2475.148,-133463.722,2,0
$CH,56.200,L1CD,27,5420,41.6,9.491208680,1940.529,105133.394,2,0
$CH,56.200,L1CD,31,5420,42.5,8.667156517,-2594.138,-140737.464,2,0
$TIME,2024,5,11,3,32,26.456981
$CH,56.300,L1CD,1,5430,43.7,9.300274267,-2099.457,-114039.670,2,0
$CH,56.300,L1CD,2,5430,42.3,9.995014661,-1677.184,-91268.286,2,0
$CH,56.300,L1CD,3,5430,48.6,8.546728366,832.627,46126.008,2,0
$CH,56.300,L1CD,4,5430,45.5,5.722543376,1856.368,100673.950,2,0
$CH,56.300,L1CD,7,5430,41.4,2.249593096,1347.811,73543.914,2,0
$CH,56.300,L1CD,8,5430,40.8,1.707525223,2106.831,114019.137,2,0
$CH,56.300,L1CD,9,5430,39.7,2.159476028,2271.630,123107.252,2,0
$CH,56.300,L1CD,16,5430,50.0,8.191066711,-161.564,-7710.093,2,0
$CH,56.300,L1CD,21,5430,39.6,0.243206991,-1414.123,-77040.665,2,0
$CH,56.300,L1CD,26,5430,47.9,2.465304754,-2474.988,-133711.222,2,0
$CH,56.300,L1CD,27,5430,41.6,9.491086524,1940.653,105327.475,2,0
$CH,56.300,L1CD,31,5430,42.5,8.667324454,-2593.831,-140996.843,2,0
$TIME,2024,5,11,3,32,26.960321
$CH,56.400,L1CD,1,5440,43.7,9.300409114,-2099.521,-114249.622,2,0
$CH,56.400,L1CD,2,5440,42.3,9.995122693,-1678.112,-91436.023,2,0
$CH,56.400,L1CD,3,5440,48.6,8.546672973,832.489,46209.256,2,0
$CH,56.400,L1CD,4,5440,45.5,5.722429027,1855.821,100859.567,2,0
$CH,56.400,L1CD,7,5440,41.4,2.249518744,1347.873,73678.714,2,0
$CH,56.400,L1CD,8,5440,40.8,1.707378672,2106.945,114229.809,2,0
$CH,56.400,L1CD,9,5440,39.7,2.159335825,2271.870,123334.410,2,0
$CH,56.400,L1CD,16,5440,50.0,8.191079037,-161.406,-7726.234,2,0
$CH,56.400,L1CD,21,5440,39.6,0.243288001,-1414.044,-77182.062,2,0
$CH,56.400,L1CD,26,5440,47.9,2.465459166,-2474.800,-133958.725,2,0
$CH,56.400,L1CD,27,5440,41.6,9.490957912,1941.070,105521.560,2,0
$CH,56.400,L1CD,31,5440,42.5,8.667482513,-2594.355,-141256.211,2,0
$TIME,2024,5,11,3,32,27.469214
$CH,56.500,L1CD,1,5450,43.7,9.300543540,-2098.742,-114459.563,2,0
$CH,56.500,L1CD,2,5450,42.3,9.995225127,-1677.500,-91603.776,2,0
$CH,56.500,L1CD,3,5450,48.6,8.546618980,832.238,46292.495,2,0
$CH,56.500,L1CD,4,5450,45.5,5.722317236,1855.818,101045.189,2,0
$CH,56.500,L1CD,7,5450,41.4,2.249430188,1347.889,73813.503,2,0
$CH,56.500,L1CD,8,5450,40.8,1.707244017,2106.982,114440.495,2,0
$CH,56.500,L1CD,9,5450,39.7,2.159195368,2271.095,123561.570,2,0
$CH,56.500,L1CD,16,5450,50.0,8.191101344,-161.441,-7742.383,2,0
$CH,56.500,L1CD,21,5450,39.6,0.243378430,-1413.984,-77323.461,2,0
$CH,56.500,L1CD,26,5450,47.9,2.465622693,-2474.839,-134206.224,2,0
$CH,56.500,L1CD,27,5450,41.6,9.490847978,1940.835,105715.646,2,0
$CH,56.500,L1CD,31,5450,42.5,8.667653276,-2593.543,-141515.588,2,0
$TIME,2024,5,11,3,32,27.965508
$CH,56.600,L1CD,1,5460,43.7,9.300670802,-2099.382,-114669.513,2,0
$CH,56.600,L1CD,2,5460,42.3,9.995335983,-1677.346,-91771.520,2,0
$CH,56.600,L1CD,3,5460,48.6,8.546571043,832.373,46375.728,2,0
$CH,56.600,L1CD,4,5460,45.5,5.722193448,1856.345,101230.811,2,0
$CH,56.600,L1CD,7,5460,41.4,2.249341044,1348.331,73948.299,2,0
$CH,56.600,L1CD,8,5460,40.8,1.707107418,2107.532,114651.177,2,0
$CH,56.600,L1CD,9,5460,39.7,2.159050478,2271.873,123788.725,2,0
$CH,56.600,L1CD,16,5460,50.0,8.191099007,-161.553,-7758.534,2,0
$CH,56.600,L1CD,21,5460,39.6,0.243469532,-1413.719,-77464.847,2,0
$CH,56.600,L1CD,26,5460,47.9,2.465778212,-2474.915,-134453.738,2,0
$CH,56.600,L1CD,27,5460,41.6,9.490715884,1940.967,105909.722,2,0
$CH,56.600,L1CD,31,5460,42.5,8.667815424,-2593.471,-141774.962,2,0
$TIME,2024,5,11,3,32,28.489114
$CH,56.700,L1CD,1,5470,43.7,9.300809556,-2099.551,-114879.470,2,0
$CH,56.700,L1CD,2,5470,42.3,9.995439233,-1677.347,-91939.265,2,0
$CH,56.700,L1CD,3,5470,48.6,8.546515776,832.187,46458.954,2,0
$CH,56.700,L1CD,4,5470,45.5,5.722078627,1856.262,101416.427,2,0
$CH,56.700,L1CD,7,5470,41.4,2.249254341,1347.704,74083.104,2,0
$CH,56.700,L1CD,8,5470,40.8,1.706967307,2106.253,114861.865,2,0
$CH,56.700,L1CD,9,5470,39.7,2.158896564,2270.493,124015.892,2,0
$CH,56.700,L1CD,16,5470,50.0,8.191103995,-161.535,-7774.692,2,0
$CH,56.700,L1CD,21,5470,39.6,0.243558734,-1414.334,-77606.248,2,0
$CH,56.700,L1CD,26,5470,47.9,2.465931597,-2475.342,-134701.249,2,0
$CH,56.700,L1CD,27,5470,41.6,9.490590415,1940.977,106103.802,2,0
$CH,56.700,L1CD,31,5470,42.5,8.667983066,-2593.360,-142034.330,2,0
$TIME,2024,5,11,3,32,29.000990
$CH,56.800,L1CD,1,5480,43.7,9.300942384,-2099.822,-115089.412,2,0
$CH,56.800,L1CD,2,5480,42.3,9.995551828,-1677.147,-92107.007,2,0
$CH,56.800,L1CD,3,5480,48.6,8.546461553,832.120,46542.176,2,0
$CH,56.800,L1CD,4,5480,45.5,5.721956912,1855.822,101602.053,2,0
$CH,56.800,L1CD,7,5480,41.4,2.249170778,1347.574,74217.889,2,0
$CH,56.800,L1CD,8,5480,40.8,1.706846452,2106.818,115072.545,2,0
$CH,56.800,L1CD,9,5480,39.7,2.158753810,2271.218,124243.047,2,0
$CH,56.800,L1CD,16,5480,50.0,8.191112698,-161.836,-7790.862,2,0
$CH,56.800,L1CD,21,5480,39.6,0.243641958,-1413.965,-77747.634,2,0
$CH,56.800,L1CD,26,5480,47.9,2.466088575,-2475.066,-134948.771,2,0
$CH,56.800,L1CD,27,5480,41.6,9.490460122,1941.109,106297.883,2,0
$CH,56.800,L1CD,31,5480,42.5,8.668141766,-2593.651,-142293.691,2,0
$TIME,2024,5,11,3,32,29.516575
$CH,56.900,L1CD,1,5490,43.7,9.301076250,-2099.687,-115299.353,2,0
$CH,56.900,L1CD,2,5490,42.3,9.995648553,-1677.269,-92274.737,2,0
$CH,56.900,L1CD,3,5490,48.6,8.546412339,832.105,46625.391,2,0
$CH,56.900,L1CD,4,5490,45.5,5.721842047,1856.300,101787.675,2,0
$CH,56.900,L1CD,7,5490,41.4,2.249084070,1347.972,74352.677,2,0
$CH,56.900,L1CD,8,5490,40.8,1.706717669,2106.746,115283.240,2,0
$CH,56.900,L1CD,9,5490,39.7,2.158617215,2271.661,124470.216,2,0
$CH,56.900,L1CD,16,5490,50.0,8.191135569,-161.848,-7807.037,2,0
$CH,56.900,L1CD,21,5490,39.6,0.243735864,-1413.707,-77889.027,2,0
$CH,56.900,L1CD,26,5490,47.9,2.466248182,-2475.278,-135196.286,2,0
$CH,56.900,L1CD,27,5490,41.6,9.490343746,1940.932,106491.970,2,0
$CH,56.900,L1CD,31,5490,42.5,8.668304196,-2594.247,-142553.057,2,0
$TIME,2024,5,11,3,32,30.023597
$CH,57.000,L1CD,1,5500,43.5,9.301208839,-2099.715,-115509.305,2,0
$CH,57.000,L1CD,2,5500,41.5,9.995760023,-1677.762,-92442.484,2,0
$CH,57.000,L1CD,3,5500,49.7,8.546359543,832.040,46708.598,2,0
$CH,57.000,L1CD,4,5500,46.2,5.721720803,1856.212,101973.305,2,0
$CH,57.000,L1CD,7,5500,40.5,2.248993928,1347.259,74487.461,2,0
$CH,57.000,L1CD,8,5500,40.8,1.706578912,2107.263,115493.931,2,0
$CH,57.000,L1CD,9,5500,39.8,2.158469797,2272.346,124697.375,2,0
$CH,57.000,L1CD,16,5500,49.8,8.191141612,-161.733,-7823.219,2,0
$CH,57.000,L1CD,21,5500,39.5,0.243828394,-1413.926,-78030.416,2,0
$CH,57.000,L1CD,26,5500,46.9,2.466405998,-2475.267,-135443.813,2,0
$CH,57.000,L1CD,27,5500,41.2,9.490225103,1940.790,106686.054,2,0
$CH,57.000,L1CD,31,5500,43.0,8.668473044,-2594.174,-142812.425,2,0
$TIME,2024,5,11,3,32,30.539192
$CH,57.100,L1CD,1,5510,43.5,9.301343068,-2098.967,-115719.255,2,0
$CH,57.100,L1CD,2,5510,41.5,9.995868174,-1677.305,-92610.218,2,0
$CH,57.100,L1CD,3,5510,49.7,8.546301023,832.048,46791.800,2,0
$CH,57.100,L1CD,4,5510,46.2,5.721604101,1856.015,102158.924,2,0
$CH,57.100,L1CD,7,5510,40.5,2.248908361,1347.992,74622.244,2,0
$CH,57.100,L1CD,8,5510,40.8,1.706441744,2107.154,115704.630,2,0
$CH,57.100,L1CD,9,5510,39.8,2.158321578,2271.970,124924.544,2,0
$CH,57.100,L1CD,16,5510,49.8,8.191143641,-161.935,-7839.409,2,0
$CH,57.100,L1CD,21,5510,39.5,0.243911205,-1413.813,-78171.802,2,0
$CH,57.100,L1CD,26,5510,46.9,2.466562801,-2475.558,-135691.346,2,0
$CH,57.100,L1CD,27,5510,41.2,9.490098419,1940.491,106880.141,2,0
$CH,57.100,L1CD,31,5510,43.0,8.668636487,-2593.567,-143071.793,2,0
$TIME,2024,5,11,3,32,31.035062
$CH,57.200,L1CD,1,5520,43.5,9.301473416,-2099.538,-115929.201,2,0
$CH,57.200,L1CD,2,5520,41.5,9.995975767,-1678.030,-92777.958,2,0
$CH,57.200,L1CD,3,5520,49.7,8.546251052,832.065,46874.996,2,0
$CH,57.200,L1CD,4,5520,46.2,5.721484841,1855.949,102344.550,2,0
$CH,57.200,L1CD,7,5520,40.5,2.248827280,1347.641,74757.031,2,0
$CH,57.200,L1CD,8,5520,40.8,1.706312377,2106.879,115915.331,2,0
$CH,57.200,L1CD,9,5520,39.8,2.158176891,2271.988,125151.710,2,0
$CH,57.200,L1CD,16,5520,49.8,8.191153399,-162.065,-7855.603,2,0
$CH,57.200,L1CD,21,5520,39.5,0.243994945,-1413.760,-78313.184,2,0
$CH,57.200,L1CD,26,5520,46.9,2.466719598,-2475.251,-135938.888,2,0
$CH,57.200,L1CD,27,5520,41.2,9.489976168,1941.331,107074.221,2,0
$CH,57.200,L1CD,31,5520,43.0,8.668808560,-2593.807,-143331.158,2,0
$TIME,2024,5,11,3,32,31.538103
$CH,57.300,L1CD,1,5530,43.5,9.301610285,-2099.035,-116139.148,2,0
$CH,57.300,L1CD,2,5530,41.5,9.996074352,-1677.328,-92945.701,2,0
$CH,57.300,L1CD,3,5530,49.7,8.546198136,831.826,46958.185,2,0
$CH,57.300,L1CD,4,5530,46.2,5.721369975,1856.034,102530.180,2,0
$CH,57.300,L1CD,7,5530,40.5,2.248741986,1347.734,74891.805,2,0
$CH,57.300,L1CD,8,5530,40.8,1.706181790,2107.272,116126.025,2,0
$CH,57.300,L1CD,9,5530,39.8,2.158031773,2270.969,125378.894,2,0
$CH,57.300,L1CD,16,5530,49.8,8.191180762,-161.928,-7871.807,2,0
$CH,57.300,L1CD,21,5530,39.5,0.244095060,-1413.578,-78454.561,2,0
$CH,57.300,L1CD,26,5530,46.9,2.466876047,-2475.566,-136186.430,2,0
$CH,57.300,L1CD,27,5530,41.2,9.489852545,1940.827,107268.311,2,0
$CH,57.300,L1CD,31,5530,43.0,8.668968569,-2594.200,-143590.520,2,0
$TIME,2024,5,11,3,32,32.046868
$CH,57.400,L1CD,1,5540,43.5,9.301739594,-2099.982,-116349.092,2,0
$CH,57.400,L1CD,2,5540,41.5,9.996189445,-1677.362,-93113.427,2,0
$CH,57.400,L1CD,3,5540,49.7,8.546142727,831.701,47041.371,2,0
$CH,57.400,L1CD,4,5540,46.2,5.721251626,1856.296,102715.805,2,0
$CH,57.400,L1CD,7,5540,40.5,2.248656053,1348.023,75026.582,2,0
$CH,57.400,L1CD,8,5540,40.8,1.706045622,2106.787,116336.729,2,0
$CH,57.400,L1CD,9,5540,39.8,2.157893408,2271.213,125606.046,2,0
$CH,57.400,L1CD,16,5540,49.8,8.191179827,-161.996,-7888.019,2,0
$CH,57.400,L1CD,21,5540,39.5,0.244188014,-1413.328,-78595.963,2,0
$CH,57.400,L1CD,26,5540,46.9,2.467030048,-2475.618,-136433.974,2,0
$CH,57.400,L1CD,27,5540,41.2,9.489728615,1940.820,107462.394,2,0
$CH,57.400,L1CD,31,5540,43.0,8.669130631,-2593.437,-143849.885,2,0
$TIME,2024,5,11,3,32,32.555336
$CH,57.500,L1CD,1,5550,43.5,9.301876452,-2100.017,-116559.037,2,0
$CH,57.500,L1CD,2,5550,41.5,9.996298192,-1677.339,-93281.160,2,0
$CH,57.500,L1CD,3,5550,49.7,8.546089408,831.634,47124.546,2,0
$CH,57.500,L1CD,4,5550,46.2,5.721135067,1856.482,102901.429,2,0
$CH,57.500,L1CD,7,5550,40.5,2.248566104,1347.609,75161.352,2,0
$CH,57.500,L1CD,8,5550,40.8,1.705909144,2106.972,116547.443,2,0
$CH,57.500,L1CD,9,5550,39.8,2.157751229,2272.475,125833.231,2,0
$CH,57.500,L1CD,16,5550,49.8,8.191185474,-162.221,-7904.233,2,0
$CH,57.500,L1CD,21,5550,39.5,0.244272274,-1412.713,-78737.333,2,0
$CH,57.500,L1CD,26,5550,46.9,2.467190159,-2475.470,-136681.522,2,0
$CH,57.500,L1CD,27,5550,41.2,9.489604925,1941.006,107656.477,2,0
$CH,57.500,L1CD,31,5550,43.0,8.669289327,-2593.652,-144109.245,2,0
$TIME,2024,5,11,3,32,33.088596
$CH,57.600,L1CD,1,5560,43.5,9.302003766,-2099.448,-116768.990,2,0
$CH,57.600,L1CD,2,5560,41.5,9.996400497,-1677.425,-93448.893,2,0
$CH,57.600,L1CD,3,5560,49.7,8.546039808,831.685,47207.714,2,0
$CH,57.600,L1CD,4,5560,46.2,5.721015025,1856.216,103087.067,2,0
$CH,57.600,L1CD,7,5560,40.5,2.248480535,1348.029,75296.120,2,0
$CH,57.600,L1CD,8,5560,40.8,1.705777053,2106.904,116758.151,2,0
$CH,57.600,L1CD,9,5560,39.8,2.157612357,2271.738,126060.407,2,0
$CH,57.600,L1CD,16,5560,49.8,8.191202391,-162.059,-7920.461,2,0
$CH,57.600,L1CD,21,5560,39.5,0.244365756,-1413.876,-78878.701,2,0
$CH,57.600,L1CD,26,5560,46.9,2.467349671,-2475.550,-136929.078,2,0
$CH,57.600,L1CD,27,5560,41.2,9.489485136,1941.035,107850.568,2,0
$CH,57.600,L1CD,31,5560,43.0,8.669463674,-2593.894,-144368.608,2,0
$TIME,2024,5,11,3,32,33.605411
$CH,57.700,L1CD,1,5570,43.5,9.302141189,-2099.182,-116978.933,2,0
$CH,57.700,L1CD,2,5570,41.5,9.996503646,-1677.562,-93616.619,2,0
$CH,57.700,L1CD,3,5570,49.7,8.545982611,831.398,47290.883,2,0
$CH,57.700,L1CD,4,5570,46.2,5.720897267,1856.240,103272.695,2,0
$CH,57.700,L1CD,7,5570,40.5,2.248398094,1347.759,75430.895,2,0
$CH,57.700,L1CD,8,5570,40.8,1.705640844,2107.316,116968.859,2,0
$CH,57.700,L1CD,9,5570,39.8,2.157461934,2271.907,126287.585,2,0
$CH,57.700,L1CD,16,5570,49.8,8.191222094,-162.092,-7936.692,2,0
$CH,57.700,L1CD,21,5570,39.5,0.244453142,-1413.555,-79020.090,2,0
$CH,57.700,L1CD,26,5570,46.9,2.467502252,-2475.847,-137176.638,2,0
$CH,57.700,L1CD,27,5570,41.2,9.489358906,1940.427,108044.657,2,0
$CH,57.700,L1CD,31,5570,43.0,8.669624140,-2594.008,-144627.964,2,0
$TIME,2024,5,11,3,32,34.102921
$CH,57.800,L1CD,1,5580,43.5,9.302282309,-2099.468,-117188.880,2,0
$CH,57.800,L1CD,2,5580,41.5,9.996610633,-1677.422,-93784.355,2,0
$CH,57.800,L1CD,3,5580,49.7,8.545935811,831.511,47374.042,2,0
$CH,57.800,L1CD,4,5580,46.2,5.720779983,1856.647,103458.323,2,0
$CH,57.800,L1CD,7,5580,40.5,2.248313153,1347.536,75565.668,2,0
$CH,57.800,L1CD,8,5580,40.8,1.705506362,2107.143,117179.571,2,0
$CH,57.800,L1CD,9,5580,39.8,2.157315239,2272.198,126514.764,2,0
$CH,57.800,L1CD,16,5580,49.8,8.191221956,-162.308,-7952.931,2,0
$CH,57.800,L1CD,21,5580,39.5,0.244538807,-1414.056,-79161.457,2,0
$CH,57.800,L1CD,26,5580,46.9,2.467668418,-2475.408,-137424.203,2,0
$CH,57.800,L1CD,27,5580,41.2,9.489233961,1940.427,108238.743,2,0
$CH,57.800,L1CD,31,5580,43.0,8.669788622,-2593.778,-144887.322,2,0
$TIME,2024,5,11,3,32,34.602791
$CH,57.900,L1CD,1,5590,43.5,9.302409355,-2099.594,-117398.815,2,0
$CH,57.900,L1CD,2,5590,41.5,9.996715784,-1677.537,-93952.085,2,0
$CH,57.900,L1CD,3,5590,49.7,8.545885701,831.295,47457.193,2,0
$CH,57.900,L1CD,4,5590,46.2,5.720660066,1856.110,103643.957,2,0
$CH,57.900,L1CD,7,5590,40.5,2.248227207,1347.862,75700.429,2,0
$CH,57.900,L1CD,8,5590,40.8,1.705370958,2106.588,117390.287,2,0
$CH,57.900,L1CD,9,5590,39.8,2.157165300,2272.190,126741.948,2,0
$CH,57.900,L1CD,16,5590,49.8,8.191225286,-162.573,-7969.174,2,0
$CH,57.900,L1CD,21,5590,39.5,0.244637660,-1413.915,-79302.820,2,0
$CH,57.900,L1CD,26,5590,46.9,2.467822425,-2475.851,-137671.770,2,0
$CH,57.900,L1CD,27,5590,41.2,9.489112607,1940.844,108432.827,2,0
$CH,57.900,L1CD,31,5590,43.0,8.669954793,-2593.484,-145146.673,2,0
$TIME,2024,5,11,3,32,35.105918
$CH,58.000,L1CD,1,5600,44.2,9.302548595,-2099.113,-117608.768,2,0
$CH,58.000,L1CD,2,5600,40.6,9.996821776,-1677.522,-94119.809,2,0
$CH,58.000,L1CD,3,5600,50.1,8.545831637,831.395,47540.339,2,0
$CH,58.000,L1CD,4,5600,45.7,5.720541570,1856.262,103829.587,2,0
$CH,58.000,L1CD,7,5600,40.2,2.248143507,1348.063,75835.183,2,0
$CH,58.000,L1CD,8,5600,40.4,1.705235779,2106.807,117600.998,2,0
$CH,58.000,L1CD,9,5600,39.5,2.157016077,2271.961,126969.133,2,0
$CH,58.000,L1CD,16,5600,49.6,8.191242449,-162.704,-7985.429,2,0
$CH,58.000,L1CD,21,5600,40.1,0.244720690,-1413.485,-79444.197,2,0
$CH,58.000,L1CD,26,5600,46.8,2.467979368,-2475.817,-137919.345,2,0
$CH,58.000,L1CD,27,5600,41.5,9.488992397,1941.341,108626.909,2,0
$CH,58.000,L1CD,31,5600,42.8,8.670116623,-2594.026,-145406.029,2,0
$TIME,2024,5,11,3,32,35.600734
$CH,58.100,L1CD,1,5610,44.2,9.302680192,-2099.010,-117818.713,2,0
$CH,58.100,L1CD,2,5610,40.6,9.996923690,-1677.902,-94287.531,2,0
$CH,58.100,L1CD,3,5610,50.1,8.545775704,831.375,47623.477,2,0
$CH,58.100,L1CD,4,5610,45.7,5.720423509,1856.407,104015.218,2,0
$CH,58.100,L1CD,7,5610,40.2,2.248061135,1347.722,75969.955,2,0
$CH,58.100,L1CD,8,5610,40.4,1.705098297,2107.359,117811.724,2,0
$CH,58.100,L1CD,9,5610,39.5,2.156873451,2272.178,127196.301,2,0
$CH,58.100,L1CD,16,5610,49.6,8.191260732,-162.689,-8001.691,2,0
$CH,58.100,L1CD,21,5610,40.1,0.244815765,-1413.402,-79585.563,2,0
$CH,58.100,L1CD,26,5610,46.8,2.468136383,-2475.771,-138166.924,2,0
$CH,58.100,L1CD,27,5610,41.5,9.488868477,1940.783,108821.003,2,0
$CH,58.100,L1CD,31,5610,42.8,8.670278608,-2593.342,-145665.393,2,0
$TIME,2024,5,11,3,32,36.104258
$CH,58.200,L1CD,1,5620,44.2,9.302811329,-2099.817,-118028.652,2,0
$CH,58.200,L1CD,2,5620,40.6,9.997035156,-1677.136,-94455.265,2,0
$CH,58.200,L1CD,3,5620,50.1,8.545725659,831.289,47706.610,2,0
$CH,58.200,L1CD,4,5620,45.7,5.720299931,1856.281,104200.852,2,0
$CH,58.200,L1CD,7,5620,40.2,2.247973961,1347.606,76104.709,2,0
$CH,58.200,L1CD,8,5620,40.4,1.704968064,2107.470,118022.455,2,0
$CH,58.200,L1CD,9,5620,39.5,2.156730975,2272.004,127423.496,2,0
$CH,58.200,L1CD,16,5620,49.6,8.191260425,-162.853,-8017.952,2,0
$CH,58.200,L1CD,21,5620,40.1,0.244899528,-1413.855,-79726.931,2,0
$CH,58.200,L1CD,26,5620,46.8,2.468293245,-2475.828,-138414.506,2,0
$CH,58.200,L1CD,27,5620,41.5,9.488750480,1940.640,109015.098,2,0
$CH,58.200,L1CD,31,5620,42.8,8.670447540,-2593.424,-145924.746,2,0
$TIME,2024,5,11,3,32,36.614554
$CH,58.300,L1CD,1,5630,44.2,9.302941107,-2099.114,-118238.596,2,0
$CH,58.300,L1CD,2,5630,40.6,9.997137437,-1677.521,-94622.979,2,0
$CH,58.300,L1CD,3,5630,50.1,8.545666667,831.419,47789.737,2,0
$CH,58.300,L1CD,4,5630,45.7,5.720189668,1856.161,104386.493,2,0
$CH,58.300,L1CD,7,5630,40.2,2.247891399,1347.699,76239.458,2,0
$CH,58.300,L1CD,8,5630,40.4,1.704835863,2107.126,118233.177,2,0
$CH,58.300,L1CD,9,5630,39.5,2.156592366,2271.760,127650.683,2,0
$CH,58.300,L1CD,16,5630,49.6,8.191267941,-163.046,-8034.229,2,0
$CH,58.300,L1CD,21,5630,40.1,0.244989534,-1413.089,-79868.303,2,0
$CH,58.300,L1CD,26,5630,46.8,2.468445904,-2476.040,-138662.094,2,0
$CH,58.300,L1CD,27,5630,41.5,9.488620405,1941.358,109209.178,2,0
$CH,58.300,L1CD,31,5630,42.8,8.670618613,-2593.322,-146184.098,2,0
$TIME,2024,5,11,3,32,37.112269
$CH,58.400,L1CD,1,5640,44.2,9.303074396,-2099.229,-118448.542,2,0
$CH,58.400,L1CD,2,5640,40.6,9.997246363,-1677.319,-94790.700,2,0
$CH,58.400,L1CD,3,5640,50.1,8.545615919,831.186,47872.856,2,0
$CH,58.400,L1CD,4,5640,45.7,5.720071002,1855.950,104572.131,2,0
$CH,58.400,L1CD,7,5640,40.2,2.247798496,1347.507,76374.216,2,0
$CH,58.400,L1CD,8,5640,40.4,1.704699682,2107.248,118443.908,2,0
$CH,58.400,L1CD,9,5640,39.5,2.156439424,2271.804,127877.866,2,0
$CH,58.400,L1CD,16,5640,49.6,8.191284656,-162.946,-8050.511,2,0
$CH,58.400,L1CD,21,5640,40.1,0.245081367,-1414.335,-80009.659,2,0
$CH,58.400,L1CD,26,5640,46.8,2.468604872,-2475.974,-138909.688,2,0
$CH,58.400,L1CD,27,5640,41.5,9.488501104,1939.885,109403.283,2,0
$CH,58.400,L1CD,31,5640,42.8,8.670781865,-2593.044,-146443.454,2,0
$TIME,2024,5,11,3,32,37.626645
$CH,58.500,L1CD,1,5650,44.2,9.303207706,-2099.740,-118658.485,2,0
$CH,58.500,L1CD,2,5650,40.6,9.997356533,-1677.227,-94958.425,2,0
$CH,58.500,L1CD,3,5650,50.1,8.545570562,831.130,47955.972,2,0
$CH,58.500,L1CD,4,5650,45.7,5.719954149,1856.334,104757.766,2,0
$CH,58.500,L1CD,7,5650,40.2,2.247712295,1347.457,76508.963,2,0
$CH,58.500,L1CD,8,5650,40.4,1.704563654,2107.693,118654.633,2,0
$CH,58.500,L1CD,9,5650,39.5,2.156292750,2271.593,128105.066,2,0
$CH,58.500,L1CD,16,5650,49.6,8.191299622,-162.911,-8066.799,2,0
$CH,58.500,L1CD,21,5650,40.1,0.245167773,-1413.651,-80151.018,2,0
$CH,58.500,L1CD,26,5650,46.8,2.468760930,-2476.108,-139157.283,2,0
$CH,58.500,L1CD,27,5650,41.5,9.488374588,1941.389,109597.368,2,0
$CH,58.500,L1CD,31,5650,42.8,8.670946250,-2593.596,-146702.797,2,0
$TIME,2024,5,11,3,32,38.127216
$CH,58.600,L1CD,1,5660,44.2,9.303342174,-2099.448,-118868.427,2,0
$CH,58.600,L1CD,2,5660,40.6,9.997467168,-1677.040,-95126.150,2,0
$CH,58.600,L1CD,3,5660,50.1,8.545514844,830.987,48039.080,2,0
$CH,58.600,L1CD,4,5660,45.7,5.719837495,1856.410,104943.399,2,0
$CH,58.600,L1CD,7,5660,40.2,2.247626260,1347.805,76643.711,2,0
$CH,58.600,L1CD,8,5660,40.4,1.704429622,2106.883,118865.370,2,0
$CH,58.600,L1CD,9,5660,39.5,2.156150651,2271.788,128332.248,2,0
$CH,58.600,L1CD,16,5660,49.6,8.191299320,-162.910,-8083.098,2,0
$CH,58.600,L1CD,21,5660,40.1,0.245254569,-1413.140,-80292.376,2,0
$CH,58.600,L1CD,26,5660,46.8,2.468919001,-2476.076,-139404.882,2,0
$CH,58.600,L1CD,27,5660,41.5,9.488247097,1941.005,109791.455,2,0
$CH,58.600,L1CD,31,5660,42.8,8.671110274,-2594.076,-146962.146,2,0
$TIME,2024,5,11,3,32,38.650027
$CH,58.700,L1CD,1,5670,44.2,9.303473861,-2099.680,-119078.371,2,0
$CH,58.700,L1CD,2,5670,40.6,9.997571362,-1676.943,-95293.865,2,0
$CH,58.700,L1CD,3,5670,50.1,8.545457472,830.914,48122.184,2,0
$CH,58.700,L1CD,4,5670,45.7,5.719721542,1856.705,105129.033,2,0
$CH,58.700,L1CD,7,5670,40.2,2.247536951,1347.985,76778.454,2,0
$CH,58.700,L1CD,8,5670,40.4,1.704298029,2106.969,119076.112,2,0
$CH,58.700,L1CD,9,5670,39.5,2.156015659,2272.855,128559.432,2,0
$CH,58.700,L1CD,16,5670,49.6,8.191305381,-162.914,-8099.401,2,0
$CH,58.700,L1CD,21,5670,40.1,0.245348391,-1413.220,-80433.727,2,0
$CH,58.700,L1CD,26,5670,46.8,2.469079470,-2475.876,-139652.492,2,0
$CH,58.700,L1CD,27,5670,41.5,9.488131851,1941.287,109985.545,2,0
$CH,58.700,L1CD,31,5670,42.8,8.671271299,-2593.407,-147221.499,2,0
$TIME,2024,5,11,3,32,39.233799
$CH,58.800,L1CD,1,5680,44.2,9.303604997,-2099.518,-119288.319,2,0
$CH,58.800,L1CD,2,5680,40.6,9.997673046,-1676.836,-95461.580,2,0
$CH,58.800,L1CD,3,5680,50.1,8.545405269,830.813,48205.279,2,0
$CH,58.800,L1CD,4,5680,45.7,5.719606439,1856.467,105314.675,2,0
$CH,58.800,L1CD,7,5680,40.2,2.247452155,1346.875,76913.209,2,0
$CH,58.800,L1CD,8,5680,40.4,1.704164104,2107.820,119286.846,2,0
$CH,58.800,L1CD,9,5680,39.5,2.155867743,2272.448,128786.640,2,0
$CH,58.800,L1CD,16,5680,49.6,8.191328709,-163.205,-8115.709,2,0
$CH,58.800,L1CD,21,5680,40.1,0.245429866,-1413.186,-80575.095,2,0
$CH,58.800,L1CD,26,5680,46.8,2.469231472,-2476.283,-139900.097,2,0
$CH,58.800,L1CD,27,5680,41.5,9.488011532,1940.656,110179.640,2,0
$CH,58.800,L1CD,31,5680,42.8,8.671435120,-2593.229,-147480.839,2,0
$TIME,2024,5,11,3,32,39.769252
$CH,58.900,L1CD,1,5690,44.2,9.303739328,-2099.967,-119498.255,2,0
$CH,58.900,L1CD,2,5690,40.6,9.997781577,-1676.905,-95629.297,2,0
$CH,58.900,L1CD,3,5690,50.1,8.545350262,830.948,48288.369,2,0
$CH,58.900,L1CD,4,5690,45.7,5.719481250,1856.204,105500.316,2,0
$CH,58.900,L1CD,7,5690,40.2,2.247365378,1347.683,77047.948,2,0
$CH,58.900,L1CD,8,5690,40.4,1.704033266,2107.247,119497.586,2,0
$CH,58.900,L1CD,9,5690,39.5,2.155729247,2272.184,129013.838,2,0
$CH,58.900,L1CD,16,5690,49.6,8.191339903,-163.185,-8132.028,2,0
$CH,58.900,L1CD,21,5690,40.1,0.245530772,-1413.487,-80716.451,2,0
$CH,58.900,L1CD,26,5690,46.8,2.469392387,-2476.089,-140147.712,2,0
$CH,58.900,L1CD,27,5690,41.5,9.487886541,1940.639,110373.732,2,0
$CH,58.900,L1CD,31,5690,42.8,8.671599121,-2592.655,-147740.187,2,0
$TIME,2024,5,11,3,32,40.330291
$CH,59.000,L1CD,1,5700,43.7,9.303869093,-2098.900,-119708.202,2,0
$CH,59.000,L1CD,2,5700,42.0,9.997893479,-1677.122,-95797.015,2,0
$CH,59.000,L1CD,3,5700,49.6,8.545297779,830.980,48371.453,2,0
$CH,59.000,L1CD,4,5700,45.9,5.719367846,1856.334,105685.951,2,0
$CH,59.000,L1CD,7,5700,38.8,2.247283294,1347.084,77182.683,2,0
$CH,59.000,L1CD,8,5700,40.0,1.703900223,2107.185,119708.333,2,0
$CH,59.000,L1CD,9,5700,39.8,2.155580166,2271.630,129241.038,2,0
$CH,59.000,L1CD,16,5700,50.0,8.191342329,-163.127,-8148.352,2,0
$CH,59.000,L1CD,21,5700,39.9,0.245618552,-1413.221,-80857.801,2,0
$CH,59.000,L1CD,26,5700,46.3,2.469549878,-2476.392,-140395.331,2,0
$CH,59.000,L1CD,27,5700,40.4,9.487764265,1941.005,110567.816,2,0
$CH,59.000,L1CD,31,5700,41.5,8.671761058,-2593.254,-147999.533,2,0
$TIME,2024,5,11,3,32,40.890613
$CH,59.100,L1CD,1,5710,43.7,9.304005831,-2099.324,-119918.142,2,0
$CH,59.100,L1CD,2,5710,42.0,9.997994824,-1677.426,-95964.722,2,0
$CH,59.100,L1CD,3,5710,49.6,8.545250055,830.582,48454.527,2,0
$CH,59.100,L1CD,4,5710,45.9,5.719251243,1856.002,105871.596,2,0
$CH,59.100,L1CD,7,5710,38.8,2.247197569,1346.942,77317.424,2,0
$CH,59.100,L1CD,8,5710,40.0,1.703766380,2107.026,119919.084,2,0
$CH,59.100,L1CD,9,5710,39.8,2.155439220,2272.157,129468.232,2,0
$CH,59.100,L1CD,16,5710,50.0,8.191353405,-163.249,-8164.683,2,0
$CH,59.100,L1CD,21,5710,39.9,0.245705779,-1413.429,-80999.153,2,0
$CH,59.100,L1CD,26,5710,46.3,2.469709780,-2475.937,-140642.960,2,0
$CH,59.100,L1CD,27,5710,40.4,9.487634921,1941.425,110761.902,2,0
$CH,59.100,L1CD,31,5710,41.5,8.671931454,-2593.065,-148258.884,2,0
$TIME,2024,5,11,3,32,41.538818
$CH,59.200,L1CD,1,5720,43.7,9.304144761,-2099.457,-120128.084,2,0
$CH,59.200,L1CD,2,5720,42.0,9.998102201,-1677.026,-96132.437,2,0
$CH,59.200,L1CD,3,5720,49.6,8.545195915,830.659,48537.598,2,0
$CH,59.200,L1CD,4,5720,45.9,5.719129192,1856.394,106057.234,2,0
$CH,59.200,L1CD,7,5720,38.8,2.247113865,1346.544,77452.155,2,0
$CH,59.200,L1CD,8,5720,40.0,1.703634221,2107.622,120129.814,2,0
$CH,59.200,L1CD,9,5720,39.8,2.155288995,2272.323,129695.436,2,0
$CH,59.200,L1CD,16,5720,50.0,8.191372826,-163.453,-8181.021,2,0
$CH,59.200,L1CD,21,5720,39.9,0.245795759,-1413.483,-81140.496,2,0
$CH,59.200,L1CD,26,5720,46.3,2.469859670,-2476.118,-140890.582,2,0
$CH,59.200,L1CD,27,5720,40.4,9.487514835,1940.916,110955.994,2,0
$CH,59.200,L1CD,31,5720,41.5,8.672097080,-2593.142,-148518.223,2,0
$TIME,2024,5,11,3,32,42.212348
$CH,59.300,L1CD,1,5730,43.7,9.304273165,-2099.506,-120338.025,2,0
$CH,59.300,L1CD,2,5730,42.0,9.998206044,-1677.255,-96300.150,2,0
$CH,59.300,L1CD,3,5730,49.6,8.545140533,830.678,48620.663,2,0
$CH,59.300,L1CD,4,5730,45.9,5.719012059,1856.491,106242.878,2,0
$CH,59.300,L1CD,7,5730,38.8,2.247031621,1347.710,77586.886,2,0
$CH,59.300,L1CD,8,5730,40.0,1.703500907,2107.927,120340.584,2,0
$CH,59.300,L1CD,9,5730,39.8,2.155147519,2271.674,129922.646,2,0
$CH,59.300,L1CD,16,5730,50.0,8.191378773,-163.474,-8197.367,2,0
$CH,59.300,L1CD,21,5730,39.9,0.245890664,-1412.888,-81281.848,2,0
$CH,59.300,L1CD,26,5730,46.3,2.470020630,-2476.174,-141138.223,2,0
$CH,59.300,L1CD,27,5730,40.4,9.487393152,1940.193,111150.100,2,0
$CH,59.300,L1CD,31,5730,41.5,8.672259375,-2593.708,-148777.565,2,0
$TIME,2024,5,11,3,32,42.873559
$CH,59.400,L1CD,1,5740,43.7,9.304403189,-2099.624,-120547.966,2,0
$CH,59.400,L1CD,2,5740,42.0,9.998313530,-1677.002,-96467.857,2,0
$CH,59.400,L1CD,3,5740,49.6,8.545092555,830.778,48703.722,2,0
$CH,59.400,L1CD,4,5740,45.9,5.718889824,1856.621,106428.520,2,0
$CH,59.400,L1CD,7,5740,38.8,2.246945801,1346.614,77721.613,2,0
$CH,59.400,L1CD,8,5740,40.0,1.703366422,2107.250,120551.334,2,0
$CH,59.400,L1CD,9,5740,39.8,2.155003852,2272.484,130149.841,2,0
$CH,59.400,L1CD,16,5740,50.0,8.191382476,-163.732,-8213.720,2,0
$CH,59.400,L1CD,21,5740,39.9,0.245983983,-1413.513,-81423.195,2,0
$CH,59.400,L1CD,26,5740,46.3,2.470178356,-2476.421,-141385.859,2,0
$CH,59.400,L1CD,27,5740,40.4,9.487268992,1940.887,111344.188,2,0
$CH,59.400,L1CD,31,5740,41.5,8.672427055,-2593.245,-149036.905,2,0
$TIME,2024,5,11,3,32,43.567739
$CH,59.500,L1CD,1,5750,43.7,9.304540674,-2099.320,-120757.904,2,0
$CH,59.500,L1CD,2,5750,42.0,9.998421790,-1677.432,-96635.563,2,0
$CH,59.500,L1CD,3,5750,49.6,8.545040356,830.580,48786.772,2,0
$CH,59.500,L1CD,4,5750,45.9,5.718773041,1856.204,106614.166,2,0
$CH,59.500,L1CD,7,5750,38.8,2.246860414,1346.732,77856.354,2,0
$CH,59.500,L1CD,8,5750,40.0,1.703233225,2107.407,120762.097,2,0
$CH,59.500,L1CD,9,5750,39.8,2.154869202,2271.573,130377.047,2,0
$CH,59.500,L1CD,16,5750,50.0,8.191395922,-163.575,-8230.079,2,0
$CH,59.500,L1CD,21,5750,39.9,0.246074358,-1413.220,-81564.530,2,0
$CH,59.500,L1CD,26,5750,46.3,2.470331307,-2476.625,-141633.500,2,0
$CH,59.500,L1CD,27,5750,40.4,9.487155779,1940.451,111538.279,2,0
$CH,59.500,L1CD,31,5750,41.5,8.672588804,-2593.254,-149296.238,2,0
$TIME,2024,5,11,3,32,44.240078
$CH,59.600,L1CD,1,5760,43.7,9.304666474,-2099.598,-120967.846,2,0
$CH,59.600,L1CD,2,5760,42.0,9.998521203,-1676.892,-96803.275,2,0
$CH,59.600,L1CD,3,5760,49.6,8.544980840,830.501,48869.818,2,0
$CH,59.600,L1CD,4,5760,45.9,5.718656272,1856.571,106799.812,2,0
$CH,59.600,L1CD,7,5760,38.8,2.246768107,1347.233,77991.068,2,0
$CH,59.600,L1CD,8,5760,40.0,1.703098820,2107.528,120972.848,2,0
$CH,59.600,L1CD,9,5760,39.8,2.154726121,2272.428,130604.253,2,0
$CH,59.600,L1CD,16,5760,50.0,8.191419869,-163.743,-8246.449,2,0
$CH,59.600,L1CD,21,5760,39.9,0.246157953,-1412.902,-81705.873,2,0
$CH,59.600,L1CD,26,5760,46.3,2.470490862,-2476.243,-141881.151,2,0
$CH,59.600,L1CD,27,5760,40.4,9.487025957,1941.247,111732.371,2,0
$CH,59.600,L1CD,31,5760,41.5,8.672751461,-2593.753,-149555.575,2,0
$TIME,2024,5,11,3,32,44.830329
$CH,59.700,L1CD,1,5770,43.7,9.304804308,-2099.671,-121177.784,2,0
$CH,59.700,L1CD,2,5770,42.0,9.998630239,-1677.194,-96970.982,2,0
$CH,59.700,L1CD,3,5770,49.6,8.544934082,830.322,48952.856,2,0
$CH,59.700,L1CD,4,5770,45.9,5.718540779,1856.241,106985.456,2,0
$CH,59.700,L1CD,7,5770,38.8,2.246684558,1346.802,78125.796,2,0
$CH,59.700,L1CD,8,5770,40.0,1.702962121,2108.179,121183.615,2,0
$CH,59.700,L1CD,9,5770,39.8,2.154583332,2272.088,130831.466,2,0
$CH,59.700,L1CD,16,5770,50.0,8.191420550,-163.650,-8262.823,2,0
$CH,59.700,L1CD,21,5770,39.9,0.246241881,-1413.057,-81847.210,2,0
$CH,59.700,L1CD,26,5770,46.3,2.470650915,-2476.970,-142128.794,2,0
$CH,59.700,L1CD,27,5770,40.4,9.486906031,1941.218,111926.464,2,0
$CH,59.700,L1CD,31,5770,41.5,8.672915946,-2593.379,-149814.919,2,0
$TIME,2024,5,11,3,32,45.340540
$CH,59.800,L1CD,1,5780,43.7,9.304941007,-2099.468,-121387.726,2,0
$CH,59.800,L1CD,2,5780,42.0,9.998738521,-1677.357,-97138.679,2,0
$CH,59.800,L1CD,3,5780,49.6,8.544881632,830.303,49035.889,2,0
$CH,59.800,L1CD,4,5780,45.9,5.718422778,1856.436,107171.102,2,0
$CH,59.800,L1CD,7,5780,38.8,2.246606844,1346.888,78260.507,2,0
$CH,59.800,L1CD,8,5780,40.0,1.702830513,2107.964,121394.378,2,0
$CH,59.800,L1CD,9,5780,39.8,2.154428436,2272.478,131058.676,2,0
$CH,59.800,L1CD,16,5780,50.0,8.191425494,-163.729,-8279.202,2,0
$CH,59.800,L1CD,21,5780,39.9,0.246339201,-1413.685,-81988.550,2,0
$CH,59.800,L1CD,26,5780,46.3,2.470805783,-2476.714,-142376.450,2,0
$CH,59.800,L1CD,27,5780,40.4,9.486783538,1941.175,112120.561,2,0
$CH,59.800,L1CD,31,5780,41.5,8.673081329,-2593.036,-150074.255,2,0
$TIME,2024,5,11,3,32,45.836704
$CH,59.900,L1CD,1,5790,43.7,9.305072961,-2099.482,-121597.664,2,0
$CH,59.900,L1CD,2,5790,42.0,9.998845078,-1677.659,-97306.381,2,0
$CH,59.900,L1CD,3,5790,49.6,8.544824769,830.185,49118.922,2,0
$CH,59.900,L1CD,4,5790,45.9,5.718301364,1855.720,107356.750,2,0
$CH,59.900,L1CD,7,5790,38.8,2.246523583,1347.240,78395.224,2,0
$CH,59.900,L1CD,8,5790,40.0,1.702700334,2107.979,121605.139,2,0
$CH,59.900,L1CD,9,5790,39.8,2.154282572,2272.576,131285.886,2,0
$CH,59.900,L1CD,16,5790,50.0,8.191438602,-163.945,-8295.590,2,0
$CH,59.900,L1CD,21,5790,39.9,0.246425907,-1413.183,-82129.894,2,0
$CH,59.900,L1CD,26,5790,46.3,2.470959152,-2476.729,-142624.112,2,0
$CH,59.900,L1CD,27,5790,40.4,9.486654347,1940.841,112314.663,2,0
$CH,59.900,L1CD,31,5790,41.5,8.673250327,-2592.848,-150333.588,2,0
$TIME,2024,5,11,3,32,46.338797
$CH,60.000,L1CD,1,5800,42.8,9.305206985,-2099.709,-121807.604,2,0
$CH,60.000,L1CD,2,5800,41.7,9.998955880,-1676.923,-97474.087,2,0
$CH,60.000,L1CD,3,5800,50.0,8.544775974,830.203,49201.938,2,0
$CH,60.000,L1CD,4,5800,45.5,5.718183637,1856.120,107542.394,2,0
$CH,60.000,L1CD,7,5800,39.8,2.246442957,1347.600,78529.942,2,0
$CH,60.000,L1CD,8,5800,40.5,1.702554627,2107.096,121815.934,2,0
$CH,60.000,L1CD,9,5800,39.9,2.154141740,2271.785,131513.109,2,0
$CH,60.000,L1CD,16,5800,49.7,8.191458494,-164.052,-8311.988,2,0
$CH,60.000,L1CD,21,5800,39.6,0.246511304,-1413.133,-82271.215,2,0
$CH,60.000,L1CD,26,5800,46.5,2.471118520,-2476.550,-142871.781,2,0
$CH,60.000,L1CD,27,5800,41.2,9.486528599,1941.412,112508.757,2,0
$CH,60.000,L1CD,31,5800,42.8,8.673418649,-2593.630,-150592.919,2,0
$TIME,2024,5,11,3,32,46.861061
$CH,60.100,L1CD,1,5810,42.8,9.305337519,-2099.555,-122017.540,2,0
$CH,60.100,L1CD,2,5810,41.7,9.999060787,-1677.217,-97641.788,2,0
$CH,60.100,L1CD,3,5810,50.0,8.544724128,830.126,49284.952,2,0
$CH,60.100,L1CD,4,5810,45.5,5.718062494,1856.333,107728.046,2,0
$CH,60.100,L1CD,7,5810,39.8,2.246346218,1347.137,78664.653,2,0
$CH,60.100,L1CD,8,5810,40.5,1.702418191,2107.343,122026.691,2,0
$CH,60.100,L1CD,9,5810,39.9,2.154004037,2272.579,131740.319,2,0
$CH,60.100,L1CD,16,5810,49.7,8.191458812,-164.022,-8328.391,2,0
$CH,60.100,L1CD,21,5810,39.6,0.246608183,-1413.305,-82412.551,2,0
$CH,60.100,L1CD,26,5810,46.5,2.471273352,-2476.781,-143119.451,2,0
$CH,60.100,L1CD,27,5810,41.2,9.486397110,1940.846,112702.845,2,0
$CH,60.100,L1CD,31,5810,42.8,8.673581839,-2593.179,-150852.254,2,0
$TIME,2024,5,11,3,32,47.439342
$CH,60.200,L1CD,1,5820,42.8,9.305471941,-2099.443,-122227.480,2,0
$CH,60.200,L1CD,2,5820,41.7,9.999169507,-1676.790,-97809.486,2,0
$CH,60.200,L1CD,3,5820,50.0,8.544668507,830.199,49367.960,2,0
$CH,60.200,L1CD,4,5820,45.5,5.717949326,1856.499,107913.696,2,0
$CH,60.200,L1CD,7,5820,39.8,2.246267329,1347.618,78799.362,2,0
$CH,60.200,L1CD,8,5820,40.5,1.702291329,2107.892,122237.451,2,0
$CH,60.200,L1CD,9,5820,39.9,2.153859010,2272.695,131967.538,2,0
$CH,60.200,L1CD,16,5820,49.7,8.191465764,-164.181,-8344.800,2,0
$CH,60.200,L1CD,21,5820,39.6,0.246696537,-1413.183,-82553.885,2,0
$CH,60.200,L1CD,26,5820,46.5,2.471436458,-2476.686,-143367.125,2,0
$CH,60.200,L1CD,27,5820,41.2,9.486276924,1939.900,112896.950,2,0
$CH,60.200,L1CD,31,5820,42.8,8.673744013,-2593.264,-151111.587,2,0
$TIME,2024,5,11,3,32,47.950518
$CH,60.300,L1CD,1,5830,42.8,9.305604301,-2099.394,-122437.422,2,0
$CH,60.300,L1CD,2,5830,41.7,9.999273315,-1676.619,-97977.190,2,0
$CH,60.300,L1CD,3,5830,50.0,8.544616280,829.908,49450.963,2,0
$CH,60.300,L1CD,4,5830,45.5,5.717836956,1856.273,108099.345,2,0
$CH,60.300,L1CD,7,5830,39.8,2.246186315,1347.153,78934.067,2,0
$CH,60.300,L1CD,8,5830,40.5,1.702163005,2108.317,122448.234,2,0
$CH,60.300,L1CD,9,5830,39.9,2.153704584,2272.154,132194.755,2,0
$CH,60.300,L1CD,16,5830,49.7,8.191482423,-164.243,-8361.217,2,0
$CH,60.300,L1CD,21,5830,39.6,0.246782920,-1413.198,-82695.206,2,0
$CH,60.300,L1CD,26,5830,46.5,2.471597652,-2476.968,-143614.800,2,0
$CH,60.300,L1CD,27,5830,41.2,9.486156810,1939.933,113091.052,2,0
$CH,60.300,L1CD,31,5830,42.8,8.673904840,-2593.911,-151370.915,2,0
$TIME,2024,5,11,3,32,48.536419
$CH,60.400,L1CD,1,5840,42.8,9.305742260,-2099.579,-122647.363,2,0
$CH,60.400,L1CD,2,5840,41.7,9.999386766,-1676.628,-98144.889,2,0
$CH,60.400,L1CD,3,5840,50.0,8.544564110,829.748,49533.959,2,0
$CH,60.400,L1CD,4,5840,45.5,5.717711257,1856.565,108285.000,2,0
$CH,60.400,L1CD,7,5840,39.8,2.246091391,1346.929,79068.780,2,0
$CH,60.400,L1CD,8,5840,40.5,1.702030591,2107.924,122659.020,2,0
$CH,60.400,L1CD,9,5840,39.9,2.153557806,2272.195,132421.983,2,0
$CH,60.400,L1CD,16,5840,49.7,8.191500601,-164.209,-8377.642,2,0
$CH,60.400,L1CD,21,5840,39.6,0.246877567,-1413.805,-82836.534,2,0
$CH,60.400,L1CD,26,5840,46.5,2.471752952,-2476.859,-143862.490,2,0
$CH,60.400,L1CD,27,5840,41.2,9.486025418,1940.548,113285.143,2,0
$CH,60.400,L1CD,31,5840,42.8,8.674070545,-2593.287,-151630.246,2,0
$TIME,2024,5,11,3,32,49.049791
$CH,60.500,L1CD,1,5850,42.8,9.305871375,-2100.328,-122857.294,2,0
$CH,60.500,L1CD,2,5850,41.7,9.999481677,-1676.851,-98312.581,2,0
$CH,60.500,L1CD,3,5850,50.0,8.544512310,829.976,49616.948,2,0
$CH,60.500,L1CD,4,5850,45.5,5.717598060,1856.555,108470.650,2,0
$CH,60.500,L1CD,7,5850,39.8,2.246012038,1347.008,79203.488,2,0
$CH,60.500,L1CD,8,5850,40.5,1.701900462,2107.512,122869.808,2,0
$CH,60.500,L1CD,9,5850,39.9,2.153406215,2272.707,132649.200,2,0
$CH,60.500,L1CD,16,5850,49.7,8.191500611,-164.566,-8394.073,2,0
$CH,60.500,L1CD,21,5850,39.6,0.246966977,-1413.593,-82977.865,2,0
$CH,60.500,L1CD,26,5850,46.5,2.471909078,-2476.783,-144110.178,2,0
$CH,60.500,L1CD,27,5850,41.2,9.485905160,1941.173,113479.238,2,0
$CH,60.500,L1CD,31,5850,42.8,8.674236088,-2593.765,-151889.577,2,0
$TIME,2024,5,11,3,32,49.569360
$CH,60.600,L1CD,1,5860,42.8,9.306011217,-2099.176,-123067.244,2,0
$CH,60.600,L1CD,2,5860,41.7,9.999586918,-1677.169,-98480.270,2,0
$CH,60.600,L1CD,3,5860,50.0,8.544458532,829.647,49699.932,2,0
$CH,60.600,L1CD,4,5860,45.5,5.717480180,1856.429,108656.296,2,0
$CH,60.600,L1CD,7,5860,39.8,2.245923020,1346.500,79338.187,2,0
$CH,60.600,L1CD,8,5860,40.5,1.701767631,2107.368,123080.598,2,0
$CH,60.600,L1CD,9,5860,39.9,2.153259443,2272.381,132876.431,2,0
$CH,60.600,L1CD,16,5860,49.7,8.191506124,-164.207,-8410.514,2,0
$CH,60.600,L1CD,21,5860,39.6,0.247061082,-1413.647,-83119.185,2,0
$CH,60.600,L1CD,26,5860,46.5,2.472061291,-2476.731,-144357.875,2,0
$CH,60.600,L1CD,27,5860,41.2,9.485784385,1940.990,113673.348,2,0
$CH,60.600,L1CD,31,5860,42.8,8.674399712,-2593.140,-152148.908,2,0
$TIME,2024,5,11,3,32,50.094992
$CH,60.700,L1CD,1,5870,42.8,9.306140763,-2099.137,-123277.176,2,0
$CH,60.700,L1CD,2,5870,41.7,9.999697285,-1676.561,-98647.962,2,0
$CH,60.700,L1CD,3,5870,50.0,8.544406857,829.671,49782.906,2,0
$CH,60.700,L1CD,4,5870,45.5,5.717358925,1856.505,108841.961,2,0
$CH,60.700,L1CD,7,5870,39.8,2.245832636,1347.069,79472.879,2,0
$CH,60.700,L1CD,8,5870,40.5,1.701630885,2107.537,123291.375,2,0
$CH,60.700,L1CD,9,5870,39.9,2.153122543,2272.061,133103.648,2,0
$CH,60.700,L1CD,16,5870,49.7,8.191523386,-164.411,-8426.961,2,0
$CH,60.700,L1CD,21,5870,39.6,0.247143880,-1413.657,-83260.509,2,0
$CH,60.700,L1CD,26,5870,46.5,2.472221050,-2477.252,-144605.565,2,0
$CH,60.700,L1CD,27,5870,41.2,9.485665220,1941.705,113867.426,2,0
$CH,60.700,L1CD,31,5870,42.8,8.674563316,-2593.337,-152408.235,2,0
$TIME,2024,5,11,3,32,50.621475
$CH,60.800,L1CD,1,5880,42.8,9.306272574,-2099.417,-123487.106,2,0
$CH,60.800,L1CD,2,5880,41.7,9.999802189,-1676.829,-98815.659,2,0
$CH,60.800,L1CD,3,5880,50.0,8.544355054,829.363,49865.878,2,0
$CH,60.800,L1CD,4,5880,45.5,5.717242292,1856.263,109027.611,2,0
$CH,60.800,L1CD,7,5880,39.8,2.245746201,1347.141,79607.581,2,0
$CH,60.800,L1CD,8,5880,40.5,1.701493896,2107.624,123502.168,2,0
$CH,60.800,L1CD,9,5880,39.9,2.152994481,2272.469,133330.871,2,0
$CH,60.800,L1CD,16,5880,49.7,8.191538227,-164.525,-8443.413,2,0
$CH,60.800,L1CD,21,5880,39.6,0.247232414,-1413.849,-83401.825,2,0
$CH,60.800,L1CD,26,5880,46.5,2.472382858,-2477.118,-144853.265,2,0
$CH,60.800,L1CD,27,5880,41.2,9.485541408,1941.457,114061.518,2,0
$CH,60.800,L1CD,31,5880,42.8,8.674734206,-2592.867,-152667.556,2,0
$TIME,2024,5,11,3,32,51.124294
$CH,60.900,L1CD,1,5890,42.8,9.306414624,-2099.430,-123697.037,2,0
$CH,60.900,L1CD,2,5890,41.7,9.999910632,-1676.913,-98983.354,2,0
$CH,60.900,L1CD,3,5890,50.0,8.544301109,829.774,49948.841,2,0
$CH,60.900,L1CD,4,5890,45.5,5.717125627,1856.574,109213.263,2,0
$CH,60.900,L1CD,7,5890,39.8,2.245660731,1346.881,79742.274,2,0
$CH,60.900,L1CD,8,5890,40.5,1.701354993,2107.868,123712.959,2,0
$CH,60.900,L1CD,9,5890,39.9,2.152844639,2272.118,133558.110,2,0
$CH,60.900,L1CD,16,5890,49.7,8.191542903,-164.579,-8459.870,2,0
$CH,60.900,L1CD,21,5890,39.6,0.247325744,-1413.253,-83543.146,2,0
$CH,60.900,L1CD,26,5890,46.5,2.472538341,-2477.126,-145100.976,2,0
$CH,60.900,L1CD,27,5890,41.2,9.485418701,1941.075,114255.629,2,0
$CH,60.900,L1CD,31,5890,42.8,8.674898142,-2593.516,-152926.882,2,0
$TIME,2024,5,11,3,32,51.625678
$CH,61.000,L1CD,1,5900,42.6,9.306543864,-2099.755,-123906.978,2,0
$CH,61.000,L1CD,2,5900,42.3,10.000013448,-1677.331,-99151.035,2,0
$CH,61.000,L1CD,3,5900,49.8,8.544254550,829.567,50031.798,2,0
$CH,61.000,L1CD,4,5900,45.3,5.717006637,1856.632,109398.918,2,0
$CH,61.000,L1CD,7,5900,40.4,2.245578248,1347.064,79876.970,2,0
$CH,61.000,L1CD,8,5900,41.0,1.701221392,2107.774,123923.760,2,0
$CH,61.000,L1CD,9,5900,39.6,2.152686780,2272.356,133785.336,2,0
$CH,61.000,L1CD,16,5900,49.7,8.191550729,-164.728,-8476.336,2,0
$CH,61.000,L1CD,21,5900,40.0,0.247406974,-1413.442,-83684.466,2,0
$CH,61.000,L1CD,26,5900,47.5,2.472694448,-2477.097,-145348.687,2,0
$CH,61.000,L1CD,27,5900,41.5,9.485290508,1941.230,114449.728,2,0
$CH,61.000,L1CD,31,5900,43.7,8.675062602,-2592.939,-153186.208,2,0
$TIME,2024,5,11,3,32,52.147295
$CH,61.100,L1CD,1,5910,42.6,9.306674674,-2099.901,-124116.919,2,0
$CH,61.100,L1CD,2,5910,42.3,10.000113218,-1677.033,-99318.727,2,0
$CH,61.100,L1CD,3,5910,49.8,8.544199210,829.387,50114.750,2,0
$CH,61.100,L1CD,4,5910,45.3,5.716890264,1856.654,109584.578,2,0
$CH,61.100,L1CD,7,5910,40.4,2.245493601,1346.793,80011.650,2,0
$CH,61.100,L1CD,8,5910,41.0,1.701094930,2107.835,124134.553,2,0
$CH,61.100,L1CD,9,5910,39.6,2.152546367,2272.582,134012.568,2,0
$CH,61.100,L1CD,16,5910,49.7,8.191567948,-164.756,-8492.812,2,0
$CH,61.100,L1CD,21,5910,40.0,0.247497459,-1412.776,-83825.781,2,0
$CH,61.100,L1CD,26,5910,47.5,2.472849368,-2477.326,-145596.404,2,0
$CH,61.100,L1CD,27,5910,41.5,9.485172667,1941.002,114643.832,2,0
$CH,61.100,L1CD,31,5910,43.7,8.675229871,-2593.399,-153445.531,2,0
$TIME,2024,5,11,3,32,52.792346
$CH,61.200,L1CD,1,5920,42.6,9.306804834,-2099.080,-124326.853,2,0
$CH,61.200,L1CD,2,5920,42.3,10.000221747,-1676.872,-99486.413,2,0
$CH,61.200,L1CD,3,5920,49.8,8.544139142,829.405,50197.697,2,0
$CH,61.200,L1CD,4,5920,45.3,5.716775399,1856.457,109770.236,2,0
$CH,61.200,L1CD,7,5920,40.4,2.245402857,1346.797,80146.340,2,0
$CH,61.200,L1CD,8,5920,41.0,1.700952249,2107.380,124345.356,2,0
$CH,61.200,L1CD,9,5920,39.6,2.152407074,2272.308,134239.804,2,0
$CH,61.200,L1CD,16,5920,49.7,8.191582443,-164.929,-8509.293,2,0
$CH,61.200,L1CD,21,5920,40.0,0.247584077,-1413.513,-83967.084,2,0
$CH,61.200,L1CD,26,5920,47.5,2.473009869,-2477.225,-145844.120,2,0
$CH,61.200,L1CD,27,5920,41.5,9.485051605,1940.966,114837.932,2,0
$CH,61.200,L1CD,31,5920,43.7,8.675396838,-2593.206,-153704.849,2,0
$TIME,2024,5,11,3,32,53.434522
$CH,61.300,L1CD,1,5930,42.6,9.306940074,-2098.955,-124536.787,2,0
$CH,61.300,L1CD,2,5930,42.3,10.000330770,-1676.547,-99654.104,2,0
$CH,61.300,L1CD,3,5930,49.8,8.544090661,829.501,50280.635,2,0
$CH,61.300,L1CD,4,5930,45.3,5.716657005,1856.604,109955.892,2,0
$CH,61.300,L1CD,7,5930,40.4,2.245315599,1346.702,80281.029,2,0
$CH,61.300,L1CD,8,5930,41.0,1.700819747,2108.167,124556.140,2,0
$CH,61.300,L1CD,9,5930,39.6,2.152267097,2272.091,134467.033,2,0
$CH,61.300,L1CD,16,5930,49.7,8.191585072,-164.804,-8525.783,2,0
$CH,61.300,L1CD,21,5930,40.0,0.247675845,-1412.896,-84108.405,2,0
$CH,61.300,L1CD,26,5930,47.5,2.473166998,-2477.170,-146091.842,2,0
$CH,61.300,L1CD,27,5930,41.5,9.484928959,1940.959,115032.028,2,0
$CH,61.300,L1CD,31,5930,43.7,8.675556280,-2593.654,-153964.174,2,0
$TIME,2024,5,11,3,32,54.126136
$CH,61.400,L1CD,1,5940,42.6,9.307073283,-2098.923,-124746.729,2,0
$CH,61.400,L1CD,2,5940,42.3,10.000435665,-1676.641,-99821.783,2,0
$CH,61.400,L1CD,3,5940,49.8,8.544038695,829.400,50363.568,2,0
$CH,61.400,L1CD,4,5940,45.3,5.716533271,1856.419,110141.553,2,0
$CH,61.400,L1CD,7,5940,40.4,2.245237483,1346.710,80415.708,2,0
$CH,61.400,L1CD,8,5940,41.0,1.700688228,2107.820,124766.958,2,0
$CH,61.400,L1CD,9,5940,39.6,2.152118038,2272.565,134694.278,2,0
$CH,61.400,L1CD,16,5940,49.7,8.191592692,-165.127,-8542.275,2,0
$CH,61.400,L1CD,21,5940,40.0,0.247765371,-1413.060,-84249.714,2,0
$CH,61.400,L1CD,26,5940,47.5,2.473326064,-2477.685,-146339.577,2,0
$CH,61.400,L1CD,27,5940,41.5,9.484799747,1940.276,115226.135,2,0
$CH,61.400,L1CD,31,5940,43.7,8.675716680,-2593.497,-154223.487,2,0
$TIME,2024,5,11,3,32,54.888778
$CH,61.500,L1CD,1,5950,42.6,9.307204877,-2099.294,-124956.662,2,0
$CH,61.500,L1CD,2,5950,42.3,10.000539722,-1677.559,-99989.459,2,0
$CH,61.500,L1CD,3,5950,49.8,8.543983528,829.043,50446.490,2,0
$CH,61.500,L1CD,4,5950,45.3,5.716415705,1856.787,110327.209,2,0
$CH,61.500,L1CD,7,5950,40.4,2.245148049,1346.253,80550.390,2,0
$CH,61.500,L1CD,8,5950,41.0,1.700556390,2108.814,124977.762,2,0
$CH,61.500,L1CD,9,5950,39.6,2.151980825,2272.597,134921.507,2,0
$CH,61.500,L1CD,16,5950,49.7,8.191615627,-165.171,-8558.780,2,0
$CH,61.500,L1CD,21,5950,40.0,0.247859977,-1413.401,-84391.019,2,0
$CH,61.500,L1CD,26,5950,47.5,2.473476764,-2477.558,-146587.314,2,0
$CH,61.500,L1CD,27,5950,41.5,9.484678680,1941.217,115420.227,2,0
$CH,61.500,L1CD,31,5950,43.7,8.675875153,-2592.783,-154482.806,2,0
$TIME,2024,5,11,3,32,55.583062
$CH,61.600,L1CD,1,5960,42.6,9.307342200,-2099.359,-125166.595,2,0
$CH,61.600,L1CD,2,5960,42.3,10.000636627,-1676.743,-100157.159,2,0
$CH,61.600,L1CD,3,5960,49.8,8.543931633,829.040,50529.416,2,0
$CH,61.600,L1CD,4,5960,45.3,5.716298423,1856.425,110512.872,2,0
$CH,61.600,L1CD,7,5960,40.4,2.245063344,1346.388,80685.070,2,0
$CH,61.600,L1CD,8,5960,41.0,1.700424607,2108.144,125188.568,2,0
$CH,61.600,L1CD,9,5960,39.6,2.151832701,2272.520,135148.752,2,0
$CH,61.600,L1CD,16,5960,49.7,8.191618498,-165.180,-8575.287,2,0
$CH,61.600,L1CD,21,5960,40.0,0.247953852,-1413.597,-84532.327,2,0
$CH,61.600,L1CD,26,5960,47.5,2.473635011,-2477.382,-146835.052,2,0
$CH,61.600,L1CD,27,5960,41.5,9.484559090,1941.137,115614.331,2,0
$CH,61.600,L1CD,31,5960,43.7,8.676046219,-2593.575,-154742.115,2,0
$TIME,2024,5,11,3,32,56.282421
$CH,61.700,L1CD,1,5970,42.6,9.307480399,-2099.479,-125376.529,2,0
$CH,61.700,L1CD,2,5970,42.3,10.000742872,-1676.924,-100324.836,2,0
$CH,61.700,L1CD,3,5970,49.8,8.543877222,828.992,50612.331,2,0
$CH,61.700,L1CD,4,5970,45.3,5.716183744,1856.777,110698.532,2,0
$CH,61.700,L1CD,7,5970,40.4,2.244978032,1346.721,80819.745,2,0
$CH,61.700,L1CD,8,5970,41.0,1.700289863,2107.910,125399.395,2,0
$CH,61.700,L1CD,9,5970,39.6,2.151690354,2272.065,135375.993,2,0
$CH,61.700,L1CD,16,5970,49.7,8.191622605,-165.122,-8591.807,2,0
$CH,61.700,L1CD,21,5970,40.0,0.248044465,-1412.990,-84673.638,2,0
$CH,61.700,L1CD,26,5970,47.5,2.473789816,-2477.589,-147082.792,2,0
$CH,61.700,L1CD,27,5970,41.5,9.484436143,1940.897,115808.434,2,0
$CH,61.700,L1CD,31,5970,43.7,8.676214281,-2592.732,-155001.443,2,0
$TIME,2024,5,11,3,32,56.869196
$CH,61.800,L1CD,1,5980,42.6,9.307601703,-2099.118,-125586.468,2,0
$CH,61.800,L1CD,2,5980,42.3,10.000857112,-1676.929,-100492.508,2,0
$CH,61.800,L1CD,3,5980,49.8,8.543826123,829.103,50695.236,2,0
$CH,61.800,L1CD,4,5980,45.3,5.716065420,1856.737,110884.197,2,0
$CH,61.800,L1CD,7,5980,40.4,2.244891281,1346.794,80954.409,2,0
$CH,61.800,L1CD,8,5980,41.0,1.700161303,2108.100,125610.208,2,0
$CH,61.800,L1CD,9,5980,39.6,2.151540004,2272.125,135603.241,2,0
$CH,61.800,L1CD,16,5980,49.7,8.191631481,-165.149,-8608.332,2,0
$CH,61.800,L1CD,21,5980,40.0,0.248130752,-1413.385,-84814.930,2,0
$CH,61.800,L1CD,26,5980,47.5,2.473946321,-2477.802,-147330.541,2,0
$CH,61.800,L1CD,27,5980,41.5,9.484305222,1941.182,116002.537,2,0
$CH,61.800,L1CD,31,5980,43.7,8.676376537,-2592.933,-155260.751,2,0
$TIME,2024,5,11,3,32,57.403460
$CH,61.900,L1CD,1,5990,42.6,9.307737452,-2098.733,-125796.401,2,0
$CH,61.900,L1CD,2,5990,42.3,10.000966135,-1676.860,-100660.182,2,0
$CH,61.900,L1CD,3,5990,49.8,8.543777389,828.881,50778.140,2,0
$CH,61.900,L1CD,4,5990,45.3,5.715948971,1856.444,111069.864,2,0
$CH,61.900,L1CD,7,5990,40.4,2.244804547,1346.827,81089.081,2,0
$CH,61.900,L1CD,8,5990,41.0,1.700021580,2108.066,125821.023,2,0
$CH,61.900,L1CD,9,5990,39.6,2.151404821,2272.485,135830.481,2,0
$CH,61.900,L1CD,16,5990,49.7,8.191657578,-165.413,-8624.861,2,0
$CH,61.900,L1CD,21,5990,40.0,0.248221675,-1413.511,-84956.229,2,0
$CH,61.900,L1CD,26,5990,47.5,2.474107452,-2477.448,-147578.293,2,0
$CH,61.900,L1CD,27,5990,41.5,9.484179228,1941.198,116196.640,2,0
$CH,61.900,L1CD,31,5990,43.7,8.676538461,-2593.620,-155520.071,2,0
$LOG,62.000,L1CD,13,SIGNAL NOT FOUND (34.1)
$TIME,2024,5,11,3,33,5.244438
$CH,62.000,L1CD,1,6000,44.4,9.307873556,-2099.473,-126006.328,2,0
$CH,62.000,L1CD,2,6000,41.0,10.001071069,-1676.369,-100827.860,2,0
$CH,62.000,L1CD,3,6000,49.7,8.543724592,828.971,50861.034,2,0
$CH,62.000,L1CD,4,6000,45.3,5.715831982,1856.331,111255.523,2,0
$CH,62.000,L1CD,7,6000,40.5,2.244712853,1346.923,81223.754,2,0
$CH,62.000,L1CD,8,6000,41.0,1.699888699,2108.024,126031.859,2,0
$CH,62.000,L1CD,9,6000,39.8,2.151260859,2272.669,136057.729,2,0
$CH,62.000,L1CD,16,6000,48.5,8.191661185,-165.487,-8641.399,2,0
$CH,62.000,L1CD,21,6000,39.7,0.248311227,-1413.151,-85097.535,2,0
$CH,62.000,L1CD,26,6000,47.2,2.474267066,-2477.582,-147826.054,2,0
$CH,62.000,L1CD,27,6000,41.0,9.484062307,1940.793,116390.738,2,0
$CH,62.000,L1CD,31,6000,44.3,8.676700164,-2592.600,-155779.382,2,0
$TIME,2024,5,11,3,33,5.728379
$CH,62.100,L1CD,1,6010,44.4,9.308004040,-2099.691,-126216.267,2,0
$CH,62.100,L1CD,2,6010,41.0,10.001180309,-1676.075,-100995.546,2,0
$CH,62.100,L1CD,3,6010,49.7,8.543671741,828.931,50943.925,2,0
$CH,62.100,L1CD,4,6010,45.3,5.715713028,1856.305,111441.191,2,0
$CH,62.100,L1CD,7,6010,40.5,2.244641129,1346.851,81358.429,2,0
$CH,62.100,L1CD,8,6010,41.0,1.699756711,2107.736,126242.666,2,0
$CH,62.100,L1CD,9,6010,39.8,2.151107846,2272.375,136284.978,2,0
$CH,62.100,L1CD,16,6010,48.5,8.191666652,-165.125,-8657.947,2,0
$CH,62.100,L1CD,21,6010,39.7,0.248402204,-1412.580,-85238.830,2,0
$CH,62.100,L1CD,26,6010,47.2,2.474424602,-2477.426,-148073.814,2,0
$CH,62.100,L1CD,27,6010,41.0,9.483941212,1941.238,116584.838,2,0
$CH,62.100,L1CD,31,6010,44.3,8.676867306,-2593.168,-156038.690,2,0
$TIME,2024,5,11,3,33,6.219307
$CH,62.200,L1CD,1,6020,44.4,9.308141780,-2099.402,-126426.197,2,0
$CH,62.200,L1CD,2,6020,41.0,10.001285907,-1676.627,-101163.221,2,0
$CH,62.200,L1CD,3,6020,49.7,8.543615965,828.557,51026.806,2,0
$CH,62.200,L1CD,4,6020,45.3,5.715593938,1856.452,111626.852,2,0
$CH,62.200,L1CD,7,6020,40.5,2.244550341,1346.299,81493.091,2,0
$CH,62.200,L1CD,8,6020,41.0,1.699620515,2108.779,126453.488,2,0
$CH,62.200,L1CD,9,6020,39.8,2.150969513,2272.896,136512.213,2,0
$CH,62.200,L1CD,16,6020,48.5,8.191678241,-165.637,-8674.497,2,0
$CH,62.200,L1CD,21,6020,39.7,0.248482153,-1412.756,-85380.118,2,0
$CH,62.200,L1CD,26,6020,47.2,2.474584737,-2477.786,-148321.579,2,0
$CH,62.200,L1CD,27,6020,41.0,9.483818888,1940.974,116778.952,2,0
$CH,62.200,L1CD,31,6020,44.3,8.677033703,-2592.827,-156298.002,2,0
$TIME,2024,5,11,3,33,6.702599
$CH,62.300,L1CD,1,6030,44.4,9.308270923,-2099.538,-126636.135,2,0
$CH,62.300,L1CD,2,6030,41.0,10.001391396,-1676.881,-101330.886,2,0
$CH,62.300,L1CD,3,6030,49.7,8.543564869,828.684,51109.681,2,0
$CH,62.300,L1CD,4,6030,45.3,5.715476108,1856.470,111812.518,2,0
$CH,62.300,L1CD,7,6030,40.5,2.244465457,1345.570,81627.740,2,0
$CH,62.300,L1CD,8,6030,41.0,1.699480318,2108.436,126664.325,2,0
$CH,62.300,L1CD,9,6030,39.8,2.150821167,2272.932,136739.464,2,0
$CH,62.300,L1CD,16,6030,48.5,8.191697958,-165.407,-8691.058,2,0
$CH,62.300,L1CD,21,6030,39.7,0.248575931,-1412.802,-85521.420,2,0
$CH,62.300,L1CD,26,6030,47.2,2.474741115,-2477.811,-148569.352,2,0
$CH,62.300,L1CD,27,6030,41.0,9.483687767,1940.753,116973.054,2,0
$CH,62.300,L1CD,31,6030,44.3,8.677199335,-2593.030,-156557.319,2,0
$TIME,2024,5,11,3,33,7.161007
$CH,62.400,L1CD,1,6040,44.4,9.308403976,-2099.050,-126846.070,2,0
$CH,62.400,L1CD,2,6040,41.0,10.001499546,-1676.546,-101498.561,2,0
$CH,62.400,L1CD,3,6040,49.7,8.543510047,828.587,51192.554,2,0
$CH,62.400,L1CD,4,6040,45.3,5.715355974,1856.657,111998.183,2,0
$CH,62.400,L1CD,7,6040,40.5,2.244382557,1346.280,81762.413,2,0
$CH,62.400,L1CD,8,6040,41.0,1.699343700,2108.958,126875.146,2,0
$CH,62.400,L1CD,9,6040,39.8,2.150681552,2272.734,136966.726,2,0
$CH,62.400,L1CD,16,6040,48.5,8.191701867,-165.776,-8707.623,2,0
$CH,62.400,L1CD,21,6040,39.7,0.248672905,-1413.162,-85662.708,2,0
$CH,62.400,L1CD,26,6040,47.2,2.474901046,-2477.720,-148817.128,2,0
$CH,62.400,L1CD,27,6040,41.0,9.483570753,1940.829,117167.160,2,0
$CH,62.400,L1CD,31,6040,44.3,8.677368219,-2593.035,-156816.626,2,0
$TIME,2024,5,11,3,33,7.625088
$CH,62.500,L1CD,1,6050,44.4,9.308540799,-2099.961,-127055.997,2,0
$CH,62.500,L1CD,2,6050,41.0,10.001611709,-1676.636,-101666.225,2,0
$CH,62.500,L1CD,3,6050,49.7,8.543456433,828.362,51275.415,2,0
$CH,62.500,L1CD,4,6050,45.3,5.715239733,1856.743,112183.854,2,0
$CH,62.500,L1CD,7,6050,40.5,2.244295532,1347.360,81897.057,2,0
$CH,62.500,L1CD,8,6050,41.0,1.699212970,2108.362,127085.989,2,0
$CH,62.500,L1CD,9,6050,39.8,2.150535193,2272.604,137193.990,2,0
$CH,62.500,L1CD,16,6050,48.5,8.191710192,-165.711,-8724.198,2,0
$CH,62.500,L1CD,21,6050,39.7,0.248762219,-1413.290,-85803.997,2,0
$CH,62.500,L1CD,26,6050,47.2,2.475051911,-2477.986,-149064.907,2,0
$CH,62.500,L1CD,27,6050,41.0,9.483450561,1941.159,117361.266,2,0
$CH,62.500,L1CD,31,6050,44.3,8.677529915,-2592.635,-157075.934,2,0
$TIME,2024,5,11,3,33,8.080297
$CH,62.600,L1CD,1,6060,44.4,9.308672757,-2099.346,-127265.929,2,0
$CH,62.600,L1CD,2,6060,41.0,10.001723611,-1676.560,-101833.905,2,0
$CH,62.600,L1CD,3,6060,49.7,8.543404841,828.559,51358.271,2,0
$CH,62.600,L1CD,4,6060,45.3,5.715124303,1856.673,112369.522,2,0
$CH,62.600,L1CD,7,6060,40.5,2.244217392,1346.749,82031.715,2,0
$CH,62.600,L1CD,8,6060,41.0,1.699078372,2108.316,127296.820,2,0
$CH,62.600,L1CD,9,6060,39.8,2.150393272,2273.032,137421.241,2,0
$CH,62.600,L1CD,16,6060,48.5,8.191726245,-165.990,-8740.779,2,0
$CH,62.600,L1CD,21,6060,39.7,0.248850727,-1413.107,-85945.291,2,0
$CH,62.600,L1CD,26,6060,47.2,2.475210922,-2477.745,-149312.689,2,0
$CH,62.600,L1CD,27,6060,41.0,9.483325502,1940.685,117555.370,2,0
$CH,62.600,L1CD,31,6060,44.3,8.677695325,-2593.145,-157335.234,2,0
$TIME,2024,5,11,3,33,8.542670
$CH,62.700,L1CD,1,6070,44.4,9.308804355,-2099.329,-127475.863,2,0
$CH,62.700,L1CD,2,6070,41.0,10.001827814,-1676.484,-102001.567,2,0
$CH,62.700,L1CD,3,6070,49.7,8.543353367,828.474,51441.124,2,0
$CH,62.700,L1CD,4,6070,45.3,5.715006484,1856.074,112555.192,2,0
$CH,62.700,L1CD,7,6070,40.5,2.244134914,1346.302,82166.361,2,0
$CH,62.700,L1CD,8,6070,41.0,1.698949715,2108.369,127507.661,2,0
$CH,62.700,L1CD,9,6070,39.8,2.150252362,2272.180,137648.492,2,0
$CH,62.700,L1CD,16,6070,48.5,8.191739765,-165.871,-8757.367,2,0
$CH,62.700,L1CD,21,6070,39.7,0.248941400,-1413.145,-86086.576,2,0
$CH,62.700,L1CD,26,6070,47.2,2.475366727,-2478.036,-149560.479,2,0
$CH,62.700,L1CD,27,6070,41.0,9.483202503,1941.332,117749.468,2,0
$CH,62.700,L1CD,31,6070,44.3,8.677857522,-2593.105,-157594.537,2,0
$TIME,2024,5,11,3,33,9.019089
$CH,62.800,L1CD,1,6080,44.4,9.308937795,-2098.998,-127685.798,2,0
$CH,62.800,L1CD,2,6080,41.0,10.001915510,-1676.602,-102169.224,2,0
$CH,62.800,L1CD,3,6080,49.7,8.543300238,828.250,51523.973,2,0
$CH,62.800,L1CD,4,6080,45.3,5.714885318,1856.455,112740.863,2,0
$CH,62.800,L1CD,7,6080,40.5,2.244048317,1345.766,82301.022,2,0
$CH,62.800,L1CD,8,6080,41.0,1.698822467,2108.026,127718.506,2,0
$CH,62.800,L1CD,9,6080,39.8,2.150110099,2272.724,137875.753,2,0
$CH,62.800,L1CD,16,6080,48.5,8.191743650,-165.993,-8773.964,2,0
$CH,62.800,L1CD,21,6080,39.7,0.249021140,-1413.125,-86227.858,2,0
$CH,62.800,L1CD,26,6080,47.2,2.475524130,-2477.941,-149808.276,2,0
$CH,62.800,L1CD,27,6080,41.0,9.483079319,1940.734,117943.582,2,0
$CH,62.800,L1CD,31,6080,44.3,8.678020118,-2592.730,-157853.848,2,0
$TIME,2024,5,11,3,33,9.486015
$CH,62.900,L1CD,1,6090,44.4,9.309070212,-2099.700,-127895.723,2,0
$CH,62.900,L1CD,2,6090,41.0,10.002024075,-1676.679,-102336.897,2,0
$CH,62.900,L1CD,3,6090,49.7,8.543250798,828.581,51606.807,2,0
$CH,62.900,L1CD,4,6090,45.3,5.714770355,1856.882,112926.528,2,0
$CH,62.900,L1CD,7,6090,40.5,2.243952504,1346.155,82435.669,2,0
$CH,62.900,L1CD,8,6090,41.0,1.698685403,2109.455,127929.336,2,0
$CH,62.900,L1CD,9,6090,39.8,2.149964754,2272.688,138103.012,2,0
$CH,62.900,L1CD,16,6090,48.5,8.191750720,-166.055,-8790.565,2,0
$CH,62.900,L1CD,21,6090,39.7,0.249116127,-1413.036,-86369.136,2,0
$CH,62.900,L1CD,26,6090,47.2,2.475684592,-2477.876,-150056.073,2,0
$CH,62.900,L1CD,27,6090,41.0,9.482952621,1941.371,118137.689,2,0
$CH,62.900,L1CD,31,6090,44.3,8.678188351,-2592.850,-158113.147,2,0
$TIME,2024,5,11,3,33,9.937082
$CH,63.000,L1CD,1,6100,43.7,9.309208006,-2099.306,-128105.665,2,0
$CH,63.000,L1CD,2,6100,41.1,10.002131370,-1676.478,-102504.562,2,0
$CH,63.000,L1CD,3,6100,50.1,8.543196734,828.466,51689.644,2,0
$CH,63.000,L1CD,4,6100,45.4,5.714651609,1856.473,113112.202,2,0
$CH,63.000,L1CD,7,6100,41.2,2.243868242,1346.348,82570.308,2,0
$CH,63.000,L1CD,8,6100,41.1,1.698548517,2108.691,128140.193,2,0
$CH,63.000,L1CD,9,6100,39.9,2.149816999,2272.820,138330.284,2,0
$CH,63.000,L1CD,16,6100,49.2,8.191770508,-166.256,-8807.175,2,0
$CH,63.000,L1CD,21,6100,40.2,0.249204849,-1413.185,-86510.419,2,0
$CH,63.000,L1CD,26,6100,47.3,2.475835572,-2477.958,-150303.874,2,0
$CH,63.000,L1CD,27,6100,41.0,9.482829515,1941.277,118331.797,2,0
$CH,63.000,L1CD,31,6100,43.4,8.678359293,-2592.843,-158372.443,2,0
$TIME,2024,5,11,3,33,10.393405
$CH,63.100,L1CD,1,6110,43.7,9.309336609,-2099.399,-128315.590,2,0
$CH,63.100,L1CD,2,6110,41.1,10.002244799,-1676.453,-102672.234,2,0
$CH,63.100,L1CD,3,6110,50.1,8.543138475,828.066,51772.470,2,0
$CH,63.100,L1CD,4,6110,45.4,5.714530544,1856.686,113297.880,2,0
$CH,63.100,L1CD,7,6110,41.2,2.243787036,1346.701,82704.949,2,0
$CH,63.100,L1CD,8,6110,41.1,1.698414600,2108.290,128351.045,2,0
$CH,63.100,L1CD,9,6110,39.9,2.149673645,2272.591,138557.547,2,0
$CH,63.100,L1CD,16,6110,49.2,8.191781533,-166.232,-8823.791,2,0
$CH,63.100,L1CD,21,6110,40.2,0.249300976,-1412.932,-86651.697,2,0
$CH,63.100,L1CD,26,6110,47.3,2.475993367,-2478.126,-150551.682,2,0
$CH,63.100,L1CD,27,6110,41.0,9.482706773,1940.683,118525.900,2,0
$CH,63.100,L1CD,31,6110,43.4,8.678523811,-2592.747,-158631.751,2,0
$TIME,2024,5,11,3,33,10.848495
$CH,63.200,L1CD,1,6120,43.7,9.309473895,-2099.417,-128525.519,2,0
$CH,63.200,L1CD,2,6120,41.1,10.002350966,-1676.266,-102839.892,2,0
$CH,63.200,L1CD,3,6120,50.1,8.543092254,828.298,51855.287,2,0
$CH,63.200,L1CD,4,6120,45.4,5.714408873,1856.843,113483.548,2,0
$CH,63.200,L1CD,7,6120,41.2,2.243700077,1346.194,82839.600,2,0
$CH,63.200,L1CD,8,6120,41.1,1.698284160,2108.703,128561.892,2,0
$CH,63.200,L1CD,9,6120,39.9,2.149521597,2272.752,138784.807,2,0
$CH,63.200,L1CD,16,6120,49.2,8.191782170,-166.273,-8840.415,2,0
$CH,63.200,L1CD,21,6120,40.2,0.249383438,-1412.399,-86792.984,2,0
$CH,63.200,L1CD,26,6120,47.3,2.476149088,-2478.047,-150799.495,2,0
$CH,63.200,L1CD,27,6120,41.0,9.482582691,1940.582,118720.009,2,0
$CH,63.200,L1CD,31,6120,43.4,8.678680695,-2592.702,-158891.052,2,0
$TIME,2024,5,11,3,33,11.304376
$CH,63.300,L1CD,1,6130,43.7,9.309607305,-2098.618,-128735.452,2,0
$CH,63.300,L1CD,2,6130,41.1,10.002454862,-1676.309,-103007.557,2,0
$CH,63.300,L1CD,3,6130,50.1,8.543038942,828.358,51938.102,2,0
$CH,63.300,L1CD,4,6130,45.4,5.714293923,1856.493,113669.225,2,0
$CH,63.300,L1CD,7,6130,41.2,2.243618248,1346.330,82974.229,2,0
$CH,63.300,L1CD,8,6130,41.1,1.698152951,2108.450,128772.756,2,0
$CH,63.300,L1CD,9,6130,39.9,2.149380461,2272.475,139012.077,2,0
$CH,63.300,L1CD,16,6130,49.2,8.191795473,-166.378,-8857.047,2,0
$CH,63.300,L1CD,21,6130,40.2,0.249474603,-1412.579,-86934.251,2,0
$CH,63.300,L1CD,26,6130,47.3,2.476308066,-2478.041,-151047.312,2,0
$CH,63.300,L1CD,27,6130,41.0,9.482456329,1941.037,118914.115,2,0
$CH,63.300,L1CD,31,6130,43.4,8.678837075,-2593.074,-159150.351,2,0
$TIME,2024,5,11,3,33,11.758011
$CH,63.400,L1CD,1,6140,43.7,9.309735931,-2099.322,-128945.380,2,0
$CH,63.400,L1CD,2,6140,41.1,10.002561273,-1676.287,-103175.216,2,0
$CH,63.400,L1CD,3,6140,50.1,8.542984926,828.037,52020.911,2,0
$CH,63.400,L1CD,4,6140,45.4,5.714175989,1856.999,113854.893,2,0
$CH,63.400,L1CD,7,6140,41.2,2.243525684,1346.598,83108.863,2,0
$CH,63.400,L1CD,8,6140,41.1,1.698019072,2108.763,128983.603,2,0
$CH,63.400,L1CD,9,6140,39.9,2.149238908,2273.266,139239.339,2,0
$CH,63.400,L1CD,16,6140,49.2,8.191812366,-166.355,-8873.685,2,0
$CH,63.400,L1CD,21,6140,40.2,0.249567173,-1412.919,-87075.525,2,0
$CH,63.400,L1CD,26,6140,47.3,2.476463114,-2478.116,-151295.134,2,0
$CH,63.400,L1CD,27,6140,41.0,9.482330330,1940.807,119108.216,2,0
$CH,63.400,L1CD,31,6140,43.4,8.679010657,-2592.447,-159409.642,2,0
$TIME,2024,5,11,3,33,12.210974
$CH,63.500,L1CD,1,6150,43.7,9.309872042,-2098.680,-129155.311,2,0
$CH,63.500,L1CD,2,6150,41.1,10.002664260,-1676.482,-103342.869,2,0
$CH,63.500,L1CD,3,6150,50.1,8.542936681,827.716,52103.713,2,0
$CH,63.500,L1CD,4,6150,45.4,5.714061180,1856.674,114040.576,2,0
$CH,63.500,L1CD,7,6150,41.2,2.243442828,1346.829,83243.492,2,0
$CH,63.500,L1CD,8,6150,41.1,1.697884533,2108.643,129194.463,2,0
$CH,63.500,L1CD,9,6150,39.9,2.149084940,2273.120,139466.615,2,0
$CH,63.500,L1CD,16,6150,49.2,8.191819506,-166.616,-8890.330,2,0
$CH,63.500,L1CD,21,6150,40.2,0.249654601,-1412.486,-87216.797,2,0
$CH,63.500,L1CD,26,6150,47.3,2.476623289,-2478.437,-151542.961,2,0
$CH,63.500,L1CD,27,6150,41.0,9.482214299,1941.156,119302.327,2,0
$CH,63.500,L1CD,31,6150,43.4,8.679166713,-2593.174,-159668.940,2,0
$TIME,2024,5,11,3,33,12.662558
$CH,63.600,L1CD,1,6160,43.7,9.310007519,-2099.596,-129365.234,2,0
$CH,63.600,L1CD,2,6160,41.1,10.002779080,-1676.911,-103510.521,2,0
$CH,63.600,L1CD,3,6160,50.1,8.542881783,827.795,52186.510,2,0
$CH,63.600,L1CD,4,6160,45.4,5.713942474,1856.881,114226.248,2,0
$CH,63.600,L1CD,7,6160,41.2,2.243353696,1346.068,83378.129,2,0
$CH,63.600,L1CD,8,6160,41.1,1.697744384,2108.503,129405.323,2,0
$CH,63.600,L1CD,9,6160,39.9,2.148933324,2273.094,139693.899,2,0
$CH,63.600,L1CD,16,6160,49.2,8.191822419,-166.459,-8906.983,2,0
$CH,63.600,L1CD,21,6160,40.2,0.249747818,-1412.384,-87358.068,2,0
$CH,63.600,L1CD,26,6160,47.3,2.476781816,-2478.327,-151790.795,2,0
$CH,63.600,L1CD,27,6160,41.0,9.482101281,1940.263,119496.450,2,0
$CH,63.600,L1CD,31,6160,43.4,8.679337087,-2593.005,-159928.237,2,0
$TIME,2024,5,11,3,33,13.260884
$CH,63.700,L1CD,1,6170,43.7,9.310137303,-2098.605,-129575.175,2,0
$CH,63.700,L1CD,2,6170,41.1,10.002880206,-1676.491,-103678.179,2,0
$CH,63.700,L1CD,3,6170,50.1,8.542824102,827.988,52269.295,2,0
$CH,63.700,L1CD,4,6170,45.4,5.713823502,1856.684,114411.921,2,0
$CH,63.700,L1CD,7,6170,41.2,2.243269607,1345.993,83512.757,2,0
$CH,63.700,L1CD,8,6170,41.1,1.697611799,2109.042,129616.180,2,0
$CH,63.700,L1CD,9,6170,39.9,2.148798112,2273.038,139921.158,2,0
$CH,63.700,L1CD,16,6170,49.2,8.191836971,-166.680,-8923.641,2,0
$CH,63.700,L1CD,21,6170,40.2,0.249832003,-1412.459,-87499.333,2,0
$CH,63.700,L1CD,26,6170,47.3,2.476940409,-2478.555,-152038.627,2,0
$CH,63.700,L1CD,27,6170,41.0,9.481984715,1941.709,119690.544,2,0
$CH,63.700,L1CD,31,6170,43.4,8.679496583,-2593.022,-160187.534,2,0
$TIME,2024,5,11,3,33,13.722766
$CH,63.800,L1CD,1,6180,43.7,9.310271367,-2099.935,-129785.095,2,0
$CH,63.800,L1CD,2,6180,41.1,10.002988313,-1677.016,-103845.833,2,0
$CH,63.800,L1CD,3,6180,50.1,8.542774724,827.512,52352.082,2,0
$CH,63.800,L1CD,4,6180,45.4,5.713704268,1856.854,114597.600,2,0
$CH,63.800,L1CD,7,6180,41.2,2.243179814,1346.249,83647.374,2,0
$CH,63.800,L1CD,8,6180,41.1,1.697474518,2108.131,129827.052,2,0
$CH,63.800,L1CD,9,6180,39.9,2.148651211,2272.754,140148.442,2,0
$CH,63.800,L1CD,16,6180,49.2,8.191861099,-166.491,-8940.308,2,0
$CH,63.800,L1CD,21,6180,40.2,0.249926932,-1412.459,-87640.600,2,0
$CH,63.800,L1CD,26,6180,47.3,2.477097555,-2478.364,-152286.467,2,0
$CH,63.800,L1CD,27,6180,41.0,9.481857761,1940.966,119884.664,2,0
$CH,63.800,L1CD,31,6180,43.4,8.679665083,-2592.746,-160446.826,2,0
$TIME,2024,5,11,3,33,14.193295
$CH,63.900,L1CD,1,6190,43.7,9.310401664,-2099.463,-129995.025,2,0
$CH,63.900,L1CD,2,6190,41.1,10.003094791,-1676.570,-104013.480,2,0
$CH,63.900,L1CD,3,6190,50.1,8.542722176,827.709,52434.855,2,0
$CH,63.900,L1CD,4,6190,45.4,5.713581420,1856.906,114783.278,2,0
$CH,63.900,L1CD,7,6190,41.2,2.243094640,1346.255,83782.007,2,0
$CH,63.900,L1CD,8,6190,41.1,1.697341650,2108.680,130037.914,2,0
$CH,63.900,L1CD,9,6190,39.9,2.148511117,2272.891,140375.714,2,0
$CH,63.900,L1CD,16,6190,49.2,8.191861792,-166.773,-8956.986,2,0
$CH,63.900,L1CD,21,6190,40.2,0.250015410,-1412.203,-87781.868,2,0
$CH,63.900,L1CD,26,6190,47.3,2.477254114,-2478.564,-152534.307,2,0
$CH,63.900,L1CD,27,6190,41.0,9.481727884,1940.414,120078.776,2,0
$CH,63.900,L1CD,31,6190,43.4,8.679829228,-2592.495,-160706.115,2,0
$TIME,2024,5,11,3,33,14.639908
$CH,64.000,L1CD,1,6200,42.6,9.310538058,-2099.455,-130204.951,2,0
$CH,64.000,L1CD,2,6200,40.7,10.003198770,-1676.213,-104181.147,2,0
$CH,64.000,L1CD,3,6200,49.4,8.542666169,827.662,52517.623,2,0
$CH,64.000,L1CD,4,6200,45.0,5.713470178,1856.653,114968.963,2,0
$CH,64.000,L1CD,7,6200,40.8,2.243011168,1346.133,83916.626,2,0
$CH,64.000,L1CD,8,6200,41.0,1.697212349,2107.433,130248.802,2,0
$CH,64.000,L1CD,9,6200,40.3,2.148374799,2272.762,140602.999,2,0
$CH,64.000,L1CD,16,6200,49.8,8.191866501,-166.820,-8973.664,2,0
$CH,64.000,L1CD,21,6200,41.1,0.250103958,-1412.339,-87923.123,2,0
$CH,64.000,L1CD,26,6200,47.6,2.477415097,-2478.448,-152782.161,2,0
$CH,64.000,L1CD,27,6200,41.9,9.481602433,1941.486,120272.883,2,0
$CH,64.000,L1CD,31,6200,43.3,8.679992942,-2592.969,-160965.409,2,0
$TIME,2024,5,11,3,33,15.095492
$CH,64.100,L1CD,1,6210,42.6,9.310671685,-2099.249,-130414.883,2,0
$CH,64.100,L1CD,2,6210,40.7,10.003306842,-1676.438,-104348.797,2,0
$CH,64.100,L1CD,3,6210,49.4,8.542616693,827.694,52600.387,2,0
$CH,64.100,L1CD,4,6210,45.0,5.713356633,1856.685,115154.643,2,0
$CH,64.100,L1CD,7,6210,40.8,2.242925002,1346.064,84051.241,2,0
$CH,64.100,L1CD,8,6210,41.0,1.697077851,2108.515,130459.681,2,0
$CH,64.100,L1CD,9,6210,40.3,2.148223972,2273.353,140830.267,2,0
$CH,64.100,L1CD,16,6210,49.8,8.191884102,-166.933,-8990.351,2,0
$CH,64.100,L1CD,21,6210,41.1,0.250194214,-1412.162,-88064.395,2,0
$CH,64.100,L1CD,26,6210,47.6,2.477568375,-2478.631,-153030.015,2,0
$CH,64.100,L1CD,27,6210,41.9,9.481476486,1941.046,120466.993,2,0
$CH,64.100,L1CD,31,6210,43.3,8.680159736,-2592.473,-161224.702,2,0
$TIME,2024,5,11,3,33,15.574221
$CH,64.200,L1CD,1,6220,42.6,9.310807459,-2099.385,-130624.812,2,0
$CH,64.200,L1CD,2,6220,40.7,10.003413722,-1676.727,-104516.439,2,0
$CH,64.200,L1CD,3,6220,49.4,8.542565677,827.514,52683.147,2,0
$CH,64.200,L1CD,4,6220,45.0,5.713236880,1856.784,115340.324,2,0
$CH,64.200,L1CD,7,6220,40.8,2.242841825,1346.125,84185.862,2,0
$CH,64.200,L1CD,8,6220,41.0,1.696937804,2108.867,130670.551,2,0
$CH,64.200,L1CD,9,6220,40.3,2.148079892,2272.628,141057.553,2,0
$CH,64.200,L1CD,16,6220,49.8,8.191900446,-166.993,-9007.046,2,0
$CH,64.200,L1CD,21,6220,41.1,0.250293268,-1412.619,-88205.654,2,0
$CH,64.200,L1CD,26,6220,47.6,2.477723257,-2478.638,-153277.871,2,0
$CH,64.200,L1CD,27,6220,41.9,9.481357186,1941.583,120661.099,2,0
$CH,64.200,L1CD,31,6220,43.3,8.680326329,-2592.869,-161483.988,2,0
$TIME,2024,5,11,3,33,16.053605
$CH,64.300,L1CD,1,6230,42.6,9.310939343,-2098.972,-130834.742,2,0
$CH,64.300,L1CD,2,6230,40.7,10.003523154,-1676.337,-104684.086,2,0
$CH,64.300,L1CD,3,6230,49.4,8.542508003,827.784,52765.895,2,0
$CH,64.300,L1CD,4,6230,45.0,5.713121176,1856.883,115526.007,2,0
$CH,64.300,L1CD,7,6230,40.8,2.242747762,1345.972,84320.471,2,0
$CH,64.300,L1CD,8,6230,41.0,1.696811357,2108.324,130881.435,2,0
$CH,64.300,L1CD,9,6230,40.3,2.147937413,2272.642,141284.845,2,0
$CH,64.300,L1CD,16,6230,49.8,8.191900462,-167.133,-9023.748,2,0
$CH,64.300,L1CD,21,6230,41.1,0.250381525,-1413.019,-88346.905,2,0
$CH,64.300,L1CD,26,6230,47.6,2.477884571,-2478.746,-153525.733,2,0
$CH,64.300,L1CD,27,6230,41.9,9.481236019,1941.147,120855.214,2,0
$CH,64.300,L1CD,31,6230,43.3,8.680485834,-2593.033,-161743.275,2,0
$TIME,2024,5,11,3,33,16.501493
$CH,64.400,L1CD,1,6240,42.6,9.311068696,-2098.845,-131044.672,2,0
$CH,64.400,L1CD,2,6240,40.7,10.003627906,-1676.264,-104851.734,2,0
$CH,64.400,L1CD,3,6240,49.4,8.542458537,827.517,52848.640,2,0
$CH,64.400,L1CD,4,6240,45.0,5.713004053,1856.626,115711.685,2,0
$CH,64.400,L1CD,7,6240,40.8,2.242661271,1346.327,84455.084,2,0
$CH,64.400,L1CD,8,6240,41.0,1.696678495,2108.989,131092.304,2,0
$CH,64.400,L1CD,9,6240,40.3,2.147785009,2273.151,141512.125,2,0
$CH,64.400,L1CD,16,6240,49.8,8.191906544,-167.188,-9040.459,2,0
$CH,64.400,L1CD,21,6240,41.1,0.250463590,-1412.011,-88488.159,2,0
$CH,64.400,L1CD,26,6240,47.6,2.478037231,-2478.726,-153773.603,2,0
$CH,64.400,L1CD,27,6240,41.9,9.481103421,1941.102,121049.325,2,0
$CH,64.400,L1CD,31,6240,43.3,8.680658383,-2592.626,-162002.563,2,0
$TIME,2024,5,11,3,33,16.990517
$CH,64.500,L1CD,1,6250,42.6,9.311206402,-2099.044,-131254.589,2,0
$CH,64.500,L1CD,2,6250,40.7,10.003730772,-1676.462,-105019.380,2,0
$CH,64.500,L1CD,3,6250,49.4,8.542407340,827.369,52931.381,2,0
$CH,64.500,L1CD,4,6250,45.0,5.712887756,1857.116,115897.366,2,0
$CH,64.500,L1CD,7,6250,40.8,2.242580023,1345.858,84589.706,2,0
$CH,64.500,L1CD,8,6250,41.0,1.696544143,2108.611,131303.193,2,0
$CH,64.500,L1CD,9,6250,40.3,2.147644838,2272.695,141739.409,2,0
$CH,64.500,L1CD,16,6250,49.8,8.191922787,-167.335,-9057.174,2,0
$CH,64.500,L1CD,21,6250,41.1,0.250553428,-1412.499,-88629.417,2,0
$CH,64.500,L1CD,26,6250,47.6,2.478193667,-2478.811,-154021.474,2,0
$CH,64.500,L1CD,27,6250,41.9,9.480981938,1941.742,121243.440,2,0
$CH,64.500,L1CD,31,6250,43.3,8.680821044,-2593.251,-162261.849,2,0
$TIME,2024,5,11,3,33,17.519859
$CH,64.600,L1CD,1,6260,42.6,9.311338042,-2099.488,-131464.517,2,0
$CH,64.600,L1CD,2,6260,40.7,10.003838679,-1676.697,-105187.019,2,0
$CH,64.600,L1CD,3,6260,49.4,8.542356269,827.277,53014.113,2,0
$CH,64.600,L1CD,4,6260,45.0,5.712762240,1856.805,116083.055,2,0
$CH,64.600,L1CD,7,6260,40.8,2.242503480,1346.133,84724.303,2,0
$CH,64.600,L1CD,8,6260,41.0,1.696414035,2109.057,131514.083,2,0
$CH,64.600,L1CD,9,6260,40.3,2.147502074,2273.289,141966.703,2,0
$CH,64.600,L1CD,16,6260,49.8,8.191939181,-167.575,-9073.896,2,0
$CH,64.600,L1CD,21,6260,41.1,0.250647549,-1412.453,-88770.669,2,0
$CH,64.600,L1CD,26,6260,47.6,2.478356813,-2478.826,-154269.352,2,0
$CH,64.600,L1CD,27,6260,41.9,9.480859222,1940.926,121437.560,2,0
$CH,64.600,L1CD,31,6260,43.3,8.680980576,-2592.630,-162521.134,2,0
$TIME,2024,5,11,3,33,18.006951
$CH,64.700,L1CD,1,6270,42.6,9.311473460,-2099.493,-131674.441,2,0
$CH,64.700,L1CD,2,6270,40.7,10.003947708,-1676.283,-105354.669,2,0
$CH,64.700,L1CD,3,6270,49.4,8.542297746,827.383,53096.843,2,0
$CH,64.700,L1CD,4,6270,45.0,5.712645360,1856.780,116268.739,2,0
$CH,64.700,L1CD,7,6270,40.8,2.242419363,1346.499,84858.907,2,0
$CH,64.700,L1CD,8,6270,41.0,1.696281120,2109.083,131724.967,2,0
$CH,64.700,L1CD,9,6270,40.3,2.147358730,2273.085,142193.992,2,0
$CH,64.700,L1CD,16,6270,49.8,8.191942359,-167.283,-9090.629,2,0
$CH,64.700,L1CD,21,6270,41.1,0.250730406,-1412.336,-88911.916,2,0
$CH,64.700,L1CD,26,6270,47.6,2.478510434,-2478.745,-154517.233,2,0
$CH,64.700,L1CD,27,6270,41.9,9.480734559,1940.657,121631.662,2,0
$CH,64.700,L1CD,31,6270,43.3,8.681156507,-2592.511,-162780.418,2,0
$TIME,2024,5,11,3,33,18.585709
$CH,64.800,L1CD,1,6280,42.6,9.311604149,-2098.973,-131884.370,2,0
$CH,64.800,L1CD,2,6280,40.7,10.004047920,-1676.670,-105522.314,2,0
$CH,64.800,L1CD,3,6280,49.4,8.542244568,827.083,53179.560,2,0
$CH,64.800,L1CD,4,6280,45.0,5.712528675,1856.904,116454.426,2,0
$CH,64.800,L1CD,7,6280,40.8,2.242331624,1345.836,84993.506,2,0
$CH,64.800,L1CD,8,6280,41.0,1.696138927,2108.874,131935.870,2,0
$CH,64.800,L1CD,9,6280,40.3,2.147216300,2272.711,142421.286,2,0
$CH,64.800,L1CD,16,6280,49.8,8.191951932,-167.309,-9107.369,2,0
$CH,64.800,L1CD,21,6280,41.1,0.250817851,-1412.839,-89053.168,2,0
$CH,64.800,L1CD,26,6280,47.6,2.478666869,-2479.016,-154765.114,2,0
$CH,64.800,L1CD,27,6280,41.9,9.480622440,1940.474,121825.784,2,0
$CH,64.800,L1CD,31,6280,43.3,8.681317674,-2593.030,-163039.696,2,0
$TIME,2024,5,11,3,33,19.064415
$CH,64.900,L1CD,1,6290,42.6,9.311738859,-2098.933,-132094.297,2,0
$CH,64.900,L1CD,2,6290,40.7,10.004161368,-1676.169,-105689.951,2,0
$CH,64.900,L1CD,3,6290,49.4,8.542196598,827.063,53262.275,2,0
$CH,64.900,L1CD,4,6290,45.0,5.712413599,1856.728,116640.113,2,0
$CH,64.900,L1CD,7,6290,40.8,2.242252744,1346.490,85128.102,2,0
$CH,64.900,L1CD,8,6290,41.0,1.696008673,2108.744,132146.762,2,0
$CH,64.900,L1CD,9,6290,40.3,2.147064233,2272.705,142648.580,2,0
$CH,64.900,L1CD,16,6290,49.8,8.191967698,-167.428,-9124.113,2,0
$CH,64.900,L1CD,21,6290,41.1,0.250909012,-1412.387,-89194.411,2,0
$CH,64.900,L1CD,26,6290,47.6,2.478822712,-2479.009,-155013.004,2,0
$CH,64.900,L1CD,27,6290,41.9,9.480491537,1940.887,122019.897,2,0
$CH,64.900,L1CD,31,6290,43.3,8.681473928,-2593.127,-163298.982,2,0
$TIME,2024,5,11,3,33,19.560145
$CH,65.000,L1CD,1,6300,43.7,9.311874755,-2099.379,-132304.218,2,0
$CH,65.000,L1CD,2,6300,40.9,10.004259927,-1676.180,-105857.592,2,0
$CH,65.000,L1CD,3,6300,49.3,8.542143794,827.150,53344.981,2,0
$CH,65.000,L1CD,4,6300,42.9,5.712297377,1856.984,116825.799,2,0
$CH,65.000,L1CD,7,6300,39.9,2.242155050,1346.098,85262.707,2,0
$CH,65.000,L1CD,8,6300,41.3,1.695868486,2109.264,132357.657,2,0
$CH,65.000,L1CD,9,6300,40.4,2.146928579,2272.868,142875.868,2,0
$CH,65.000,L1CD,16,6300,49.7,8.191982404,-167.760,-9140.863,2,0
$CH,65.000,L1CD,21,6300,40.7,0.251005482,-1412.496,-89335.655,2,0
$CH,65.000,L1CD,26,6300,47.3,2.478979761,-2479.160,-155260.901,2,0
$CH,65.000,L1CD,27,6300,41.4,9.480372634,1940.967,122213.999,2,0
$CH,65.000,L1CD,31,6300,43.0,8.681632424,-2592.846,-163558.263,2,0
$TIME,2024,5,11,3,33,20.071716
$CH,65.100,L1CD,1,6310,43.7,9.312003965,-2099.167,-132514.153,2,0
$CH,65.100,L1CD,2,6310,40.9,10.004366577,-1676.872,-106025.228,2,0
$CH,65.100,L1CD,3,6310,49.3,8.542092867,826.980,53427.682,2,0
$CH,65.100,L1CD,4,6310,42.9,5.712178132,1856.904,117011.487,2,0
$CH,65.100,L1CD,7,6310,39.9,2.242070147,1346.494,85397.303,2,0
$CH,65.100,L1CD,8,6310,41.3,1.695742126,2109.055,132568.557,2,0
$CH,65.100,L1CD,9,6310,40.4,2.146780395,2273.165,143103.161,2,0
$CH,65.100,L1CD,16,6310,49.7,8.191983448,-167.540,-9157.626,2,0
$CH,65.100,L1CD,21,6310,40.7,0.251093338,-1412.503,-89476.901,2,0
$CH,65.100,L1CD,26,6310,47.3,2.479138777,-2479.009,-155508.802,2,0
$CH,65.100,L1CD,27,6310,41.4,9.480247472,1941.023,122408.128,2,0
$CH,65.100,L1CD,31,6310,43.0,8.681798703,-2593.133,-163817.532,2,0
$TIME,2024,5,11,3,33,20.546562
$CH,65.200,L1CD,1,6320,43.7,9.312141922,-2099.362,-132724.074,2,0
$CH,65.200,L1CD,2,6320,40.9,10.004470811,-1676.117,-106192.866,2,0
$CH,65.200,L1CD,3,6320,49.3,8.542042119,826.606,53510.379,2,0
$CH,65.200,L1CD,4,6320,42.9,5.712059457,1856.720,117197.176,2,0
$CH,65.200,L1CD,7,6320,39.9,2.241985434,1346.295,85531.896,2,0
$CH,65.200,L1CD,8,6320,41.3,1.695601150,2109.192,132779.458,2,0
$CH,65.200,L1CD,9,6320,40.4,2.146647062,2272.902,143330.465,2,0
$CH,65.200,L1CD,16,6320,49.7,8.191992901,-167.693,-9174.391,2,0
$CH,65.200,L1CD,21,6320,40.7,0.251186856,-1412.183,-89618.146,2,0
$CH,65.200,L1CD,26,6320,47.3,2.479297634,-2479.062,-155756.705,2,0
$CH,65.200,L1CD,27,6320,41.4,9.480118640,1940.825,122602.240,2,0
$CH,65.200,L1CD,31,6320,43.0,8.681973802,-2592.890,-164076.814,2,0
$TIME,2024,5,11,3,33,21.006366
$CH,65.300,L1CD,1,6330,43.7,9.312271020,-2099.160,-132933.997,2,0
$CH,65.300,L1CD,2,6330,40.9,10.004577238,-1676.581,-106360.504,2,0
$CH,65.300,L1CD,3,6330,49.3,8.541985739,826.799,53593.065,2,0
$CH,65.300,L1CD,4,6330,42.9,5.711941605,1857.024,117382.863,2,0
$CH,65.300,L1CD,7,6330,39.9,2.241899773,1346.326,85666.493,2,0
$CH,65.300,L1CD,8,6330,41.3,1.695471221,2109.528,132990.362,2,0
$CH,65.300,L1CD,9,6330,40.4,2.146493887,2273.448,143557.759,2,0
$CH,65.300,L1CD,16,6330,49.7,8.192012842,-167.775,-9191.166,2,0
$CH,65.300,L1CD,21,6330,40.7,0.251274291,-1412.692,-89759.382,2,0
$CH,65.300,L1CD,26,6330,47.3,2.479460307,-2479.160,-156004.611,2,0
$CH,65.300,L1CD,27,6330,41.4,9.479997151,1941.036,122796.355,2,0
$CH,65.300,L1CD,31,6330,43.0,8.682130367,-2593.312,-164336.095,2,0
$TIME,2024,5,11,3,33,21.533399
$CH,65.400,L1CD,1,6340,43.7,9.312402827,-2099.534,-133143.924,2,0
$CH,65.400,L1CD,2,6340,40.9,10.004694034,-1676.491,-106528.131,2,0
$CH,65.400,L1CD,3,6340,49.3,8.541934673,826.633,53675.751,2,0
$CH,65.400,L1CD,4,6340,42.9,5.711818928,1856.861,117568.559,2,0
$CH,65.400,L1CD,7,6340,39.9,2.241814721,1345.856,85801.081,2,0
$CH,65.400,L1CD,8,6340,41.3,1.695339548,2108.859,133201.276,2,0
$CH,65.400,L1CD,9,6340,40.4,2.146343562,2272.841,143785.070,2,0
$CH,65.400,L1CD,16,6340,49.7,8.192023128,-167.929,-9207.945,2,0
$CH,65.400,L1CD,21,6340,40.7,0.251367244,-1412.317,-89900.622,2,0
$CH,65.400,L1CD,26,6340,47.3,2.479615566,-2479.461,-156252.523,2,0
$CH,65.400,L1CD,27,6340,41.4,9.479881833,1940.907,122990.471,2,0
$CH,65.400,L1CD,31,6340,43.0,8.682298399,-2592.899,-164595.366,2,0
$TIME,2024,5,11,3,33,21.998173
$CH,65.500,L1CD,1,6350,43.7,9.312539821,-2099.811,-133353.843,2,0
$CH,65.500,L1CD,2,6350,40.9,10.004795008,-1675.948,-106695.775,2,0
$CH,65.500,L1CD,3,6350,49.3,8.541882803,826.740,53758.426,2,0
$CH,65.500,L1CD,4,6350,42.9,5.711703653,1856.907,117754.245,2,0
$CH,65.500,L1CD,7,6350,39.9,2.241731175,1345.729,85935.668,2,0
$CH,65.500,L1CD,8,6350,41.3,1.695206899,2108.940,133412.184,2,0
$CH,65.500,L1CD,9,6350,40.4,2.146203636,2273.336,144012.366,2,0
$CH,65.500,L1CD,16,6350,49.7,8.192022744,-167.955,-9224.733,2,0
$CH,65.500,L1CD,21,6350,40.7,0.251459739,-1412.152,-90041.867,2,0
$CH,65.500,L1CD,26,6350,47.3,2.479771384,-2479.155,-156500.445,2,0
$CH,65.500,L1CD,27,6350,41.4,9.479760006,1941.005,123184.589,2,0
$CH,65.500,L1CD,31,6350,43.0,8.682465323,-2592.424,-164854.646,2,0
$TIME,2024,5,11,3,33,22.652737
$CH,65.600,L1CD,1,6360,43.7,9.312667402,-2099.113,-133563.768,2,0
$CH,65.600,L1CD,2,6360,40.9,10.004904523,-1676.742,-106863.400,2,0
$CH,65.600,L1CD,3,6360,49.3,8.541831410,826.787,53841.097,2,0
$CH,65.600,L1CD,4,6360,42.9,5.711580420,1856.912,117939.942,2,0
$CH,65.600,L1CD,7,6360,39.9,2.241644730,1345.698,86070.244,2,0
$CH,65.600,L1CD,8,6360,41.3,1.695074398,2109.408,133623.095,2,0
$CH,65.600,L1CD,9,6360,40.4,2.146058769,2272.972,144239.671,2,0
$CH,65.600,L1CD,16,6360,49.7,8.192036263,-167.924,-9241.528,2,0
$CH,65.600,L1CD,21,6360,40.7,0.251540625,-1412.092,-90183.090,2,0
$CH,65.600,L1CD,26,6360,47.3,2.479931533,-2479.331,-156748.369,2,0
$CH,65.600,L1CD,27,6360,41.4,9.479632864,1941.243,123378.706,2,0
$CH,65.600,L1CD,31,6360,43.0,8.682633561,-2592.683,-165113.907,2,0
$TIME,2024,5,11,3,33,23.372757
$CH,65.700,L1CD,1,6370,43.7,9.312800680,-2099.266,-133773.693,2,0
$CH,65.700,L1CD,2,6370,40.9,10.005013687,-1675.645,-107031.045,2,0
$CH,65.700,L1CD,3,6370,49.3,8.541778804,826.387,53923.757,2,0
$CH,65.700,L1CD,4,6370,42.9,5.711466911,1857.026,118125.633,2,0
$CH,65.700,L1CD,7,6370,39.9,2.241565009,1345.236,86204.827,2,0
$CH,65.700,L1CD,8,6370,41.3,1.694941166,2108.917,133834.016,2,0
$CH,65.700,L1CD,9,6370,40.4,2.145914726,2272.145,144466.975,2,0
$CH,65.700,L1CD,16,6370,49.7,8.192058614,-168.177,-9258.331,2,0
$CH,65.700,L1CD,21,6370,40.7,0.251633528,-1412.421,-90324.330,2,0
$CH,65.700,L1CD,26,6370,47.3,2.480088743,-2479.092,-156996.295,2,0
$CH,65.700,L1CD,27,6370,41.4,9.479503781,1941.025,123572.820,2,0
$CH,65.700,L1CD,31,6370,43.0,8.682789128,-2592.599,-165373.195,2,0
$TIME,2024,5,11,3,33,23.934670
$CH,65.800,L1CD,1,6380,43.7,9.312937662,-2099.516,-133983.616,2,0
$CH,65.800,L1CD,2,6380,40.9,10.005109271,-1676.231,-107198.657,2,0
$CH,65.800,L1CD,3,6380,49.3,8.541727918,826.663,54006.412,2,0
$CH,65.800,L1CD,4,6380,42.9,5.711347564,1856.849,118311.327,2,0
$CH,65.800,L1CD,7,6380,39.9,2.241481635,1345.941,86339.393,2,0
$CH,65.800,L1CD,8,6380,41.3,1.694800438,2108.930,134044.926,2,0
$CH,65.800,L1CD,9,6380,40.4,2.145769674,2272.791,144694.286,2,0
$CH,65.800,L1CD,16,6380,49.7,8.192061061,-168.064,-9275.142,2,0
$CH,65.800,L1CD,21,6380,40.7,0.251718824,-1412.456,-90465.554,2,0
$CH,65.800,L1CD,26,6380,47.3,2.480239830,-2479.566,-157244.222,2,0
$CH,65.800,L1CD,27,6380,41.4,9.479381394,1941.195,123766.937,2,0
$CH,65.800,L1CD,31,6380,43.0,8.682957794,-2593.544,-165632.456,2,0
$TIME,2024,5,11,3,33,24.443803
$CH,65.900,L1CD,1,6390,43.7,9.313070749,-2098.994,-134193.546,2,0
$CH,65.900,L1CD,2,6390,40.9,10.005220919,-1675.693,-107366.284,2,0
$CH,65.900,L1CD,3,6390,49.3,8.541678478,826.358,54089.068,2,0
$CH,65.900,L1CD,4,6390,42.9,5.711228658,1857.184,118497.021,2,0
$CH,65.900,L1CD,7,6390,39.9,2.241393699,1345.845,86473.987,2,0
$CH,65.900,L1CD,8,6390,41.3,1.694663527,2108.993,134255.840,2,0
$CH,65.900,L1CD,9,6390,40.4,2.145623988,2272.495,144921.595,2,0
$CH,65.900,L1CD,16,6390,49.7,8.192069395,-168.455,-9291.955,2,0
$CH,65.900,L1CD,21,6390,40.7,0.251805967,-1411.875,-90606.778,2,0
$CH,65.900,L1CD,26,6390,47.3,2.480398254,-2479.464,-157492.163,2,0
$CH,65.900,L1CD,27,6390,41.4,9.479261120,1941.173,123961.049,2,0
$CH,65.900,L1CD,31,6390,43.0,8.683123398,-2593.122,-165891.732,2,0
$TIME,2024,5,11,3,33,24.928254
$CH,66.000,L1CD,1,6400,43.1,9.313197924,-2098.884,-134403.466,2,0
$CH,66.000,L1CD,2,6400,40.9,10.005329133,-1676.794,-107533.916,2,0
$CH,66.000,L1CD,3,6400,48.8,8.541621044,826.175,54171.713,2,0
$CH,66.000,L1CD,4,6400,42.9,5.711117585,1856.922,118682.715,2,0
$CH,66.000,L1CD,7,6400,41.1,2.241308465,1345.933,86608.555,2,0
$CH,66.000,L1CD,8,6400,40.8,1.694527728,2109.151,134466.770,2,0
$CH,66.000,L1CD,9,6400,40.0,2.145490885,2272.858,145148.909,2,0
$CH,66.000,L1CD,16,6400,49.7,8.192082056,-168.458,-9308.782,2,0
$CH,66.000,L1CD,21,6400,40.2,0.251897944,-1412.477,-90748.010,2,0
$CH,66.000,L1CD,26,6400,48.1,2.480556253,-2479.746,-157740.104,2,0
$CH,66.000,L1CD,27,6400,41.9,9.479138639,1941.580,124155.170,2,0
$CH,66.000,L1CD,31,6400,43.0,8.683288350,-2592.718,-166151.003,2,0
$TIME,2024,5,11,3,33,25.417704
$CH,66.100,L1CD,1,6410,43.1,9.313336449,-2099.132,-134613.390,2,0
$CH,66.100,L1CD,2,6410,40.9,10.005435317,-1675.721,-107701.544,2,0
$CH,66.100,L1CD,3,6410,48.8,8.541570840,826.207,54254.348,2,0
$CH,66.100,L1CD,4,6410,42.9,5.710994270,1856.956,118868.411,2,0
$CH,66.100,L1CD,7,6410,41.1,2.241214895,1346.015,86743.136,2,0
$CH,66.100,L1CD,8,6410,40.8,1.694400995,2109.226,134677.696,2,0
$CH,66.100,L1CD,9,6410,40.0,2.145348825,2273.476,145376.217,2,0
$CH,66.100,L1CD,16,6410,49.7,8.192098243,-168.519,-9325.610,2,0
$CH,66.100,L1CD,21,6410,40.2,0.251986255,-1412.508,-90889.236,2,0
$CH,66.100,L1CD,26,6410,48.1,2.480713243,-2479.622,-157988.052,2,0
$CH,66.100,L1CD,27,6410,41.9,9.479015493,1941.397,124349.290,2,0
$CH,66.100,L1CD,31,6410,43.0,8.683453963,-2592.676,-166410.275,2,0
$TIME,2024,5,11,3,33,25.870017
$CH,66.200,L1CD,1,6420,43.1,9.313467576,-2099.268,-134823.309,2,0
$CH,66.200,L1CD,2,6420,40.9,10.005537451,-1676.338,-107869.168,2,0
$CH,66.200,L1CD,3,6420,48.8,8.541515324,826.401,54336.981,2,0
$CH,66.200,L1CD,4,6420,42.9,5.710875104,1856.732,119054.113,2,0
$CH,66.200,L1CD,7,6420,41.1,2.241131691,1346.300,86877.698,2,0
$CH,66.200,L1CD,8,6420,40.8,1.694271817,2109.519,134888.616,2,0
$CH,66.200,L1CD,9,6420,40.0,2.145200179,2273.772,145603.529,2,0
$CH,66.200,L1CD,16,6420,49.7,8.192104054,-168.331,-9342.449,2,0
$CH,66.200,L1CD,21,6420,40.2,0.252077369,-1412.406,-91030.460,2,0
$CH,66.200,L1CD,26,6420,48.1,2.480872787,-2479.616,-158236.000,2,0
$CH,66.200,L1CD,27,6420,41.9,9.478890358,1941.280,124543.410,2,0
$CH,66.200,L1CD,31,6420,43.0,8.683621698,-2592.304,-166669.544,2,0
$TIME,2024,5,11,3,33,26.329187
$CH,66.300,L1CD,1,6430,43.1,9.313607170,-2099.612,-135033.227,2,0
$CH,66.300,L1CD,2,6430,40.9,10.005646100,-1676.306,-108036.791,2,0
$CH,66.300,L1CD,3,6430,48.8,8.541461836,826.294,54419.608,2,0
$CH,66.300,L1CD,4,6430,42.9,5.710758126,1856.882,119239.807,2,0
$CH,66.300,L1CD,7,6430,41.1,2.241051094,1345.326,87012.270,2,0
$CH,66.300,L1CD,8,6430,40.8,1.694137646,2109.248,135099.553,2,0
$CH,66.300,L1CD,9,6430,40.0,2.145047014,2273.041,145830.851,2,0
$CH,66.300,L1CD,16,6430,49.7,8.192111558,-168.462,-9359.293,2,0
$CH,66.300,L1CD,21,6430,40.2,0.252169414,-1412.192,-91171.684,2,0
$CH,66.300,L1CD,26,6430,48.1,2.481024932,-2479.516,-158483.950,2,0
$CH,66.300,L1CD,27,6430,41.9,9.478770444,1941.384,124737.527,2,0
$CH,66.300,L1CD,31,6430,43.0,8.683780249,-2592.545,-166928.810,2,0
$TIME,2024,5,11,3,33,26.776742
$CH,66.400,L1CD,1,6440,43.1,9.313740169,-2099.310,-135243.152,2,0
$CH,66.400,L1CD,2,6440,40.9,10.005742194,-1675.856,-108204.413,2,0
$CH,66.400,L1CD,3,6440,48.8,8.541411088,826.085,54502.229,2,0
$CH,66.400,L1CD,4,6440,42.9,5.710644582,1857.292,119425.503,2,0
$CH,66.400,L1CD,7,6440,41.1,2.240969046,1345.441,87146.832,2,0
$CH,66.400,L1CD,8,6440,40.8,1.694010418,2109.429,135310.476,2,0
$CH,66.400,L1CD,9,6440,40.0,2.144902048,2273.088,146058.162,2,0
$CH,66.400,L1CD,16,6440,49.7,8.192135512,-168.554,-9376.143,2,0
$CH,66.400,L1CD,21,6440,40.2,0.252261425,-1411.441,-91312.907,2,0
$CH,66.400,L1CD,26,6440,48.1,2.481184234,-2479.507,-158731.913,2,0
$CH,66.400,L1CD,27,6440,41.9,9.478645021,1941.193,124931.642,2,0
$CH,66.400,L1CD,31,6440,43.0,8.683952288,-2592.798,-167188.072,2,0
$TIME,2024,5,11,3,33,27.228436
$CH,66.500,L1CD,1,6450,43.1,9.313875310,-2098.989,-135453.069,2,0
$CH,66.500,L1CD,2,6450,40.9,10.005858992,-1675.936,-108372.032,2,0
$CH,66.500,L1CD,3,6450,48.8,8.541353930,826.024,54584.840,2,0
$CH,66.500,L1CD,4,6450,42.9,5.710528273,1857.093,119611.202,2,0
$CH,66.500,L1CD,7,6450,41.1,2.240881247,1346.110,87281.390,2,0
$CH,66.500,L1CD,8,6450,40.8,1.693870103,2109.350,135521.421,2,0
$CH,66.500,L1CD,9,6450,40.0,2.144765331,2272.714,146285.480,2,0
$CH,66.500,L1CD,16,6450,49.7,8.192138841,-168.577,-9393.006,2,0
$CH,66.500,L1CD,21,6450,40.2,0.252346898,-1411.958,-91454.126,2,0
$CH,66.500,L1CD,26,6450,48.1,2.481340083,-2479.880,-158979.874,2,0
$CH,66.500,L1CD,27,6450,41.9,9.478516966,1941.088,125125.766,2,0
$CH,66.500,L1CD,31,6450,43.0,8.684120430,-2592.500,-167447.344,2,0
$TIME,2024,5,11,3,33,27.701186
$CH,66.600,L1CD,1,6460,43.1,9.314005186,-2098.966,-135662.997,2,0
$CH,66.600,L1CD,2,6460,40.9,10.005960130,-1675.648,-108539.658,2,0
$CH,66.600,L1CD,3,6460,48.8,8.541301198,826.027,54667.448,2,0
$CH,66.600,L1CD,4,6460,42.9,5.710409915,1856.611,119796.904,2,0
$CH,66.600,L1CD,7,6460,41.1,2.240795444,1345.717,87415.959,2,0
$CH,66.600,L1CD,8,6460,40.8,1.693732832,2109.285,135732.368,2,0
$CH,66.600,L1CD,9,6460,40.0,2.144619799,2273.881,146512.802,2,0
$CH,66.600,L1CD,16,6460,49.7,8.192143580,-168.837,-9409.869,2,0
$CH,66.600,L1CD,21,6460,40.2,0.252439738,-1412.494,-91595.334,2,0
$CH,66.600,L1CD,26,6460,48.1,2.481497453,-2479.740,-159227.847,2,0
$CH,66.600,L1CD,27,6460,41.9,9.478397167,1941.522,125319.884,2,0
$CH,66.600,L1CD,31,6460,43.0,8.684279346,-2592.582,-167706.604,2,0
$TIME,2024,5,11,3,33,28.157924
$CH,66.700,L1CD,1,6470,43.1,9.314138638,-2099.234,-135872.914,2,0
$CH,66.700,L1CD,2,6470,40.9,10.006066737,-1676.193,-108707.276,2,0
$CH,66.700,L1CD,3,6470,48.8,8.541251586,825.882,54750.050,2,0
$CH,66.700,L1CD,4,6470,42.9,5.710288901,1856.778,119982.606,2,0
$CH,66.700,L1CD,7,6470,41.1,2.240706287,1345.035,87550.516,2,0
$CH,66.700,L1CD,8,6470,40.8,1.693598812,2109.175,135943.303,2,0
$CH,66.700,L1CD,9,6470,40.0,2.144480570,2273.089,146740.131,2,0
$CH,66.700,L1CD,16,6470,49.7,8.192151550,-168.823,-9426.744,2,0
$CH,66.700,L1CD,21,6470,40.2,0.252527305,-1412.644,-91736.553,2,0
$CH,66.700,L1CD,26,6470,48.1,2.481662307,-2479.760,-159475.819,2,0
$CH,66.700,L1CD,27,6470,41.9,9.478264896,1941.093,125514.010,2,0
$CH,66.700,L1CD,31,6470,43.0,8.684445005,-2592.925,-167965.862,2,0
$TIME,2024,5,11,3,33,28.697521
$CH,66.800,L1CD,1,6480,43.1,9.314273769,-2099.018,-136082.839,2,0
$CH,66.800,L1CD,2,6480,40.9,10.006179375,-1676.655,-108874.886,2,0
$CH,66.800,L1CD,3,6480,48.8,8.541202144,825.812,54832.641,2,0
$CH,66.800,L1CD,4,6480,42.9,5.710172297,1856.662,120168.311,2,0
$CH,66.800,L1CD,7,6480,41.1,2.240616913,1344.761,87685.069,2,0
$CH,66.800,L1CD,8,6480,40.8,1.693471718,2109.712,136154.249,2,0
$CH,66.800,L1CD,9,6480,40.0,2.144329612,2273.194,146967.444,2,0
$CH,66.800,L1CD,16,6480,49.7,8.192174482,-168.734,-9443.623,2,0
$CH,66.800,L1CD,21,6480,40.2,0.252617122,-1411.915,-91877.770,2,0
$CH,66.800,L1CD,26,6480,48.1,2.481821503,-2479.756,-159723.796,2,0
$CH,66.800,L1CD,27,6480,41.9,9.478144387,1941.458,125708.126,2,0
$CH,66.800,L1CD,31,6480,43.0,8.684601069,-2592.626,-168225.119,2,0
$TIME,2024,5,11,3,33,29.170069
$CH,66.900,L1CD,1,6490,43.1,9.314404494,-2098.721,-136292.764,2,0
$CH,66.900,L1CD,2,6490,40.9,10.006291230,-1676.067,-109042.505,2,0
$CH,66.900,L1CD,3,6490,48.8,8.541146258,825.934,54915.232,2,0
$CH,66.900,L1CD,4,6490,42.9,5.710055824,1856.882,120354.007,2,0
$CH,66.900,L1CD,7,6490,41.1,2.240537063,1345.421,87819.623,2,0
$CH,66.900,L1CD,8,6490,40.8,1.693333265,2109.630,136365.195,2,0
$CH,66.900,L1CD,9,6490,40.0,2.144191286,2272.827,147194.774,2,0
$CH,66.900,L1CD,16,6490,49.7,8.192179543,-168.977,-9460.512,2,0
$CH,66.900,L1CD,21,6490,40.2,0.252709538,-1411.973,-92018.984,2,0
$CH,66.900,L1CD,26,6490,48.1,2.481978613,-2479.814,-159971.778,2,0
$CH,66.900,L1CD,27,6490,41.9,9.478025949,1940.783,125902.252,2,0
$CH,66.900,L1CD,31,6490,43.0,8.684771123,-2592.473,-168484.385,2,0
$TIME,2024,5,11,3,33,29.667717
$CH,67.000,L1CD,1,6500,43.1,9.314534758,-2099.818,-136502.672,2,0
$CH,67.000,L1CD,2,6500,42.1,10.006386319,-1675.923,-109210.120,2,0
$CH,67.000,L1CD,3,6500,48.6,8.541099111,825.923,54997.815,2,0
$CH,67.000,L1CD,4,6500,43.8,5.709940161,1857.246,120539.713,2,0
$CH,67.000,L1CD,7,6500,41.0,2.240448853,1345.301,87954.177,2,0
$CH,67.000,L1CD,8,6500,40.3,1.693193635,2109.757,136576.132,2,0
$CH,67.000,L1CD,9,6500,39.9,2.144043820,2273.688,147422.102,2,0
$CH,67.000,L1CD,16,6500,50.0,8.192180052,-169.059,-9477.410,2,0
$CH,67.000,L1CD,21,6500,40.6,0.252790703,-1412.624,-92160.184,2,0
$CH,67.000,L1CD,26,6500,47.7,2.482135645,-2479.765,-160219.771,2,0
$CH,67.000,L1CD,27,6500,41.2,9.477900055,1941.302,126096.374,2,0
$CH,67.000,L1CD,31,6500,42.9,8.684938229,-2593.287,-168743.634,2,0
$TIME,2024,5,11,3,33,30.206353
$CH,67.100,L1CD,1,6510,43.1,9.314672156,-2098.999,-136712.597,2,0
$CH,67.100,L1CD,2,6510,42.1,10.006497049,-1676.394,-109377.735,2,0
$CH,67.100,L1CD,3,6510,48.6,8.541044111,825.723,55080.389,2,0
$CH,67.100,L1CD,4,6510,43.8,5.709821455,1856.800,120725.419,2,0
$CH,67.100,L1CD,7,6510,41.0,2.240357994,1345.175,88088.721,2,0
$CH,67.100,L1CD,8,6510,40.3,1.693064170,2109.866,136787.082,2,0
$CH,67.100,L1CD,9,6510,39.9,2.143902326,2273.706,147649.423,2,0
$CH,67.100,L1CD,16,6510,50.0,8.192195097,-168.855,-9494.311,2,0
$CH,67.100,L1CD,21,6510,40.6,0.252886569,-1412.620,-92301.386,2,0
$CH,67.100,L1CD,26,6510,47.7,2.482291512,-2479.903,-160467.755,2,0
$CH,67.100,L1CD,27,6510,41.2,9.477778876,1941.192,126290.494,2,0
$CH,67.100,L1CD,31,6510,42.9,8.685103039,-2591.511,-169002.905,2,0
$TIME,2024,5,11,3,33,30.810604
$CH,67.200,L1CD,1,6520,43.1,9.314799404,-2098.597,-136922.517,2,0
$CH,67.200,L1CD,2,6520,42.1,10.006606970,-1676.134,-109545.339,2,0
$CH,67.200,L1CD,3,6520,48.6,8.540990527,825.490,55162.959,2,0
$CH,67.200,L1CD,4,6520,43.8,5.709697755,1856.780,120911.120,2,0
$CH,67.200,L1CD,7,6520,41.0,2.240273575,1345.532,88223.274,2,0
$CH,67.200,L1CD,8,6520,40.3,1.692932851,2109.704,136998.032,2,0
$CH,67.200,L1CD,9,6520,39.9,2.143755442,2273.440,147876.766,2,0
$CH,67.200,L1CD,16,6520,50.0,8.192218527,-169.163,-9511.220,2,0
$CH,67.200,L1CD,21,6520,40.6,0.252984507,-1412.321,-92442.600,2,0
$CH,67.200,L1CD,26,6520,47.7,2.482448684,-2479.926,-160715.746,2,0
$CH,67.200,L1CD,27,6520,41.2,9.477653362,1941.649,126484.615,2,0
$CH,67.200,L1CD,31,6520,42.9,8.685260005,-2592.412,-169262.154,2,0
$TIME,2024,5,11,3,33,31.263221
$CH,67.300,L1CD,1,6530,43.1,9.314938298,-2099.004,-137132.438,2,0
$CH,67.300,L1CD,2,6530,42.1,10.006708889,-1675.887,-109712.952,2,0
$CH,67.300,L1CD,3,6530,48.6,8.540941344,825.547,55245.525,2,0
$CH,67.300,L1CD,4,6530,43.8,5.709580232,1857.124,121096.824,2,0
$CH,67.300,L1CD,7,6530,41.0,2.240183645,1344.995,88357.812,2,0
$CH,67.300,L1CD,8,6530,40.3,1.692795450,2110.196,137208.992,2,0
$CH,67.300,L1CD,9,6530,39.9,2.143615927,2273.559,148104.094,2,0
$CH,67.300,L1CD,16,6530,50.0,8.192220520,-169.312,-9528.135,2,0
$CH,67.300,L1CD,21,6530,40.6,0.253074459,-1411.850,-92583.804,2,0
$CH,67.300,L1CD,26,6530,47.7,2.482606679,-2479.902,-160963.750,2,0
$CH,67.300,L1CD,27,6530,41.2,9.477531896,1941.486,126678.738,2,0
$CH,67.300,L1CD,31,6530,42.9,8.685433944,-2592.571,-169521.413,2,0
$TIME,2024,5,11,3,33,31.713335
$CH,67.400,L1CD,1,6540,43.1,9.315066375,-2099.274,-137342.357,2,0
$CH,67.400,L1CD,2,6540,42.1,10.006815567,-1675.719,-109880.564,2,0
$CH,67.400,L1CD,3,6540,48.6,8.540889700,825.509,55328.081,2,0
$CH,67.400,L1CD,4,6540,43.8,5.709462486,1856.938,121282.533,2,0
$CH,67.400,L1CD,7,6540,41.0,2.240097504,1345.068,88492.350,2,0
$CH,67.400,L1CD,8,6540,40.3,1.692658618,2109.949,137419.954,2,0
$CH,67.400,L1CD,9,6540,39.9,2.143467648,2272.832,148331.413,2,0
$CH,67.400,L1CD,16,6540,50.0,8.192227713,-169.317,-9545.058,2,0
$CH,67.400,L1CD,21,6540,40.6,0.253162228,-1411.721,-92725.008,2,0
$CH,67.400,L1CD,26,6540,47.7,2.482763016,-2480.271,-161211.753,2,0
$CH,67.400,L1CD,27,6540,41.2,9.477411110,1941.121,126872.867,2,0
$CH,67.400,L1CD,31,6540,42.9,8.685597837,-2592.616,-169780.658,2,0
$TIME,2024,5,11,3,33,32.225195
$CH,67.500,L1CD,1,6550,43.1,9.315201377,-2099.310,-137552.274,2,0
$CH,67.500,L1CD,2,6550,42.1,10.006924932,-1675.762,-110048.169,2,0
$CH,67.500,L1CD,3,6550,48.6,8.540832639,825.767,55410.629,2,0
$CH,67.500,L1CD,4,6550,43.8,5.709343164,1857.024,121468.235,2,0
$CH,67.500,L1CD,7,6550,41.0,2.240016834,1344.981,88626.897,2,0
$CH,67.500,L1CD,8,6550,40.3,1.692525378,2109.439,137630.917,2,0
$CH,67.500,L1CD,9,6550,39.9,2.143326039,2273.269,148558.759,2,0
$CH,67.500,L1CD,16,6550,50.0,8.192247395,-169.291,-9561.986,2,0
$CH,67.500,L1CD,21,6550,40.6,0.253244948,-1412.150,-92866.204,2,0
$CH,67.500,L1CD,26,6550,47.7,2.482919747,-2480.310,-161459.764,2,0
$CH,67.500,L1CD,27,6550,41.2,9.477287167,1940.979,127066.989,2,0
$CH,67.500,L1CD,31,6550,42.9,8.685752802,-2592.176,-170039.926,2,0
$TIME,2024,5,11,3,33,32.842154
$CH,67.600,L1CD,1,6560,43.1,9.315340319,-2099.514,-137762.192,2,0
$CH,67.600,L1CD,2,6560,42.1,10.007028843,-1676.032,-110215.773,2,0
$CH,67.600,L1CD,3,6560,48.6,8.540777688,825.138,55493.176,2,0
$CH,67.600,L1CD,4,6560,43.8,5.709227378,1857.133,121653.947,2,0
$CH,67.600,L1CD,7,6560,41.0,2.239926451,1345.373,88761.428,2,0
$CH,67.600,L1CD,8,6560,40.3,1.692388042,2110.081,137841.875,2,0
$CH,67.600,L1CD,9,6560,39.9,2.143176262,2273.349,148786.103,2,0
$CH,67.600,L1CD,16,6560,50.0,8.192262829,-169.257,-9578.926,2,0
$CH,67.600,L1CD,21,6560,40.6,0.253331503,-1412.065,-93007.402,2,0
$CH,67.600,L1CD,26,6560,47.7,2.483075760,-2480.041,-161707.780,2,0
$CH,67.600,L1CD,27,6560,41.2,9.477163517,1941.059,127261.111,2,0
$CH,67.600,L1CD,31,6560,42.9,8.685918068,-2592.446,-170299.174,2,0
$TIME,2024,5,11,3,33,33.468586
$CH,67.700,L1CD,1,6570,43.1,9.315470379,-2099.603,-137972.106,2,0
$CH,67.700,L1CD,2,6570,42.1,10.007134867,-1676.018,-110383.371,2,0
$CH,67.700,L1CD,3,6570,48.6,8.540728971,825.316,55575.715,2,0
$CH,67.700,L1CD,4,6570,43.8,5.709107444,1856.882,121839.653,2,0
$CH,67.700,L1CD,7,6570,41.0,2.239842816,1344.599,88895.964,2,0
$CH,67.700,L1CD,8,6570,40.3,1.692258917,2110.040,138052.845,2,0
$CH,67.700,L1CD,9,6570,39.9,2.143029656,2273.148,149013.440,2,0
$CH,67.700,L1CD,16,6570,50.0,8.192264450,-169.587,-9595.870,2,0
$CH,67.700,L1CD,21,6570,40.6,0.253420544,-1411.180,-93148.611,2,0
$CH,67.700,L1CD,26,6570,47.7,2.483235801,-2479.778,-161955.804,2,0
$CH,67.700,L1CD,27,6570,41.2,9.477047568,1941.118,127455.235,2,0
$CH,67.700,L1CD,31,6570,42.9,8.686089237,-2592.612,-170558.424,2,0
$TIME,2024,5,11,3,33,34.018643
$CH,67.800,L1CD,1,6580,43.1,9.315605281,-2099.105,-138182.025,2,0
$CH,67.800,L1CD,2,6580,42.1,10.007239781,-1676.073,-110550.980,2,0
$CH,67.800,L1CD,3,6580,48.6,8.540675897,825.409,55658.246,2,0
$CH,67.800,L1CD,4,6580,43.8,5.708993470,1857.450,122025.362,2,0
$CH,67.800,L1CD,7,6580,41.0,2.239766943,1345.852,89030.494,2,0
$CH,67.800,L1CD,8,6580,40.3,1.692128187,2109.743,138263.813,2,0
$CH,67.800,L1CD,9,6580,39.9,2.142876509,2272.868,149240.776,2,0
$CH,67.800,L1CD,16,6580,50.0,8.192274260,-169.549,-9612.822,2,0
$CH,67.800,L1CD,21,6580,40.6,0.253513804,-1412.048,-93289.789,2,0
$CH,67.800,L1CD,26,6580,47.7,2.483394147,-2480.221,-162203.821,2,0
$CH,67.800,L1CD,27,6580,41.2,9.476918213,1941.665,127649.359,2,0
$CH,67.800,L1CD,31,6580,42.9,8.686249803,-2592.756,-170817.665,2,0
$TIME,2024,5,11,3,33,34.642666
$CH,67.900,L1CD,1,6590,43.1,9.315738947,-2099.567,-138391.941,2,0
$CH,67.900,L1CD,2,6590,42.1,10.007349462,-1675.947,-110718.588,2,0
$CH,67.900,L1CD,3,6590,48.6,8.540622411,825.422,55740.773,2,0
$CH,67.900,L1CD,4,6590,43.8,5.708876098,1857.054,122211.078,2,0
$CH,67.900,L1CD,7,6590,41.0,2.239680365,1345.019,89165.027,2,0
$CH,67.900,L1CD,8,6590,40.3,1.691999535,2110.171,138474.781,2,0
$CH,67.900,L1CD,9,6590,39.9,2.142738487,2274.033,149468.124,2,0
$CH,67.900,L1CD,16,6590,50.0,8.192294910,-169.495,-9629.783,2,0
$CH,67.900,L1CD,21,6590,40.6,0.253597147,-1411.812,-93430.985,2,0
$CH,67.900,L1CD,26,6590,47.7,2.483551472,-2480.538,-162451.849,2,0
$CH,67.900,L1CD,27,6590,41.2,9.476797047,1941.449,127843.484,2,0
$CH,67.900,L1CD,31,6590,42.9,8.686415179,-2592.044,-171076.925,2,0
$TIME,2024,5,11,3,33,35.303050
$CH,68.000,L1CD,1,6600,43.5,9.315866286,-2099.047,-138601.871,2,0
$CH,68.000,L1CD,2,6600,41.5,10.007461796,-1675.938,-110886.188,2,0
$CH,68.000,L1CD,3,6600,47.9,8.540568632,825.163,55823.290,2,0
$CH,68.000,L1CD,4,6600,43.9,5.708757379,1857.117,122396.784,2,0
$CH,68.000,L1CD,7,6600,40.0,2.239589407,1345.808,89299.550,2,0
$CH,68.000,L1CD,8,6600,39.6,1.691859355,2109.703,138685.766,2,0
$CH,68.000,L1CD,9,6600,39.6,2.142604474,2274.051,149695.460,2,0
$CH,68.000,L1CD,16,6600,49.4,8.192302770,-169.414,-9646.748,2,0
$CH,68.000,L1CD,21,6600,41.1,0.253689209,-1412.476,-93572.174,2,0
$CH,68.000,L1CD,26,6600,46.9,2.483708339,-2480.543,-162699.881,2,0
$CH,68.000,L1CD,27,6600,40.9,9.476677304,1941.187,128037.611,2,0
$CH,68.000,L1CD,31,6600,43.1,8.686578220,-2592.246,-171336.172,2,0
$TIME,2024,5,11,3,33,35.841127
$CH,68.100,L1CD,1,6610,43.5,9.316004577,-2099.510,-138811.777,2,0
$CH,68.100,L1CD,2,6610,41.5,10.007567576,-1676.234,-111053.786,2,0
$CH,68.100,L1CD,3,6610,47.9,8.540515526,825.134,55905.804,2,0
$CH,68.100,L1CD,4,6610,43.9,5.708638169,1857.145,122582.497,2,0
$CH,68.100,L1CD,7,6610,40.0,2.239500584,1344.959,89434.086,2,0
$CH,68.100,L1CD,8,6610,39.6,1.691726689,2109.871,138896.745,2,0
$CH,68.100,L1CD,9,6610,39.6,2.142458076,2272.636,149922.812,2,0
$CH,68.100,L1CD,16,6610,49.4,8.192303336,-169.860,-9663.720,2,0
$CH,68.100,L1CD,21,6610,41.1,0.253779674,-1412.107,-93713.371,2,0
$CH,68.100,L1CD,26,6610,46.9,2.483862630,-2480.835,-162947.918,2,0
$CH,68.100,L1CD,27,6610,40.9,9.476547284,1941.477,128231.736,2,0
$CH,68.100,L1CD,31,6610,43.1,8.686741195,-2592.347,-171595.419,2,0
$TIME,2024,5,11,3,33,36.371945
$CH,68.200,L1CD,1,6620,43.5,9.316136952,-2099.211,-139021.696,2,0
$CH,68.200,L1CD,2,6620,41.5,10.007668934,-1675.642,-111221.399,2,0
$CH,68.200,L1CD,3,6620,47.9,8.540465560,825.306,55988.310,2,0
$CH,68.200,L1CD,4,6620,43.9,5.708524496,1857.117,122768.205,2,0
$CH,68.200,L1CD,7,6620,40.0,2.239418743,1345.514,89568.601,2,0
$CH,68.200,L1CD,8,6620,39.6,1.691587238,2109.678,139107.714,2,0
$CH,68.200,L1CD,9,6620,39.6,2.142310027,2274.016,150150.143,2,0
$CH,68.200,L1CD,16,6620,49.4,8.192318216,-170.014,-9680.701,2,0
$CH,68.200,L1CD,21,6620,41.1,0.253869113,-1412.052,-93854.557,2,0
$CH,68.200,L1CD,26,6620,46.9,2.484019727,-2480.329,-163195.964,2,0
$CH,68.200,L1CD,27,6620,40.9,9.476431874,1941.359,128425.865,2,0
$CH,68.200,L1CD,31,6620,43.1,8.686910729,-2592.840,-171854.660,2,0
$TIME,2024,5,11,3,33,36.932332
$CH,68.300,L1CD,1,6630,43.5,9.316272258,-2099.126,-139231.612,2,0
$CH,68.300,L1CD,2,6630,41.5,10.007770358,-1676.293,-111388.985,2,0
$CH,68.300,L1CD,3,6630,47.9,8.540412149,825.017,56070.813,2,0
$CH,68.300,L1CD,4,6630,43.9,5.708404449,1857.124,122953.918,2,0
$CH,68.300,L1CD,7,6630,40.0,2.239342069,1344.854,89703.129,2,0
$CH,68.300,L1CD,8,6630,39.6,1.691454695,2109.381,139318.700,2,0
$CH,68.300,L1CD,9,6630,39.6,2.142169082,2272.791,150377.507,2,0
$CH,68.300,L1CD,16,6630,49.4,8.192340680,-169.993,-9697.689,2,0
$CH,68.300,L1CD,21,6630,41.1,0.253954791,-1411.602,-93995.742,2,0
$CH,68.300,L1CD,26,6630,46.9,2.484181722,-2480.369,-163444.008,2,0
$CH,68.300,L1CD,27,6630,40.9,9.476303448,1941.215,128619.993,2,0
$CH,68.300,L1CD,31,6630,43.1,8.687076512,-2593.148,-172113.899,2,0
$TIME,2024,5,11,3,33,37.555537
$CH,68.400,L1CD,1,6640,43.5,9.316400212,-2099.178,-139441.525,2,0
$CH,68.400,L1CD,2,6640,41.5,10.007882962,-1676.110,-111556.585,2,0
$CH,68.400,L1CD,3,6640,47.9,8.540361730,824.764,56153.309,2,0
$CH,68.400,L1CD,4,6640,43.9,5.708282174,1857.016,123139.634,2,0
$CH,68.400,L1CD,7,6640,40.0,2.239258634,1344.848,89837.631,2,0
$CH,68.400,L1CD,8,6640,39.6,1.691326317,2110.068,139529.679,2,0
$CH,68.400,L1CD,9,6640,39.6,2.142027388,2273.539,150604.850,2,0
$CH,68.400,L1CD,16,6640,49.4,8.192340530,-169.703,-9714.686,2,0
$CH,68.400,L1CD,21,6640,41.1,0.254039143,-1411.500,-94136.931,2,0
$CH,68.400,L1CD,26,6640,46.9,2.484339820,-2480.362,-163692.058,2,0
$CH,68.400,L1CD,27,6640,40.9,9.476176032,1941.186,128814.116,2,0
$CH,68.400,L1CD,31,6640,43.1,8.687240330,-2592.241,-172373.154,2,0
$TIME,2024,5,11,3,33,38.108479
$CH,68.500,L1CD,1,6650,43.5,9.316534098,-2099.467,-139651.444,2,0
$CH,68.500,L1CD,2,6650,41.5,10.007985192,-1676.066,-111724.173,2,0
$CH,68.500,L1CD,3,6650,47.9,8.540312794,824.783,56235.793,2,0
$CH,68.500,L1CD,4,6650,43.9,5.708163845,1857.207,123325.351,2,0
$CH,68.500,L1CD,7,6650,40.0,2.239167711,1345.550,89972.159,2,0
$CH,68.500,L1CD,8,6650,39.6,1.691190910,2110.004,139740.664,2,0
$CH,68.500,L1CD,9,6650,39.6,2.141883103,2273.764,150832.187,2,0
$CH,68.500,L1CD,16,6650,49.4,8.192348874,-169.990,-9731.684,2,0
$CH,68.500,L1CD,21,6650,41.1,0.254121444,-1412.126,-94278.109,2,0
$CH,68.500,L1CD,26,6650,46.9,2.484493976,-2480.753,-163940.111,2,0
$CH,68.500,L1CD,27,6650,40.9,9.476052362,1941.609,129008.244,2,0
$CH,68.500,L1CD,31,6650,43.1,8.687401520,-2592.466,-172632.393,2,0
$TIME,2024,5,11,3,33,38.633287
$CH,68.600,L1CD,1,6660,43.5,9.316669433,-2098.928,-139861.357,2,0
$CH,68.600,L1CD,2,6660,41.5,10.008098638,-1675.924,-111891.772,2,0
$CH,68.600,L1CD,3,6660,47.9,8.540259711,824.807,56318.277,2,0
$CH,68.600,L1CD,4,6660,43.9,5.708048437,1856.945,123511.066,2,0
$CH,68.600,L1CD,7,6660,40.0,2.239081658,1345.473,90106.664,2,0
$CH,68.600,L1CD,8,6660,39.6,1.691059193,2109.739,139951.660,2,0
$CH,68.600,L1CD,9,6660,39.6,2.141729234,2273.379,151059.544,2,0
$CH,68.600,L1CD,16,6660,49.4,8.192362603,-170.300,-9748.693,2,0
$CH,68.600,L1CD,21,6660,41.1,0.254211540,-1411.870,-94419.292,2,0
$CH,68.600,L1CD,26,6660,46.9,2.484648598,-2480.605,-164188.178,2,0
$CH,68.600,L1CD,27,6660,40.9,9.475929614,1941.331,129202.376,2,0
$CH,68.600,L1CD,31,6660,43.1,8.687566831,-2591.759,-172891.634,2,0
$TIME,2024,5,11,3,33,39.175513
$CH,68.700,L1CD,1,6670,43.5,9.316802960,-2098.853,-140071.274,2,0
$CH,68.700,L1CD,2,6670,41.5,10.008206651,-1675.966,-112059.367,2,0
$CH,68.700,L1CD,3,6670,47.9,8.540209179,824.803,56400.753,2,0
$CH,68.700,L1CD,4,6670,43.9,5.707932206,1857.476,123696.784,2,0
$CH,68.700,L1CD,7,6670,40.0,2.238997668,1344.972,90241.179,2,0
$CH,68.700,L1CD,8,6670,39.6,1.690919075,2109.312,140162.647,2,0
$CH,68.700,L1CD,9,6670,39.6,2.141586177,2274.413,151286.899,2,0
$CH,68.700,L1CD,16,6670,49.4,8.192377913,-170.243,-9765.709,2,0
$CH,68.700,L1CD,21,6670,41.1,0.254311283,-1412.068,-94560.467,2,0
$CH,68.700,L1CD,26,6670,46.9,2.484807575,-2480.493,-164436.242,2,0
$CH,68.700,L1CD,27,6670,40.9,9.475812410,1941.983,129396.494,2,0
$CH,68.700,L1CD,31,6670,43.1,8.687727496,-2592.471,-173150.874,2,0
$TIME,2024,5,11,3,33,39.722314
$CH,68.800,L1CD,1,6680,43.5,9.316938453,-2099.169,-140281.189,2,0
$CH,68.800,L1CD,2,6680,41.5,10.008310737,-1675.949,-112226.959,2,0
$CH,68.800,L1CD,3,6680,47.9,8.540153008,824.553,56483.219,2,0
$CH,68.800,L1CD,4,6680,43.9,5.707812968,1857.354,123882.501,2,0
$CH,68.800,L1CD,7,6680,40.0,2.238918452,1345.321,90375.683,2,0
$CH,68.800,L1CD,8,6680,39.6,1.690781833,2109.604,140373.650,2,0
$CH,68.800,L1CD,9,6680,39.6,2.141444673,2273.813,151514.263,2,0
$CH,68.800,L1CD,16,6680,49.4,8.192381252,-170.239,-9782.734,2,0
$CH,68.800,L1CD,21,6680,41.1,0.254408108,-1411.508,-94701.638,2,0
$CH,68.800,L1CD,26,6680,46.9,2.484961912,-2480.425,-164684.309,2,0
$CH,68.800,L1CD,27,6680,40.9,9.475690145,1940.860,129590.621,2,0
$CH,68.800,L1CD,31,6680,43.1,8.687896476,-2592.088,-173410.117,2,0
$TIME,2024,5,11,3,33,40.243318
$CH,68.900,L1CD,1,6690,43.5,9.317067229,-2098.860,-140491.104,2,0
$CH,68.900,L1CD,2,6690,41.5,10.008419311,-1675.686,-112394.552,2,0
$CH,68.900,L1CD,3,6690,47.9,8.540098473,824.576,56565.686,2,0
$CH,68.900,L1CD,4,6690,43.9,5.707700792,1856.945,124068.217,2,0
$CH,68.900,L1CD,7,6690,40.0,2.238827377,1345.592,90510.198,2,0
$CH,68.900,L1CD,8,6690,39.6,1.690654215,2109.614,140584.640,2,0
$CH,68.900,L1CD,9,6690,39.6,2.141301829,2273.246,151741.614,2,0
$CH,68.900,L1CD,16,6690,49.4,8.192394508,-170.331,-9799.764,2,0
$CH,68.900,L1CD,21,6690,41.1,0.254501431,-1411.906,-94842.823,2,0
$CH,68.900,L1CD,26,6690,46.9,2.485126986,-2480.733,-164932.384,2,0
$CH,68.900,L1CD,27,6690,40.9,9.475558457,1941.088,129784.752,2,0
$CH,68.900,L1CD,31,6690,43.1,8.688059374,-2592.145,-173669.358,2,0
$TIME,2024,5,11,3,33,40.770622
$CH,69.000,L1CD,1,6700,42.8,9.317194485,-2099.289,-140701.016,2,0
$CH,69.000,L1CD,2,6700,41.0,10.008518198,-1675.920,-112562.142,2,0
$CH,69.000,L1CD,3,6700,48.4,8.540047586,824.566,56648.141,2,0
$CH,69.000,L1CD,4,6700,44.7,5.707580190,1857.097,124253.934,2,0
$CH,69.000,L1CD,7,6700,39.3,2.238737165,1344.944,90644.700,2,0
$CH,69.000,L1CD,8,6700,40.3,1.690519392,2110.317,140795.649,2,0
$CH,69.000,L1CD,9,6700,39.0,2.141153417,2273.530,151968.977,2,0
$CH,69.000,L1CD,16,6700,49.2,8.192414205,-170.663,-9816.799,2,0
$CH,69.000,L1CD,21,6700,41.3,0.254586272,-1411.803,-94984.008,2,0
$CH,69.000,L1CD,26,6700,46.9,2.485277932,-2480.617,-165180.462,2,0
$CH,69.000,L1CD,27,6700,42.1,9.475439388,1940.950,129978.890,2,0
$CH,69.000,L1CD,31,6700,42.4,8.688226713,-2592.419,-173928.591,2,0
$TIME,2024,5,11,3,33,41.295988
$CH,69.100,L1CD,1,6710,42.8,9.317328019,-2099.567,-140910.928,2,0
$CH,69.100,L1CD,2,6710,41.0,10.008625768,-1675.716,-112729.730,2,0
$CH,69.100,L1CD,3,6710,48.4,8.539994549,824.242,56730.596,2,0
$CH,69.100,L1CD,4,6710,44.7,5.707456980,1857.088,124439.657,2,0
$CH,69.100,L1CD,7,6710,39.3,2.238645174,1344.591,90779.198,2,0
$CH,69.100,L1CD,8,6710,40.3,1.690388102,2110.101,141006.638,2,0
$CH,69.100,L1CD,9,6710,39.0,2.141007375,2274.071,152196.339,2,0
$CH,69.100,L1CD,16,6710,49.2,8.192418808,-170.438,-9833.846,2,0
$CH,69.100,L1CD,21,6710,41.3,0.254680044,-1411.518,-95125.164,2,0
$CH,69.100,L1CD,26,6710,46.9,2.485432395,-2480.815,-165428.543,2,0
$CH,69.100,L1CD,27,6710,42.1,9.475320493,1940.643,130173.018,2,0
$CH,69.100,L1CD,31,6710,42.4,8.688386371,-2591.856,-174187.827,2,0
$TIME,2024,5,11,3,33,41.812335
$CH,69.200,L1CD,1,6720,42.8,9.317463676,-2098.907,-141120.849,2,0
$CH,69.200,L1CD,2,6720,41.0,10.008731575,-1675.961,-112897.309,2,0
$CH,69.200,L1CD,3,6720,48.4,8.539940859,824.369,56813.036,2,0
$CH,69.200,L1CD,4,6720,44.7,5.707345184,1857.070,124625.378,2,0
$CH,69.200,L1CD,7,6720,39.3,2.238573286,1345.148,90913.691,2,0
$CH,69.200,L1CD,8,6720,40.3,1.690256521,2110.289,141217.641,2,0
$CH,69.200,L1CD,9,6720,39.0,2.140861765,2273.355,152423.704,2,0
$CH,69.200,L1CD,16,6720,49.2,8.192423581,-170.633,-9850.899,2,0
$CH,69.200,L1CD,21,6720,41.3,0.254768381,-1411.658,-95266.336,2,0
$CH,69.200,L1CD,26,6720,46.9,2.485594342,-2480.859,-165676.636,2,0
$CH,69.200,L1CD,27,6720,42.1,9.475192706,1941.270,130367.137,2,0
$CH,69.200,L1CD,31,6720,42.4,8.688549002,-2592.251,-174447.064,2,0
$TIME,2024,5,11,3,33,42.334784
$CH,69.300,L1CD,1,6730,42.8,9.317598970,-2098.990,-141330.764,2,0
$CH,69.300,L1CD,2,6730,41.0,10.008839693,-1675.852,-113064.902,2,0
$CH,69.300,L1CD,3,6730,48.4,8.539890191,824.423,56895.472,2,0
$CH,69.300,L1CD,4,6730,44.7,5.707226557,1857.413,124811.097,2,0
$CH,69.300,L1CD,7,6730,39.3,2.238487657,1345.409,91048.189,2,0
$CH,69.300,L1CD,8,6730,40.3,1.690119670,2109.516,141428.647,2,0
$CH,69.300,L1CD,9,6730,39.0,2.140712919,2273.879,152651.067,2,0
$CH,69.300,L1CD,16,6730,49.2,8.192429280,-170.689,-9867.958,2,0
$CH,69.300,L1CD,21,6730,41.3,0.254861902,-1411.778,-95407.502,2,0
$CH,69.300,L1CD,26,6730,46.9,2.485753514,-2481.149,-165924.718,2,0
$CH,69.300,L1CD,27,6730,42.1,9.475067357,1941.407,130561.273,2,0
$CH,69.300,L1CD,31,6730,42.4,8.688714352,-2592.103,-174706.296,2,0
$TIME,2024,5,11,3,33,42.862881
$CH,69.400,L1CD,1,6740,42.8,9.317733592,-2099.502,-141540.671,2,0
$CH,69.400,L1CD,2,6740,41.0,10.008955847,-1675.618,-113232.468,2,0
$CH,69.400,L1CD,3,6740,48.4,8.539838103,824.258,56977.907,2,0
$CH,69.400,L1CD,4,6740,44.7,5.707110576,1857.253,124996.822,2,0
$CH,69.400,L1CD,7,6740,39.3,2.238400655,1345.016,91182.689,2,0
$CH,69.400,L1CD,8,6740,40.3,1.689986134,2110.098,141639.664,2,0
$CH,69.400,L1CD,9,6740,39.0,2.140575391,2273.792,152878.427,2,0
$CH,69.400,L1CD,16,6740,49.2,8.192453143,-170.752,-9885.021,2,0
$CH,69.400,L1CD,21,6740,41.3,0.254945444,-1411.655,-95548.673,2,0
$CH,69.400,L1CD,26,6740,46.9,2.485911320,-2480.783,-166172.823,2,0
$CH,69.400,L1CD,27,6740,42.1,9.474941317,1942.154,130755.404,2,0
$CH,69.400,L1CD,31,6740,42.4,8.688882322,-2592.622,-174965.524,2,0
$TIME,2024,5,11,3,33,43.370099
$CH,69.500,L1CD,1,6750,42.8,9.317867941,-2098.524,-141750.587,2,0
$CH,69.500,L1CD,2,6750,41.0,10.009057501,-1675.565,-113400.059,2,0
$CH,69.500,L1CD,3,6750,48.4,8.539780879,824.294,57060.333,2,0
$CH,69.500,L1CD,4,6750,44.7,5.706995728,1857.331,125182.543,2,0
$CH,69.500,L1CD,7,6750,39.3,2.238313558,1345.415,91317.189,2,0
$CH,69.500,L1CD,8,6750,40.3,1.689846348,2110.342,141850.675,2,0
$CH,69.500,L1CD,9,6750,39.0,2.140434703,2273.586,153105.799,2,0
$CH,69.500,L1CD,16,6750,49.2,8.192463031,-170.709,-9902.096,2,0
$CH,69.500,L1CD,21,6750,41.3,0.255037348,-1411.861,-95689.840,2,0
$CH,69.500,L1CD,26,6750,46.9,2.486066419,-2481.343,-166420.918,2,0
$CH,69.500,L1CD,27,6750,42.1,9.474823742,1941.095,130949.538,2,0
$CH,69.500,L1CD,31,6750,42.4,8.689048552,-2592.208,-175224.759,2,0
$TIME,2024,5,11,3,33,43.895094
$CH,69.600,L1CD,1,6760,42.8,9.318003454,-2098.943,-141960.499,2,0
$CH,69.600,L1CD,2,6760,41.0,10.009166411,-1676.287,-113567.654,2,0
$CH,69.600,L1CD,3,6760,48.4,8.539731898,824.356,57142.751,2,0
$CH,69.600,L1CD,4,6760,44.7,5.706873825,1857.733,125368.263,2,0
$CH,69.600,L1CD,7,6760,39.3,2.238233249,1344.487,91451.671,2,0
$CH,69.600,L1CD,8,6760,40.3,1.689716255,2109.655,142061.693,2,0
$CH,69.600,L1CD,9,6760,39.0,2.140299490,2273.004,153333.169,2,0
$CH,69.600,L1CD,16,6760,49.2,8.192473734,-170.853,-9919.176,2,0
$CH,69.600,L1CD,21,6760,41.3,0.255121393,-1411.201,-95831.013,2,0
$CH,69.600,L1CD,26,6760,46.9,2.486224049,-2481.032,-166669.029,2,0
$CH,69.600,L1CD,27,6760,42.1,9.474697793,1941.094,131143.665,2,0
$CH,69.600,L1CD,31,6760,42.4,8.689213710,-2592.473,-175483.992,2,0
$TIME,2024,5,11,3,33,44.418149
$CH,69.700,L1CD,1,6770,42.8,9.318138374,-2099.124,-142170.415,2,0
$CH,69.700,L1CD,2,6770,41.0,10.009274433,-1676.443,-113735.229,2,0
$CH,69.700,L1CD,3,6770,48.4,8.539679388,824.479,57225.162,2,0
$CH,69.700,L1CD,4,6770,44.7,5.706755029,1857.453,125553.988,2,0
$CH,69.700,L1CD,7,6770,39.3,2.238147627,1344.339,91586.156,2,0
$CH,69.700,L1CD,8,6770,40.3,1.689579969,2110.239,142272.701,2,0
$CH,69.700,L1CD,9,6770,39.0,2.140149955,2273.387,153560.537,2,0
$CH,69.700,L1CD,16,6770,49.2,8.192484682,-170.775,-9936.263,2,0
$CH,69.700,L1CD,21,6770,41.3,0.255215935,-1411.977,-95972.152,2,0
$CH,69.700,L1CD,26,6770,46.9,2.486381072,-2481.037,-166917.140,2,0
$CH,69.700,L1CD,27,6770,42.1,9.474575325,1941.390,131337.799,2,0
$CH,69.700,L1CD,31,6770,42.4,8.689376076,-2591.867,-175743.224,2,0
$TIME,2024,5,11,3,33,44.942592
$CH,69.800,L1CD,1,6780,42.8,9.318268877,-2099.184,-142380.321,2,0
$CH,69.800,L1CD,2,6780,41.0,10.009376627,-1675.548,-113902.804,2,0
$CH,69.800,L1CD,3,6780,48.4,8.539624882,824.068,57307.572,2,0
$CH,69.800,L1CD,4,6780,44.7,5.706633466,1856.480,125739.715,2,0
$CH,69.800,L1CD,7,6780,39.3,2.238061291,1344.944,91720.640,2,0
$CH,69.800,L1CD,8,6780,40.3,1.689449551,2109.873,142483.730,2,0
$CH,69.800,L1CD,9,6780,39.0,2.139997681,2273.960,153787.907,2,0
$CH,69.800,L1CD,16,6780,49.2,8.192500490,-171.210,-9953.356,2,0
$CH,69.800,L1CD,21,6780,41.3,0.255302280,-1411.385,-96113.318,2,0
$CH,69.800,L1CD,26,6780,46.9,2.486540820,-2481.203,-167165.252,2,0
$CH,69.800,L1CD,27,6780,42.1,9.474461688,1941.083,131531.930,2,0
$CH,69.800,L1CD,31,6780,42.4,8.689538136,-2592.090,-176002.450,2,0
$TIME,2024,5,11,3,33,45.463926
$CH,69.900,L1CD,1,6790,42.8,9.318405370,-2099.035,-142590.239,2,0
$CH,69.900,L1CD,2,6790,41.0,10.009480246,-1675.898,-114070.379,2,0
$CH,69.900,L1CD,3,6790,48.4,8.539579676,823.948,57389.973,2,0
$CH,69.900,L1CD,4,6790,44.7,5.706522966,1857.136,125925.436,2,0
$CH,69.900,L1CD,7,6790,39.3,2.237969519,1344.340,91855.126,2,0
$CH,69.900,L1CD,8,6790,40.3,1.689316173,2109.892,142694.744,2,0
$CH,69.900,L1CD,9,6790,39.0,2.139852312,2273.838,154015.284,2,0
$CH,69.900,L1CD,16,6790,49.2,8.192501384,-171.300,-9970.457,2,0
$CH,69.900,L1CD,21,6790,41.3,0.255388800,-1411.545,-96254.476,2,0
$CH,69.900,L1CD,26,6790,46.9,2.486697771,-2481.437,-167413.373,2,0
$CH,69.900,L1CD,27,6790,42.1,9.474334594,1941.651,131726.059,2,0
$CH,69.900,L1CD,31,6790,42.4,8.689698771,-2592.292,-176261.677,2,0
$TIME,2024,5,11,3,33,45.992725
$CH,70.000,L1CD,1,6800,42.8,9.318535960,-2099.141,-142800.149,2,0
$CH,70.000,L1CD,2,6800,41.7,10.009587137,-1675.478,-114237.964,2,0
$CH,70.000,L1CD,3,6800,48.1,8.539527737,823.913,57472.368,2,0
$CH,70.000,L1CD,4,6800,44.6,5.706399430,1857.168,126111.168,2,0
$CH,70.000,L1CD,7,6800,39.4,2.237882890,1344.974,91989.594,2,0
$CH,70.000,L1CD,8,6800,40.2,1.689180958,2109.709,142905.790,2,0
$CH,70.000,L1CD,9,6800,39.0,2.139705414,2273.676,154242.659,2,0
$CH,70.000,L1CD,16,6800,49.4,8.192510482,-170.638,-9987.570,2,0
$CH,70.000,L1CD,21,6800,41.3,0.255487154,-1410.961,-96395.633,2,0
$CH,70.000,L1CD,26,6800,47.2,2.486859040,-2481.436,-167661.494,2,0
$CH,70.000,L1CD,27,6800,42.2,9.474212977,1941.560,131920.193,2,0
$CH,70.000,L1CD,31,6800,42.2,8.689863770,-2592.453,-176520.901,2,0
$TIME,2024,5,11,3,33,46.510476
$CH,70.100,L1CD,1,6810,42.8,9.318667154,-2098.656,-143010.062,2,0
$CH,70.100,L1CD,2,6810,41.7,10.009697147,-1675.638,-114405.536,2,0
$CH,70.100,L1CD,3,6810,48.1,8.539474207,823.880,57554.757,2,0
$CH,70.100,L1CD,4,6810,44.6,5.706285634,1857.146,126296.892,2,0
$CH,70.100,L1CD,7,6810,39.4,2.237795526,1345.424,92124.082,2,0
$CH,70.100,L1CD,8,6810,40.2,1.689050343,2109.974,143116.790,2,0
$CH,70.100,L1CD,9,6810,39.0,2.139562353,2273.619,154470.038,2,0
$CH,70.100,L1CD,16,6810,49.4,8.192527791,-171.216,-10004.678,2,0
$CH,70.100,L1CD,21,6810,41.3,0.255579884,-1410.902,-96536.791,2,0
$CH,70.100,L1CD,26,6810,47.2,2.487016328,-2481.347,-167909.625,2,0
$CH,70.100,L1CD,27,6810,42.2,9.474097153,1941.013,132114.327,2,0
$CH,70.100,L1CD,31,6810,42.2,8.690029797,-2592.180,-176780.130,2,0
$TIME,2024,5,11,3,33,47.057965
$CH,70.200,L1CD,1,6820,42.8,9.318798450,-2099.310,-143219.965,2,0
$CH,70.200,L1CD,2,6820,41.7,10.009800155,-1676.146,-114573.110,2,0
$CH,70.200,L1CD,3,6820,48.1,8.539421459,823.785,57637.135,2,0
$CH,70.200,L1CD,4,6820,44.6,5.706167917,1857.432,126482.619,2,0
$CH,70.200,L1CD,7,6820,39.4,2.237712929,1344.913,92258.556,2,0
$CH,70.200,L1CD,8,6820,40.2,1.688912074,2110.107,143327.816,2,0
$CH,70.200,L1CD,9,6820,39.0,2.139419425,2273.558,154697.413,2,0
$CH,70.200,L1CD,16,6820,49.4,8.192540150,-171.014,-10021.806,2,0
$CH,70.200,L1CD,21,6820,41.3,0.255671307,-1411.292,-96677.938,2,0
$CH,70.200,L1CD,26,6820,47.2,2.487170858,-2481.554,-168157.757,2,0
$CH,70.200,L1CD,27,6820,42.2,9.473964681,1941.425,132308.466,2,0
$CH,70.200,L1CD,31,6820,42.2,8.690193838,-2592.169,-177039.348,2,0
$TIME,2024,5,11,3,33,47.570202
$CH,70.300,L1CD,1,6830,42.8,9.318936973,-2099.002,-143429.882,2,0
$CH,70.300,L1CD,2,6830,41.7,10.009905009,-1675.393,-114740.689,2,0
$CH,70.300,L1CD,3,6830,48.1,8.539369094,823.739,57719.511,2,0
$CH,70.300,L1CD,4,6830,44.6,5.706044693,1857.366,126668.350,2,0
$CH,70.300,L1CD,7,6830,39.4,2.237627772,1344.643,92393.026,2,0
$CH,70.300,L1CD,8,6830,40.2,1.688778352,2110.274,143538.866,2,0
$CH,70.300,L1CD,9,6830,39.0,2.139271531,2274.013,154924.789,2,0
$CH,70.300,L1CD,16,6830,49.4,8.192543694,-171.552,-10038.937,2,0
$CH,70.300,L1CD,21,6830,41.3,0.255763784,-1412.146,-96819.088,2,0
$CH,70.300,L1CD,26,6830,47.2,2.487327304,-2481.362,-168405.899,2,0
$CH,70.300,L1CD,27,6830,42.2,9.473840672,1941.075,132502.598,2,0
$CH,70.300,L1CD,31,6830,42.2,8.690359814,-2592.360,-177298.575,2,0
$TIME,2024,5,11,3,33,48.130013
$CH,70.400,L1CD,1,6840,42.8,9.319068867,-2099.174,-143639.794,2,0
$CH,70.400,L1CD,2,6840,41.7,10.010008568,-1675.910,-114908.260,2,0
$CH,70.400,L1CD,3,6840,48.1,8.539316753,823.854,57801.879,2,0
$CH,70.400,L1CD,4,6840,44.6,5.705926754,1857.687,126854.077,2,0
$CH,70.400,L1CD,7,6840,39.4,2.237542264,1344.893,92527.511,2,0
$CH,70.400,L1CD,8,6840,40.2,1.688647291,2110.149,143749.899,2,0
$CH,70.400,L1CD,9,6840,39.0,2.139126738,2273.777,155152.171,2,0
$CH,70.400,L1CD,16,6840,49.4,8.192554457,-171.311,-10056.072,2,0
$CH,70.400,L1CD,21,6840,41.3,0.255842206,-1411.746,-96960.237,2,0
$CH,70.400,L1CD,26,6840,47.2,2.487487856,-2481.468,-168654.042,2,0
$CH,70.400,L1CD,27,6840,42.2,9.473718680,1941.687,132696.729,2,0
$CH,70.400,L1CD,31,6840,42.2,8.690527760,-2592.378,-177557.798,2,0
$TIME,2024,5,11,3,33,48.646571
$CH,70.500,L1CD,1,6850,42.8,9.319198990,-2099.731,-143849.698,2,0
$CH,70.500,L1CD,2,6850,41.7,10.010120839,-1675.787,-115075.822,2,0
$CH,70.500,L1CD,3,6850,48.1,8.539257718,823.447,57884.243,2,0
$CH,70.500,L1CD,4,6850,44.6,5.705812625,1857.068,127039.814,2,0
$CH,70.500,L1CD,7,6850,39.4,2.237460994,1344.655,92661.980,2,0
$CH,70.500,L1CD,8,6850,40.2,1.688510099,2111.022,143960.928,2,0
$CH,70.500,L1CD,9,6850,39.0,2.138985269,2273.947,155379.556,2,0
$CH,70.500,L1CD,16,6850,49.4,8.192578452,-171.546,-10073.218,2,0
$CH,70.500,L1CD,21,6850,41.3,0.255929914,-1410.661,-97101.388,2,0
$CH,70.500,L1CD,26,6850,47.2,2.487641675,-2481.228,-168902.188,2,0
$CH,70.500,L1CD,27,6850,42.2,9.473596728,1941.212,132890.865,2,0
$CH,70.500,L1CD,31,6850,42.2,8.690691125,-2591.873,-177817.018,2,0
$TIME,2024,5,11,3,33,49.175279
$CH,70.600,L1CD,1,6860,42.8,9.319337254,-2098.812,-144059.614,2,0
$CH,70.600,L1CD,2,6860,41.7,10.010221252,-1675.279,-115243.393,2,0
$CH,70.600,L1CD,3,6860,48.1,8.539208775,823.492,57966.600,2,0
$CH,70.600,L1CD,4,6860,44.6,5.705689844,1857.150,127225.545,2,0
$CH,70.600,L1CD,7,6860,39.4,2.237376027,1344.530,92796.439,2,0
$CH,70.600,L1CD,8,6860,40.2,1.688374038,2110.129,144171.971,2,0
$CH,70.600,L1CD,9,6860,39.0,2.138844667,2274.745,155606.933,2,0
$CH,70.600,L1CD,16,6860,49.4,8.192581534,-171.537,-10090.374,2,0
$CH,70.600,L1CD,21,6860,41.3,0.256021870,-1411.267,-97242.527,2,0
$CH,70.600,L1CD,26,6860,47.2,2.487800426,-2481.453,-169150.339,2,0
$CH,70.600,L1CD,27,6860,42.2,9.473478492,1941.348,133084.999,2,0
$CH,70.600,L1CD,31,6860,42.2,8.690859446,-2591.944,-178076.244,2,0
$TIME,2024,5,11,3,33,49.698458
$CH,70.700,L1CD,1,6870,42.8,9.319466061,-2099.130,-144269.516,2,0
$CH,70.700,L1CD,2,6870,41.7,10.010328111,-1675.235,-115410.958,2,0
$CH,70.700,L1CD,3,6870,48.1,8.539157170,823.603,58048.949,2,0
$CH,70.700,L1CD,4,6870,44.6,5.705572219,1857.433,127411.276,2,0
$CH,70.700,L1CD,7,6870,39.4,2.237293693,1345.226,92930.900,2,0
$CH,70.700,L1CD,8,6870,40.2,1.688244741,2110.783,144383.012,2,0
$CH,70.700,L1CD,9,6870,39.0,2.138695459,2274.036,155834.322,2,0
$CH,70.700,L1CD,16,6870,49.4,8.192586610,-171.468,-10107.527,2,0
$CH,70.700,L1CD,21,6870,41.3,0.256109289,-1411.079,-97383.674,2,0
$CH,70.700,L1CD,26,6870,47.2,2.487961467,-2481.546,-169398.495,2,0
$CH,70.700,L1CD,27,6870,42.2,9.473345741,1941.408,133279.136,2,0
$CH,70.700,L1CD,31,6870,42.2,8.691022767,-2592.136,-178335.458,2,0
$TIME,2024,5,11,3,33,50.236246
$CH,70.800,L1CD,1,6880,42.8,9.319604438,-2099.414,-144479.425,2,0
$CH,70.800,L1CD,2,6880,41.7,10.010429111,-1676.210,-115578.525,2,0
$CH,70.800,L1CD,3,6880,48.1,8.539105632,823.488,58131.295,2,0
$CH,70.800,L1CD,4,6880,44.6,5.705457738,1857.428,127597.005,2,0
$CH,70.800,L1CD,7,6880,39.4,2.237205770,1344.675,93065.362,2,0
$CH,70.800,L1CD,8,6880,40.2,1.688112867,2110.516,144594.062,2,0
$CH,70.800,L1CD,9,6880,39.0,2.138557771,2273.959,156061.716,2,0
$CH,70.800,L1CD,16,6880,49.4,8.192604040,-171.812,-10124.695,2,0
$CH,70.800,L1CD,21,6880,41.3,0.256203085,-1411.588,-97524.810,2,0
$CH,70.800,L1CD,26,6880,47.2,2.488120499,-2481.719,-169646.658,2,0
$CH,70.800,L1CD,27,6880,42.2,9.473219321,1941.628,133473.274,2,0
$CH,70.800,L1CD,31,6880,42.2,8.691192263,-2592.242,-178594.675,2,0
$TIME,2024,5,11,3,33,50.762987
$CH,70.900,L1CD,1,6890,42.8,9.319728222,-2098.910,-144689.342,2,0
$CH,70.900,L1CD,2,6890,41.7,10.010540344,-1675.847,-115746.097,2,0
$CH,70.900,L1CD,3,6890,48.1,8.539052687,823.475,58213.635,2,0
$CH,70.900,L1CD,4,6890,44.6,5.705341699,1857.178,127782.739,2,0
$CH,70.900,L1CD,7,6890,39.4,2.237120109,1343.854,93199.825,2,0
$CH,70.900,L1CD,8,6890,40.2,1.687975452,2110.585,144805.107,2,0
$CH,70.900,L1CD,9,6890,39.0,2.138408866,2273.551,156289.109,2,0
$CH,70.900,L1CD,16,6890,49.4,8.192618713,-171.829,-10141.867,2,0
$CH,70.900,L1CD,21,6890,41.3,0.256295617,-1411.608,-97665.946,2,0
$CH,70.900,L1CD,26,6890,47.2,2.488275472,-2481.788,-169894.822,2,0
$CH,70.900,L1CD,27,6890,42.2,9.473096622,1941.348,133667.407,2,0
$CH,70.900,L1CD,31,6890,42.2,8.691354199,-2592.067,-178853.894,2,0
$TIME,2024,5,11,3,33,51.284477
$CH,71.000,L1CD,1,6900,43.2,9.319863259,-2099.355,-144899.242,2,0
$CH,71.000,L1CD,2,6900,41.2,10.010645512,-1675.609,-115913.654,2,0
$CH,71.000,L1CD,3,6900,49.7,8.539001401,823.290,58295.962,2,0
$CH,71.000,L1CD,4,6900,43.8,5.705225098,1857.158,127968.476,2,0
$CH,71.000,L1CD,7,6900,38.3,2.237032510,1344.800,93334.272,2,0
$CH,71.000,L1CD,8,6900,39.9,1.687838705,2110.083,145016.162,2,0
$CH,71.000,L1CD,9,6900,39.5,2.138264011,2273.841,156516.491,2,0
$CH,71.000,L1CD,16,6900,49.2,8.192622720,-172.012,-10159.047,2,0
$CH,71.000,L1CD,21,6900,40.8,0.256381440,-1411.222,-97807.096,2,0
$CH,71.000,L1CD,26,6900,47.3,2.488431807,-2481.884,-170142.993,2,0
$CH,71.000,L1CD,27,6900,42.3,9.472975138,1940.860,133861.545,2,0
$CH,71.000,L1CD,31,6900,43.4,8.691519959,-2591.861,-179113.111,2,0
$TIME,2024,5,11,3,33,51.816142
$CH,71.100,L1CD,1,6910,43.2,9.319995285,-2098.811,-145109.155,2,0
$CH,71.100,L1CD,2,6910,41.2,10.010753599,-1675.301,-116081.225,2,0
$CH,71.100,L1CD,3,6910,49.7,8.538949891,823.424,58378.288,2,0
$CH,71.100,L1CD,4,6910,43.8,5.705106459,1857.291,128154.205,2,0
$CH,71.100,L1CD,7,6910,38.3,2.236938884,1344.959,93468.738,2,0
$CH,71.100,L1CD,8,6910,39.9,1.687697694,2110.287,145227.215,2,0
$CH,71.100,L1CD,9,6910,39.5,2.138123474,2274.152,156743.881,2,0
$CH,71.100,L1CD,16,6910,49.2,8.192631005,-171.982,-10176.235,2,0
$CH,71.100,L1CD,21,6910,40.8,0.256472004,-1411.532,-97948.221,2,0
$CH,71.100,L1CD,26,6910,47.3,2.488586268,-2481.741,-170391.164,2,0
$CH,71.100,L1CD,27,6910,42.3,9.472850717,1941.006,134055.682,2,0
$CH,71.100,L1CD,31,6910,43.4,8.691684870,-2591.846,-179372.322,2,0
$TIME,2024,5,11,3,33,52.351323
$CH,71.200,L1CD,1,6920,43.2,9.320133421,-2099.181,-145319.064,2,0
$CH,71.200,L1CD,2,6920,41.2,10.010850544,-1674.930,-116248.791,2,0
$CH,71.200,L1CD,3,6920,49.7,8.538900305,823.293,58460.609,2,0
$CH,71.200,L1CD,4,6920,43.8,5.704985286,1857.533,128339.942,2,0
$CH,71.200,L1CD,7,6920,38.3,2.236857313,1344.145,93603.197,2,0
$CH,71.200,L1CD,8,6920,39.9,1.687564388,2111.190,145438.266,2,0
$CH,71.200,L1CD,9,6920,39.5,2.137987542,2274.447,156971.289,2,0
$CH,71.200,L1CD,16,6920,49.2,8.192645637,-171.935,-10193.431,2,0
$CH,71.200,L1CD,21,6920,40.8,0.256551211,-1411.573,-98089.357,2,0
$CH,71.200,L1CD,26,6920,47.3,2.488745116,-2481.869,-170639.343,2,0
$CH,71.200,L1CD,27,6920,42.3,9.472730405,1941.416,134249.820,2,0
$CH,71.200,L1CD,31,6920,43.4,8.691845350,-2592.380,-179631.535,2,0
$TIME,2024,5,11,3,33,52.884475
$CH,71.300,L1CD,1,6930,43.2,9.320257749,-2099.064,-145528.973,2,0
$CH,71.300,L1CD,2,6930,41.2,10.010954460,-1675.839,-116416.341,2,0
$CH,71.300,L1CD,3,6930,49.7,8.538843767,822.838,58542.919,2,0
$CH,71.300,L1CD,4,6930,43.8,5.704864349,1857.364,128525.685,2,0
$CH,71.300,L1CD,7,6930,38.3,2.236774497,1344.654,93737.640,2,0
$CH,71.300,L1CD,8,6930,39.9,1.687437003,2110.703,145649.320,2,0
$CH,71.300,L1CD,9,6930,39.5,2.137845756,2273.632,157198.683,2,0
$CH,71.300,L1CD,16,6930,49.2,8.192660509,-171.898,-10210.629,2,0
$CH,71.300,L1CD,21,6930,40.8,0.256646578,-1411.681,-98230.497,2,0
$CH,71.300,L1CD,26,6930,47.3,2.488900974,-2481.494,-170887.532,2,0
$CH,71.300,L1CD,27,6930,42.3,9.472603943,1941.398,134443.963,2,0
$CH,71.300,L1CD,31,6930,43.4,8.692005596,-2591.940,-179890.750,2,0
$TIME,2024,5,11,3,33,53.409233
$CH,71.400,L1CD,1,6940,43.2,9.320395583,-2098.742,-145738.889,2,0
$CH,71.400,L1CD,2,6940,41.2,10.011071100,-1675.078,-116583.906,2,0
$CH,71.400,L1CD,3,6940,49.7,8.538790556,822.812,58625.229,2,0
$CH,71.400,L1CD,4,6940,43.8,5.704746880,1857.463,128711.421,2,0
$CH,71.400,L1CD,7,6940,38.3,2.236687421,1344.650,93872.099,2,0
$CH,71.400,L1CD,8,6940,39.9,1.687303892,2110.422,145860.378,2,0
$CH,71.400,L1CD,9,6940,39.5,2.137690134,2273.598,157426.081,2,0
$CH,71.400,L1CD,16,6940,49.2,8.192663018,-172.443,-10227.838,2,0
$CH,71.400,L1CD,21,6940,40.8,0.256738220,-1411.245,-98371.622,2,0
$CH,71.400,L1CD,26,6940,47.3,2.489058391,-2481.959,-171135.714,2,0
$CH,71.400,L1CD,27,6940,42.3,9.472485021,1941.871,134638.093,2,0
$CH,71.400,L1CD,31,6940,43.4,8.692175002,-2592.295,-180149.959,2,0
$TIME,2024,5,11,3,33,53.965837
$CH,71.500,L1CD,1,6950,43.2,9.320528363,-2098.773,-145948.794,2,0
$CH,71.500,L1CD,2,6950,41.2,10.011181445,-1675.448,-116751.462,2,0
$CH,71.500,L1CD,3,6950,49.7,8.538738560,822.839,58707.524,2,0
$CH,71.500,L1CD,4,6950,43.8,5.704630614,1857.236,128897.160,2,0
$CH,71.500,L1CD,7,6950,38.3,2.236610876,1344.500,94006.536,2,0
$CH,71.500,L1CD,8,6950,39.9,1.687174456,2110.754,146071.449,2,0
$CH,71.500,L1CD,9,6950,39.5,2.137548516,2273.980,157653.473,2,0
$CH,71.500,L1CD,16,6950,49.2,8.192673001,-172.160,-10245.052,2,0
$CH,71.500,L1CD,21,6950,40.8,0.256826086,-1411.461,-98512.753,2,0
$CH,71.500,L1CD,26,6950,47.3,2.489215396,-2482.000,-171383.908,2,0
$CH,71.500,L1CD,27,6950,42.3,9.472363555,1941.010,134832.236,2,0
$CH,71.500,L1CD,31,6950,43.4,8.692345975,-2592.512,-180409.162,2,0
$TIME,2024,5,11,3,33,54.487849
$CH,71.600,L1CD,1,6960,43.2,9.320663536,-2098.918,-146158.698,2,0
$CH,71.600,L1CD,2,6960,41.2,10.011291087,-1675.824,-116919.014,2,0
$CH,71.600,L1CD,3,6960,49.7,8.538690349,822.879,58789.826,2,0
$CH,71.600,L1CD,4,6960,43.8,5.704516220,1857.319,129082.896,2,0
$CH,71.600,L1CD,7,6960,38.3,2.236527655,1344.216,94140.973,2,0
$CH,71.600,L1CD,8,6960,39.9,1.687035702,2110.121,146282.517,2,0
$CH,71.600,L1CD,9,6960,39.5,2.137403388,2274.925,157880.868,2,0
$CH,71.600,L1CD,16,6960,49.2,8.192698080,-172.474,-10262.278,2,0
$CH,71.600,L1CD,21,6960,40.8,0.256918346,-1410.664,-98653.880,2,0
$CH,71.600,L1CD,26,6960,47.3,2.489375207,-2482.055,-171632.106,2,0
$CH,71.600,L1CD,27,6960,42.3,9.472239585,1941.219,135026.375,2,0
$CH,71.600,L1CD,31,6960,43.4,8.692509955,-2591.950,-180668.379,2,0
$TIME,2024,5,11,3,33,55.013771
$CH,71.700,L1CD,1,6970,43.2,9.320796887,-2099.254,-146368.601,2,0
$CH,71.700,L1CD,2,6970,41.2,10.011394522,-1675.741,-117086.562,2,0
$CH,71.700,L1CD,3,6970,49.7,8.538634376,822.967,58872.109,2,0
$CH,71.700,L1CD,4,6970,43.8,5.704395886,1857.480,129268.634,2,0
$CH,71.700,L1CD,7,6970,38.3,2.236442454,1344.436,94275.409,2,0
$CH,71.700,L1CD,8,6970,39.9,1.686901710,2111.037,146493.577,2,0
$CH,71.700,L1CD,9,6970,39.5,2.137250078,2273.942,158108.279,2,0
$CH,71.700,L1CD,16,6970,49.2,8.192699075,-172.162,-10279.510,2,0
$CH,71.700,L1CD,21,6970,40.8,0.257008568,-1411.442,-98795.005,2,0
$CH,71.700,L1CD,26,6970,47.3,2.489534624,-2482.170,-171880.310,2,0
$CH,71.700,L1CD,27,6970,42.3,9.472119400,1941.222,135220.512,2,0
$CH,71.700,L1CD,31,6970,43.4,8.692669285,-2591.759,-180927.590,2,0
$TIME,2024,5,11,3,33,55.537146
$CH,71.800,L1CD,1,6980,43.2,9.320935060,-2099.124,-146578.508,2,0
$CH,71.800,L1CD,2,6980,41.2,10.011499697,-1675.721,-117254.119,2,0
$CH,71.800,L1CD,3,6980,49.7,8.538581857,822.795,58954.392,2,0
$CH,71.800,L1CD,4,6980,43.8,5.704275783,1857.466,129454.376,2,0
$CH,71.800,L1CD,7,6980,38.3,2.236355332,1344.065,94409.857,2,0
$CH,71.800,L1CD,8,6980,39.9,1.686766910,2110.882,146704.651,2,0
$CH,71.800,L1CD,9,6980,39.5,2.137098859,2274.947,158335.679,2,0
$CH,71.800,L1CD,16,6980,49.2,8.192707516,-172.333,-10296.746,2,0
$CH,71.800,L1CD,21,6980,40.8,0.257092817,-1411.844,-98936.128,2,0
$CH,71.800,L1CD,26,6980,47.3,2.489693506,-2482.244,-172128.517,2,0
$CH,71.800,L1CD,27,6980,42.3,9.471995980,1941.437,135414.645,2,0
$CH,71.800,L1CD,31,6980,43.4,8.692833237,-2592.090,-181186.790,2,0
$TIME,2024,5,11,3,33,56.068790
$CH,71.900,L1CD,1,6990,43.2,9.321061494,-2099.092,-146788.412,2,0
$CH,71.900,L1CD,2,6990,41.2,10.011606098,-1674.894,-117421.680,2,0
$CH,71.900,L1CD,3,6990,49.7,8.538532808,822.753,59036.666,2,0
$CH,71.900,L1CD,4,6990,43.8,5.704158607,1857.650,129640.114,2,0
$CH,71.900,L1CD,7,6990,38.3,2.236259306,1344.489,94544.296,2,0
$CH,71.900,L1CD,8,6990,39.9,1.686635221,2110.277,146915.722,2,0
$CH,71.900,L1CD,9,6990,39.5,2.136960110,2274.999,158563.096,2,0
$CH,71.900,L1CD,16,6990,49.2,8.192721793,-172.465,-10313.989,2,0
$CH,71.900,L1CD,21,6990,40.8,0.257187366,-1411.692,-99077.246,2,0
$CH,71.900,L1CD,26,6990,47.3,2.489850555,-2482.092,-172376.727,2,0
$CH,71.900,L1CD,27,6990,42.3,9.471864859,1941.465,135608.788,2,0
$CH,71.900,L1CD,31,6990,43.4,8.692995704,-2592.299,-181446.001,2,0
$LOG,72.000,L1CD,14,SIGNAL NOT FOUND (33.6)
$TIME,2024,5,11,3,34,2.180885
$CH,72.000,L1CD,1,7000,44.6,9.321190927,-2099.187,-146998.322,2,0
$CH,72.000,L1CD,2,7000,41.2,10.011714138,-1675.771,-117589.223,2,0
$CH,72.000,L1CD,3,7000,49.5,8.538482733,822.458,59118.936,2,0
$CH,72.000,L1CD,4,7000,45.2,5.704037914,1857.703,129825.858,2,0
$CH,72.000,L1CD,7,7000,39.4,2.236183144,1344.167,94678.722,2,0
$CH,72.000,L1CD,8,7000,39.5,1.686499059,2110.937,147126.800,2,0
$CH,72.000,L1CD,9,7000,39.1,2.136818536,2273.658,158790.501,2,0
$CH,72.000,L1CD,16,7000,49.3,8.192739529,-172.374,-10331.243,2,0
$CH,72.000,L1CD,21,7000,40.3,0.257272271,-1410.950,-99218.367,2,0
$CH,72.000,L1CD,26,7000,46.7,2.490008428,-2482.390,-172624.941,2,0
$CH,72.000,L1CD,27,7000,41.9,9.471736947,1941.813,135802.931,2,0
$CH,72.000,L1CD,31,7000,44.2,8.693160052,-2592.113,-181705.210,2,0
$TIME,2024,5,11,3,34,2.711591
$CH,72.100,L1CD,1,7010,44.6,9.321329885,-2098.878,-147208.224,2,0
$CH,72.100,L1CD,2,7010,41.2,10.011823013,-1675.846,-117756.778,2,0
$CH,72.100,L1CD,3,7010,49.5,8.538429425,822.732,59201.196,2,0
$CH,72.100,L1CD,4,7010,45.2,5.703923453,1857.413,130011.599,2,0
$CH,72.100,L1CD,7,7010,39.4,2.236098812,1344.575,94813.153,2,0
$CH,72.100,L1CD,8,7010,39.5,1.686364518,2109.870,147337.874,2,0
$CH,72.100,L1CD,9,7010,39.1,2.136684299,2274.625,159017.897,2,0
$CH,72.100,L1CD,16,7010,49.3,8.192745457,-172.782,-10348.498,2,0
$CH,72.100,L1CD,21,7010,40.3,0.257357533,-1411.531,-99359.482,2,0
$CH,72.100,L1CD,26,7010,46.7,2.490167182,-2482.151,-172873.165,2,0
$CH,72.100,L1CD,27,7010,41.9,9.471610785,1941.286,135997.070,2,0
$CH,72.100,L1CD,31,7010,44.2,8.693323262,-2591.549,-181964.410,2,0
$TIME,2024,5,11,3,34,3.216916
$CH,72.200,L1CD,1,7020,44.6,9.321457632,-2098.690,-147418.132,2,0
$CH,72.200,L1CD,2,7020,41.2,10.011927455,-1675.474,-117924.335,2,0
$CH,72.200,L1CD,3,7020,49.5,8.538375677,822.483,59283.453,2,0
$CH,72.200,L1CD,4,7020,45.2,5.703808804,1857.174,130197.352,2,0
$CH,72.200,L1CD,7,7020,39.4,2.236013919,1344.709,94947.585,2,0
$CH,72.200,L1CD,8,7020,39.5,1.686228338,2110.773,147548.962,2,0
$CH,72.200,L1CD,9,7020,39.1,2.136539007,2274.095,159245.305,2,0
$CH,72.200,L1CD,16,7020,49.3,8.192754226,-172.721,-10365.764,2,0
$CH,72.200,L1CD,21,7020,40.3,0.257447921,-1411.328,-99500.599,2,0
$CH,72.200,L1CD,26,7020,46.7,2.490322958,-2482.453,-173121.388,2,0
$CH,72.200,L1CD,27,7020,41.9,9.471488777,1941.511,136191.210,2,0
$CH,72.200,L1CD,31,7020,44.2,8.693492393,-2592.172,-182223.607,2,0
$TIME,2024,5,11,3,34,3.707110
$CH,72.300,L1CD,1,7030,44.6,9.321595482,-2099.168,-147628.037,2,0
$CH,72.300,L1CD,2,7030,41.2,10.012029945,-1675.593,-118091.871,2,0
$CH,72.300,L1CD,3,7030,49.5,8.538327800,822.497,59365.703,2,0
$CH,72.300,L1CD,4,7030,45.2,5.703690785,1857.566,130383.095,2,0
$CH,72.300,L1CD,7,7030,39.4,2.235931163,1343.886,95082.007,2,0
$CH,72.300,L1CD,8,7030,39.5,1.686099844,2111.568,147760.035,2,0
$CH,72.300,L1CD,9,7030,39.1,2.136393492,2274.051,159472.728,2,0
$CH,72.300,L1CD,16,7030,49.3,8.192768572,-172.858,-10383.036,2,0
$CH,72.300,L1CD,21,7030,40.3,0.257541704,-1411.375,-99641.716,2,0
$CH,72.300,L1CD,26,7030,46.7,2.490480554,-2482.376,-173369.615,2,0
$CH,72.300,L1CD,27,7030,41.9,9.471370728,1941.168,136385.348,2,0
$CH,72.300,L1CD,31,7030,44.2,8.693651803,-2592.424,-182482.812,2,0
$TIME,2024,5,11,3,34,4.412824
$CH,72.400,L1CD,1,7040,44.6,9.321733314,-2099.132,-147837.938,2,0
$CH,72.400,L1CD,2,7040,41.2,10.012141840,-1675.103,-118259.424,2,0
$CH,72.400,L1CD,3,7040,49.5,8.538272791,822.598,59447.950,2,0
$CH,72.400,L1CD,4,7040,45.2,5.703568023,1857.214,130568.838,2,0
$CH,72.400,L1CD,7,7040,39.4,2.235846507,1344.511,95216.430,2,0
$CH,72.400,L1CD,8,7040,39.5,1.685962077,2110.472,147971.131,2,0
$CH,72.400,L1CD,9,7040,39.1,2.136253753,2274.693,159700.144,2,0
$CH,72.400,L1CD,16,7040,49.3,8.192781572,-172.672,-10400.319,2,0
$CH,72.400,L1CD,21,7040,40.3,0.257637246,-1411.146,-99782.833,2,0
$CH,72.400,L1CD,26,7040,46.7,2.490636938,-2482.444,-173617.853,2,0
$CH,72.400,L1CD,27,7040,41.9,9.471244649,1941.158,136579.502,2,0
$CH,72.400,L1CD,31,7040,44.2,8.693819245,-2591.875,-182742.010,2,0
$TIME,2024,5,11,3,34,5.215580
$CH,72.500,L1CD,1,7050,44.6,9.321863759,-2098.631,-148047.851,2,0
$CH,72.500,L1CD,2,7050,41.2,10.012236668,-1675.436,-118426.966,2,0
$CH,72.500,L1CD,3,7050,49.5,8.538218707,822.735,59530.182,2,0
$CH,72.500,L1CD,4,7050,45.2,5.703447709,1857.618,130754.580,2,0
$CH,72.500,L1CD,7,7050,39.4,2.235763538,1344.265,95350.853,2,0
$CH,72.500,L1CD,8,7050,39.5,1.685833919,2110.889,148182.217,2,0
$CH,72.500,L1CD,9,7050,39.1,2.136103538,2274.036,159927.546,2,0
$CH,72.500,L1CD,16,7050,49.3,8.192783316,-173.087,-10417.604,2,0
$CH,72.500,L1CD,21,7050,40.3,0.257723912,-1411.775,-99923.939,2,0
$CH,72.500,L1CD,26,7050,46.7,2.490799005,-2482.396,-173866.089,2,0
$CH,72.500,L1CD,27,7050,41.9,9.471126962,1941.226,136773.644,2,0
$CH,72.500,L1CD,31,7050,44.2,8.693982812,-2592.155,-183001.211,2,0
$TIME,2024,5,11,3,34,6.086532
$CH,72.600,L1CD,1,7060,44.6,9.321997496,-2099.260,-148257.753,2,0
$CH,72.600,L1CD,2,7060,41.2,10.012348068,-1675.177,-118594.507,2,0
$CH,72.600,L1CD,3,7060,49.5,8.538168280,822.268,59612.417,2,0
$CH,72.600,L1CD,4,7060,45.2,5.703336536,1857.972,130940.328,2,0
$CH,72.600,L1CD,7,7060,39.4,2.235674705,1343.943,95485.279,2,0
$CH,72.600,L1CD,8,7060,39.5,1.685695252,2111.104,148393.302,2,0
$CH,72.600,L1CD,9,7060,39.1,2.135958435,2274.763,160154.974,2,0
$CH,72.600,L1CD,16,7060,49.3,8.192796889,-173.185,-10434.896,2,0
$CH,72.600,L1CD,21,7060,40.3,0.257810108,-1411.452,-100065.040,2,0
$CH,72.600,L1CD,26,7060,46.7,2.490950914,-2482.808,-174114.332,2,0
$CH,72.600,L1CD,27,7060,41.9,9.471007204,1941.463,136967.778,2,0
$CH,72.600,L1CD,31,7060,44.2,8.694152484,-2592.021,-183260.410,2,0
$TIME,2024,5,11,3,34,6.824601
$CH,72.700,L1CD,1,7070,44.6,9.322128665,-2098.911,-148467.655,2,0
$CH,72.700,L1CD,2,7070,41.2,10.012456167,-1675.187,-118762.049,2,0
$CH,72.700,L1CD,3,7070,49.5,8.538110654,822.332,59694.642,2,0
$CH,72.700,L1CD,4,7070,45.2,5.703221000,1857.831,131126.075,2,0
$CH,72.700,L1CD,7,7070,39.4,2.235585242,1344.230,95619.695,2,0
$CH,72.700,L1CD,8,7070,39.5,1.685562625,2110.638,148604.404,2,0
$CH,72.700,L1CD,9,7070,39.1,2.135819737,2274.141,160382.402,2,0
$CH,72.700,L1CD,16,7070,49.3,8.192820036,-173.079,-10452.200,2,0
$CH,72.700,L1CD,21,7070,40.3,0.257900199,-1411.239,-100206.155,2,0
$CH,72.700,L1CD,26,7070,46.7,2.491105628,-2482.721,-174362.581,2,0
$CH,72.700,L1CD,27,7070,41.9,9.470878055,1941.330,137161.924,2,0
$CH,72.700,L1CD,31,7070,44.2,8.694314471,-2591.637,-183519.611,2,0
$TIME,2024,5,11,3,34,7.539844
$CH,72.800,L1CD,1,7080,44.6,9.322262856,-2098.893,-148677.560,2,0
$CH,72.800,L1CD,2,7080,41.2,10.012554299,-1675.105,-118929.597,2,0
$CH,72.800,L1CD,3,7080,49.5,8.538059039,822.341,59776.857,2,0
$CH,72.800,L1CD,4,7080,45.2,5.703101674,1856.588,131311.821,2,0
$CH,72.800,L1CD,7,7080,39.4,2.235498161,1344.119,95754.105,2,0
$CH,72.800,L1CD,8,7080,39.5,1.685432341,2110.663,148815.496,2,0
$CH,72.800,L1CD,9,7080,39.1,2.135667256,2274.464,160609.812,2,0
$CH,72.800,L1CD,16,7080,49.3,8.192821190,-173.361,-10469.507,2,0
$CH,72.800,L1CD,21,7080,40.3,0.257992471,-1411.369,-100347.260,2,0
$CH,72.800,L1CD,26,7080,46.7,2.491265210,-2482.725,-174610.833,2,0
$CH,72.800,L1CD,27,7080,41.9,9.470755850,1941.411,137356.069,2,0
$CH,72.800,L1CD,31,7080,44.2,8.694476772,-2591.909,-183778.803,2,0
$TIME,2024,5,11,3,34,8.250129
$CH,72.900,L1CD,1,7090,44.6,9.322394332,-2099.110,-148887.464,2,0
$CH,72.900,L1CD,2,7090,41.2,10.012662246,-1675.106,-119097.139,2,0
$CH,72.900,L1CD,3,7090,49.5,8.538010335,822.050,59859.070,2,0
$CH,72.900,L1CD,4,7090,45.2,5.702983862,1857.202,131497.573,2,0
$CH,72.900,L1CD,7,7090,39.4,2.235408957,1343.878,95888.516,2,0
$CH,72.900,L1CD,8,7090,39.5,1.685300797,2111.332,149026.592,2,0
$CH,72.900,L1CD,9,7090,39.1,2.135514367,2273.972,160837.234,2,0
$CH,72.900,L1CD,16,7090,49.3,8.192827099,-172.965,-10486.823,2,0
$CH,72.900,L1CD,21,7090,40.3,0.258082257,-1411.310,-100488.372,2,0
$CH,72.900,L1CD,26,7090,46.7,2.491425243,-2482.669,-174859.093,2,0
$CH,72.900,L1CD,27,7090,41.9,9.470628163,1941.307,137550.212,2,0
$CH,72.900,L1CD,31,7090,44.2,8.694650524,-2591.996,-184037.999,2,0
$TIME,2024,5,11,3,34,8.967916
$CH,73.000,L1CD,1,7100,44.2,9.322529951,-2099.293,-149097.367,2,0
$CH,73.000,L1CD,2,7100,40.8,10.012776391,-1675.098,-119264.678,2,0
$CH,73.000,L1CD,3,7100,49.2,8.537958210,822.024,59941.279,2,0
$CH,73.000,L1CD,4,7100,45.5,5.702871726,1857.836,131683.325,2,0
$CH,73.000,L1CD,7,7100,40.3,2.235330471,1343.853,96022.924,2,0
$CH,73.000,L1CD,8,7100,39.7,1.685161977,2110.955,149237.700,2,0
$CH,73.000,L1CD,9,7100,39.2,2.135369844,2273.813,161064.668,2,0
$CH,73.000,L1CD,16,7100,49.9,8.192839204,-173.006,-10504.147,2,0
$CH,73.000,L1CD,21,7100,39.9,0.258178969,-1411.088,-100629.466,2,0
$CH,73.000,L1CD,26,7100,46.2,2.491580198,-2482.583,-175107.353,2,0
$CH,73.000,L1CD,27,7100,41.4,9.470505255,1941.619,137744.347,2,0
$CH,73.000,L1CD,31,7100,43.6,8.694808459,-2592.005,-184297.190,2,0
$TIME,2024,5,11,3,34,9.673375
$CH,73.100,L1CD,1,7110,44.2,9.322663479,-2099.391,-149307.269,2,0
$CH,73.100,L1CD,2,7110,40.8,10.012883079,-1675.466,-119432.208,2,0
$CH,73.100,L1CD,3,7110,49.2,8.537899740,821.772,60023.476,2,0
$CH,73.100,L1CD,4,7110,45.5,5.702744394,1857.152,131869.076,2,0
$CH,73.100,L1CD,7,7110,40.3,2.235240933,1344.114,96157.334,2,0
$CH,73.100,L1CD,8,7110,39.7,1.685025655,2111.500,149448.798,2,0
$CH,73.100,L1CD,9,7110,39.2,2.135237131,2274.339,161292.075,2,0
$CH,73.100,L1CD,16,7110,49.9,8.192860935,-173.257,-10521.477,2,0
$CH,73.100,L1CD,21,7110,39.9,0.258260196,-1411.015,-100770.567,2,0
$CH,73.100,L1CD,26,7110,46.2,2.491740120,-2482.858,-175355.622,2,0
$CH,73.100,L1CD,27,7110,41.4,9.470386582,1941.433,137938.497,2,0
$CH,73.100,L1CD,31,7110,43.6,8.694975753,-2591.251,-184556.391,2,0
$TIME,2024,5,11,3,34,10.377556
$CH,73.200,L1CD,1,7120,44.2,9.322788800,-2098.666,-149517.169,2,0
$CH,73.200,L1CD,2,7120,40.8,10.012984280,-1675.731,-119599.746,2,0
$CH,73.200,L1CD,3,7120,49.2,8.537850079,821.817,60105.672,2,0
$CH,73.200,L1CD,4,7120,45.5,5.702625890,1857.775,132054.820,2,0
$CH,73.200,L1CD,7,7120,40.3,2.235152126,1343.855,96291.746,2,0
$CH,73.200,L1CD,8,7120,39.7,1.684891021,2110.944,149659.899,2,0
$CH,73.200,L1CD,9,7120,39.2,2.135096745,2273.589,161519.508,2,0
$CH,73.200,L1CD,16,7120,49.9,8.192864948,-173.299,-10538.814,2,0
$CH,73.200,L1CD,21,7120,39.9,0.258348549,-1410.680,-100911.675,2,0
$CH,73.200,L1CD,26,7120,46.2,2.491896910,-2483.005,-175603.887,2,0
$CH,73.200,L1CD,27,7120,41.4,9.470267779,1941.721,138132.642,2,0
$CH,73.200,L1CD,31,7120,43.6,8.695140210,-2591.239,-184815.579,2,0
$TIME,2024,5,11,3,34,11.084069
$CH,73.300,L1CD,1,7130,44.2,9.322927888,-2099.265,-149727.072,2,0
$CH,73.300,L1CD,2,7130,40.8,10.013093804,-1675.108,-119767.279,2,0
$CH,73.300,L1CD,3,7130,49.2,8.537798563,821.907,60187.859,2,0
$CH,73.300,L1CD,4,7130,45.5,5.702511014,1857.033,132240.585,2,0
$CH,73.300,L1CD,7,7130,40.3,2.235064712,1344.194,96426.144,2,0
$CH,73.300,L1CD,8,7130,39.7,1.684757646,2110.975,149871.016,2,0
$CH,73.300,L1CD,9,7130,39.2,2.134951381,2274.242,161746.939,2,0
$CH,73.300,L1CD,16,7130,49.9,8.192871509,-173.599,-10556.156,2,0
$CH,73.300,L1CD,21,7130,39.9,0.258438622,-1411.218,-101052.762,2,0
$CH,73.300,L1CD,26,7130,46.2,2.492052957,-2482.599,-175852.173,2,0
$CH,73.300,L1CD,27,7130,41.4,9.470145482,1941.184,138326.784,2,0
$CH,73.300,L1CD,31,7130,43.6,8.695297348,-2591.460,-185074.764,2,0
$TIME,2024,5,11,3,34,11.738744
$CH,73.400,L1CD,1,7140,44.2,9.323060980,-2099.199,-149936.977,2,0
$CH,73.400,L1CD,2,7140,40.8,10.013201059,-1675.115,-119934.819,2,0
$CH,73.400,L1CD,3,7140,49.2,8.537746167,821.769,60270.043,2,0
$CH,73.400,L1CD,4,7140,45.5,5.702392814,1857.804,132426.338,2,0
$CH,73.400,L1CD,7,7140,40.3,2.234988902,1344.087,96560.535,2,0
$CH,73.400,L1CD,8,7140,39.7,1.684627967,2110.448,150082.140,2,0
$CH,73.400,L1CD,9,7140,39.2,2.134806705,2274.995,161974.375,2,0
$CH,73.400,L1CD,16,7140,49.9,8.192892091,-173.541,-10573.507,2,0
$CH,73.400,L1CD,21,7140,39.9,0.258519910,-1410.943,-101193.858,2,0
$CH,73.400,L1CD,26,7140,46.2,2.492214268,-2482.586,-176100.448,2,0
$CH,73.400,L1CD,27,7140,41.4,9.470019081,1941.542,138520.931,2,0
$CH,73.400,L1CD,31,7140,43.6,8.695461041,-2591.545,-185333.952,2,0
$TIME,2024,5,11,3,34,12.439395
$CH,73.500,L1CD,1,7150,44.2,9.323197417,-2099.114,-150146.878,2,0
$CH,73.500,L1CD,2,7150,40.8,10.013309699,-1674.672,-120102.354,2,0
$CH,73.500,L1CD,3,7150,49.2,8.537697159,821.725,60352.216,2,0
$CH,73.500,L1CD,4,7150,45.5,5.702273690,1857.654,132612.089,2,0
$CH,73.500,L1CD,7,7150,40.3,2.234900079,1342.792,96694.948,2,0
$CH,73.500,L1CD,8,7150,39.7,1.684499771,2111.519,150293.242,2,0
$CH,73.500,L1CD,9,7150,39.2,2.134663817,2274.413,162201.807,2,0
$CH,73.500,L1CD,16,7150,49.9,8.192900441,-173.637,-10590.867,2,0
$CH,73.500,L1CD,21,7150,39.9,0.258620606,-1410.759,-101334.958,2,0
$CH,73.500,L1CD,26,7150,46.2,2.492366865,-2482.902,-176348.732,2,0
$CH,73.500,L1CD,27,7150,41.4,9.469894753,1941.701,138715.081,2,0
$CH,73.500,L1CD,31,7150,43.6,8.695636153,-2592.297,-185593.142,2,0
$LOG,73.570,L1CD,3,FRAME SYNC (R) TOI=4
$CNV2,55.050,L1CD,3,02239CDA94014A3FEC33300000018CD00000033FD07E200A7EF0085A5859DC39D93AD013F7E130BFF1807A3FE2BFFA80067C0055660013E80050E001DC705800B400000400000001CF1684C501888E76A010D2C7DFECA10D07F194383DF08AE002AAAAAAAAD55555555555573ABA80
$LOG,73.570,L1CD,16,FRAME SYNC (N) TOI=4
$CNV2,55.050,L1CD,16,02239CDA94014A003401A0000001A060000000C6CAE6A41B67279440A7028EBD5FEE9513A1B56A3F1BC007802BBFD400038A004CFE002004003C200188E9F000310001EA00000001CF39499008088E76A010D2C7DFECA10D07F194383DF08AE002AAAAAAAAD555555555555C6D0860
$LOG,73.580,L1CD,1,FRAME SYNC (R) TOI=4
$CNV2,55.060,L1CD,1,02239CDA94034A002116200000014610000004C8035ED01A597C3850DFF6160FE62318142E11D7820482613FE5802D8014EC002F660058CC0111C0002B64207FF800000B00000001CF4F58A100888E76A010D2C7DFECA10D07F194383DF08AE002AAAAAAAAD5555555555550C80380
$LOG,73.580,L1CD,4,FRAME SYNC (N) TOI=4
$CNV2,55.060,L1CD,4,02239CDA94014A0015BBB000000183D000000718A788640533B08908302E5265E2DB3D13A127F5805E5D293FFE0009BFE9900035AE0048D1FEBCA00028D45800620001F700000001CF5E637F82088E76A010D2C7DFECA10D07F194383DF08AE002AAAAAAAAD555555555555CD42D00
$LOG,73.580,L1CD,26,FRAME SYNC (N) TOI=4
$CNV2,55.060,L1CD,26,02239CDA94014A00AF5B60000001DDF8000001DE70C97810BDD7C4262937D4B6DF60AF12FFFDBFBE6E40C700183FEE0008D40048A40020F00080C0003BE8487FF000000F00000001CF74A7B80D088E76A010D2C7DFECA10D07F194383DF08AE002AAAAAAAAD5555555555544555560
$LOG,73.580,L1CD,27,FRAME SYNC (R) TOI=4
$CNV2,55.060,L1CD,27,02239CDA94014A004BAD4000000183C80000079C95A2F017CC32283C79F9FAE449881E13ADB1943FEC1DDC002B800B3FF2FA0036D000486DFF528001F5B0587FC900000300000001CF1EA1558D888E76A010D2C7DFECA10D07F194383DF08AE002AAAAAAAAD5555555555547AC09E0
$LOG,73.580,L1CD,31,FRAME SYNC (N) TOI=4
$CNV2,55.060,L1CD,31,02239CDA94014A001AA8700000017D28000002D0EF9CC0156A19202F88AD129007C4C31373928180C64142BFE0BFD200066C0027E4006098004CE001C572B07FFB0001E400000001CF57462D8F888E76A010D2C7DFECA10D07F194383DF08AE002AAAAAAAAD5555555555548497BE0
$LOG,73.590,L1CD,7,FRAME SYNC (R) TOI=4
$CNV2,55.070,L1CD,7,02239CDA94014A0099F1E00000017888000003E554252023EEC87D4EEBCF768F328FCF935E7A4D017701D7BFD4000F8009600023FC0061BC0076A00011B2187FA40001E800000001CF73CFDF03888E76A010D2C7DFECA10D07F194383DF08AE002AAAAAAAAD5555555555558DFC880
$LOG,73.590,L1CD,8,FRAME SYNC (N) TOI=4
$CNV2,55.070,L1CD,8,02239CDA94034A00B23AD000000192980000078524668011AA952C16212998E34C61ED137F012BBFDBDDC100130024BFF1680035A0004619FF3A6001DAB8287FEF00000B00000001CF4F678284088E76A010D2C7DFECA10D07F194383DF08AE002AAAAAAAAD555555555554CFBBB00
$LOG,73.590,L1CD,9,FRAME SYNC (N) TOI=4
$CNV2,55.070,L1CD,9,02239CDA94014A3FB073F000000197300000003E13CAD00597F1389E315DE8638A90D5137E56A1BFDA1D2E8007BFF7BFE88E0037BA004381FEB54001F048B8005A00000200000001CF22260704888E76A010D2C7DFECA10D07F194383DF08AE002AAAAAAAAD555555555554F02E780
$LOG,73.590,L1CD,21,FRAME SYNC (N) TOI=4
$CNV2,55.070,L1CD,21,02239CDA94034A3FCE969000000189000000078B63FEE832C2E545C66353EA0B8DF7211399F09CBFC941EEBF80BFEA800F62002C82005A8C00C6A0002709E07FF90001EA00000001CF49C5690A888E76A010D2C7DFECA10D07F194383DF08AE002AAAAAAAAD55555555555507126E0
$TIME,2024,5,11,3,34,13.245994
$CH,73.600,L1CD,1,7160,44.2,9.323336996,-2099.155,-150356.778,3,0
$CH,73.600,L1CD,2,7160,40.8,10.013422383,-1675.524,-120269.875,2,0
$CH,73.600,L1CD,3,7160,49.2,8.537648791,821.726,60434.384,3,0
$CH,73.600,L1CD,4,7160,45.5,5.702153518,1857.586,132797.842,3,0
$CH,73.600,L1CD,7,7160,40.3,2.234810519,1344.225,96829.336,3,0
$CH,73.600,L1CD,8,7160,39.7,1.684365177,2111.031,150504.360,3,0
$CH,73.600,L1CD,9,7160,39.2,2.134521358,2274.562,162429.233,3,0
$CH,73.600,L1CD,16,7160,49.9,8.192905219,-173.708,-10608.232,3,0
$CH,73.600,L1CD,21,7160,39.9,0.258704946,-1410.826,-101476.042,3,0
$CH,73.600,L1CD,26,7160,46.2,2.492527465,-2482.672,-176597.022,3,0
$CH,73.600,L1CD,27,7160,41.4,9.469770108,1941.436,138909.224,3,0
$CH,73.600,L1CD,31,7160,43.6,8.695798232,-2591.802,-185852.334,3,0
$TIME,2024,5,11,3,34,14.008473
$CH,73.700,L1CD,1,7170,44.2,9.323462370,-2098.756,-150566.683,3,0
$CH,73.700,L1CD,2,7170,40.8,10.013525302,-1674.665,-120437.414,2,0
$CH,73.700,L1CD,3,7170,49.2,8.537595309,821.405,60516.545,3,0
$CH,73.700,L1CD,4,7170,45.5,5.702038058,1857.721,132983.596,3,0
$CH,73.700,L1CD,7,7170,40.3,2.234720700,1344.360,96963.729,3,0
$CH,73.700,L1CD,8,7170,39.7,1.684230625,2110.957,150715.476,3,0
$CH,73.700,L1CD,9,7170,39.2,2.134369007,2274.377,162656.659,3,0
$CH,73.700,L1CD,16,7170,49.9,8.192912886,-173.656,-10625.605,3,0
$CH,73.700,L1CD,21,7170,39.9,0.258793294,-1411.233,-101617.128,3,0
$CH,73.700,L1CD,26,7170,46.2,2.492683242,-2483.095,-176845.311,3,0
$CH,73.700,L1CD,27,7170,41.4,9.469638745,1941.577,139103.366,3,0
$CH,73.700,L1CD,31,7170,43.6,8.695960354,-2592.036,-186111.512,3,0
$TIME,2024,5,11,3,34,14.603136
$CH,73.800,L1CD,1,7180,44.2,9.323590043,-2099.185,-150776.581,3,0
$CH,73.800,L1CD,2,7180,40.8,10.013626504,-1674.827,-120604.937,2,0
$CH,73.800,L1CD,3,7180,49.2,8.537538495,821.552,60598.706,3,0
$CH,73.800,L1CD,4,7180,45.5,5.701920173,1857.436,133169.352,3,0
$CH,73.800,L1CD,7,7180,40.3,2.234647050,1343.195,97098.140,3,0
$CH,73.800,L1CD,8,7180,39.7,1.684095342,2111.370,150926.599,3,0
$CH,73.800,L1CD,9,7180,39.2,2.134226154,2274.348,162884.109,3,0
$CH,73.800,L1CD,16,7180,49.9,8.192938470,-173.846,-10642.985,3,0
$CH,73.800,L1CD,21,7180,39.9,0.258884508,-1411.338,-101758.226,3,0
$CH,73.800,L1CD,26,7180,46.2,2.492842938,-2482.791,-177093.614,3,0
$CH,73.800,L1CD,27,7180,41.4,9.469520625,1941.369,139297.516,3,0
$CH,73.800,L1CD,31,7180,43.6,8.696125042,-2592.254,-186370.706,3,0
$TIME,2024,5,11,3,34,15.385272
$CH,73.900,L1CD,1,7190,44.2,9.323725090,-2098.816,-150986.483,3,0
$CH,73.900,L1CD,2,7190,40.8,10.013738951,-1675.020,-120772.461,2,0
$CH,73.900,L1CD,3,7190,49.2,8.537488641,821.358,60680.854,3,0
$CH,73.900,L1CD,4,7190,45.5,5.701798357,1858.061,133355.106,3,0
$CH,73.900,L1CD,7,7190,40.3,2.234561379,1344.042,97232.518,3,0
$CH,73.900,L1CD,8,7190,39.7,1.683954437,2111.504,151137.725,3,0
$CH,73.900,L1CD,9,7190,39.2,2.134085432,2274.169,163111.546,3,0
$CH,73.900,L1CD,16,7190,49.9,8.192940042,-173.696,-10660.371,3,0
$CH,73.900,L1CD,21,7190,39.9,0.258975603,-1410.639,-101899.317,3,0
$CH,73.900,L1CD,26,7190,46.2,2.492996749,-2482.928,-177341.915,3,0
$CH,73.900,L1CD,27,7190,41.4,9.469402610,1941.129,139491.664,3,0
$CH,73.900,L1CD,31,7190,43.6,8.696293235,-2592.270,-186629.892,3,0
$TIME,2024,5,11,3,34,16.228895
$CH,74.000,L1CD,1,7200,44.5,9.323857508,-2099.486,-151196.380,3,0
$CH,74.000,L1CD,2,7200,41.0,10.013845368,-1674.869,-120939.995,2,0
$CH,74.000,L1CD,3,7200,49.5,8.537433889,821.450,60762.997,3,0
$CH,74.000,L1CD,4,7200,45.7,5.701683199,1857.627,133540.869,3,0
$CH,74.000,L1CD,7,7200,40.3,2.234477736,1343.618,97366.906,3,0
$CH,74.000,L1CD,8,7200,39.9,1.683819130,2111.180,151348.851,3,0
$CH,74.000,L1CD,9,7200,39.4,2.133941577,2274.240,163338.980,3,0
$CH,74.000,L1CD,16,7200,50.0,8.192947826,-173.862,-10677.764,3,0
$CH,74.000,L1CD,21,7200,39.7,0.259065348,-1410.378,-102040.387,3,0
$CH,74.000,L1CD,26,7200,46.8,2.493156500,-2483.411,-177590.219,3,0
$CH,74.000,L1CD,27,7200,41.9,9.469280908,1941.700,139685.809,3,0
$CH,74.000,L1CD,31,7200,43.4,8.696456750,-2591.639,-186889.072,3,0
$TIME,2024,5,11,3,34,17.080013
$CH,74.100,L1CD,1,7210,44.5,9.323992891,-2099.174,-151406.282,3,0
$CH,74.100,L1CD,2,7210,41.0,10.013945441,-1674.881,-121107.512,2,0
$CH,74.100,L1CD,3,7210,49.5,8.537381235,821.405,60845.130,3,0
$CH,74.100,L1CD,4,7210,45.7,5.701567684,1857.635,133726.631,3,0
$CH,74.100,L1CD,7,7210,40.3,2.234394822,1344.266,97501.285,3,0
$CH,74.100,L1CD,8,7210,39.9,1.683688381,2110.806,151559.976,3,0
$CH,74.100,L1CD,9,7210,39.4,2.133796340,2274.486,163566.419,3,0
$CH,74.100,L1CD,16,7210,50.0,8.192965300,-173.998,-10695.167,3,0
$CH,74.100,L1CD,21,7210,39.7,0.259155558,-1411.018,-102181.472,3,0
$CH,74.100,L1CD,26,7210,46.8,2.493313522,-2483.323,-177838.533,3,0
$CH,74.100,L1CD,27,7210,41.9,9.469156732,1941.232,139879.962,3,0
$CH,74.100,L1CD,31,7210,43.4,8.696619933,-2591.717,-187148.252,3,0
$TIME,2024,5,11,3,34,17.682131
$CH,74.200,L1CD,1,7220,44.5,9.324126261,-2098.756,-151616.183,3,0
$CH,74.200,L1CD,2,7220,41.0,10.014051468,-1675.153,-121275.045,2,0
$CH,74.200,L1CD,3,7220,49.5,8.537330593,821.308,60927.265,3,0
$CH,74.200,L1CD,4,7220,45.7,5.701446112,1857.626,133912.386,3,0
$CH,74.200,L1CD,7,7220,40.3,2.234312868,1343.651,97635.670,3,0
$CH,74.200,L1CD,8,7220,39.9,1.683546384,2111.321,151771.109,3,0
$CH,74.200,L1CD,9,7220,39.4,2.133645225,2274.128,163793.862,3,0
$CH,74.200,L1CD,16,7220,50.0,8.192978586,-174.047,-10712.576,3,0
$CH,74.200,L1CD,21,7220,39.7,0.259245619,-1410.919,-102322.555,3,0
$CH,74.200,L1CD,26,7220,46.8,2.493472915,-2483.387,-178086.846,3,0
$CH,74.200,L1CD,27,7220,41.9,9.469038104,1941.209,140074.114,3,0
$CH,74.200,L1CD,31,7220,43.4,8.696788135,-2592.018,-187407.433,3,0
$TIME,2024,5,11,3,34,18.218290
$CH,74.300,L1CD,1,7230,44.5,9.324261464,-2099.179,-151826.082,3,0
$CH,74.300,L1CD,2,7230,41.0,10.014163535,-1675.430,-121442.563,2,0
$CH,74.300,L1CD,3,7230,49.5,8.537282658,820.950,61009.391,3,0
$CH,74.300,L1CD,4,7230,45.7,5.701327542,1857.696,134098.145,3,0
$CH,74.300,L1CD,7,7230,40.3,2.234218647,1343.090,97770.051,3,0
$CH,74.300,L1CD,8,7230,39.9,1.683419213,2111.482,151982.241,3,0
$CH,74.300,L1CD,9,7230,39.4,2.133499102,2275.498,164021.308,3,0
$CH,74.300,L1CD,16,7230,50.0,8.192985200,-174.178,-10729.990,3,0
$CH,74.300,L1CD,21,7230,39.7,0.259331677,-1410.919,-102463.630,3,0
$CH,74.300,L1CD,26,7230,46.8,2.493624558,-2483.221,-178335.173,3,0
$CH,74.300,L1CD,27,7230,41.9,9.468911996,1941.574,140268.258,3,0
$CH,74.300,L1CD,31,7230,43.4,8.696941677,-2591.628,-187666.619,3,0
$TIME,2024,5,11,3,34,18.887056
$CH,74.400,L1CD,1,7240,44.5,9.324390604,-2098.836,-152035.979,3,0
$CH,74.400,L1CD,2,7240,41.0,10.014266109,-1674.864,-121610.082,2,0
$CH,74.400,L1CD,3,7240,49.5,8.537231785,821.008,61091.508,3,0
$CH,74.400,L1CD,4,7240,45.7,5.701215827,1857.529,134283.905,3,0
$CH,74.400,L1CD,7,7240,40.3,2.234128594,1343.776,97904.428,3,0
$CH,74.400,L1CD,8,7240,39.9,1.683284668,2111.459,152193.380,3,0
$CH,74.400,L1CD,9,7240,39.4,2.133351236,2273.837,164248.764,3,0
$CH,74.400,L1CD,16,7240,50.0,8.192993304,-174.292,-10747.411,3,0
$CH,74.400,L1CD,21,7240,39.7,0.259423347,-1410.708,-102604.704,3,0
$CH,74.400,L1CD,26,7240,46.8,2.493785398,-2483.373,-178583.499,3,0
$CH,74.400,L1CD,27,7240,41.9,9.468785987,1941.937,140462.401,3,0
$CH,74.400,L1CD,31,7240,43.4,8.697109182,-2592.148,-187925.796,3,0
$TIME,2024,5,11,3,34,19.469916
$CH,74.500,L1CD,1,7250,44.5,9.324527585,-2098.857,-152245.877,3,0
$CH,74.500,L1CD,2,7250,41.0,10.014372080,-1675.311,-121777.596,2,0
$CH,74.500,L1CD,3,7250,49.5,8.537175840,821.133,61173.621,3,0
$CH,74.500,L1CD,4,7250,45.7,5.701100219,1857.509,134469.672,3,0
$CH,74.500,L1CD,7,7250,40.3,2.234041777,1343.746,98038.792,3,0
$CH,74.500,L1CD,8,7250,39.9,1.683150831,2111.070,152404.521,3,0
$CH,74.500,L1CD,9,7250,39.4,2.133217511,2273.872,164476.199,3,0
$CH,74.500,L1CD,16,7250,50.0,8.193020439,-174.388,-10764.841,3,0
$CH,74.500,L1CD,21,7250,39.7,0.259507244,-1409.424,-102745.788,3,0
$CH,74.500,L1CD,26,7250,46.8,2.493943325,-2483.180,-178831.827,3,0
$CH,74.500,L1CD,27,7250,41.9,9.468661051,1941.276,140656.552,3,0
$CH,74.500,L1CD,31,7250,43.4,8.697273290,-2591.801,-188184.976,3,0
$TIME,2024,5,11,3,34,20.052952
$CH,74.600,L1CD,1,7260,44.5,9.324661155,-2099.404,-152455.772,3,0
$CH,74.600,L1CD,2,7260,41.0,10.014484391,-1675.416,-121945.123,2,0
$CH,74.600,L1CD,3,7260,49.5,8.537124910,821.175,61255.725,3,0
$CH,74.600,L1CD,4,7260,45.7,5.700978215,1857.331,134655.430,3,0
$CH,74.600,L1CD,7,7260,40.3,2.233959153,1343.445,98173.172,3,0
$CH,74.600,L1CD,8,7260,39.9,1.683017202,2111.568,152615.656,3,0
$CH,74.600,L1CD,9,7260,39.4,2.133068978,2274.384,164703.650,3,0
$CH,74.600,L1CD,16,7260,50.0,8.193023004,-174.506,-10782.278,3,0
$CH,74.600,L1CD,21,7260,39.7,0.259601974,-1410.484,-102886.865,3,0
$CH,74.600,L1CD,26,7260,46.8,2.494097665,-2482.875,-179080.167,3,0
$CH,74.600,L1CD,27,7260,41.9,9.468539445,1941.642,140850.700,3,0
$CH,74.600,L1CD,31,7260,43.4,8.697439155,-2590.897,-188444.153,3,0
$TIME,2024,5,11,3,34,20.861338
$CH,74.700,L1CD,1,7270,44.5,9.324794535,-2098.704,-152665.677,3,0
$CH,74.700,L1CD,2,7270,41.0,10.014590800,-1675.305,-122112.642,2,0
$CH,74.700,L1CD,3,7270,49.5,8.537070993,820.847,61337.827,3,0
$CH,74.700,L1CD,4,7270,45.7,5.700859343,1857.621,134841.194,3,0
$CH,74.700,L1CD,7,7270,40.3,2.233879940,1343.736,98307.544,3,0
$CH,74.700,L1CD,8,7270,39.9,1.682888030,2111.248,152826.802,3,0
$CH,74.700,L1CD,9,7270,39.4,2.132928439,2274.161,164931.105,3,0
$CH,74.700,L1CD,16,7270,50.0,8.193023431,-174.426,-10799.723,3,0
$CH,74.700,L1CD,21,7270,39.7,0.259695261,-1411.119,-103027.931,3,0
$CH,74.700,L1CD,26,7270,46.8,2.494259754,-2483.413,-179328.503,3,0
$CH,74.700,L1CD,27,7270,41.9,9.468414576,1941.530,141044.855,3,0
$CH,74.700,L1CD,31,7270,43.4,8.697616345,-2591.611,-188703.326,3,0
$TIME,2024,5,11,3,34,21.696183
$CH,74.800,L1CD,1,7280,44.5,9.324929639,-2098.475,-152875.579,3,0
$CH,74.800,L1CD,2,7280,41.0,10.014691481,-1675.377,-122280.155,2,0
$CH,74.800,L1CD,3,7280,49.5,8.537021171,820.687,61419.918,3,0
$CH,74.800,L1CD,4,7280,45.7,5.700742204,1858.163,135026.956,3,0
$CH,74.800,L1CD,7,7280,40.3,2.233795957,1343.778,98441.907,3,0
$CH,74.800,L1CD,8,7280,39.9,1.682743269,2111.936,153037.956,3,0
$CH,74.800,L1CD,9,7280,39.4,2.132780807,2275.078,165158.543,3,0
$CH,74.800,L1CD,16,7280,50.0,8.193041011,-174.390,-10817.174,3,0
$CH,74.800,L1CD,21,7280,39.7,0.259777316,-1411.110,-103168.986,3,0
$CH,74.800,L1CD,26,7280,46.8,2.494416777,-2483.495,-179576.846,3,0
$CH,74.800,L1CD,27,7280,41.9,9.468296899,1941.589,141239.006,3,0
$CH,74.800,L1CD,31,7280,43.4,8.697769853,-2592.518,-188962.498,3,0
$TIME,2024,5,11,3,34,22.439501
$CH,74.900,L1CD,1,7290,44.5,9.325061106,-2098.586,-153085.476,3,0
$CH,74.900,L1CD,2,7290,41.0,10.014792033,-1674.981,-122447.671,2,0
$CH,74.900,L1CD,3,7290,49.5,8.536971203,820.619,61502.006,3,0
$CH,74.900,L1CD,4,7290,45.7,5.700623511,1857.607,135212.722,3,0
$CH,74.900,L1CD,7,7290,40.3,2.233711096,1343.319,98576.272,3,0
$CH,74.900,L1CD,8,7290,39.9,1.682616548,2111.198,153249.100,3,0
$CH,74.900,L1CD,9,7290,39.4,2.132632280,2274.594,165386.003,3,0
$CH,74.900,L1CD,16,7290,50.0,8.193059197,-174.396,-10834.634,3,0
$CH,74.900,L1CD,21,7290,39.7,0.259866835,-1411.116,-103310.065,3,0
$CH,74.900,L1CD,26,7290,46.8,2.494573949,-2483.851,-179825.192,3,0
$CH,74.900,L1CD,27,7290,41.9,9.468174352,1941.746,141433.155,3,0
$CH,74.900,L1CD,31,7290,43.4,8.697938026,-2591.598,-189221.680,3,0
$TIME,2024,5,11,3,34,23.131954
$CH,75.000,L1CD,1,7300,44.1,9.325195172,-2098.383,-153295.369,3,0
$CH,75.000,L1CD,2,7300,40.1,10.014901011,-1675.318,-122615.188,2,0
$CH,75.000,L1CD,3,7300,48.4,8.536912544,820.685,61584.087,3,0
$CH,75.000,L1CD,4,7300,45.0,5.700501670,1857.730,135398.490,3,0
$CH,75.000,L1CD,7,7300,40.1,2.233624955,1343.395,98710.640,3,0
$CH,75.000,L1CD,8,7300,39.9,1.682483453,2111.359,153460.260,3,0
$CH,75.000,L1CD,9,7300,39.8,2.132480569,2274.612,165613.467,3,0
$CH,75.000,L1CD,16,7300,49.2,8.193061838,-174.768,-10852.097,3,0
$CH,75.000,L1CD,21,7300,40.9,0.259956499,-1410.431,-103451.136,3,0
$CH,75.000,L1CD,26,7300,46.2,2.494735819,-2483.795,-180073.551,3,0
$CH,75.000,L1CD,27,7300,41.9,9.468045166,1941.126,141627.308,3,0
$CH,75.000,L1CD,31,7300,43.2,8.698093236,-2591.666,-189480.844,3,0
$TIME,2024,5,11,3,34,23.852627
$CH,75.100,L1CD,1,7310,44.1,9.325330587,-2099.357,-153505.265,3,0
$CH,75.100,L1CD,2,7310,40.1,10.015006916,-1675.449,-122782.696,2,0
$CH,75.100,L1CD,3,7310,48.4,8.536863355,820.838,61666.160,3,0
$CH,75.100,L1CD,4,7310,45.0,5.700384014,1857.793,135584.255,3,0
$CH,75.100,L1CD,7,7310,40.1,2.233540632,1343.270,98844.998,3,0
$CH,75.100,L1CD,8,7310,39.9,1.682339782,2111.637,153671.405,3,0
$CH,75.100,L1CD,9,7310,39.8,2.132339901,2274.696,165840.918,3,0
$CH,75.100,L1CD,16,7310,49.2,8.193066543,-174.742,-10869.570,3,0
$CH,75.100,L1CD,21,7310,40.9,0.260053727,-1410.823,-103592.194,3,0
$CH,75.100,L1CD,26,7310,46.2,2.494894777,-2483.727,-180321.912,3,0
$CH,75.100,L1CD,27,7310,41.9,9.467921481,1941.692,141821.457,3,0
$CH,75.100,L1CD,31,7310,43.2,8.698263896,-2591.537,-189740.017,3,0
$TIME,2024,5,11,3,34,24.440916
$CH,75.200,L1CD,1,7320,44.1,9.325465515,-2099.160,-153715.164,3,0
$CH,75.200,L1CD,2,7320,40.1,10.015111411,-1675.160,-122950.205,2,0
$CH,75.200,L1CD,3,7320,48.4,8.536809973,820.803,61748.230,3,0
$CH,75.200,L1CD,4,7320,45.0,5.700260650,1857.954,135770.021,3,0
$CH,75.200,L1CD,7,7320,40.1,2.233456010,1343.676,98979.352,3,0
$CH,75.200,L1CD,8,7320,39.9,1.682217604,2111.465,153882.565,3,0
$CH,75.200,L1CD,9,7320,39.8,2.132197690,2275.125,166068.377,3,0
$CH,75.200,L1CD,16,7320,49.2,8.193085287,-174.558,-10887.049,3,0
$CH,75.200,L1CD,21,7320,40.9,0.260134724,-1410.643,-103733.255,3,0
$CH,75.200,L1CD,26,7320,46.2,2.495050025,-2483.752,-180570.271,3,0
$CH,75.200,L1CD,27,7320,41.9,9.467801257,1941.586,142015.610,3,0
$CH,75.200,L1CD,31,7320,43.2,8.698428933,-2591.647,-189999.187,3,0
$TIME,2024,5,11,3,34,24.947020
$CH,75.300,L1CD,1,7330,44.1,9.325596476,-2099.502,-153925.061,3,0
$CH,75.300,L1CD,2,7330,40.1,10.015218563,-1675.405,-123117.714,2,0
$CH,75.300,L1CD,3,7330,48.4,8.536756096,820.517,61830.295,3,0
$CH,75.300,L1CD,4,7330,45.0,5.700149125,1857.769,135955.791,3,0
$CH,75.300,L1CD,7,7330,40.1,2.233369267,1343.727,99113.711,3,0
$CH,75.300,L1CD,8,7330,39.9,1.682081700,2112.255,154093.726,3,0
$CH,75.300,L1CD,9,7330,39.8,2.132051518,2274.483,166295.841,3,0
$CH,75.300,L1CD,16,7330,49.2,8.193100414,-174.766,-10904.535,3,0
$CH,75.300,L1CD,21,7330,40.9,0.260226804,-1410.543,-103874.314,3,0
$CH,75.300,L1CD,26,7330,46.2,2.495212752,-2483.705,-180818.640,3,0
$CH,75.300,L1CD,27,7330,41.9,9.467675508,1941.544,142209.760,3,0
$CH,75.300,L1CD,31,7330,43.2,8.698596318,-2591.635,-190258.355,3,0
$TIME,2024,5,11,3,34,25.445962
$CH,75.400,L1CD,1,7340,44.1,9.325728744,-2098.969,-154134.961,3,0
$CH,75.400,L1CD,2,7340,40.1,10.015325836,-1674.598,-123285.231,2,0
$CH,75.400,L1CD,3,7340,48.4,8.536705423,820.527,61912.349,3,0
$CH,75.400,L1CD,4,7340,45.0,5.700031513,1857.498,136141.558,3,0
$CH,75.400,L1CD,7,7340,40.1,2.233285760,1343.599,99248.068,3,0
$CH,75.400,L1CD,8,7340,39.9,1.681940556,2112.319,154304.884,3,0
$CH,75.400,L1CD,9,7340,39.8,2.131912646,2274.464,166523.301,3,0
$CH,75.400,L1CD,16,7340,49.2,8.193102521,-174.929,-10922.029,3,0
$CH,75.400,L1CD,21,7340,40.9,0.260319187,-1410.741,-104015.377,3,0
$CH,75.400,L1CD,26,7340,46.2,2.495367579,-2483.998,-181067.008,3,0
$CH,75.400,L1CD,27,7340,41.9,9.467547898,1941.686,142403.913,3,0
$CH,75.400,L1CD,31,7340,43.2,8.698760630,-2591.857,-190517.524,3,0
$TIME,2024,5,11,3,34,25.951099
$CH,75.500,L1CD,1,7350,44.1,9.325862205,-2099.161,-154344.848,3,0
$CH,75.500,L1CD,2,7350,40.1,10.015438465,-1675.091,-123452.732,2,0
$CH,75.500,L1CD,3,7350,48.4,8.536652282,820.475,61994.396,3,0
$CH,75.500,L1CD,4,7350,45.0,5.699913862,1857.981,136327.329,3,0
$CH,75.500,L1CD,7,7350,40.1,2.233202891,1343.881,99382.416,3,0
$CH,75.500,L1CD,8,7350,39.9,1.681814108,2112.103,154516.044,3,0
$CH,75.500,L1CD,9,7350,39.8,2.131777008,2274.407,166750.771,3,0
$CH,75.500,L1CD,16,7350,49.2,8.193112686,-175.012,-10939.529,3,0
$CH,75.500,L1CD,21,7350,40.9,0.260412839,-1410.702,-104156.438,3,0
$CH,75.500,L1CD,26,7350,46.2,2.495522736,-2483.629,-181315.388,3,0
$CH,75.500,L1CD,27,7350,41.9,9.467424719,1941.042,142598.071,3,0
$CH,75.500,L1CD,31,7350,43.2,8.698921581,-2591.618,-190776.695,3,0
$TIME,2024,5,11,3,34,26.494132
$CH,75.600,L1CD,1,7360,44.1,9.325998219,-2099.658,-154554.739,3,0
$CH,75.600,L1CD,2,7360,40.1,10.015535428,-1674.848,-123620.243,2,0
$CH,75.600,L1CD,3,7360,48.4,8.536601019,820.573,62076.442,3,0
$CH,75.600,L1CD,4,7360,45.0,5.699797733,1857.711,136513.102,3,0
$CH,75.600,L1CD,7,7360,40.1,2.233115358,1343.592,99516.769,3,0
$CH,75.600,L1CD,8,7360,39.9,1.681674813,2111.889,154727.215,3,0
$CH,75.600,L1CD,9,7360,39.8,2.131639614,2275.644,166978.223,3,0
$CH,75.600,L1CD,16,7360,49.2,8.193136365,-175.010,-10957.040,3,0
$CH,75.600,L1CD,21,7360,40.9,0.260493299,-1410.367,-104297.492,3,0
$CH,75.600,L1CD,26,7360,46.2,2.495681924,-2484.147,-181563.764,3,0
$CH,75.600,L1CD,27,7360,41.9,9.467301443,1941.170,142792.225,3,0
$CH,75.600,L1CD,31,7360,43.2,8.699082331,-2591.314,-191035.858,3,0
$TIME,2024,5,11,3,34,27.018912
$CH,75.700,L1CD,1,7370,44.1,9.326127190,-2098.462,-154764.644,3,0
$CH,75.700,L1CD,2,7370,40.1,10.015646993,-1675.361,-123787.745,2,0
$CH,75.700,L1CD,3,7370,48.4,8.536544551,820.471,62158.479,3,0
$CH,75.700,L1CD,4,7370,45.0,5.699678222,1857.833,136698.872,3,0
$CH,75.700,L1CD,7,7370,40.1,2.233033723,1343.948,99651.114,3,0
$CH,75.700,L1CD,8,7370,39.9,1.681544354,2111.460,154938.390,3,0
$CH,75.700,L1CD,9,7370,39.8,2.131487451,2274.350,167205.698,3,0
$CH,75.700,L1CD,16,7370,49.2,8.193141165,-175.201,-10974.553,3,0
$CH,75.700,L1CD,21,7370,40.9,0.260586801,-1410.222,-104438.551,3,0
$CH,75.700,L1CD,26,7370,46.2,2.495836854,-2483.785,-181812.152,3,0
$CH,75.700,L1CD,27,7370,41.9,9.467181477,1942.442,142986.369,3,0
$CH,75.700,L1CD,31,7370,43.2,8.699249442,-2591.553,-191295.023,3,0
$TIME,2024,5,11,3,34,27.551031
$CH,75.800,L1CD,1,7380,44.1,9.326250955,-2099.234,-154974.534,3,0
$CH,75.800,L1CD,2,7380,40.1,10.015748125,-1675.233,-123955.244,2,0
$CH,75.800,L1CD,3,7380,48.4,8.536496489,820.387,62240.507,3,0
$CH,75.800,L1CD,4,7380,45.0,5.699559635,1857.809,136884.641,3,0
$CH,75.800,L1CD,7,7380,40.1,2.232936581,1342.989,99785.459,3,0
$CH,75.800,L1CD,8,7380,39.9,1.681403749,2111.688,155149.565,3,0
$CH,75.800,L1CD,9,7380,39.8,2.131346643,2274.368,167433.164,3,0
$CH,75.800,L1CD,16,7380,49.2,8.193145954,-175.045,-10992.076,3,0
$CH,75.800,L1CD,21,7380,40.9,0.260671923,-1410.545,-104579.586,3,0
$CH,75.800,L1CD,26,7380,46.2,2.495996551,-2483.895,-182060.540,3,0
$CH,75.800,L1CD,27,7380,41.9,9.467059187,1942.845,143180.522,3,0
$CH,75.800,L1CD,31,7380,43.2,8.699410731,-2591.824,-191554.186,3,0
$TIME,2024,5,11,3,34,28.073276
$CH,75.900,L1CD,1,7390,44.1,9.326390850,-2098.946,-155184.430,3,0
$CH,75.900,L1CD,2,7390,40.1,10.015861730,-1675.211,-124122.749,2,0
$CH,75.900,L1CD,3,7390,48.4,8.536446885,820.051,62322.532,3,0
$CH,75.900,L1CD,4,7390,45.0,5.699441968,1857.893,137070.416,3,0
$CH,75.900,L1CD,7,7390,40.1,2.232855618,1343.430,99919.802,3,0
$CH,75.900,L1CD,8,7390,39.9,1.681259677,2111.496,155360.745,3,0
$CH,75.900,L1CD,9,7390,39.8,2.131209519,2274.400,167660.641,3,0
$CH,75.900,L1CD,16,7390,49.2,8.193163829,-175.430,-11009.605,3,0
$CH,75.900,L1CD,21,7390,40.9,0.260762904,-1410.087,-104720.636,3,0
$CH,75.900,L1CD,26,7390,46.2,2.496153334,-2483.528,-182308.939,3,0
$CH,75.900,L1CD,27,7390,41.9,9.466937713,1941.630,143374.688,3,0
$CH,75.900,L1CD,31,7390,43.2,8.699576505,-2591.707,-191813.346,3,0
$TIME,2024,5,11,3,34,28.641801
$CH,76.000,L1CD,1,7400,43.0,9.326526785,-2098.861,-155394.325,3,0
$CH,76.000,L1CD,2,7400,40.9,10.015966039,-1674.935,-124290.259,2,0
$CH,76.000,L1CD,3,7400,48.4,8.536395372,820.411,62404.551,3,0
$CH,76.000,L1CD,4,7400,44.3,5.699322133,1857.752,137256.190,3,0
$CH,76.000,L1CD,7,7400,40.6,2.232774174,1343.551,100054.140,3,0
$CH,76.000,L1CD,8,7400,39.3,1.681129139,2111.035,155571.920,3,0
$CH,76.000,L1CD,9,7400,39.9,2.131062544,2274.649,167888.111,3,0
$CH,76.000,L1CD,16,7400,48.7,8.193180301,-175.169,-11027.145,3,0
$CH,76.000,L1CD,21,7400,41.2,0.260861077,-1410.243,-104861.699,3,0
$CH,76.000,L1CD,26,7400,46.2,2.496310426,-2483.870,-182557.338,3,0
$CH,76.000,L1CD,27,7400,41.3,9.466811798,1941.611,143568.840,3,0
$CH,76.000,L1CD,31,7400,42.6,8.699749501,-2591.077,-192072.511,3,0
$TIME,2024,5,11,3,34,29.164185
$CH,76.100,L1CD,1,7410,43.0,9.326653716,-2098.883,-155604.219,3,0
$CH,76.100,L1CD,2,7410,40.9,10.016074679,-1675.041,-124457.744,2,0
$CH,76.100,L1CD,3,7410,48.4,8.536338853,820.115,62486.562,3,0
$CH,76.100,L1CD,4,7410,44.3,5.699210592,1857.785,137441.960,3,0
$CH,76.100,L1CD,7,7410,40.6,2.232687727,1343.422,100188.477,3,0
$CH,76.100,L1CD,8,7410,39.3,1.680997313,2112.377,155783.082,3,0
$CH,76.100,L1CD,9,7410,39.9,2.130911505,2275.191,168115.580,3,0
$CH,76.100,L1CD,16,7410,48.7,8.193183386,-175.340,-11044.685,3,0
$CH,76.100,L1CD,21,7410,41.2,0.260949053,-1410.824,-105002.736,3,0
$CH,76.100,L1CD,26,7410,46.2,2.496465257,-2483.956,-182805.740,3,0
$CH,76.100,L1CD,27,7410,41.3,9.466693550,1941.361,143762.994,3,0
$CH,76.100,L1CD,31,7410,42.6,8.699908932,-2591.542,-192331.668,3,0
$TIME,2024,5,11,3,34,29.688326
$CH,76.200,L1CD,1,7420,43.0,9.326792128,-2098.744,-155814.119,3,0
$CH,76.200,L1CD,2,7420,40.9,10.016179185,-1675.263,-124625.250,2,0
$CH,76.200,L1CD,3,7420,48.4,8.536285243,820.011,62568.567,3,0
$CH,76.200,L1CD,4,7420,44.3,5.699094006,1858.114,137627.736,3,0
$CH,76.200,L1CD,7,7420,40.6,2.232602166,1342.667,100322.813,3,0
$CH,76.200,L1CD,8,7420,39.3,1.680862929,2112.048,155994.282,3,0
$CH,76.200,L1CD,9,7420,39.9,2.130766338,2274.540,168343.061,3,0
$CH,76.200,L1CD,16,7420,48.7,8.193196694,-175.552,-11062.237,3,0
$CH,76.200,L1CD,21,7420,41.2,0.261036664,-1410.563,-105143.782,3,0
$CH,76.200,L1CD,26,7420,46.2,2.496625698,-2483.720,-183054.150,3,0
$CH,76.200,L1CD,27,7420,41.3,9.466568603,1942.031,143957.146,3,0
$CH,76.200,L1CD,31,7420,42.6,8.700074785,-2591.324,-192590.833,3,0
$TIME,2024,5,11,3,34,30.201589
$CH,76.300,L1CD,1,7430,43.0,9.326929503,-2099.658,-156024.000,3,0
$CH,76.300,L1CD,2,7430,40.9,10.016279235,-1675.142,-124792.751,2,0
$CH,76.300,L1CD,3,7430,48.4,8.536235090,819.714,62650.572,3,0
$CH,76.300,L1CD,4,7430,44.3,5.698973922,1858.133,137813.515,3,0
$CH,76.300,L1CD,7,7430,40.6,2.232510932,1343.544,100457.141,3,0
$CH,76.300,L1CD,8,7430,39.3,1.680734621,2111.669,156205.465,3,0
$CH,76.300,L1CD,9,7430,39.9,2.130615466,2274.784,168570.535,3,0
$CH,76.300,L1CD,16,7430,48.7,8.193218831,-175.687,-11079.794,3,0
$CH,76.300,L1CD,21,7430,41.2,0.261126456,-1410.128,-105284.818,3,0
$CH,76.300,L1CD,26,7430,46.2,2.496783196,-2484.430,-183302.563,3,0
$CH,76.300,L1CD,27,7430,41.3,9.466442623,1942.075,144151.299,3,0
$CH,76.300,L1CD,31,7430,42.6,8.700236769,-2591.629,-192849.986,3,0
$TIME,2024,5,11,3,34,30.825458
$CH,76.400,L1CD,1,7440,43.0,9.327060244,-2098.978,-156233.909,3,0
$CH,76.400,L1CD,2,7440,40.9,10.016393968,-1675.323,-124960.245,2,0
$CH,76.400,L1CD,3,7440,48.4,8.536185084,819.919,62732.562,3,0
$CH,76.400,L1CD,4,7440,44.3,5.698852571,1857.781,137999.295,3,0
$CH,76.400,L1CD,7,7440,40.6,2.232420955,1343.223,100591.476,3,0
$CH,76.400,L1CD,8,7440,39.3,1.680608563,2112.236,156416.639,3,0
$CH,76.400,L1CD,9,7440,39.9,2.130484249,2274.928,168798.004,3,0
$CH,76.400,L1CD,16,7440,48.7,8.193223920,-175.393,-11097.362,3,0
$CH,76.400,L1CD,21,7440,41.2,0.261216725,-1410.685,-105425.870,3,0
$CH,76.400,L1CD,26,7440,46.2,2.496936188,-2484.320,-183550.977,3,0
$CH,76.400,L1CD,27,7440,41.3,9.466326969,1941.601,144345.461,3,0
$CH,76.400,L1CD,31,7440,42.6,8.700395476,-2591.076,-193109.149,3,0
$TIME,2024,5,11,3,34,31.704044
$CH,76.500,L1CD,1,7450,43.0,9.327193227,-2098.918,-156443.796,3,0
$CH,76.500,L1CD,2,7450,40.9,10.016498774,-1674.953,-125127.740,2,0
$CH,76.500,L1CD,3,7450,48.4,8.536136493,820.049,62814.547,3,0
$CH,76.500,L1CD,4,7450,44.3,5.698731460,1857.889,138185.067,3,0
$CH,76.500,L1CD,7,7450,40.6,2.232339394,1343.648,100725.801,3,0
$CH,76.500,L1CD,8,7450,39.3,1.680470702,2111.976,156627.841,3,0
$CH,76.500,L1CD,9,7450,39.9,2.130333352,2275.041,169025.495,3,0
$CH,76.500,L1CD,16,7450,48.7,8.193223561,-175.896,-11114.931,3,0
$CH,76.500,L1CD,21,7450,41.2,0.261301156,-1409.883,-105566.912,3,0
$CH,76.500,L1CD,26,7450,46.2,2.497096122,-2484.310,-183799.396,3,0
$CH,76.500,L1CD,27,7450,41.3,9.466202652,1941.508,144539.621,3,0
$CH,76.500,L1CD,31,7450,42.6,8.700565032,-2591.343,-193368.302,3,0
$TIME,2024,5,11,3,34,32.544627
$CH,76.600,L1CD,1,7460,43.0,9.327326132,-2099.061,-156653.685,3,0
$CH,76.600,L1CD,2,7460,40.9,10.016605515,-1674.843,-125295.231,2,0
$CH,76.600,L1CD,3,7460,48.4,8.536083904,819.585,62896.529,3,0
$CH,76.600,L1CD,4,7460,44.3,5.698619229,1857.788,138370.847,3,0
$CH,76.600,L1CD,7,7460,40.6,2.232261020,1343.478,100860.130,3,0
$CH,76.600,L1CD,8,7460,39.3,1.680326225,2112.384,156839.027,3,0
$CH,76.600,L1CD,9,7460,39.9,2.130188473,2274.262,169252.965,3,0
$CH,76.600,L1CD,16,7460,48.7,8.193236864,-175.677,-11132.508,3,0
$CH,76.600,L1CD,21,7460,41.2,0.261389419,-1410.549,-105707.942,3,0
$CH,76.600,L1CD,26,7460,46.2,2.497255588,-2484.662,-184047.823,3,0
$CH,76.600,L1CD,27,7460,41.3,9.466074041,1941.300,144733.770,3,0
$CH,76.600,L1CD,31,7460,42.6,8.700732448,-2591.206,-193627.456,3,0
$TIME,2024,5,11,3,34,33.393567
$CH,76.700,L1CD,1,7470,43.0,9.327461183,-2099.034,-156863.583,3,0
$CH,76.700,L1CD,2,7470,40.9,10.016710708,-1674.751,-125462.727,2,0
$CH,76.700,L1CD,3,7470,48.4,8.536029416,819.741,62978.502,3,0
$CH,76.700,L1CD,4,7470,44.3,5.698499489,1857.855,138556.627,3,0
$CH,76.700,L1CD,7,7470,40.6,2.232167900,1343.467,100994.448,3,0
$CH,76.700,L1CD,8,7470,39.3,1.680202246,2112.177,157050.223,3,0
$CH,76.700,L1CD,9,7470,39.9,2.130047950,2274.861,169480.455,3,0
$CH,76.700,L1CD,16,7470,48.7,8.193261233,-176.073,-11150.095,3,0
$CH,76.700,L1CD,21,7470,41.2,0.261488059,-1410.641,-105848.976,3,0
$CH,76.700,L1CD,26,7470,46.2,2.497412942,-2484.387,-184296.254,3,0
$CH,76.700,L1CD,27,7470,41.3,9.465955907,1940.988,144927.937,3,0
$CH,76.700,L1CD,31,7470,42.6,8.700890599,-2591.538,-193886.610,3,0
$TIME,2024,5,11,3,34,34.260798
$CH,76.800,L1CD,1,7480,43.0,9.327590705,-2098.409,-157073.474,3,0
$CH,76.800,L1CD,2,7480,40.9,10.016821859,-1674.342,-125630.218,2,0
$CH,76.800,L1CD,3,7480,48.4,8.535978345,819.739,63060.472,3,0
$CH,76.800,L1CD,4,7480,44.3,5.698378293,1857.843,138742.405,3,0
$CH,76.800,L1CD,7,7480,40.6,2.232087680,1343.479,101128.773,3,0
$CH,76.800,L1CD,8,7480,39.3,1.680060383,2111.121,157261.420,3,0
$CH,76.800,L1CD,9,7480,39.9,2.129897330,2274.434,169707.942,3,0
$CH,76.800,L1CD,16,7480,48.7,8.193263183,-175.844,-11167.691,3,0
$CH,76.800,L1CD,21,7480,41.2,0.261569738,-1410.476,-105990.016,3,0
$CH,76.800,L1CD,26,7480,46.2,2.497572591,-2484.408,-184544.693,3,0
$CH,76.800,L1CD,27,7480,41.3,9.465835876,1941.509,145122.087,3,0
$CH,76.800,L1CD,31,7480,42.6,8.701051293,-2591.402,-194145.765,3,0
$TIME,2024,5,11,3,34,35.076509
$CH,76.900,L1CD,1,7490,43.0,9.327729508,-2097.973,-157283.363,3,0
$CH,76.900,L1CD,2,7490,40.9,10.016921336,-1674.777,-125797.698,2,0
$CH,76.900,L1CD,3,7490,48.4,8.535929848,819.574,63142.436,3,0
$CH,76.900,L1CD,4,7490,44.3,5.698262381,1857.610,138928.186,3,0
$CH,76.900,L1CD,7,7490,40.6,2.232005196,1343.389,101263.092,3,0
$CH,76.900,L1CD,8,7490,39.3,1.679923318,2112.068,157472.625,3,0
$CH,76.900,L1CD,9,7490,39.9,2.129739258,2274.157,169935.415,3,0
$CH,76.900,L1CD,16,7490,48.7,8.193271240,-176.180,-11185.293,3,0
$CH,76.900,L1CD,21,7490,41.2,0.261658802,-1410.068,-106131.058,3,0
$CH,76.900,L1CD,26,7490,46.2,2.497731022,-2484.485,-184793.136,3,0
$CH,76.900,L1CD,27,7490,41.3,9.465702933,1942.066,145316.247,3,0
$CH,76.900,L1CD,31,7490,42.6,8.701222698,-2591.613,-194404.916,3,0
$TIME,2024,5,11,3,34,35.883794
$CH,77.000,L1CD,1,7500,43.4,9.327864443,-2099.428,-157493.249,3,0
$CH,77.000,L1CD,2,7500,40.3,10.017022953,-1674.809,-125965.197,2,0
$CH,77.000,L1CD,3,7500,49.2,8.535875083,819.229,63224.393,3,0
$CH,77.000,L1CD,4,7500,44.4,5.698139339,1857.664,139113.970,3,0
$CH,77.000,L1CD,7,7500,40.2,2.231913055,1343.086,101397.404,3,0
$CH,77.000,L1CD,8,7500,39.4,1.679798266,2112.074,157683.830,3,0
$CH,77.000,L1CD,9,7500,40.0,2.129589846,2274.813,170162.910,3,0
$CH,77.000,L1CD,16,7500,48.5,8.193291994,-176.126,-11202.899,3,0
$CH,77.000,L1CD,21,7500,40.1,0.261752143,-1410.380,-106272.074,3,0
$CH,77.000,L1CD,26,7500,46.7,2.497889224,-2484.354,-185041.582,3,0
$CH,77.000,L1CD,27,7500,41.5,9.465577795,1941.431,145510.409,3,0
$CH,77.000,L1CD,31,7500,43.8,8.701384665,-2591.448,-194664.065,3,0
$TIME,2024,5,11,3,34,36.705966
$CH,77.100,L1CD,1,7510,43.4,9.327994092,-2099.527,-157703.142,3,0
$CH,77.100,L1CD,2,7510,40.3,10.017131684,-1674.727,-126132.681,2,0
$CH,77.100,L1CD,3,7510,49.2,8.535819752,819.403,63306.339,3,0
$CH,77.100,L1CD,4,7510,44.4,5.698028129,1857.740,139299.749,3,0
$CH,77.100,L1CD,7,7510,40.2,2.231827529,1342.759,101531.724,3,0
$CH,77.100,L1CD,8,7510,39.4,1.679664705,2112.788,157895.026,3,0
$CH,77.100,L1CD,9,7510,40.0,2.129447746,2274.778,170390.400,3,0
$CH,77.100,L1CD,16,7510,48.5,8.193301011,-176.020,-11220.516,3,0
$CH,77.100,L1CD,21,7510,40.1,0.261837020,-1409.789,-106413.106,3,0
$CH,77.100,L1CD,26,7510,46.7,2.498046674,-2484.520,-185290.030,3,0
$CH,77.100,L1CD,27,7510,41.5,9.465451930,1941.748,145704.569,3,0
$CH,77.100,L1CD,31,7510,43.8,8.701554658,-2591.065,-194923.219,3,0
$TIME,2024,5,11,3,34,37.509556
$CH,77.200,L1CD,1,7520,43.4,9.328125680,-2098.948,-157913.040,3,0
$CH,77.200,L1CD,2,7520,40.3,10.017235426,-1674.408,-126300.171,2,0
$CH,77.200,L1CD,3,7520,49.2,8.535773308,819.487,63388.283,3,0
$CH,77.200,L1CD,4,7520,44.4,5.697913021,1857.747,139485.533,3,0
$CH,77.200,L1CD,7,7520,40.2,2.231740495,1342.451,101666.028,3,0
$CH,77.200,L1CD,8,7520,39.4,1.679526104,2111.917,158106.247,3,0
$CH,77.200,L1CD,9,7520,40.0,2.129308236,2275.126,170617.889,3,0
$CH,77.200,L1CD,16,7520,48.5,8.193303273,-176.309,-11238.135,3,0
$CH,77.200,L1CD,21,7520,40.1,0.261924014,-1410.572,-106554.130,3,0
$CH,77.200,L1CD,26,7520,46.7,2.498203484,-2484.709,-185538.479,3,0
$CH,77.200,L1CD,27,7520,41.5,9.465329325,1941.634,145898.718,3,0
$CH,77.200,L1CD,31,7520,43.8,8.701721356,-2591.114,-195182.364,3,0
$TIME,2024,5,11,3,34,38.081996
$CH,77.300,L1CD,1,7530,43.4,9.328258580,-2099.056,-158122.930,3,0
$CH,77.300,L1CD,2,7530,40.3,10.017344943,-1674.656,-126467.649,2,0
$CH,77.300,L1CD,3,7530,49.2,8.535720518,819.156,63470.218,3,0
$CH,77.300,L1CD,4,7530,44.4,5.697796089,1857.902,139671.313,3,0
$CH,77.300,L1CD,7,7530,40.2,2.231654406,1343.146,101800.341,3,0
$CH,77.300,L1CD,8,7530,39.4,1.679400242,2110.853,158317.450,3,0
$CH,77.300,L1CD,9,7530,40.0,2.129166315,2274.718,170845.389,3,0
$CH,77.300,L1CD,16,7530,48.5,8.193314816,-176.305,-11255.766,3,0
$CH,77.300,L1CD,21,7530,40.1,0.262017752,-1411.048,-106695.148,3,0
$CH,77.300,L1CD,26,7530,46.7,2.498364984,-2484.425,-185786.941,3,0
$CH,77.300,L1CD,27,7530,41.5,9.465209481,1941.377,146092.881,3,0
$CH,77.300,L1CD,31,7530,43.8,8.701881681,-2591.385,-195441.514,3,0
$TIME,2024,5,11,3,34,38.628664
$CH,77.400,L1CD,1,7540,43.4,9.328391657,-2098.444,-158332.826,3,0
$CH,77.400,L1CD,2,7540,40.3,10.017457898,-1674.915,-126635.139,2,0
$CH,77.400,L1CD,3,7540,49.2,8.535664395,819.077,63552.152,3,0
$CH,77.400,L1CD,4,7540,44.4,5.697676363,1857.876,139857.101,3,0
$CH,77.400,L1CD,7,7540,40.2,2.231568885,1343.740,101934.639,3,0
$CH,77.400,L1CD,8,7540,39.4,1.679267812,2113.060,158528.661,3,0
$CH,77.400,L1CD,9,7540,40.0,2.129022406,2274.953,171072.873,3,0
$CH,77.400,L1CD,16,7540,48.5,8.193338331,-176.500,-11273.402,3,0
$CH,77.400,L1CD,21,7540,40.1,0.262105650,-1409.837,-106836.182,3,0
$CH,77.400,L1CD,26,7540,46.7,2.498520884,-2484.473,-186035.403,3,0
$CH,77.400,L1CD,27,7540,41.5,9.465088017,1941.949,146287.040,3,0
$CH,77.400,L1CD,31,7540,43.8,8.702051303,-2591.583,-195700.655,3,0
$TIME,2024,5,11,3,34,39.144005
$CH,77.500,L1CD,1,7550,43.4,9.328528072,-2098.773,-158542.709,3,0
$CH,77.500,L1CD,2,7550,40.3,10.017560032,-1674.545,-126802.611,2,0
$CH,77.500,L1CD,3,7550,49.2,8.535610524,819.366,63634.069,3,0
$CH,77.500,L1CD,4,7550,44.4,5.697561928,1857.402,140042.890,3,0
$CH,77.500,L1CD,7,7550,40.2,2.231485535,1342.819,102068.959,3,0
$CH,77.500,L1CD,8,7550,39.4,1.679135824,2112.247,158739.879,3,0
$CH,77.500,L1CD,9,7550,40.0,2.128875161,2275.344,171300.366,3,0
$CH,77.500,L1CD,16,7550,48.5,8.193341860,-176.602,-11291.047,3,0
$CH,77.500,L1CD,21,7550,40.1,0.262195233,-1410.178,-106977.208,3,0
$CH,77.500,L1CD,26,7550,46.7,2.498674094,-2484.806,-186283.872,3,0
$CH,77.500,L1CD,27,7550,41.5,9.464965905,1941.464,146481.197,3,0
$CH,77.500,L1CD,31,7550,43.8,8.702209578,-2591.195,-195959.803,3,0
$TIME,2024,5,11,3,34,39.656074
$CH,77.600,L1CD,1,7560,43.4,9.328658975,-2099.018,-158752.599,3,0
$CH,77.600,L1CD,2,7560,40.3,10.017669267,-1674.832,-126970.089,2,0
$CH,77.600,L1CD,3,7560,49.2,8.535561696,819.421,63715.992,3,0
$CH,77.600,L1CD,4,7560,44.4,5.697439486,1858.277,140228.667,3,0
$CH,77.600,L1CD,7,7560,40.2,2.231401708,1342.954,102203.260,3,0
$CH,77.600,L1CD,8,7560,39.4,1.678991055,2112.171,158951.094,3,0
$CH,77.600,L1CD,9,7560,40.0,2.128734969,2275.331,171527.865,3,0
$CH,77.600,L1CD,16,7560,48.5,8.193348416,-176.808,-11308.697,3,0
$CH,77.600,L1CD,21,7560,40.1,0.262286297,-1410.021,-107118.218,3,0
$CH,77.600,L1CD,26,7560,46.7,2.498830044,-2484.977,-186532.339,3,0
$CH,77.600,L1CD,27,7560,41.5,9.464840607,1941.726,146675.360,3,0
$CH,77.600,L1CD,31,7560,43.8,8.702366914,-2591.230,-196218.943,3,0
$TIME,2024,5,11,3,34,40.181187
$CH,77.700,L1CD,1,7570,43.4,9.328790633,-2098.787,-158962.498,3,0
$CH,77.700,L1CD,2,7570,40.3,10.017771750,-1674.817,-127137.574,2,0
$CH,77.700,L1CD,3,7570,49.2,8.535508852,818.937,63797.904,3,0
$CH,77.700,L1CD,4,7570,44.4,5.697323426,1857.390,140414.458,3,0
$CH,77.700,L1CD,7,7570,40.2,2.231311011,1343.634,102337.550,3,0
$CH,77.700,L1CD,8,7570,39.4,1.678858330,2111.573,159162.327,3,0
$CH,77.700,L1CD,9,7570,40.0,2.128594577,2275.143,171755.370,3,0
$CH,77.700,L1CD,16,7570,48.5,8.193365625,-176.859,-11326.354,3,0
$CH,77.700,L1CD,21,7570,40.1,0.262376972,-1410.199,-107259.233,3,0
$CH,77.700,L1CD,26,7570,46.7,2.498990954,-2484.778,-186780.820,3,0
$CH,77.700,L1CD,27,7570,41.5,9.464721235,1941.317,146869.533,3,0
$CH,77.700,L1CD,31,7570,43.8,8.702537662,-2591.342,-196478.089,3,0
$TIME,2024,5,11,3,34,40.691463
$CH,77.800,L1CD,1,7580,43.4,9.328930250,-2098.744,-159172.382,3,0
$CH,77.800,L1CD,2,7580,40.3,10.017877324,-1674.779,-127305.050,2,0
$CH,77.800,L1CD,3,7580,49.2,8.535457600,818.819,63879.807,3,0
$CH,77.800,L1CD,4,7580,44.4,5.697204277,1858.437,140600.244,3,0
$CH,77.800,L1CD,7,7580,40.2,2.231235739,1342.829,102471.849,3,0
$CH,77.800,L1CD,8,7580,39.4,1.678725357,2112.354,159373.537,3,0
$CH,77.800,L1CD,9,7580,40.0,2.128458217,2274.885,171982.880,3,0
$CH,77.800,L1CD,16,7580,48.5,8.193380400,-176.602,-11344.021,3,0
$CH,77.800,L1CD,21,7580,40.1,0.262469035,-1409.852,-107400.253,3,0
$CH,77.800,L1CD,26,7580,46.7,2.499148011,-2484.976,-187029.298,3,0
$CH,77.800,L1CD,27,7580,41.5,9.464595419,1942.090,147063.686,3,0
$CH,77.800,L1CD,31,7580,43.8,8.702703517,-2591.151,-196737.230,3,0
$TIME,2024,5,11,3,34,41.218032
$CH,77.900,L1CD,1,7590,43.4,9.329059669,-2098.956,-159382.267,3,0
$CH,77.900,L1CD,2,7590,40.3,10.017988851,-1674.236,-127472.529,2,0
$CH,77.900,L1CD,3,7590,49.2,8.535407811,819.019,63961.707,3,0
$CH,77.900,L1CD,4,7590,44.4,5.697084824,1857.844,140786.036,3,0
$CH,77.900,L1CD,7,7590,40.2,2.231155129,1342.827,102606.156,3,0
$CH,77.900,L1CD,8,7590,39.4,1.678597800,2112.064,159584.777,3,0
$CH,77.900,L1CD,9,7590,40.0,2.128308489,2275.727,172210.371,3,0
$CH,77.900,L1CD,16,7590,48.5,8.193383310,-176.836,-11361.692,3,0
$CH,77.900,L1CD,21,7590,40.1,0.262545964,-1410.512,-107541.267,3,0
$CH,77.900,L1CD,26,7590,46.7,2.499305984,-2484.838,-187277.784,3,0
$CH,77.900,L1CD,27,7590,41.5,9.464470246,1941.922,147257.849,3,0
$CH,77.900,L1CD,31,7590,43.8,8.702876989,-2591.595,-196996.375,3,0
$TIME,2024,5,11,3,34,41.727692
$CH,78.000,L1CD,1,7600,42.1,9.329194347,-2098.743,-159592.150,3,0
$CH,78.000,L1CD,2,7600,40.8,10.018092006,-1674.838,-127640.010,2,0
$CH,78.000,L1CD,3,7600,49.7,8.535356951,818.733,64043.603,3,0
$CH,78.000,L1CD,4,7600,44.5,5.696968303,1857.747,140971.824,3,0
$CH,78.000,L1CD,7,7600,40.5,2.231066174,1342.323,102740.448,3,0
$CH,78.000,L1CD,8,7600,39.6,1.678458725,2112.016,159795.992,3,0
$CH,78.000,L1CD,9,7600,41.3,2.128163908,2275.580,172437.876,3,0
$CH,78.000,L1CD,16,7600,49.7,8.193393232,-176.895,-11379.370,3,0
$CH,78.000,L1CD,21,7600,39.6,0.262640391,-1410.319,-107682.278,3,0
$CH,78.000,L1CD,26,7600,46.8,2.499467701,-2484.877,-187526.278,3,0
$CH,78.000,L1CD,27,7600,42.3,9.464350638,1941.790,147452.000,3,0
$CH,78.000,L1CD,31,7600,43.6,8.703034276,-2591.090,-197255.515,3,0
$TIME,2024,5,11,3,34,42.246399
$CH,78.100,L1CD,1,7610,42.1,9.329329865,-2098.414,-159802.049,3,0
$CH,78.100,L1CD,2,7610,40.8,10.018195927,-1675.056,-127807.484,2,0
$CH,78.100,L1CD,3,7610,49.7,8.535299170,818.724,64125.487,3,0
$CH,78.100,L1CD,4,7610,44.5,5.696847187,1857.642,141157.615,3,0
$CH,78.100,L1CD,7,7610,40.5,2.230978821,1343.109,102874.737,3,0
$CH,78.100,L1CD,8,7610,39.6,1.678327122,2111.961,160007.234,3,0
$CH,78.100,L1CD,9,7610,41.3,2.128019298,2274.284,172665.381,3,0
$CH,78.100,L1CD,16,7610,49.7,8.193416510,-176.948,-11397.057,3,0
$CH,78.100,L1CD,21,7610,39.6,0.262728518,-1410.054,-107823.288,3,0
$CH,78.100,L1CD,26,7610,46.8,2.499622668,-2484.867,-187774.776,3,0
$CH,78.100,L1CD,27,7610,42.3,9.464222067,1941.616,147646.166,3,0
$CH,78.100,L1CD,31,7610,43.6,8.703197436,-2591.064,-197514.658,3,0
$TIME,2024,5,11,3,34,42.776828
$CH,78.200,L1CD,1,7620,42.1,9.329461231,-2099.057,-160011.932,3,0
$CH,78.200,L1CD,2,7620,40.8,10.018303077,-1674.559,-127974.952,2,0
$CH,78.200,L1CD,3,7620,49.7,8.535248296,818.781,64207.365,3,0
$CH,78.200,L1CD,4,7620,44.5,5.696726761,1857.854,141343.399,3,0
$CH,78.200,L1CD,7,7620,40.5,2.230892760,1343.079,103009.022,3,0
$CH,78.200,L1CD,8,7620,39.6,1.678191643,2112.844,160218.453,3,0
$CH,78.200,L1CD,9,7620,41.3,2.127868678,2275.127,172892.889,3,0
$CH,78.200,L1CD,16,7620,49.7,8.193420637,-176.901,-11414.751,3,0
$CH,78.200,L1CD,21,7620,39.6,0.262816347,-1409.833,-107964.303,3,0
$CH,78.200,L1CD,26,7620,46.8,2.499781462,-2484.770,-188023.273,3,0
$CH,78.200,L1CD,27,7620,42.3,9.464103778,1941.867,147840.334,3,0
$CH,78.200,L1CD,31,7620,43.6,8.703366566,-2591.668,-197773.785,3,0
$TIME,2024,5,11,3,34,43.293836
$CH,78.300,L1CD,1,7630,42.1,9.329592560,-2098.713,-160221.821,3,0
$CH,78.300,L1CD,2,7630,40.8,10.018407413,-1674.931,-128142.428,2,0
$CH,78.300,L1CD,3,7630,49.7,8.535198186,818.712,64289.241,3,0
$CH,78.300,L1CD,4,7630,44.5,5.696607970,1857.362,141529.197,3,0
$CH,78.300,L1CD,7,7630,40.5,2.230807908,1342.480,103143.305,3,0
$CH,78.300,L1CD,8,7630,39.6,1.678059159,2112.880,160429.685,3,0
$CH,78.300,L1CD,9,7630,41.3,2.127722614,2274.928,173120.407,3,0
$CH,78.300,L1CD,16,7630,49.7,8.193428337,-176.899,-11432.453,3,0
$CH,78.300,L1CD,21,7630,39.6,0.262908755,-1409.884,-108105.308,3,0
$CH,78.300,L1CD,26,7630,46.8,2.499938406,-2485.094,-188271.777,3,0
$CH,78.300,L1CD,27,7630,42.3,9.463982167,1941.590,148034.491,3,0
$CH,78.300,L1CD,31,7630,43.6,8.703523241,-2591.463,-198032.921,3,0
$TIME,2024,5,11,3,34,43.835218
$CH,78.400,L1CD,1,7640,42.1,9.329727588,-2098.911,-160431.709,3,0
$CH,78.400,L1CD,2,7640,40.8,10.018523726,-1674.607,-128309.904,2,0
$CH,78.400,L1CD,3,7640,49.7,8.535142563,818.715,64371.109,3,0
$CH,78.400,L1CD,4,7640,44.5,5.696492610,1857.676,141714.990,3,0
$CH,78.400,L1CD,7,7640,40.5,2.230724347,1342.406,103277.594,3,0
$CH,78.400,L1CD,8,7640,39.6,1.677923867,2112.208,160640.933,3,0
$CH,78.400,L1CD,9,7640,41.3,2.127582725,2275.194,173347.899,3,0
$CH,78.400,L1CD,16,7640,49.7,8.193443307,-177.187,-11450.159,3,0
$CH,78.400,L1CD,21,7640,39.6,0.262997977,-1410.625,-108246.311,3,0
$CH,78.400,L1CD,26,7640,46.8,2.500096023,-2485.231,-188520.286,3,0
$CH,78.400,L1CD,27,7640,42.3,9.463859405,1941.790,148228.667,3,0
$CH,78.400,L1CD,31,7640,43.6,8.703689421,-2591.333,-198292.060,3,0
$TIME,2024,5,11,3,34,44.341200
$CH,78.500,L1CD,1,7650,42.1,9.329862211,-2099.029,-160641.600,3,0
$CH,78.500,L1CD,2,7650,40.8,10.018624463,-1674.428,-128477.360,2,0
$CH,78.500,L1CD,3,7650,49.7,8.535095700,818.515,64452.972,3,0
$CH,78.500,L1CD,4,7650,44.5,5.696376239,1857.573,141900.784,3,0
$CH,78.500,L1CD,7,7650,40.5,2.230641236,1341.912,103411.873,3,0
$CH,78.500,L1CD,8,7650,39.6,1.677788416,2112.438,160852.162,3,0
$CH,78.500,L1CD,9,7650,41.3,2.127441467,2275.468,173575.406,3,0
$CH,78.500,L1CD,16,7650,49.7,8.193461832,-177.324,-11467.873,3,0
$CH,78.500,L1CD,21,7650,39.6,0.263095065,-1409.859,-108387.313,3,0
$CH,78.500,L1CD,26,7650,46.8,2.500252917,-2485.128,-188768.801,3,0
$CH,78.500,L1CD,27,7650,42.3,9.463736702,1941.809,148422.830,3,0
$CH,78.500,L1CD,31,7650,43.6,8.703850366,-2591.372,-198551.197,3,0
$TIME,2024,5,11,3,34,44.852732
$CH,78.600,L1CD,1,7660,42.1,9.329993336,-2099.008,-160851.483,3,0
$CH,78.600,L1CD,2,7660,40.8,10.018732620,-1674.774,-128644.829,2,0
$CH,78.600,L1CD,3,7660,49.7,8.535044965,818.547,64534.828,3,0
$CH,78.600,L1CD,4,7660,44.5,5.696259208,1857.679,142086.577,3,0
$CH,78.600,L1CD,7,7660,40.5,2.230554153,1342.530,103546.150,3,0
$CH,78.600,L1CD,8,7660,39.6,1.677655311,2112.174,161063.415,3,0
$CH,78.600,L1CD,9,7660,41.3,2.127294975,2276.137,173802.925,3,0
$CH,78.600,L1CD,16,7660,49.7,8.193461313,-177.193,-11485.597,3,0
$CH,78.600,L1CD,21,7660,39.6,0.263184861,-1409.752,-108528.323,3,0
$CH,78.600,L1CD,26,7660,46.8,2.500411273,-2485.499,-189017.316,3,0
$CH,78.600,L1CD,27,7660,42.3,9.463617279,1941.638,148616.983,3,0
$CH,78.600,L1CD,31,7660,43.6,8.704014493,-2591.331,-198810.324,3,0
$TIME,2024,5,11,3,34,45.363550
$CH,78.700,L1CD,1,7670,42.1,9.330119327,-2098.767,-161061.371,3,0
$CH,78.700,L1CD,2,7670,40.8,10.018834110,-1674.524,-128812.302,2,0
$CH,78.700,L1CD,3,7670,49.7,8.534989259,818.360,64616.677,3,0
$CH,78.700,L1CD,4,7670,44.5,5.696138618,1858.165,142272.365,3,0
$CH,78.700,L1CD,7,7670,40.5,2.230469278,1342.674,103680.429,3,0
$CH,78.700,L1CD,8,7670,39.6,1.677507929,2112.145,161274.663,3,0
$CH,78.700,L1CD,9,7670,41.3,2.127147953,2275.731,174030.451,3,0
$CH,78.700,L1CD,16,7670,49.7,8.193471425,-177.281,-11503.324,3,0
$CH,78.700,L1CD,21,7670,39.6,0.263272590,-1409.552,-108669.315,3,0
$CH,78.700,L1CD,26,7670,46.8,2.500568345,-2485.242,-189265.841,3,0
$CH,78.700,L1CD,27,7670,42.3,9.463487452,1941.980,148811.146,3,0
$CH,78.700,L1CD,31,7670,43.6,8.704181010,-2591.448,-199069.461,3,0
$TIME,2024,5,11,3,34,45.893613
$CH,78.800,L1CD,1,7680,42.1,9.330256982,-2098.914,-161271.258,3,0
$CH,78.800,L1CD,2,7680,40.8,10.018930827,-1674.794,-128979.773,2,0
$CH,78.800,L1CD,3,7680,49.7,8.534935413,818.394,64698.518,3,0
$CH,78.800,L1CD,4,7680,44.5,5.696023441,1857.701,142458.166,3,0
$CH,78.800,L1CD,7,7680,40.5,2.230381565,1343.061,103814.703,3,0
$CH,78.800,L1CD,8,7680,39.6,1.677382701,2112.287,161485.916,3,0
$CH,78.800,L1CD,9,7680,41.3,2.127001960,2275.319,174257.968,3,0
$CH,78.800,L1CD,16,7680,49.7,8.193490969,-177.482,-11521.062,3,0
$CH,78.800,L1CD,21,7680,39.6,0.263362522,-1410.225,-108810.315,3,0
$CH,78.800,L1CD,26,7680,46.8,2.500730306,-2485.263,-189514.362,3,0
$CH,78.800,L1CD,27,7680,42.3,9.463366963,1941.594,149005.326,3,0
$CH,78.800,L1CD,31,7680,43.6,8.704351529,-2591.419,-199328.588,3,0
$TIME,2024,5,11,3,34,46.413670
$CH,78.900,L1CD,1,7690,42.1,9.330395143,-2099.125,-161481.147,3,0
$CH,78.900,L1CD,2,7690,40.8,10.019048740,-1674.653,-129147.220,2,0
$CH,78.900,L1CD,3,7690,49.7,8.534887250,818.542,64780.353,3,0
$CH,78.900,L1CD,4,7690,44.5,5.695904988,1858.149,142643.961,3,0
$CH,78.900,L1CD,7,7690,40.5,2.230301124,1342.622,103948.976,3,0
$CH,78.900,L1CD,8,7690,39.6,1.677249866,2113.106,161697.155,3,0
$CH,78.900,L1CD,9,7690,41.3,2.126863229,2275.370,174485.478,3,0
$CH,78.900,L1CD,16,7690,49.7,8.193503006,-177.447,-11538.807,3,0
$CH,78.900,L1CD,21,7690,39.6,0.263454957,-1410.135,-108951.307,3,0
$CH,78.900,L1CD,26,7690,46.8,2.500883942,-2485.402,-189762.896,3,0
$CH,78.900,L1CD,27,7690,42.3,9.463236584,1941.853,149199.481,3,0
$CH,78.900,L1CD,31,7690,43.6,8.704510347,-2591.038,-199587.725,3,0
$TIME,2024,5,11,3,34,46.936398
$CH,79.000,L1CD,1,7700,41.1,9.330532073,-2099.062,-161691.033,3,0
$CH,79.000,L1CD,2,7700,41.0,10.019150128,-1674.642,-129314.695,2,0
$CH,79.000,L1CD,3,7700,50.3,8.534835144,818.191,64862.182,3,0
$CH,79.000,L1CD,4,7700,44.5,5.695781101,1857.844,142829.759,3,0
$CH,79.000,L1CD,7,7700,40.2,2.230206293,1342.652,104083.241,3,0
$CH,79.000,L1CD,8,7700,40.1,1.677113124,2113.128,161908.415,3,0
$CH,79.000,L1CD,9,7700,41.1,2.126726396,2275.187,174713.004,3,0
$CH,79.000,L1CD,16,7700,49.7,8.193504390,-177.428,-11556.556,3,0
$CH,79.000,L1CD,21,7700,39.7,0.263539643,-1410.362,-109092.302,3,0
$CH,79.000,L1CD,26,7700,46.4,2.501041272,-2485.215,-190011.435,3,0
$CH,79.000,L1CD,27,7700,42.1,9.463117802,1941.809,149393.647,3,0
$CH,79.000,L1CD,31,7700,43.6,8.704674912,-2591.579,-199846.854,3,0
$TIME,2024,5,11,3,34,47.493887
$CH,79.100,L1CD,1,7710,41.1,9.330658022,-2098.397,-161900.915,3,0
$CH,79.100,L1CD,2,7710,41.0,10.019258490,-1674.573,-129482.151,2,0
$CH,79.100,L1CD,3,7710,50.3,8.534780167,818.173,64944.009,3,0
$CH,79.100,L1CD,4,7710,44.5,5.695666707,1858.061,143015.554,3,0
$CH,79.100,L1CD,7,7710,40.2,2.230123599,1342.828,104217.509,3,0
$CH,79.100,L1CD,8,7710,40.1,1.676978166,2112.822,162119.669,3,0
$CH,79.100,L1CD,9,7710,41.1,2.126577569,2275.450,174940.524,3,0
$CH,79.100,L1CD,16,7710,49.7,8.193513928,-177.549,-11574.314,3,0
$CH,79.100,L1CD,21,7710,39.7,0.263629145,-1410.484,-109233.296,3,0
$CH,79.100,L1CD,26,7710,46.4,2.501204127,-2485.511,-190259.976,3,0
$CH,79.100,L1CD,27,7710,42.1,9.462993620,1941.266,149587.812,3,0
$CH,79.100,L1CD,31,7710,43.6,8.704843194,-2591.334,-200105.981,3,0
$TIME,2024,5,11,3,34,48.039434
$CH,79.200,L1CD,1,7720,41.1,9.330795230,-2098.572,-162110.802,3,0
$CH,79.200,L1CD,2,7720,41.0,10.019368008,-1674.667,-129649.613,2,0
$CH,79.200,L1CD,3,7720,50.3,8.534730647,818.168,65025.824,3,0
$CH,79.200,L1CD,4,7720,44.5,5.695551275,1857.881,143201.353,3,0
$CH,79.200,L1CD,7,7720,40.2,2.230043517,1342.838,104351.773,3,0
$CH,79.200,L1CD,8,7720,40.1,1.676846723,2112.259,162330.925,3,0
$CH,79.200,L1CD,9,7720,41.1,2.126436151,2275.637,175168.045,3,0
$CH,79.200,L1CD,16,7720,49.7,8.193538795,-177.703,-11592.078,3,0
$CH,79.200,L1CD,21,7720,39.7,0.263723886,-1410.001,-109374.292,3,0
$CH,79.200,L1CD,26,7720,46.4,2.501358966,-2485.639,-190508.524,3,0
$CH,79.200,L1CD,27,7720,42.1,9.462868439,1941.442,149781.977,3,0
$CH,79.200,L1CD,31,7720,43.6,8.705011309,-2591.491,-200365.105,3,0
$TIME,2024,5,11,3,34,48.575957
$CH,79.300,L1CD,1,7730,41.1,9.330928978,-2098.399,-162320.685,3,0
$CH,79.300,L1CD,2,7730,41.0,10.019470357,-1674.206,-129817.075,2,0
$CH,79.300,L1CD,3,7730,50.3,8.534680929,817.857,65107.642,3,0
$CH,79.300,L1CD,4,7730,44.5,5.695438606,1857.947,143387.151,3,0
$CH,79.300,L1CD,7,7730,40.2,2.229962171,1342.413,104486.030,3,0
$CH,79.300,L1CD,8,7730,40.1,1.676709286,2112.326,162542.192,3,0
$CH,79.300,L1CD,9,7730,41.1,2.126285379,2275.169,175395.569,3,0
$CH,79.300,L1CD,16,7730,49.7,8.193539965,-177.770,-11609.850,3,0
$CH,79.300,L1CD,21,7730,39.7,0.263810412,-1409.613,-109515.278,3,0
$CH,79.300,L1CD,26,7730,46.4,2.501511454,-2485.554,-190757.071,3,0
$CH,79.300,L1CD,27,7730,42.1,9.462744582,1941.808,149976.139,3,0
$CH,79.300,L1CD,31,7730,43.6,8.705176318,-2591.479,-200624.232,3,0
$TIME,2024,5,11,3,34,49.092042
$CH,79.400,L1CD,1,7740,41.1,9.331055881,-2098.906,-162530.573,3,0
$CH,79.400,L1CD,2,7740,41.0,10.019579310,-1674.226,-129984.544,2,0
$CH,79.400,L1CD,3,7740,50.3,8.534626994,817.878,65189.444,3,0
$CH,79.400,L1CD,4,7740,44.5,5.695318746,1857.994,143572.951,3,0
$CH,79.400,L1CD,7,7740,40.2,2.229862004,1342.752,104620.297,3,0
$CH,79.400,L1CD,8,7740,40.1,1.676577718,2112.813,162753.460,3,0
$CH,79.400,L1CD,9,7740,41.1,2.126145481,2276.287,175623.092,3,0
$CH,79.400,L1CD,16,7740,49.7,8.193547698,-177.832,-11627.629,3,0
$CH,79.400,L1CD,21,7740,39.7,0.263901229,-1410.086,-109656.256,3,0
$CH,79.400,L1CD,26,7740,46.4,2.501670634,-2485.685,-191005.628,3,0
$CH,79.400,L1CD,27,7740,42.1,9.462621637,1941.821,150170.316,3,0
$CH,79.400,L1CD,31,7740,43.6,8.705336351,-2591.481,-200883.354,3,0
$TIME,2024,5,11,3,34,49.608187
$CH,79.500,L1CD,1,7750,41.1,9.331183660,-2099.186,-162740.452,3,0
$CH,79.500,L1CD,2,7750,41.0,10.019685528,-1674.148,-130151.994,2,0
$CH,79.500,L1CD,3,7750,50.3,8.534573337,817.938,65271.243,3,0
$CH,79.500,L1CD,4,7750,44.5,5.695201029,1858.238,143758.750,3,0
$CH,79.500,L1CD,7,7750,40.2,2.229777514,1343.190,104754.544,3,0
$CH,79.500,L1CD,8,7750,40.1,1.676445483,2113.213,162964.726,3,0
$CH,79.500,L1CD,9,7750,41.1,2.126000947,2275.884,175850.617,3,0
$CH,79.500,L1CD,16,7750,49.7,8.193568883,-177.903,-11645.412,3,0
$CH,79.500,L1CD,21,7750,39.7,0.263989761,-1409.841,-109797.245,3,0
$CH,79.500,L1CD,26,7750,46.4,2.501828905,-2485.590,-191254.187,3,0
$CH,79.500,L1CD,27,7750,42.1,9.462500516,1941.604,150364.490,3,0
$CH,79.500,L1CD,31,7750,43.6,8.705500400,-2591.159,-201142.479,3,0
$TIME,2024,5,11,3,34,50.161825
$CH,79.600,L1CD,1,7760,41.1,9.331321148,-2099.323,-162950.336,3,0
$CH,79.600,L1CD,2,7760,41.0,10.019792349,-1674.734,-130319.444,2,0
$CH,79.600,L1CD,3,7760,50.3,8.534523027,817.816,65353.035,3,0
$CH,79.600,L1CD,4,7760,44.5,5.695081428,1858.187,143944.555,3,0
$CH,79.600,L1CD,7,7760,40.2,2.229700407,1341.905,104888.813,3,0
$CH,79.600,L1CD,8,7760,40.1,1.676312807,2113.643,163175.989,3,0
$CH,79.600,L1CD,9,7760,41.1,2.125849143,2275.782,176078.149,3,0
$CH,79.600,L1CD,16,7760,49.7,8.193580710,-178.067,-11663.206,3,0
$CH,79.600,L1CD,21,7760,39.7,0.264076899,-1409.332,-109938.235,3,0
$CH,79.600,L1CD,26,7760,46.4,2.501986539,-2485.399,-191502.748,3,0
$CH,79.600,L1CD,27,7760,42.1,9.462376350,1941.955,150558.649,3,0
$CH,79.600,L1CD,31,7760,43.6,8.705662655,-2591.655,-201401.602,3,0
$TIME,2024,5,11,3,34,50.709867
$CH,79.700,L1CD,1,7770,41.1,9.331459797,-2099.024,-163160.219,3,0
$CH,79.700,L1CD,2,7770,41.0,10.019898833,-1674.498,-130486.899,2,0
$CH,79.700,L1CD,3,7770,50.3,8.534467161,817.912,65434.822,3,0
$CH,79.700,L1CD,4,7770,44.5,5.694965097,1857.919,144130.357,3,0
$CH,79.700,L1CD,7,7770,40.2,2.229620454,1342.278,105023.058,3,0
$CH,79.700,L1CD,8,7770,40.1,1.676176756,2113.081,163387.249,3,0
$CH,79.700,L1CD,9,7770,41.1,2.125703970,2274.831,176305.688,3,0
$CH,79.700,L1CD,16,7770,49.7,8.193581673,-178.071,-11681.007,3,0
$CH,79.700,L1CD,21,7770,39.7,0.264169788,-1409.523,-110079.218,3,0
$CH,79.700,L1CD,26,7770,46.4,2.502145579,-2485.861,-191751.319,3,0
$CH,79.700,L1CD,27,7770,42.1,9.462257362,1942.049,150752.819,3,0
$CH,79.700,L1CD,31,7770,43.6,8.705818108,-2591.010,-201660.724,3,0
$TIME,2024,5,11,3,34,51.237624
$CH,79.800,L1CD,1,7780,41.1,9.331585214,-2098.638,-163370.110,3,0
$CH,79.800,L1CD,2,7780,41.0,10.020005034,-1674.194,-130654.357,2,0
$CH,79.800,L1CD,3,7780,50.3,8.534416730,817.749,65516.601,3,0
$CH,79.800,L1CD,4,7780,44.5,5.694849112,1857.930,144316.160,3,0
$CH,79.800,L1CD,7,7780,40.2,2.229529883,1342.022,105157.315,3,0
$CH,79.800,L1CD,8,7780,40.1,1.676048208,2112.789,163598.545,3,0
$CH,79.800,L1CD,9,7780,41.1,2.125565456,2275.598,176533.213,3,0
$CH,79.800,L1CD,16,7780,49.7,8.193594414,-178.197,-11698.816,3,0
$CH,79.800,L1CD,21,7780,39.7,0.264259458,-1409.704,-110220.196,3,0
$CH,79.800,L1CD,26,7780,46.4,2.502303038,-2485.843,-191999.890,3,0
$CH,79.800,L1CD,27,7780,42.1,9.462130576,1941.859,150946.984,3,0
$CH,79.800,L1CD,31,7780,43.6,8.705985202,-2591.326,-201919.843,3,0
$TIME,2024,5,11,3,34,51.756758
$CH,79.900,L1CD,1,7790,41.1,9.331717359,-2098.280,-163579.992,3,0
$CH,79.900,L1CD,2,7790,41.0,10.020113792,-1674.221,-130821.799,2,0
$CH,79.900,L1CD,3,7790,50.3,8.534367414,817.710,65598.374,3,0
$CH,79.900,L1CD,4,7790,44.5,5.694726195,1858.140,144501.961,3,0
$CH,79.900,L1CD,7,7790,40.2,2.229448456,1343.406,105291.552,3,0
$CH,79.900,L1CD,8,7790,40.1,1.675908177,2113.036,163809.809,3,0
$CH,79.900,L1CD,9,7790,41.1,2.125419243,2275.580,176760.755,3,0
$CH,79.900,L1CD,16,7790,49.7,8.193621665,-178.131,-11716.632,3,0
$CH,79.900,L1CD,21,7790,39.7,0.264349164,-1410.193,-110361.171,3,0
$CH,79.900,L1CD,26,7790,46.4,2.502463842,-2485.988,-192248.468,3,0
$CH,79.900,L1CD,27,7790,42.1,9.462009974,1941.707,151141.152,3,0
$CH,79.900,L1CD,31,7790,43.6,8.706157245,-2590.647,-202178.966,3,0
$TIME,2024,5,11,3,34,52.272556
$CH,80.000,L1CD,1,7800,42.6,9.331859066,-2098.523,-163789.869,3,0
$CH,80.000,L1CD,2,7800,42.1,10.020217976,-1674.360,-130989.257,2,0
$CH,80.000,L1CD,3,7800,51.0,8.534314214,817.483,65680.144,3,0
$CH,80.000,L1CD,4,7800,44.9,5.694605942,1857.968,144687.763,3,0
$CH,80.000,L1CD,7,7800,39.9,2.229364435,1342.825,105425.809,3,0
$CH,80.000,L1CD,8,7800,40.2,1.675775140,2113.221,164021.089,3,0
$CH,80.000,L1CD,9,7800,40.4,2.125271743,2275.756,176988.286,3,0
$CH,80.000,L1CD,16,7800,49.5,8.193621037,-178.395,-11734.452,3,0
$CH,80.000,L1CD,21,7800,40.9,0.264436655,-1410.560,-110502.149,3,0
$CH,80.000,L1CD,26,7800,46.5,2.502620545,-2486.020,-192497.049,3,0
$CH,80.000,L1CD,27,7800,42.0,9.461885336,1941.523,151335.329,3,0
$CH,80.000,L1CD,31,7800,43.2,8.706322115,-2591.312,-202438.080,3,0
$TIME,2024,5,11,3,34,52.792489
$CH,80.100,L1CD,1,7810,42.6,9.331991894,-2098.729,-163999.758,3,0
$CH,80.100,L1CD,2,7810,42.1,10.020319669,-1674.668,-131156.707,2,0
$CH,80.100,L1CD,3,7810,51.0,8.534261361,817.399,65761.904,3,0
$CH,80.100,L1CD,4,7810,44.9,5.694481777,1858.387,144873.573,3,0
$CH,80.100,L1CD,7,7810,39.9,2.229271305,1342.792,105560.053,3,0
$CH,80.100,L1CD,8,7810,40.2,1.675648759,2113.127,164232.366,3,0
$CH,80.100,L1CD,9,7810,40.4,2.125128228,2275.126,177215.830,3,0
$CH,80.100,L1CD,16,7810,49.5,8.193629924,-178.399,-11752.279,3,0
$CH,80.100,L1CD,21,7810,40.9,0.264525044,-1409.430,-110643.122,3,0
$CH,80.100,L1CD,26,7810,46.5,2.502782365,-2485.803,-192745.639,3,0
$CH,80.100,L1CD,27,7810,42.0,9.461758665,1942.617,151529.497,3,0
$CH,80.100,L1CD,31,7810,43.2,8.706493131,-2591.593,-202697.194,3,0
$TIME,2024,5,11,3,34,53.312386
$CH,80.200,L1CD,1,7820,42.6,9.332126934,-2098.304,-164209.641,3,0
$CH,80.200,L1CD,2,7820,42.1,10.020424213,-1674.966,-131324.155,2,0
$CH,80.200,L1CD,3,7820,51.0,8.534209924,817.585,65843.657,3,0
$CH,80.200,L1CD,4,7820,44.9,5.694371184,1858.087,145059.380,3,0
$CH,80.200,L1CD,7,7820,39.9,2.229187120,1343.417,105694.279,3,0
$CH,80.200,L1CD,8,7820,40.2,1.675507714,2112.650,164443.657,3,0
$CH,80.200,L1CD,9,7820,40.4,2.124979939,2275.394,177443.368,3,0
$CH,80.200,L1CD,16,7820,49.5,8.193650965,-178.484,-11770.118,3,0
$CH,80.200,L1CD,21,7820,40.9,0.264620240,-1409.719,-110784.095,3,0
$CH,80.200,L1CD,26,7820,46.5,2.502936571,-2486.051,-192994.225,3,0
$CH,80.200,L1CD,27,7820,42.0,9.461637396,1941.656,151723.665,3,0
$CH,80.200,L1CD,31,7820,43.2,8.706655034,-2590.716,-202956.313,3,0
$TIME,2024,5,11,3,34,53.835014
$CH,80.300,L1CD,1,7830,42.6,9.332258156,-2098.914,-164419.517,3,0
$CH,80.300,L1CD,2,7830,42.1,10.020537275,-1674.418,-131491.600,2,0
$CH,80.300,L1CD,3,7830,51.0,8.534157088,817.491,65925.406,3,0
$CH,80.300,L1CD,4,7830,44.9,5.694253628,1858.063,145245.189,3,0
$CH,80.300,L1CD,7,7830,39.9,2.229103639,1341.941,105828.527,3,0
$CH,80.300,L1CD,8,7830,40.2,1.675374319,2113.352,164654.940,3,0
$CH,80.300,L1CD,9,7830,40.4,2.124842586,2275.151,177670.907,3,0
$CH,80.300,L1CD,16,7830,49.5,8.193658092,-178.419,-11787.960,3,0
$CH,80.300,L1CD,21,7830,40.9,0.264706155,-1409.417,-110925.076,3,0
$CH,80.300,L1CD,26,7830,46.5,2.503094302,-2486.090,-193242.826,3,0
$CH,80.300,L1CD,27,7830,42.0,9.461504425,1941.456,151917.837,3,0
$CH,80.300,L1CD,31,7830,43.2,8.706813032,-2591.926,-203215.421,3,0
$TIME,2024,5,11,3,34,54.354668
$CH,80.400,L1CD,1,7840,42.6,9.332390734,-2098.724,-164629.400,3,0
$CH,80.400,L1CD,2,7840,42.1,10.020644816,-1674.019,-131659.050,2,0
$CH,80.400,L1CD,3,7840,51.0,8.534100607,817.232,66007.150,3,0
$CH,80.400,L1CD,4,7840,44.9,5.694138024,1858.228,145430.990,3,0
$CH,80.400,L1CD,7,7840,39.9,2.229016672,1342.700,105962.766,3,0
$CH,80.400,L1CD,8,7840,40.2,1.675248734,2113.025,164866.230,3,0
$CH,80.400,L1CD,9,7840,40.4,2.124698926,2275.470,177898.449,3,0
$CH,80.400,L1CD,16,7840,49.5,8.193663767,-178.501,-11805.812,3,0
$CH,80.400,L1CD,21,7840,40.9,0.264788829,-1410.201,-111066.026,3,0
$CH,80.400,L1CD,26,7840,46.5,2.503254313,-2486.272,-193491.423,3,0
$CH,80.400,L1CD,27,7840,42.0,9.461391279,1941.359,152112.003,3,0
$CH,80.400,L1CD,31,7840,43.2,8.706979010,-2590.391,-203474.545,3,0
$TIME,2024,5,11,3,34,54.878110
$CH,80.500,L1CD,1,7850,42.6,9.332524598,-2098.793,-164839.278,3,0
$CH,80.500,L1CD,2,7850,42.1,10.020750203,-1675.317,-131826.477,2,0
$CH,80.500,L1CD,3,7850,51.0,8.534054394,817.365,66088.883,3,0
$CH,80.500,L1CD,4,7850,44.9,5.694021533,1858.166,145616.805,3,0
$CH,80.500,L1CD,7,7850,39.9,2.228931812,1342.732,106096.998,3,0
$CH,80.500,L1CD,8,7850,40.2,1.675117498,2113.010,165077.525,3,0
$CH,80.500,L1CD,9,7850,40.4,2.124552450,2275.960,178125.984,3,0
$CH,80.500,L1CD,16,7850,49.5,8.193673881,-178.492,-11823.670,3,0
$CH,80.500,L1CD,21,7850,40.9,0.264893476,-1410.158,-111207.008,3,0
$CH,80.500,L1CD,26,7850,46.5,2.503408947,-2486.042,-193740.028,3,0
$CH,80.500,L1CD,27,7850,42.0,9.461266675,1941.825,152306.180,3,0
$CH,80.500,L1CD,31,7850,43.2,8.707143684,-2591.339,-203733.657,3,0
$TIME,2024,5,11,3,34,55.400669
$CH,80.600,L1CD,1,7860,42.6,9.332657712,-2098.706,-165049.162,3,0
$CH,80.600,L1CD,2,7860,42.1,10.020851441,-1674.050,-131993.932,2,0
$CH,80.600,L1CD,3,7860,51.0,8.534006678,817.053,66170.614,3,0
$CH,80.600,L1CD,4,7860,44.9,5.693899135,1858.220,145802.616,3,0
$CH,80.600,L1CD,7,7860,39.9,2.228848413,1342.713,106231.229,3,0
$CH,80.600,L1CD,8,7860,40.2,1.674974772,2112.917,165288.824,3,0
$CH,80.600,L1CD,9,7860,40.4,2.124404216,2275.621,178353.539,3,0
$CH,80.600,L1CD,16,7860,49.5,8.193700681,-178.656,-11841.533,3,0
$CH,80.600,L1CD,21,7860,40.9,0.264987049,-1409.755,-111347.978,3,0
$CH,80.600,L1CD,26,7860,46.5,2.503566968,-2486.297,-193988.642,3,0
$CH,80.600,L1CD,27,7860,42.0,9.461141893,1941.967,152500.343,3,0
$CH,80.600,L1CD,31,7860,43.2,8.707311265,-2590.889,-203992.770,3,0
$TIME,2024,5,11,3,34,55.929611
$CH,80.700,L1CD,1,7870,42.6,9.332789780,-2098.472,-165259.042,3,0
$CH,80.700,L1CD,2,7870,42.1,10.020963279,-1674.601,-132161.366,2,0
$CH,80.700,L1CD,3,7870,51.0,8.533952717,817.106,66252.337,3,0
$CH,80.700,L1CD,4,7870,44.9,5.693779350,1857.733,145988.427,3,0
$CH,80.700,L1CD,7,7870,39.9,2.228769762,1342.292,106365.468,3,0
$CH,80.700,L1CD,8,7870,40.2,1.674836252,2113.014,165500.129,3,0
$CH,80.700,L1CD,9,7870,40.4,2.124261114,2275.290,178581.090,3,0
$CH,80.700,L1CD,16,7870,49.5,8.193702603,-178.764,-11859.405,3,0
$CH,80.700,L1CD,21,7870,40.9,0.265069152,-1410.413,-111488.919,3,0
$CH,80.700,L1CD,26,7870,46.5,2.503723685,-2485.984,-194237.256,3,0
$CH,80.700,L1CD,27,7870,42.0,9.461019195,1941.471,152694.524,3,0
$CH,80.700,L1CD,31,7870,43.2,8.707473206,-2591.434,-204251.874,3,0
$TIME,2024,5,11,3,34,56.446437
$CH,80.800,L1CD,1,7880,42.6,9.332923500,-2098.568,-165468.923,3,0
$CH,80.800,L1CD,2,7880,42.1,10.021068235,-1675.020,-132328.806,2,0
$CH,80.800,L1CD,3,7880,51.0,8.533897510,817.111,66334.058,3,0
$CH,80.800,L1CD,4,7880,44.9,5.693665949,1857.933,146174.239,3,0
$CH,80.800,L1CD,7,7880,39.9,2.228682556,1342.260,106499.683,3,0
$CH,80.800,L1CD,8,7880,40.2,1.674700576,2111.944,165711.421,3,0
$CH,80.800,L1CD,9,7880,40.4,2.124127131,2275.806,178808.636,3,0
$CH,80.800,L1CD,16,7880,49.5,8.193709558,-178.622,-11877.282,3,0
$CH,80.800,L1CD,21,7880,40.9,0.265152049,-1410.137,-111629.891,3,0
$CH,80.800,L1CD,26,7880,46.5,2.503884640,-2486.043,-194485.872,3,0
$CH,80.800,L1CD,27,7880,42.0,9.460898222,1941.655,152888.690,3,0
$CH,80.800,L1CD,31,7880,43.2,8.707637514,-2590.772,-204510.988,3,0
$TIME,2024,5,11,3,34,57.066296
$CH,80.900,L1CD,1,7890,42.6,9.333055184,-2098.674,-165678.804,3,0
$CH,80.900,L1CD,2,7890,42.1,10.021180171,-1674.233,-132496.248,2,0
$CH,80.900,L1CD,3,7890,51.0,8.533846495,817.510,66415.766,3,0
$CH,80.900,L1CD,4,7890,44.9,5.693548697,1858.431,146360.047,3,0
$CH,80.900,L1CD,7,7890,39.9,2.228599336,1342.333,106633.909,3,0
$CH,80.900,L1CD,8,7890,40.2,1.674569668,2112.971,165922.707,3,0
$CH,80.900,L1CD,9,7890,40.4,2.123980942,2275.753,179036.185,3,0
$CH,80.900,L1CD,16,7890,49.5,8.193731303,-179.020,-11895.171,3,0
$CH,80.900,L1CD,21,7890,40.9,0.265236475,-1409.101,-111770.863,3,0
$CH,80.900,L1CD,26,7890,46.5,2.504040989,-2486.317,-194734.498,3,0
$CH,80.900,L1CD,27,7890,42.0,9.460774404,1941.919,153082.861,3,0
$CH,80.900,L1CD,31,7890,43.2,8.707800408,-2591.266,-204770.095,3,0
$TIME,2024,5,11,3,34,57.610735
$CH,81.000,L1CD,1,7900,43.1,9.333192356,-2098.524,-165888.684,3,0
$CH,81.000,L1CD,2,7900,42.8,10.021283131,-1674.512,-132663.689,2,0
$CH,81.000,L1CD,3,7900,50.2,8.533792465,817.198,66497.470,3,0
$CH,81.000,L1CD,4,7900,44.6,5.693428075,1858.383,146545.857,3,0
$CH,81.000,L1CD,7,7900,40.1,2.228514456,1341.947,106768.142,3,0
$CH,81.000,L1CD,8,7900,40.0,1.674435205,2112.658,166134.030,3,0
$CH,81.000,L1CD,9,7900,40.7,2.123837429,2276.081,179263.742,3,0
$CH,81.000,L1CD,16,7900,49.8,8.193742070,-178.953,-11913.062,3,0
$CH,81.000,L1CD,21,7900,40.9,0.265319040,-1409.588,-111911.812,3,0
$CH,81.000,L1CD,26,7900,47.2,2.504199704,-2486.185,-194983.128,3,0
$CH,81.000,L1CD,27,7900,42.2,9.460645388,1941.587,153277.037,3,0
$CH,81.000,L1CD,31,7900,43.2,8.707964315,-2590.453,-205029.207,3,0
$TIME,2024,5,11,3,34,58.149407
$CH,81.100,L1CD,1,7910,43.1,9.333325975,-2098.850,-166098.562,3,0
$CH,81.100,L1CD,2,7910,42.8,10.021390343,-1673.815,-132831.132,2,0
$CH,81.100,L1CD,3,7910,50.2,8.533741626,817.140,66579.170,3,0
$CH,81.100,L1CD,4,7910,44.6,5.693306255,1858.329,146731.675,3,0
$CH,81.100,L1CD,7,7910,40.1,2.228421880,1342.412,106902.352,3,0
$CH,81.100,L1CD,8,7910,40.0,1.674301281,2112.948,166345.330,3,0
$CH,81.100,L1CD,9,7910,40.7,2.123683659,2276.107,179491.293,3,0
$CH,81.100,L1CD,16,7910,49.8,8.193740515,-179.141,-11930.963,3,0
$CH,81.100,L1CD,21,7910,40.9,0.265414028,-1408.886,-112052.767,3,0
$CH,81.100,L1CD,26,7910,47.2,2.504352995,-2486.414,-195231.754,3,0
$CH,81.100,L1CD,27,7910,42.2,9.460517094,1941.731,153471.206,3,0
$CH,81.100,L1CD,31,7910,43.2,8.708132587,-2590.783,-205288.313,3,0
$TIME,2024,5,11,3,34,58.751031
$CH,81.200,L1CD,1,7920,43.1,9.333458993,-2099.101,-166308.442,3,0
$CH,81.200,L1CD,2,7920,42.8,10.021494670,-1674.061,-132998.560,2,0
$CH,81.200,L1CD,3,7920,50.2,8.533696856,817.076,66660.859,3,0
$CH,81.200,L1CD,4,7920,44.6,5.693188804,1858.714,146917.481,3,0
$CH,81.200,L1CD,7,7920,40.1,2.228335843,1342.281,107036.575,3,0
$CH,81.200,L1CD,8,7920,40.0,1.674166849,2113.340,166556.635,3,0
$CH,81.200,L1CD,9,7920,40.7,2.123532097,2275.726,179718.842,3,0
$CH,81.200,L1CD,16,7920,49.8,8.193754569,-179.023,-11948.870,3,0
$CH,81.200,L1CD,21,7920,40.9,0.265509998,-1409.543,-112193.718,3,0
$CH,81.200,L1CD,26,7920,47.2,2.504510665,-2486.456,-195480.393,3,0
$CH,81.200,L1CD,27,7920,42.2,9.460397233,1941.729,153665.387,3,0
$CH,81.200,L1CD,31,7920,43.2,8.708296988,-2591.473,-205547.414,3,0
$TIME,2024,5,11,3,34,59.298413
$CH,81.300,L1CD,1,7930,43.1,9.333590059,-2098.930,-166518.320,3,0
$CH,81.300,L1CD,2,7930,42.8,10.021602800,-1673.794,-133166.002,2,0
$CH,81.300,L1CD,3,7930,50.2,8.533645787,816.877,66742.548,3,0
$CH,81.300,L1CD,4,7930,44.6,5.693074992,1857.841,147103.303,3,0
$CH,81.300,L1CD,7,7930,40.1,2.228250346,1341.880,107170.787,3,0
$CH,81.300,L1CD,8,7930,40.0,1.674030788,2113.435,166767.949,3,0
$CH,81.300,L1CD,9,7930,40.7,2.123389914,2276.034,179946.405,3,0
$CH,81.300,L1CD,16,7930,49.8,8.193780612,-179.461,-11966.782,3,0
$CH,81.300,L1CD,21,7930,40.9,0.265606088,-1409.627,-112334.669,3,0
$CH,81.300,L1CD,26,7930,47.2,2.504665593,-2486.178,-195729.040,3,0
$CH,81.300,L1CD,27,7930,42.2,9.460281075,1941.519,153859.559,3,0
$CH,81.300,L1CD,31,7930,43.2,8.708462834,-2590.964,-205806.520,3,0
$TIME,2024,5,11,3,34,59.823479
$CH,81.400,L1CD,1,7940,43.1,9.333729488,-2098.676,-166728.201,3,0
$CH,81.400,L1CD,2,7940,42.8,10.021711216,-1674.632,-133333.423,2,0
$CH,81.400,L1CD,3,7940,50.2,8.533591484,816.584,66824.229,3,0
$CH,81.400,L1CD,4,7940,44.6,5.692959275,1858.104,147289.116,3,0
$CH,81.400,L1CD,7,7940,40.1,2.228164632,1342.936,107305.002,3,0
$CH,81.400,L1CD,8,7940,40.0,1.673896272,2112.880,166979.259,3,0
$CH,81.400,L1CD,9,7940,40.7,2.123244387,2275.289,180173.959,3,0
$CH,81.400,L1CD,16,7940,49.8,8.193779421,-179.319,-11984.708,3,0
$CH,81.400,L1CD,21,7940,40.9,0.265691322,-1409.035,-112475.638,3,0
$CH,81.400,L1CD,26,7940,47.2,2.504828077,-2486.705,-195977.680,3,0
$CH,81.400,L1CD,27,7940,42.2,9.460156344,1942.402,154053.724,3,0
$CH,81.400,L1CD,31,7940,43.2,8.708626188,-2591.221,-206065.623,3,0
$LOG,704.349,,0,END FILE=F:\GPS L1C.bin
