$LOG,0.000,,0,START FILE=C:\gnss\PocketSDR\sample\GPSL1C_Working.bin FS=4.000 FI=0.000 IQ=2 TOFF=2.000
$LOG,2.000,L1CD,1,SIGNAL NOT FOUND (31.7)
$LOG,2.000,L1CD,2,SIGNAL FOUND (43.2,-1163.6,0.0088355)
$LOG,2.000,L1CD,3,SIGNAL NOT FOUND (32.3)
$LOG,2.000,L1CD,4,SIGNAL NOT FOUND (31.9)
$LOG,2.000,L1CD,5,SIGNAL FOUND (42.9,2185.3,0.0073587)
$LOG,2.000,L1CD,6,SIGNAL FOUND (43.2,-1039.7,0.0071573)
$LOG,2.000,L1CD,7,SIGNAL NOT FOUND (31.7)
$LOG,2.000,L1CD,8,SIGNAL NOT FOUND (32.3)
$LOG,2.000,L1CD,9,SIGNAL NOT FOUND (31.4)
$LOG,2.000,L1CD,10,SIGNAL NOT FOUND (32.6)
$LOG,2.000,L1CD,11,SIGNAL NOT FOUND (32.4)
$LOG,2.000,L1CD,12,SIGNAL FOUND (44.2,3150.1,0.0004630)
$LOG,2.000,L1CD,13,SIGNAL FOUND (42.3,503.5,0.0017285)
$LOG,2.000,L1CD,14,SIGNAL NOT FOUND (31.7)
$LOG,2.000,L1CD,15,SIGNAL NOT FOUND (32.0)
$LOG,2.000,L1CD,16,SIGNAL NOT FOUND (31.8)
$LOG,2.000,L1CD,17,SIGNAL FOUND (41.7,163.0,0.0042027)
$LOG,2.000,L1CD,18,SIGNAL NOT FOUND (32.3)
$LOG,2.000,L1CD,19,SIGNAL FOUND (41.1,-718.8,0.0076935)
$LOG,2.000,L1CD,20,SIGNAL FOUND (41.6,3779.5,0.0041885)
$LOG,2.000,L1CD,21,SIGNAL NOT FOUND (31.4)
$LOG,2.000,L1CD,22,SIGNAL NOT FOUND (31.9)
$LOG,2.000,L1CD,23,SIGNAL NOT FOUND (31.4)
$LOG,2.000,L1CD,24,SIGNAL FOUND (43.3,91.8,0.0039755)
$LOG,2.000,L1CD,25,SIGNAL NOT FOUND (32.2)
$LOG,2.000,L1CD,26,SIGNAL NOT FOUND (31.7)
$LOG,2.000,L1CD,27,SIGNAL NOT FOUND (31.7)
$LOG,2.000,L1CD,28,SIGNAL FOUND (43.7,-2493.8,0.0097158)
$LOG,2.000,L1CD,29,SIGNAL NOT FOUND (32.2)
$LOG,2.000,L1CD,30,SIGNAL NOT FOUND (32.2)
$LOG,2.000,L1CD,31,SIGNAL NOT FOUND (32.0)
$LOG,2.000,L1CD,32,SIGNAL NOT FOUND (31.4)
$TIME,2024,1,30,6,10,3.353660
$CH,2.000,L1CD,2,0,43.2,8.835500000,-1163.583,0.000,0,0
$CH,2.000,L1CD,5,0,42.9,7.358750000,2185.297,0.000,0,0
$CH,2.000,L1CD,6,0,43.2,7.157250000,-1039.715,0.000,0,0
$CH,2.000,L1CD,12,0,44.2,0.463000000,3150.090,0.000,0,0
$CH,2.000,L1CD,13,0,42.3,1.728500000,503.531,0.000,0,0
$CH,2.000,L1CD,17,0,41.7,4.202750000,162.955,0.000,0,0
$CH,2.000,L1CD,19,0,41.1,7.693500000,-718.781,0.000,0,0
$CH,2.000,L1CD,20,0,41.6,4.188500000,3779.456,0.000,0,0
$CH,2.000,L1CD,24,0,43.3,3.975500000,91.810,0.000,0,0
$CH,2.000,L1CD,28,0,43.7,9.715750000,-2493.798,0.000,0,0
$TIME,2024,1,30,6,10,3.403729
$CH,2.100,L1CD,2,10,43.2,8.835614332,-1166.708,-116.576,0,0
$CH,2.100,L1CD,5,10,42.9,7.358625327,2183.234,218.426,0,0
$CH,2.100,L1CD,6,10,43.2,7.157292611,-1035.794,-103.712,0,0
$CH,2.100,L1CD,12,10,44.2,0.462805565,3153.076,315.147,0,0
$CH,2.100,L1CD,13,10,42.3,1.728502697,506.008,50.469,0,0
$CH,2.100,L1CD,17,10,41.7,4.202702324,164.541,16.432,0,0
$CH,2.100,L1CD,19,10,41.1,7.693578093,-723.873,-72.237,0,0
$CH,2.100,L1CD,20,10,41.6,4.188282742,3771.564,377.481,0,0
$CH,2.100,L1CD,24,10,43.3,3.975483284,90.720,9.147,0,0
$CH,2.100,L1CD,28,10,43.7,9.715913084,-2488.278,-249.078,0,0
$TIME,2024,1,30,6,10,3.433936
$CH,2.200,L1CD,2,20,43.2,8.835660592,-1167.037,-233.288,0,0
$CH,2.200,L1CD,5,20,42.9,7.358519746,2183.803,436.746,0,0
$CH,2.200,L1CD,6,20,43.2,7.157369898,-1035.287,-207.245,0,0
$CH,2.200,L1CD,12,20,44.2,0.462599760,3152.906,630.374,0,0
$CH,2.200,L1CD,13,20,42.3,1.728495105,505.853,100.992,0,0
$CH,2.200,L1CD,17,20,41.7,4.202658789,164.930,32.946,0,0
$CH,2.200,L1CD,19,20,41.1,7.693630885,-724.887,-144.710,0,0
$CH,2.200,L1CD,20,20,41.6,4.188064895,3771.813,754.629,0,0
$CH,2.200,L1CD,24,20,43.3,3.975463084,90.677,18.255,0,0
$CH,2.200,L1CD,28,20,43.7,9.716074858,-2488.025,-497.909,0,0
$TIME,2024,1,30,6,10,3.463933
$CH,2.300,L1CD,2,30,43.2,8.835731042,-1166.884,-350.022,0,0
$CH,2.300,L1CD,5,30,42.9,7.358378423,2183.498,655.067,0,0
$CH,2.300,L1CD,6,30,43.2,7.157406918,-1035.331,-310.773,0,0
$CH,2.300,L1CD,12,30,44.2,0.462399822,3152.679,945.591,0,0
$CH,2.300,L1CD,13,30,42.3,1.728467536,505.198,151.507,0,0
$CH,2.300,L1CD,17,30,41.7,4.202624786,165.799,49.471,0,0
$CH,2.300,L1CD,19,30,41.1,7.693669158,-725.277,-217.207,0,0
$CH,2.300,L1CD,20,30,41.6,4.187835788,3770.694,1131.774,0,0
$CH,2.300,L1CD,24,30,43.3,3.975437013,90.874,27.364,0,0
$CH,2.300,L1CD,28,30,43.7,9.716218391,-2488.550,-746.735,0,0
$TIME,2024,1,30,6,10,3.493935
$CH,2.400,L1CD,2,40,43.2,8.835837984,-1167.036,-466.743,0,0
$CH,2.400,L1CD,5,40,42.9,7.358274131,2182.937,873.387,0,0
$CH,2.400,L1CD,6,40,43.2,7.157433677,-1035.230,-414.289,0,0
$CH,2.400,L1CD,12,40,44.2,0.462212228,3151.428,1260.831,0,0
$CH,2.400,L1CD,13,40,42.3,1.728419955,505.228,202.050,0,0
$CH,2.400,L1CD,17,40,41.7,4.202627931,165.426,65.994,0,0
$CH,2.400,L1CD,19,40,41.1,7.693731331,-725.222,-289.694,0,0
$CH,2.400,L1CD,20,40,41.6,4.187602705,3771.375,1508.921,0,0
$CH,2.400,L1CD,24,40,43.3,3.975407694,91.309,36.473,0,0
$CH,2.400,L1CD,28,40,43.7,9.716388666,-2487.943,-995.549,0,0
$TIME,2024,1,30,6,10,3.524064
$CH,2.500,L1CD,2,50,43.2,8.835895742,-1166.824,-583.460,0,0
$CH,2.500,L1CD,5,50,42.9,7.358123304,2182.747,1091.704,0,0
$CH,2.500,L1CD,6,50,43.2,7.157481638,-1035.227,-517.807,0,0
$CH,2.500,L1CD,12,50,44.2,0.462020660,3152.188,1576.056,0,0
$CH,2.500,L1CD,13,50,42.3,1.728376080,505.977,252.588,0,0
$CH,2.500,L1CD,17,50,41.7,4.202623150,164.913,82.534,0,0
$CH,2.500,L1CD,19,50,41.1,7.693814546,-724.704,-362.186,0,0
$CH,2.500,L1CD,20,50,41.6,4.187374543,3771.533,1886.074,0,0
$CH,2.500,L1CD,24,50,43.3,3.975375000,91.197,45.582,0,0
$CH,2.500,L1CD,28,50,43.7,9.716534549,-2488.043,-1244.358,0,0
$TIME,2024,1,30,6,10,3.554091
$CH,2.600,L1CD,2,60,43.2,8.835950439,-1167.009,-700.157,0,0
$CH,2.600,L1CD,5,60,42.9,7.358016960,2182.876,1309.996,0,0
$CH,2.600,L1CD,6,60,43.2,7.157569025,-1035.119,-621.331,0,0
$CH,2.600,L1CD,12,60,44.2,0.461817666,3152.167,1891.280,0,0
$CH,2.600,L1CD,13,60,42.3,1.728373392,505.740,303.173,0,0
$CH,2.600,L1CD,17,60,41.7,4.202625879,165.175,99.043,0,0
$CH,2.600,L1CD,19,60,41.1,7.693874487,-724.749,-434.658,0,0
$CH,2.600,L1CD,20,60,41.6,4.187141870,3771.438,2263.221,0,0
$CH,2.600,L1CD,24,60,43.3,3.975372450,91.135,54.700,0,0
$CH,2.600,L1CD,28,60,43.7,9.716688849,-2488.262,-1493.164,0,0
$TIME,2024,1,30,6,10,3.574178
$CH,2.700,L1CD,2,70,43.2,8.836043368,-1167.127,-816.868,0,0
$CH,2.700,L1CD,5,70,42.9,7.357861765,2183.066,1528.297,0,0
$CH,2.700,L1CD,6,70,43.2,7.157637603,-1035.330,-724.854,0,0
$CH,2.700,L1CD,12,70,44.2,0.461606034,3152.299,2206.508,0,0
$CH,2.700,L1CD,13,70,42.3,1.728376293,505.608,353.737,0,0
$CH,2.700,L1CD,17,70,41.7,4.202624399,165.255,115.567,0,0
$CH,2.700,L1CD,19,70,41.1,7.693882774,-724.930,-507.136,0,0
$CH,2.700,L1CD,20,70,41.6,4.186912524,3771.600,2640.363,0,0
$CH,2.700,L1CD,24,70,43.3,3.975376818,91.174,63.809,0,0
$CH,2.700,L1CD,28,70,43.7,9.716869948,-2487.964,-1741.981,0,0
$TIME,2024,1,30,6,10,3.604135
$CH,2.800,L1CD,2,80,43.2,8.836132935,-1167.301,-933.586,0,0
$CH,2.800,L1CD,5,80,42.9,7.357747268,2182.966,1746.599,0,0
$CH,2.800,L1CD,6,80,43.2,7.157664793,-1035.280,-828.380,0,0
$CH,2.800,L1CD,12,80,44.2,0.461407677,3152.354,2521.731,0,0
$CH,2.800,L1CD,13,80,42.3,1.728376123,505.652,404.294,0,0
$CH,2.800,L1CD,17,80,41.7,4.202625252,165.322,132.097,0,0
$CH,2.800,L1CD,19,80,41.1,7.693913151,-724.869,-579.617,0,0
$CH,2.800,L1CD,20,80,41.6,4.186679633,3771.385,3017.510,0,0
$CH,2.800,L1CD,24,80,43.3,3.975371785,90.884,72.912,0,0
$CH,2.800,L1CD,28,80,43.7,9.717004612,-2488.283,-1990.800,0,0
$TIME,2024,1,30,6,10,3.634312
$CH,2.900,L1CD,2,90,43.2,8.836175680,-1167.220,-1050.310,0,0
$CH,2.900,L1CD,5,90,42.9,7.357598101,2183.000,1964.897,0,0
$CH,2.900,L1CD,6,90,43.2,7.157722861,-1035.335,-931.911,0,0
$CH,2.900,L1CD,12,90,44.2,0.461220661,3152.133,2836.948,0,0
$CH,2.900,L1CD,13,90,42.3,1.728370674,505.572,454.849,0,0
$CH,2.900,L1CD,17,90,41.7,4.202626487,165.348,148.629,0,0
$CH,2.900,L1CD,19,90,41.1,7.693967656,-724.800,-652.105,0,0
$CH,2.900,L1CD,20,90,41.6,4.186441259,3771.396,3394.652,0,0
$CH,2.900,L1CD,24,90,43.3,3.975374050,91.015,82.008,0,0
$CH,2.900,L1CD,28,90,43.7,9.717168234,-2488.275,-2239.628,0,0
$TIME,2024,1,30,6,10,3.674413
$CH,3.000,L1CD,2,100,43.3,8.836257029,-1167.174,-1167.035,0,0
$CH,3.000,L1CD,5,100,43.2,7.357472195,2183.010,2183.197,0,0
$CH,3.000,L1CD,6,100,43.6,7.157812272,-1035.200,-1035.439,0,0
$CH,3.000,L1CD,12,100,44.1,0.461022858,3152.271,3152.170,0,0
$CH,3.000,L1CD,13,100,42.4,1.728359348,505.731,505.406,0,0
$CH,3.000,L1CD,17,100,42.1,4.202623604,165.343,165.167,0,0
$CH,3.000,L1CD,19,100,41.4,7.694045485,-724.783,-724.588,0,0
$CH,3.000,L1CD,20,100,42.2,4.186206652,3771.447,3771.798,0,0
$CH,3.000,L1CD,24,100,43.2,3.975374508,90.812,91.101,0,0
$CH,3.000,L1CD,28,100,42.8,9.717337368,-2488.379,-2488.454,0,0
$TIME,2024,1,30,6,10,3.704355
$CH,3.100,L1CD,2,110,43.3,8.836368536,-1167.543,-1283.807,0,0
$CH,3.100,L1CD,5,110,43.2,7.357333637,2182.725,2401.472,0,0
$CH,3.100,L1CD,6,110,43.6,7.157885273,-1035.895,-1139.197,0,0
$CH,3.100,L1CD,12,110,44.1,0.460819305,3152.942,3467.565,0,0
$CH,3.100,L1CD,13,110,42.4,1.728329529,506.015,556.115,0,0
$CH,3.100,L1CD,17,110,42.1,4.202622238,165.099,181.436,0,0
$CH,3.100,L1CD,19,110,41.4,7.694124632,-725.216,-797.311,0,0
$CH,3.100,L1CD,20,110,42.2,4.185968797,3771.285,4148.696,0,0
$CH,3.100,L1CD,24,110,43.2,3.975377187,91.288,100.300,0,0
$CH,3.100,L1CD,28,110,42.8,9.717482257,-2487.963,-2737.046,0,0
$TIME,2024,1,30,6,10,3.734578
$CH,3.200,L1CD,2,120,43.3,8.836406469,-1167.416,-1400.560,0,0
$CH,3.200,L1CD,5,120,43.2,7.357195659,2182.259,2619.740,0,0
$CH,3.200,L1CD,6,120,43.6,7.157914921,-1035.382,-1242.753,0,0
$CH,3.200,L1CD,12,120,44.1,0.460610686,3152.126,3782.752,0,0
$CH,3.200,L1CD,13,120,42.4,1.728279189,505.234,606.665,0,0
$CH,3.200,L1CD,17,120,42.1,4.202614328,165.245,197.972,0,0
$CH,3.200,L1CD,19,120,41.4,7.694129895,-724.743,-869.815,0,0
$CH,3.200,L1CD,20,120,42.2,4.185732995,3771.467,4525.827,0,0
$CH,3.200,L1CD,24,120,43.2,3.975373751,90.049,109.357,0,0
$CH,3.200,L1CD,28,120,42.8,9.717649378,-2488.918,-2985.893,0,0
$TIME,2024,1,30,6,10,3.764636
$CH,3.300,L1CD,2,130,43.3,8.836473486,-1167.444,-1517.315,0,0
$CH,3.300,L1CD,5,130,43.2,7.357064825,2182.775,2837.995,0,0
$CH,3.300,L1CD,6,130,43.6,7.157979117,-1035.478,-1346.299,0,0
$CH,3.300,L1CD,12,130,44.1,0.460407065,3151.669,4097.925,0,0
$CH,3.300,L1CD,13,130,42.4,1.728213451,505.849,657.204,0,0
$CH,3.300,L1CD,17,130,42.1,4.202599976,165.673,214.504,0,0
$CH,3.300,L1CD,19,130,41.4,7.694146345,-725.116,-942.291,0,0
$CH,3.300,L1CD,20,130,42.2,4.185493988,3771.405,4902.955,0,0
$CH,3.300,L1CD,24,130,43.2,3.975370936,90.520,118.403,0,0
$CH,3.300,L1CD,28,130,42.8,9.717803722,-2488.776,-3234.772,0,0
$TIME,2024,1,30,6,10,3.794543
$CH,3.400,L1CD,2,140,43.3,8.836578412,-1166.533,-1634.050,0,0
$CH,3.400,L1CD,5,140,43.2,7.356914602,2182.786,3056.265,0,0
$CH,3.400,L1CD,6,140,43.6,7.158075285,-1035.190,-1449.841,0,0
$CH,3.400,L1CD,12,140,44.1,0.460215219,3152.146,4413.134,0,0
$CH,3.400,L1CD,13,140,42.4,1.728138812,506.313,707.783,0,0
$CH,3.400,L1CD,17,140,42.1,4.202581344,165.277,231.050,0,0
$CH,3.400,L1CD,19,140,41.4,7.694189716,-724.865,-1014.774,0,0
$CH,3.400,L1CD,20,140,42.2,4.185255052,3771.779,5280.102,0,0
$CH,3.400,L1CD,24,140,43.2,3.975374494,90.319,127.475,0,0
$CH,3.400,L1CD,28,140,42.8,9.717952668,-2487.836,-3483.624,0,0
$TIME,2024,1,30,6,10,3.824741
$CH,3.500,L1CD,2,150,43.3,8.836644177,-1167.849,-1750.779,0,0
$CH,3.500,L1CD,5,150,43.2,7.356792558,2182.930,3274.539,0,0
$CH,3.500,L1CD,6,150,43.6,7.158143239,-1035.753,-1553.383,0,0
$CH,3.500,L1CD,12,150,44.1,0.460024735,3151.977,4728.338,0,0
$CH,3.500,L1CD,13,150,42.4,1.728128735,505.136,758.374,0,0
$CH,3.500,L1CD,17,150,42.1,4.202559020,165.018,247.595,0,0
$CH,3.500,L1CD,19,150,41.4,7.694257045,-724.648,-1087.252,0,0
$CH,3.500,L1CD,20,150,42.2,4.185020507,3771.308,5657.244,0,0
$CH,3.500,L1CD,24,150,43.2,3.975372880,91.382,136.538,0,0
$CH,3.500,L1CD,28,150,42.8,9.718128737,-2488.411,-3732.465,0,0
$TIME,2024,1,30,6,10,3.854872
$CH,3.600,L1CD,2,160,43.3,8.836698123,-1167.734,-1867.514,0,0
$CH,3.600,L1CD,5,160,43.2,7.356630371,2182.667,3492.807,0,0
$CH,3.600,L1CD,6,160,43.6,7.158178663,-1035.368,-1656.938,0,0
$CH,3.600,L1CD,12,160,44.1,0.459824396,3151.920,5043.545,0,0
$CH,3.600,L1CD,13,160,42.4,1.728123404,506.479,808.949,0,0
$CH,3.600,L1CD,17,160,42.1,4.202530963,165.707,264.138,0,0
$CH,3.600,L1CD,19,160,41.4,7.694340583,-724.555,-1159.735,0,0
$CH,3.600,L1CD,20,160,42.2,4.184782377,3771.609,6034.370,0,0
$CH,3.600,L1CD,24,160,43.2,3.975372126,90.452,145.610,0,0
$CH,3.600,L1CD,28,160,42.8,9.718271531,-2488.046,-3981.313,0,0
$TIME,2024,1,30,6,10,3.894854
$CH,3.700,L1CD,2,170,43.3,8.836789384,-1167.192,-1984.253,0,0
$CH,3.700,L1CD,5,170,43.2,7.356517698,2183.080,3711.065,0,0
$CH,3.700,L1CD,6,170,43.6,7.158250536,-1035.045,-1760.485,0,0
$CH,3.700,L1CD,12,170,44.1,0.459613393,3152.176,5358.751,0,0
$CH,3.700,L1CD,13,170,42.4,1.728122273,505.974,859.549,0,0
$CH,3.700,L1CD,17,170,42.1,4.202492834,165.997,280.677,0,0
$CH,3.700,L1CD,19,170,41.4,7.694378005,-724.831,-1232.210,0,0
$CH,3.700,L1CD,20,170,42.2,4.184539450,3771.641,6411.517,0,0
$CH,3.700,L1CD,24,170,43.2,3.975371551,90.537,154.667,0,0
$CH,3.700,L1CD,28,170,42.8,9.718428926,-2488.344,-4230.163,0,0
$TIME,2024,1,30,6,10,3.924962
$CH,3.800,L1CD,2,180,43.3,8.836879685,-1167.173,-2100.986,0,0
$CH,3.800,L1CD,5,180,43.2,7.356361842,2182.678,3929.329,0,0
$CH,3.800,L1CD,6,180,43.6,7.158354566,-1035.245,-1864.023,0,0
$CH,3.800,L1CD,12,180,44.1,0.459413103,3151.978,5673.960,0,0
$CH,3.800,L1CD,13,180,42.4,1.728106211,505.683,910.151,0,0
$CH,3.800,L1CD,17,180,42.1,4.202455878,164.924,297.231,0,0
$CH,3.800,L1CD,19,180,41.4,7.694386233,-725.037,-1304.681,0,0
$CH,3.800,L1CD,20,180,42.2,4.184299296,3771.084,6788.664,0,0
$CH,3.800,L1CD,24,180,43.2,3.975374029,90.358,163.726,0,0
$CH,3.800,L1CD,28,180,42.8,9.718599730,-2487.892,-4479.012,0,0
$TIME,2024,1,30,6,10,3.954983
$CH,3.900,L1CD,2,190,43.3,8.836920557,-1167.480,-2217.735,0,0
$CH,3.900,L1CD,5,190,43.2,7.356238332,2182.291,4147.573,0,0
$CH,3.900,L1CD,6,190,43.6,7.158397056,-1036.018,-1967.590,0,0
$CH,3.900,L1CD,12,190,44.1,0.459223902,3151.940,5989.149,0,0
$CH,3.900,L1CD,13,190,42.4,1.728070121,506.053,960.731,0,0
$CH,3.900,L1CD,17,190,42.1,4.202414322,165.773,313.758,0,0
$CH,3.900,L1CD,19,190,41.4,7.694420301,-724.841,-1377.172,0,0
$CH,3.900,L1CD,20,190,42.2,4.184064372,3771.064,7165.784,0,0
$CH,3.900,L1CD,24,190,43.2,3.975375584,90.419,172.772,0,0
$CH,3.900,L1CD,28,190,42.8,9.718739431,-2488.763,-4727.871,0,0
$TIME,2024,1,30,6,10,3.985079
$CH,4.000,L1CD,2,200,43.4,8.836997168,-1167.863,-2334.479,0,0
$CH,4.000,L1CD,5,200,43.8,7.356096400,2182.654,4365.814,0,0
$CH,4.000,L1CD,6,200,43.6,7.158438504,-1035.679,-2071.156,0,0
$CH,4.000,L1CD,12,200,43.8,0.459026527,3152.158,6304.347,0,0
$CH,4.000,L1CD,13,200,42.6,1.728018553,506.475,1011.332,0,0
$CH,4.000,L1CD,17,200,43.1,4.202371041,164.916,330.302,0,0
$CH,4.000,L1CD,19,200,42.2,7.694477037,-724.291,-1449.653,0,0
$CH,4.000,L1CD,20,200,42.7,4.183822927,3770.959,7542.907,0,0
$CH,4.000,L1CD,24,200,42.7,3.975372246,90.523,181.810,0,0
$CH,4.000,L1CD,28,200,42.9,9.718908518,-2488.573,-4976.742,0,0
$TIME,2024,1,30,6,10,4.015072
$CH,4.100,L1CD,2,210,43.4,8.837108240,-1167.575,-2451.218,0,0
$CH,4.100,L1CD,5,210,43.8,7.355961098,2182.370,4584.064,0,0
$CH,4.100,L1CD,6,210,43.6,7.158518021,-1036.046,-2174.713,0,0
$CH,4.100,L1CD,12,210,43.8,0.458824945,3151.816,6619.548,0,0
$CH,4.100,L1CD,13,210,42.6,1.727955227,506.385,1061.946,0,0
$CH,4.100,L1CD,17,210,43.1,4.202375174,165.925,346.854,0,0
$CH,4.100,L1CD,19,210,42.2,7.694557975,-724.497,-1522.123,0,0
$CH,4.100,L1CD,20,210,42.7,4.183585338,3771.549,7920.054,0,0
$CH,4.100,L1CD,24,210,42.7,3.975377980,90.673,190.867,0,0
$CH,4.100,L1CD,28,210,42.9,9.719069272,-2488.619,-5225.598,0,0
$TIME,2024,1,30,6,10,4.045297
$CH,4.200,L1CD,2,220,43.4,8.837151241,-1167.509,-2567.966,0,0
$CH,4.200,L1CD,5,220,43.8,7.355828170,2182.078,4802.288,0,0
$CH,4.200,L1CD,6,220,43.6,7.158621327,-1036.242,-2278.279,0,0
$CH,4.200,L1CD,12,220,43.8,0.458610808,3151.492,6934.728,0,0
$CH,4.200,L1CD,13,220,42.6,1.727882872,505.661,1112.551,0,0
$CH,4.200,L1CD,17,220,43.1,4.202374513,165.296,363.391,0,0
$CH,4.200,L1CD,19,220,42.2,7.694627722,-724.554,-1594.601,0,0
$CH,4.200,L1CD,20,220,42.7,4.183342819,3771.267,8297.179,0,0
$CH,4.200,L1CD,24,220,42.7,3.975375819,90.403,199.888,0,0
$CH,4.200,L1CD,28,220,42.9,9.719216990,-2488.585,-5474.470,0,0
$TIME,2024,1,30,6,10,4.075290
$CH,4.300,L1CD,2,230,43.4,8.837213047,-1167.796,-2684.743,0,0
$CH,4.300,L1CD,5,230,43.8,7.355676217,2182.024,5020.500,0,0
$CH,4.300,L1CD,6,230,43.6,7.158646675,-1035.862,-2381.878,0,0
$CH,4.300,L1CD,12,230,43.8,0.458410395,3151.357,7249.897,0,0
$CH,4.300,L1CD,13,230,42.6,1.727874135,505.662,1163.134,0,0
$CH,4.300,L1CD,17,230,43.1,4.202375156,164.925,379.920,0,0
$CH,4.300,L1CD,19,230,42.2,7.694633090,-724.993,-1667.100,0,0
$CH,4.300,L1CD,20,230,42.7,4.183103674,3770.730,8674.283,0,0
$CH,4.300,L1CD,24,230,42.7,3.975375771,90.984,208.896,0,0
$CH,4.300,L1CD,28,230,42.9,9.719387442,-2488.847,-5723.356,0,0
$TIME,2024,1,30,6,10,4.105292
$CH,4.400,L1CD,2,240,43.4,8.837313341,-1167.578,-2801.523,0,0
$CH,4.400,L1CD,5,240,43.8,7.355548272,2181.994,5238.692,0,0
$CH,4.400,L1CD,6,240,43.6,7.158697080,-1036.346,-2485.482,0,0
$CH,4.400,L1CD,12,240,43.8,0.458221134,3151.542,7565.045,0,0
$CH,4.400,L1CD,13,240,42.6,1.727874914,506.025,1213.718,0,0
$CH,4.400,L1CD,17,240,43.1,4.202372307,164.948,396.429,0,0
$CH,4.400,L1CD,19,240,42.2,7.694655370,-725.631,-1739.611,0,0
$CH,4.400,L1CD,20,240,42.7,4.182861126,3771.177,9051.382,0,0
$CH,4.400,L1CD,24,240,42.7,3.975375232,90.520,217.903,0,0
$CH,4.400,L1CD,28,240,42.9,9.719537868,-2488.800,-5972.266,0,0
$TIME,2024,1,30,6,10,4.145336
$CH,4.500,L1CD,2,250,43.4,8.837387331,-1167.008,-2918.277,0,0
$CH,4.500,L1CD,5,250,43.8,7.355387206,2182.263,5456.911,0,0
$CH,4.500,L1CD,6,250,43.6,7.158780921,-1035.419,-2589.065,0,0
$CH,4.500,L1CD,12,250,43.8,0.458022960,3152.214,7880.223,0,0
$CH,4.500,L1CD,13,250,42.6,1.727867161,506.762,1264.333,0,0
$CH,4.500,L1CD,17,250,43.1,4.202376081,165.613,412.963,0,0
$CH,4.500,L1CD,19,250,42.2,7.694702462,-724.787,-1812.099,0,0
$CH,4.500,L1CD,20,250,42.7,4.182619620,3771.579,9428.498,0,0
$CH,4.500,L1CD,24,250,42.7,3.975374734,90.722,226.921,0,0
$CH,4.500,L1CD,28,250,42.9,9.719691816,-2488.965,-6221.144,0,0
$TIME,2024,1,30,6,10,4.175435
$CH,4.600,L1CD,2,260,43.4,8.837437050,-1167.207,-3035.012,0,0
$CH,4.600,L1CD,5,260,43.8,7.355275965,2182.257,5675.139,0,0
$CH,4.600,L1CD,6,260,43.6,7.158879550,-1035.484,-2692.622,0,0
$CH,4.600,L1CD,12,260,43.8,0.457818728,3151.872,8195.428,0,0
$CH,4.600,L1CD,13,260,42.6,1.727846810,506.502,1314.974,0,0
$CH,4.600,L1CD,17,260,43.1,4.202376317,165.385,429.533,0,0
$CH,4.600,L1CD,19,260,42.2,7.694774475,-724.702,-1884.560,0,0
$CH,4.600,L1CD,20,260,42.7,4.182373843,3771.043,9805.650,0,0
$CH,4.600,L1CD,24,260,42.7,3.975375840,90.251,235.955,0,0
$CH,4.600,L1CD,28,260,42.9,9.719870089,-2488.698,-6470.008,0,0
$TIME,2024,1,30,6,10,4.205445
$CH,4.700,L1CD,2,270,43.4,8.837523467,-1167.793,-3151.773,0,0
$CH,4.700,L1CD,5,270,43.8,7.355114408,2181.861,5893.347,0,0
$CH,4.700,L1CD,6,270,43.6,7.158907262,-1035.984,-2796.210,0,0
$CH,4.700,L1CD,12,270,43.8,0.457608756,3151.361,8510.601,0,0
$CH,4.700,L1CD,13,270,42.6,1.727805524,506.132,1365.603,0,0
$CH,4.700,L1CD,17,270,43.1,4.202372193,165.246,446.080,0,0
$CH,4.700,L1CD,19,270,42.2,7.694860910,-725.179,-1957.040,0,0
$CH,4.700,L1CD,20,270,42.7,4.182132711,3771.147,10182.764,0,0
$CH,4.700,L1CD,24,270,42.7,3.975374124,89.098,244.970,0,0
$CH,4.700,L1CD,28,270,42.9,9.720009426,-2489.318,-6718.894,0,0
$TIME,2024,1,30,6,10,4.235585
$CH,4.800,L1CD,2,280,43.4,8.837630271,-1167.768,-3268.558,0,0
$CH,4.800,L1CD,5,280,43.8,7.354992323,2182.047,6111.521,0,0
$CH,4.800,L1CD,6,280,43.6,7.158964349,-1036.168,-2899.820,0,0
$CH,4.800,L1CD,12,280,43.8,0.457408022,3151.463,8825.749,0,0
$CH,4.800,L1CD,13,280,42.6,1.727747538,505.782,1416.201,0,0
$CH,4.800,L1CD,17,280,43.1,4.202376196,165.213,462.587,0,0
$CH,4.800,L1CD,19,280,42.2,7.694881136,-724.831,-2029.548,0,0
$CH,4.800,L1CD,20,280,42.7,4.181894557,3771.323,10559.862,0,0
$CH,4.800,L1CD,24,280,42.7,3.975377225,89.948,253.950,0,0
$CH,4.800,L1CD,28,280,42.9,9.720172677,-2489.222,-6967.802,0,0
$TIME,2024,1,30,6,10,4.265500
$CH,4.900,L1CD,2,290,43.4,8.837667114,-1167.444,-3385.340,0,0
$CH,4.900,L1CD,5,290,43.8,7.354848124,2182.143,6329.698,0,0
$CH,4.900,L1CD,6,290,43.6,7.159053651,-1035.827,-3003.432,0,0
$CH,4.900,L1CD,12,290,43.8,0.457218918,3151.661,9140.897,0,0
$CH,4.900,L1CD,13,290,42.6,1.727677045,506.626,1466.815,0,0
$CH,4.900,L1CD,17,290,43.1,4.202376989,165.375,479.115,0,0
$CH,4.900,L1CD,19,290,42.2,7.694892928,-725.090,-2102.045,0,0
$CH,4.900,L1CD,20,290,42.7,4.181661803,3770.886,10936.965,0,0
$CH,4.900,L1CD,24,290,42.7,3.975374120,89.465,262.940,0,0
$CH,4.900,L1CD,28,290,42.9,9.720337141,-2489.267,-7216.717,0,0
$TIME,2024,1,30,6,10,4.295599
$CH,5.000,L1CD,2,300,43.4,8.837738593,-1167.841,-3502.094,0,0
$CH,5.000,L1CD,5,300,44.1,7.354711323,2182.109,6547.894,0,0
$CH,5.000,L1CD,6,300,43.8,7.159133880,-1035.742,-3107.022,0,0
$CH,5.000,L1CD,12,300,44.0,0.457021122,3151.280,9456.079,0,0
$CH,5.000,L1CD,13,300,42.8,1.727627816,506.331,1517.454,0,0
$CH,5.000,L1CD,17,300,42.3,4.202376338,165.619,495.665,0,0
$CH,5.000,L1CD,19,300,42.4,7.694930153,-724.684,-2174.515,0,0
$CH,5.000,L1CD,20,300,42.6,4.181422175,3771.218,11314.090,0,0
$CH,5.000,L1CD,24,300,42.9,3.975372807,90.352,271.945,0,0
$CH,5.000,L1CD,28,300,42.2,9.720483110,-2488.764,-7465.606,0,0
$TIME,2024,1,30,6,10,4.325652
$CH,5.100,L1CD,2,310,43.4,8.837846664,-1167.474,-3618.856,0,0
$CH,5.100,L1CD,5,310,44.1,7.354573843,2181.175,6766.089,0,0
$CH,5.100,L1CD,6,310,43.8,7.159165891,-1036.420,-3210.603,0,0
$CH,5.100,L1CD,12,310,44.0,0.456818073,3151.327,9771.241,0,0
$CH,5.100,L1CD,13,310,42.8,1.727621954,506.288,1568.103,0,0
$CH,5.100,L1CD,17,310,42.3,4.202375380,165.378,512.219,0,0
$CH,5.100,L1CD,19,310,42.4,7.694989072,-724.977,-2246.991,0,0
$CH,5.100,L1CD,20,310,42.6,4.181188187,3770.946,11691.212,0,0
$CH,5.100,L1CD,24,310,42.9,3.975375282,89.720,280.942,0,0
$CH,5.100,L1CD,28,310,42.2,9.720650342,-2489.346,-7714.503,0,0
$TIME,2024,1,30,6,10,4.365765
$CH,5.200,L1CD,2,320,43.4,8.837896728,-1168.161,-3735.631,0,0
$CH,5.200,L1CD,5,320,44.1,7.354425172,2181.743,6984.254,0,0
$CH,5.200,L1CD,6,320,43.8,7.159227512,-1036.388,-3314.220,0,0
$CH,5.200,L1CD,12,320,44.0,0.456611123,3151.755,10086.389,0,0
$CH,5.200,L1CD,13,320,42.8,1.727623184,505.816,1618.718,0,0
$CH,5.200,L1CD,17,320,42.3,4.202373953,165.704,528.737,0,0
$CH,5.200,L1CD,19,320,42.4,7.695070652,-725.570,-2319.485,0,0
$CH,5.200,L1CD,20,320,42.6,4.180946579,3771.202,12068.309,0,0
$CH,5.200,L1CD,24,320,42.9,3.975377309,89.841,289.917,0,0
$CH,5.200,L1CD,28,320,42.2,9.720807245,-2489.169,-7963.413,0,0
$TIME,2024,1,30,6,10,4.395757
$CH,5.300,L1CD,2,330,43.4,8.837955621,-1167.131,-3852.400,0,0
$CH,5.300,L1CD,5,330,44.1,7.354303427,2181.497,7202.436,0,0
$CH,5.300,L1CD,6,330,43.8,7.159324602,-1036.010,-3417.824,0,0
$CH,5.300,L1CD,12,330,44.0,0.456408665,3151.721,10401.556,0,0
$CH,5.300,L1CD,13,330,42.8,1.727614347,506.477,1669.372,0,0
$CH,5.300,L1CD,17,330,42.3,4.202374574,165.509,545.285,0,0
$CH,5.300,L1CD,19,330,42.4,7.695125685,-724.728,-2391.959,0,0
$CH,5.300,L1CD,20,330,42.6,4.180711449,3771.266,12445.427,0,0
$CH,5.300,L1CD,24,330,42.9,3.975375611,89.713,298.898,0,0
$CH,5.300,L1CD,28,330,42.2,9.720954645,-2488.886,-8212.323,0,0
$TIME,2024,1,30,6,10,4.425876
$CH,5.400,L1CD,2,340,43.4,8.838050270,-1168.077,-3969.180,0,0
$CH,5.400,L1CD,5,340,44.1,7.354142416,2181.586,7420.596,0,0
$CH,5.400,L1CD,6,340,43.8,7.159389440,-1036.271,-3521.442,0,0
$CH,5.400,L1CD,12,340,44.0,0.456218733,3151.138,10716.704,0,0
$CH,5.400,L1CD,13,340,42.8,1.727588350,506.500,1720.014,0,0
$CH,5.400,L1CD,17,340,42.3,4.202373889,165.374,561.827,0,0
$CH,5.400,L1CD,19,340,42.4,7.695130931,-724.506,-2464.452,0,0
$CH,5.400,L1CD,20,340,42.6,4.180468490,3770.905,12822.530,0,0
$CH,5.400,L1CD,24,340,42.9,3.975375801,90.107,307.867,0,0
$CH,5.400,L1CD,28,340,42.2,9.721133648,-2488.973,-8461.234,0,0
$TIME,2024,1,30,6,10,4.455985
$CH,5.500,L1CD,2,350,43.4,8.838132186,-1167.871,-4085.953,0,0
$CH,5.500,L1CD,5,350,44.1,7.354025631,2181.673,7638.753,0,0
$CH,5.500,L1CD,6,350,43.8,7.159426259,-1035.708,-3625.060,0,0
$CH,5.500,L1CD,12,350,44.0,0.456020142,3151.816,11031.846,0,0
$CH,5.500,L1CD,13,350,42.8,1.727546058,506.299,1770.661,0,0
$CH,5.500,L1CD,17,350,42.3,4.202373916,165.878,578.360,0,0
$CH,5.500,L1CD,19,350,42.4,7.695153556,-725.198,-2536.937,0,0
$CH,5.500,L1CD,20,350,42.6,4.180231125,3770.926,13199.634,0,0
$CH,5.500,L1CD,24,350,42.9,3.975374796,90.438,316.846,0,0
$CH,5.500,L1CD,28,350,42.2,9.721279062,-2489.158,-8710.146,0,0
$TIME,2024,1,30,6,10,4.486001
$CH,5.600,L1CD,2,360,43.4,8.838176799,-1168.017,-4202.733,0,0
$CH,5.600,L1CD,5,360,44.1,7.353866218,2181.258,7856.913,0,0
$CH,5.600,L1CD,6,360,43.8,7.159496261,-1036.498,-3728.669,0,0
$CH,5.600,L1CD,12,360,44.0,0.455818870,3151.125,11347.003,0,0
$CH,5.600,L1CD,13,360,42.8,1.727486589,506.238,1821.309,0,0
$CH,5.600,L1CD,17,360,42.3,4.202366525,165.404,594.899,0,0
$CH,5.600,L1CD,19,360,42.4,7.695203116,-724.246,-2609.424,0,0
$CH,5.600,L1CD,20,360,42.6,4.179996123,3771.125,13576.742,0,0
$CH,5.600,L1CD,24,360,42.9,3.975375855,89.661,325.815,0,0
$CH,5.600,L1CD,28,360,42.2,9.721437508,-2488.972,-8959.067,0,0
$TIME,2024,1,30,6,10,4.515988
$CH,5.700,L1CD,2,370,43.4,8.838258689,-1167.953,-4319.513,0,0
$CH,5.700,L1CD,5,370,44.1,7.353745379,2181.770,8075.067,0,0
$CH,5.700,L1CD,6,370,43.8,7.159596757,-1035.998,-3832.295,0,0
$CH,5.700,L1CD,12,370,44.0,0.455605946,3151.708,11662.137,0,0
$CH,5.700,L1CD,13,370,42.8,1.727415623,507.018,1871.965,0,0
$CH,5.700,L1CD,17,370,42.3,4.202354651,165.402,611.439,0,0
$CH,5.700,L1CD,19,370,42.4,7.695276265,-725.029,-2681.902,0,0
$CH,5.700,L1CD,20,370,42.6,4.179757209,3771.664,13953.844,0,0
$CH,5.700,L1CD,24,370,42.9,3.975373231,90.318,334.774,0,0
$CH,5.700,L1CD,28,370,42.2,9.721611782,-2489.170,-9207.983,0,0
$TIME,2024,1,30,6,10,4.556103
$CH,5.800,L1CD,2,380,43.4,8.838372599,-1167.354,-4436.300,0,0
$CH,5.800,L1CD,5,380,44.1,7.353595054,2181.251,8293.220,0,0
$CH,5.800,L1CD,6,380,43.8,7.159646673,-1035.779,-3935.910,0,0
$CH,5.800,L1CD,12,380,44.0,0.455405914,3151.599,11977.295,0,0
$CH,5.800,L1CD,13,380,42.8,1.727376947,506.553,1922.638,0,0
$CH,5.800,L1CD,17,380,42.3,4.202337290,165.363,627.996,0,0
$CH,5.800,L1CD,19,380,42.4,7.695363917,-724.959,-2754.369,0,0
$CH,5.800,L1CD,20,380,42.6,4.179515075,3770.881,14330.966,0,0
$CH,5.800,L1CD,24,380,42.9,3.975370758,89.756,343.746,0,0
$CH,5.800,L1CD,28,380,42.2,9.721746527,-2488.941,-9456.908,0,0
$TIME,2024,1,30,6,10,4.586239
$CH,5.900,L1CD,2,390,43.4,8.838408358,-1168.060,-4553.071,0,0
$CH,5.900,L1CD,5,390,44.1,7.353459924,2181.475,8511.362,0,0
$CH,5.900,L1CD,6,390,43.8,7.159688907,-1036.853,-4039.527,0,0
$CH,5.900,L1CD,12,390,44.0,0.455218086,3151.691,12292.428,0,0
$CH,5.900,L1CD,13,390,42.8,1.727378132,506.435,1973.303,0,0
$CH,5.900,L1CD,17,390,42.3,4.202313110,165.440,644.533,0,0
$CH,5.900,L1CD,19,390,42.4,7.695378139,-724.816,-2826.860,0,0
$CH,5.900,L1CD,20,390,42.6,4.179277446,3770.759,14708.060,0,0
$CH,5.900,L1CD,24,390,42.9,3.975368099,89.200,352.703,0,0
$CH,5.900,L1CD,28,390,42.2,9.721910147,-2489.469,-9705.826,0,0
$TIME,2024,1,30,6,10,4.616104
$CH,6.000,L1CD,2,400,43.6,8.838473886,-1167.894,-4669.867,0,0
$CH,6.000,L1CD,5,400,44.5,7.353322667,2181.017,8729.492,0,0
$CH,6.000,L1CD,6,400,44.2,7.159767053,-1036.538,-4143.168,0,0
$CH,6.000,L1CD,12,400,43.8,0.455020203,3151.060,12607.568,0,0
$CH,6.000,L1CD,13,400,42.3,1.727373224,506.268,2023.953,0,0
$CH,6.000,L1CD,17,400,43.1,4.202282407,165.116,661.066,0,0
$CH,6.000,L1CD,19,400,42.8,7.695390336,-724.996,-2899.355,0,0
$CH,6.000,L1CD,20,400,42.8,4.179040672,3770.771,15085.157,0,0
$CH,6.000,L1CD,24,400,43.1,3.975362530,89.556,361.643,0,0
$CH,6.000,L1CD,28,400,42.3,9.722075639,-2489.495,-9954.768,0,0
$TIME,2024,1,30,6,10,4.646237
$CH,6.100,L1CD,2,410,43.6,8.838577053,-1168.087,-4786.656,0,0
$CH,6.100,L1CD,5,410,44.5,7.353176459,2181.138,8947.618,0,0
$CH,6.100,L1CD,6,410,44.2,7.159872378,-1036.255,-4246.803,0,0
$CH,6.100,L1CD,12,410,43.8,0.454816791,3150.560,12922.703,0,0
$CH,6.100,L1CD,13,410,42.3,1.727358787,506.279,2074.619,0,0
$CH,6.100,L1CD,17,410,43.1,4.202247731,165.232,677.602,0,0
$CH,6.100,L1CD,19,410,42.8,7.695429590,-724.545,-2971.840,0,0
$CH,6.100,L1CD,20,410,42.8,4.178798765,3771.322,15462.248,0,0
$CH,6.100,L1CD,24,410,43.1,3.975354405,89.519,370.580,0,0
$CH,6.100,L1CD,28,410,42.3,9.722218560,-2489.550,-10203.708,0,0
$TIME,2024,1,30,6,10,4.676328
$CH,6.200,L1CD,2,420,43.6,8.838643339,-1167.789,-4903.428,0,0
$CH,6.200,L1CD,5,420,44.5,7.353048531,2181.446,9165.756,0,0
$CH,6.200,L1CD,6,420,44.2,7.159899079,-1036.325,-4350.429,0,0
$CH,6.200,L1CD,12,420,43.8,0.454605881,3151.289,13237.846,0,0
$CH,6.200,L1CD,13,420,42.3,1.727331370,507.279,2125.298,0,0
$CH,6.200,L1CD,17,420,43.1,4.202207168,165.439,694.157,0,0
$CH,6.200,L1CD,19,420,42.8,7.695491024,-724.927,-3044.312,0,0
$CH,6.200,L1CD,20,420,42.8,4.178559062,3771.099,15839.360,0,0
$CH,6.200,L1CD,24,420,43.1,3.975340041,89.549,379.528,0,0
$CH,6.200,L1CD,28,420,42.3,9.722389367,-2489.913,-10452.632,0,0
$TIME,2024,1,30,6,10,4.706332
$CH,6.300,L1CD,2,430,43.6,8.838694138,-1167.535,-5020.224,0,0
$CH,6.300,L1CD,5,430,44.5,7.352889854,2181.421,9383.872,0,0
$CH,6.300,L1CD,6,430,44.2,7.159949694,-1036.320,-4454.064,0,0
$CH,6.300,L1CD,12,430,43.8,0.454403698,3150.956,13552.966,0,0
$CH,6.300,L1CD,13,430,42.3,1.727283690,506.838,2175.979,0,0
$CH,6.300,L1CD,17,430,43.1,4.202163478,165.444,710.703,0,0
$CH,6.300,L1CD,19,430,42.8,7.695576149,-724.795,-3116.790,0,0
$CH,6.300,L1CD,20,430,42.8,4.178317664,3770.547,16216.468,0,0
$CH,6.300,L1CD,24,430,43.1,3.975326063,89.421,388.471,0,0
$CH,6.300,L1CD,28,430,42.3,9.722538480,-2489.580,-10701.572,0,0
$TIME,2024,1,30,6,10,4.736399
$CH,6.400,L1CD,2,440,43.6,8.838785753,-1168.013,-5137.005,0,0
$CH,6.400,L1CD,5,440,44.5,7.352773556,2180.951,9601.995,0,0
$CH,6.400,L1CD,6,440,44.2,7.160031001,-1035.972,-4557.708,0,0
$CH,6.400,L1CD,12,440,43.8,0.454217185,3151.446,13868.101,0,0
$CH,6.400,L1CD,13,440,42.3,1.727222242,507.377,2226.659,0,0
$CH,6.400,L1CD,17,440,43.1,4.202127268,165.067,727.251,0,0
$CH,6.400,L1CD,19,440,42.8,7.695628327,-724.876,-3189.267,0,0
$CH,6.400,L1CD,20,440,42.8,4.178078720,3770.830,16593.567,0,0
$CH,6.400,L1CD,24,440,43.1,3.975308100,89.070,397.412,0,0
$CH,6.400,L1CD,28,440,42.3,9.722693400,-2489.056,-10950.508,0,0
$TIME,2024,1,30,6,10,4.776289
$CH,6.500,L1CD,2,450,43.6,8.838881702,-1168.195,-5253.803,0,0
$CH,6.500,L1CD,5,450,44.5,7.352614155,2180.643,9820.105,0,0
$CH,6.500,L1CD,6,450,44.2,7.160130588,-1036.442,-4661.348,0,0
$CH,6.500,L1CD,12,450,43.8,0.454024113,3151.737,14183.229,0,0
$CH,6.500,L1CD,13,450,42.3,1.727149014,506.727,2277.352,0,0
$CH,6.500,L1CD,17,450,43.1,4.202125601,165.306,743.793,0,0
$CH,6.500,L1CD,19,450,42.8,7.695635958,-725.089,-3261.751,0,0
$CH,6.500,L1CD,20,450,42.8,4.177830504,3771.032,16970.651,0,0
$CH,6.500,L1CD,24,450,43.1,3.975290048,89.128,406.335,0,0
$CH,6.500,L1CD,28,450,42.3,9.722875384,-2489.034,-11199.455,0,0
$TIME,2024,1,30,6,10,4.806391
$CH,6.600,L1CD,2,460,43.6,8.838922416,-1168.158,-5370.590,0,0
$CH,6.600,L1CD,5,460,44.5,7.352495413,2181.215,10038.208,0,0
$CH,6.600,L1CD,6,460,44.2,7.160159241,-1036.231,-4764.989,0,0
$CH,6.600,L1CD,12,460,43.8,0.453823112,3151.318,14498.358,0,0
$CH,6.600,L1CD,13,460,42.3,1.727122264,506.994,2328.038,0,0
$CH,6.600,L1CD,17,460,43.1,4.202124554,165.977,760.337,0,0
$CH,6.600,L1CD,19,460,42.8,7.695663639,-724.410,-3334.230,0,0
$CH,6.600,L1CD,20,460,42.8,4.177589769,3771.401,17347.758,0,0
$CH,6.600,L1CD,24,460,43.1,3.975264847,89.254,415.263,0,0
$CH,6.600,L1CD,28,460,42.3,9.723012998,-2489.450,-11448.400,0,0
$TIME,2024,1,30,6,10,4.836620
$CH,6.700,L1CD,2,470,43.6,8.839000922,-1167.829,-5487.379,0,0
$CH,6.700,L1CD,5,470,44.5,7.352345058,2181.245,10256.321,0,0
$CH,6.700,L1CD,6,470,44.2,7.160215132,-1036.382,-4868.626,0,0
$CH,6.700,L1CD,12,470,43.8,0.453612450,3150.960,14813.493,0,0
$CH,6.700,L1CD,13,470,42.3,1.727124077,507.251,2378.739,0,0
$CH,6.700,L1CD,17,470,43.1,4.202125183,165.975,776.893,0,0
$CH,6.700,L1CD,19,470,42.8,7.695718930,-724.622,-3406.699,0,0
$CH,6.700,L1CD,20,470,42.8,4.177350420,3770.508,17724.867,0,0
$CH,6.700,L1CD,24,470,43.1,3.975239557,88.832,424.195,0,0
$CH,6.700,L1CD,28,470,42.3,9.723170223,-2489.289,-11697.340,0,0
$TIME,2024,1,30,6,10,4.866609
$CH,6.800,L1CD,2,480,43.6,8.839109669,-1168.260,-5604.177,0,0
$CH,6.800,L1CD,5,480,44.5,7.352211171,2181.135,10474.427,0,0
$CH,6.800,L1CD,6,480,44.2,7.160306836,-1036.691,-4972.274,0,0
$CH,6.800,L1CD,12,480,43.8,0.453412148,3151.187,15128.611,0,0
$CH,6.800,L1CD,13,480,42.3,1.727124343,507.077,2429.442,0,0
$CH,6.800,L1CD,17,480,43.1,4.202128754,165.154,793.441,0,0
$CH,6.800,L1CD,19,480,42.8,7.695797114,-725.324,-3479.176,0,0
$CH,6.800,L1CD,20,480,42.8,4.177107147,3770.831,18101.951,0,0
$CH,6.800,L1CD,24,480,43.1,3.975211073,89.257,433.114,0,0
$CH,6.800,L1CD,28,480,42.3,9.723339294,-2490.167,-11946.292,0,0
$TIME,2024,1,30,6,10,4.906514
$CH,6.900,L1CD,2,490,43.6,8.839150116,-1167.613,-5720.964,0,0
$CH,6.900,L1CD,5,490,44.5,7.352072488,2180.971,10692.529,0,0
$CH,6.900,L1CD,6,490,44.2,7.160381606,-1036.514,-5075.929,0,0
$CH,6.900,L1CD,12,490,43.8,0.453222094,3151.497,15443.735,0,0
$CH,6.900,L1CD,13,490,42.3,1.727108051,506.960,2480.155,0,0
$CH,6.900,L1CD,17,490,43.1,4.202125857,165.141,810.001,0,0
$CH,6.900,L1CD,19,490,42.8,7.695874810,-725.056,-3551.648,0,0
$CH,6.900,L1CD,20,490,42.8,4.176867705,3770.739,18479.064,0,0
$CH,6.900,L1CD,24,490,43.1,3.975177304,89.126,442.037,0,0
$CH,6.900,L1CD,28,490,42.3,9.723484143,-2489.426,-12195.238,0,0
$TIME,2024,1,30,6,10,4.936848
$CH,7.000,L1CD,2,500,43.0,8.839211441,-1168.157,-5837.762,0,0
$CH,7.000,L1CD,5,500,44.5,7.351925891,2180.337,10910.620,0,0
$CH,7.000,L1CD,6,500,43.9,7.160412755,-1036.769,-5179.578,0,0
$CH,7.000,L1CD,12,500,43.6,0.453020996,3151.082,15758.855,0,0
$CH,7.000,L1CD,13,500,42.2,1.727075489,506.883,2530.859,0,0
$CH,7.000,L1CD,17,500,43.1,4.202125796,165.476,826.550,0,0
$CH,7.000,L1CD,19,500,42.6,7.695880032,-724.983,-3624.118,0,0
$CH,7.000,L1CD,20,500,42.9,4.176624416,3770.766,18856.157,0,0
$CH,7.000,L1CD,24,500,43.4,3.975144295,89.390,450.946,0,0
$CH,7.000,L1CD,28,500,42.1,9.723651023,-2489.733,-12444.198,0,0
$TIME,2024,1,30,6,10,4.966812
$CH,7.100,L1CD,2,510,43.0,8.839311416,-1168.130,-5954.567,0,0
$CH,7.100,L1CD,5,510,44.5,7.351798427,2180.575,11128.688,0,0
$CH,7.100,L1CD,6,510,43.9,7.160475333,-1036.491,-5283.244,0,0
$CH,7.100,L1CD,12,510,43.6,0.452817629,3151.439,16073.961,0,0
$CH,7.100,L1CD,13,510,42.2,1.727025412,506.923,2581.561,0,0
$CH,7.100,L1CD,17,510,43.1,4.202125669,165.544,843.091,0,0
$CH,7.100,L1CD,19,510,42.6,7.695896243,-725.194,-3696.608,0,0
$CH,7.100,L1CD,20,510,42.9,4.176383746,3770.475,19233.244,0,0
$CH,7.100,L1CD,24,510,43.4,3.975124244,88.520,459.847,0,0
$CH,7.100,L1CD,28,510,42.1,9.723805377,-2489.894,-12693.161,0,0
$TIME,2024,1,30,6,10,4.997600
$CH,7.200,L1CD,2,520,43.0,8.839389860,-1167.936,-6071.375,0,0
$CH,7.200,L1CD,5,520,44.5,7.351640750,2180.543,11346.767,0,0
$CH,7.200,L1CD,6,520,43.9,7.160574908,-1036.518,-5386.910,0,0
$CH,7.200,L1CD,12,520,43.6,0.452605990,3151.479,16389.065,0,0
$CH,7.200,L1CD,13,520,42.2,1.726958845,506.786,2632.269,0,0
$CH,7.200,L1CD,17,520,43.1,4.202128480,165.436,859.628,0,0
$CH,7.200,L1CD,19,520,42.6,7.695936304,-724.856,-3769.086,0,0
$CH,7.200,L1CD,20,520,42.9,4.176146850,3770.806,19610.323,0,0
$CH,7.200,L1CD,24,520,43.4,3.975126494,88.257,468.737,0,0
$CH,7.200,L1CD,28,520,42.1,9.723950693,-2489.677,-12942.126,0,0
$TIME,2024,1,30,6,10,5.027825
$CH,7.300,L1CD,2,530,43.0,8.839439553,-1168.480,-6188.194,0,0
$CH,7.300,L1CD,5,530,44.5,7.351523633,2180.421,11564.823,0,0
$CH,7.300,L1CD,6,530,43.9,7.160638298,-1037.117,-5490.589,0,0
$CH,7.300,L1CD,12,530,43.6,0.452402887,3150.570,16704.172,0,0
$CH,7.300,L1CD,13,530,42.2,1.726887334,507.184,2682.970,0,0
$CH,7.300,L1CD,17,530,43.1,4.202122574,164.981,876.173,0,0
$CH,7.300,L1CD,19,530,42.6,7.696003211,-724.852,-3841.578,0,0
$CH,7.300,L1CD,20,530,42.9,4.175914506,3770.908,19987.396,0,0
$CH,7.300,L1CD,24,530,43.4,3.975120892,88.600,477.621,0,0
$CH,7.300,L1CD,28,530,42.1,9.724128529,-2489.341,-13191.118,0,0
$TIME,2024,1,30,6,10,5.057937
$CH,7.400,L1CD,2,540,43.0,8.839524359,-1168.158,-6305.000,0,0
$CH,7.400,L1CD,5,540,44.5,7.351364510,2181.310,11782.885,0,0
$CH,7.400,L1CD,6,540,43.9,7.160674523,-1036.737,-5594.260,0,0
$CH,7.400,L1CD,12,540,43.6,0.452212371,3151.171,17019.263,0,0
$CH,7.400,L1CD,13,540,42.2,1.726878140,507.300,2733.683,0,0
$CH,7.400,L1CD,17,540,43.1,4.202125527,166.035,892.707,0,0
$CH,7.400,L1CD,19,540,42.6,7.696089839,-725.308,-3914.061,0,0
$CH,7.400,L1CD,20,540,42.9,4.175675425,3770.985,20364.482,0,0
$CH,7.400,L1CD,24,540,43.4,3.975121943,88.983,486.508,0,0
$CH,7.400,L1CD,28,540,42.1,9.724273639,-2489.834,-13440.085,0,0
$TIME,2024,1,30,6,10,5.097836
$CH,7.500,L1CD,2,550,43.0,8.839630616,-1168.396,-6421.801,0,0
$CH,7.500,L1CD,5,550,44.5,7.351246949,2180.568,12000.965,0,0
$CH,7.500,L1CD,6,550,43.9,7.160745567,-1036.746,-5697.922,0,0
$CH,7.500,L1CD,12,550,43.6,0.452023126,3151.368,17334.373,0,0
$CH,7.500,L1CD,13,550,42.2,1.726871564,507.439,2784.423,0,0
$CH,7.500,L1CD,17,550,43.1,4.202124184,165.268,909.271,0,0
$CH,7.500,L1CD,19,550,42.6,7.696128283,-724.810,-3986.531,0,0
$CH,7.500,L1CD,20,550,42.9,4.175439966,3770.804,20741.579,0,0
$CH,7.500,L1CD,24,550,43.4,3.975124414,89.002,495.409,0,0
$CH,7.500,L1CD,28,550,42.1,9.724430907,-2489.651,-13689.052,0,0
$TIME,2024,1,30,6,10,5.128146
$CH,7.600,L1CD,2,560,43.0,8.839668147,-1168.556,-6538.610,0,0
$CH,7.600,L1CD,5,560,44.5,7.351096764,2181.305,12219.013,0,0
$CH,7.600,L1CD,6,560,43.9,7.160845917,-1036.521,-5801.603,0,0
$CH,7.600,L1CD,12,560,43.6,0.451822157,3150.961,17649.482,0,0
$CH,7.600,L1CD,13,560,42.2,1.726867719,507.677,2835.143,0,0
$CH,7.600,L1CD,17,560,43.1,4.202127082,165.390,925.823,0,0
$CH,7.600,L1CD,19,560,42.6,7.696140141,-724.458,-4059.004,0,0
$CH,7.600,L1CD,20,560,42.9,4.175199602,3770.485,21118.663,0,0
$CH,7.600,L1CD,24,560,43.4,3.975126858,88.843,504.289,0,0
$CH,7.600,L1CD,28,560,42.1,9.724605824,-2489.444,-13938.032,0,0
$TIME,2024,1,30,6,10,5.158255
$CH,7.700,L1CD,2,570,43.0,8.839738872,-1168.317,-6655.426,0,0
$CH,7.700,L1CD,5,570,44.5,7.350966923,2180.463,12437.067,0,0
$CH,7.700,L1CD,6,570,43.9,7.160894608,-1036.578,-5905.282,0,0
$CH,7.700,L1CD,12,570,43.6,0.451611077,3151.153,17964.567,0,0
$CH,7.700,L1CD,13,570,42.2,1.726848417,507.229,2885.875,0,0
$CH,7.700,L1CD,17,570,43.1,4.202126214,165.331,942.366,0,0
$CH,7.700,L1CD,19,570,42.6,7.696169198,-724.675,-4131.488,0,0
$CH,7.700,L1CD,20,570,42.9,4.174965544,3770.659,21495.743,0,0
$CH,7.700,L1CD,24,570,43.4,3.975121072,88.979,513.158,0,0
$CH,7.700,L1CD,28,570,42.1,9.724747211,-2489.911,-14187.008,0,0
$TIME,2024,1,30,6,10,5.188277
$CH,7.800,L1CD,2,580,43.0,8.839845846,-1168.060,-6772.251,0,0
$CH,7.800,L1CD,5,580,44.5,7.350828221,2179.952,12655.097,0,0
$CH,7.800,L1CD,6,580,43.9,7.160936123,-1036.868,-6008.977,0,0
$CH,7.800,L1CD,12,580,43.6,0.451410743,3150.521,18279.654,0,0
$CH,7.800,L1CD,13,580,42.2,1.726809039,507.334,2936.590,0,0
$CH,7.800,L1CD,17,580,43.1,4.202122195,165.436,958.901,0,0
$CH,7.800,L1CD,19,580,42.6,7.696221432,-724.910,-4203.984,0,0
$CH,7.800,L1CD,20,580,42.9,4.174724821,3770.827,21872.819,0,0
$CH,7.800,L1CD,24,580,43.4,3.975124099,88.483,522.020,0,0
$CH,7.800,L1CD,28,580,42.1,9.724908398,-2490.500,-14436.015,0,0
$TIME,2024,1,30,6,10,5.228263
$CH,7.900,L1CD,2,590,43.0,8.839896467,-1167.853,-6889.088,0,0
$CH,7.900,L1CD,5,590,44.5,7.350685440,2180.358,12873.132,0,0
$CH,7.900,L1CD,6,590,43.9,7.161014884,-1036.932,-6112.674,0,0
$CH,7.900,L1CD,12,590,43.6,0.451220531,3151.117,18594.735,0,0
$CH,7.900,L1CD,13,590,42.2,1.726756201,507.618,2987.316,0,0
$CH,7.900,L1CD,17,590,43.1,4.202118295,165.816,975.433,0,0
$CH,7.900,L1CD,19,590,42.6,7.696297604,-724.945,-4276.473,0,0
$CH,7.900,L1CD,20,590,42.9,4.174489041,3770.788,22249.884,0,0
$CH,7.900,L1CD,24,590,43.4,3.975121295,88.650,530.874,0,0
$CH,7.900,L1CD,28,590,42.1,9.725074427,-2489.784,-14685.014,0,0
$TIME,2024,1,30,6,10,5.258374
$CH,8.000,L1CD,2,600,43.0,8.839953258,-1168.081,-7005.897,0,0
$CH,8.000,L1CD,5,600,44.4,7.350559028,2180.184,13091.168,0,0
$CH,8.000,L1CD,6,600,44.2,7.161119372,-1037.194,-6216.362,0,0
$CH,8.000,L1CD,12,600,43.8,0.451020497,3150.993,18909.826,0,0
$CH,8.000,L1CD,13,600,42.5,1.726686290,507.335,3038.053,0,0
$CH,8.000,L1CD,17,600,42.8,4.202107035,165.484,991.984,0,0
$CH,8.000,L1CD,19,600,42.5,7.696375331,-724.834,-4348.940,0,0
$CH,8.000,L1CD,20,600,42.9,4.174250729,3770.945,22626.957,0,0
$CH,8.000,L1CD,24,600,42.5,3.975127226,88.795,539.740,0,0
$CH,8.000,L1CD,28,600,42.0,9.725217619,-2490.212,-14934.004,0,0
$TIME,2024,1,30,6,10,5.288380
$CH,8.100,L1CD,2,610,43.0,8.840050475,-1168.062,-7122.707,0,0
$CH,8.100,L1CD,5,610,44.4,7.350402067,2180.270,13309.205,0,0
$CH,8.100,L1CD,6,610,44.2,7.161144861,-1036.892,-6320.040,0,0
$CH,8.100,L1CD,12,610,43.8,0.450817383,3151.075,19224.920,0,0
$CH,8.100,L1CD,13,610,42.5,1.726623088,506.876,3088.814,0,0
$CH,8.100,L1CD,17,610,42.8,4.202096007,165.675,1008.543,0,0
$CH,8.100,L1CD,19,610,42.5,7.696381807,-724.752,-4421.415,0,0
$CH,8.100,L1CD,20,610,42.9,4.174015389,3771.290,23004.041,0,0
$CH,8.100,L1CD,24,610,42.5,3.975126684,88.168,548.609,0,0
$CH,8.100,L1CD,28,610,42.0,9.725390522,-2490.432,-15182.979,0,0
$TIME,2024,1,30,6,10,5.318375
$CH,8.200,L1CD,2,620,43.0,8.840132843,-1168.056,-7239.518,0,0
$CH,8.200,L1CD,5,620,44.4,7.350286581,2180.591,13527.239,0,0
$CH,8.200,L1CD,6,620,44.2,7.161197139,-1037.081,-6423.722,0,0
$CH,8.200,L1CD,12,620,43.8,0.450610501,3151.123,19540.024,0,0
$CH,8.200,L1CD,13,620,42.5,1.726624029,507.691,3139.578,0,0
$CH,8.200,L1CD,17,620,42.8,4.202075751,165.520,1025.112,0,0
$CH,8.200,L1CD,19,620,42.5,7.696401240,-724.463,-4493.880,0,0
$CH,8.200,L1CD,20,620,42.9,4.173771502,3770.594,23381.137,0,0
$CH,8.200,L1CD,24,620,42.5,3.975128486,88.369,557.474,0,0
$CH,8.200,L1CD,28,620,42.0,9.725539809,-2489.954,-15431.967,0,0
$TIME,2024,1,30,6,10,5.358551
$CH,8.300,L1CD,2,630,43.0,8.840175805,-1168.061,-7356.348,0,0
$CH,8.300,L1CD,5,630,44.4,7.350123894,2180.179,13745.264,0,0
$CH,8.300,L1CD,6,630,44.2,7.161281503,-1037.186,-6527.422,0,0
$CH,8.300,L1CD,12,630,43.8,0.450409482,3150.553,19855.104,0,0
$CH,8.300,L1CD,13,630,42.5,1.726625364,507.303,3190.321,0,0
$CH,8.300,L1CD,17,630,42.8,4.202052656,165.230,1041.656,0,0
$CH,8.300,L1CD,19,630,42.5,7.696443247,-724.927,-4566.357,0,0
$CH,8.300,L1CD,20,630,42.9,4.173535187,3770.810,23758.215,0,0
$CH,8.300,L1CD,24,630,42.5,3.975126003,88.410,566.332,0,0
$CH,8.300,L1CD,28,630,42.0,9.725693182,-2490.571,-15680.977,0,0
$TIME,2024,1,30,6,10,5.388652
$CH,8.400,L1CD,2,640,43.0,8.840257905,-1168.325,-7473.163,0,0
$CH,8.400,L1CD,5,640,44.4,7.350007007,2179.538,13963.294,0,0
$CH,8.400,L1CD,6,640,44.2,7.161379372,-1037.070,-6631.118,0,0
$CH,8.400,L1CD,12,640,43.8,0.450220799,3150.705,20170.183,0,0
$CH,8.400,L1CD,13,640,42.5,1.726617742,507.701,3241.074,0,0
$CH,8.400,L1CD,17,640,42.8,4.202018932,165.861,1058.210,0,0
$CH,8.400,L1CD,19,640,42.5,7.696510046,-724.972,-4638.834,0,0
$CH,8.400,L1CD,20,640,42.9,4.173292901,3770.866,24135.294,0,0
$CH,8.400,L1CD,24,640,42.5,3.975123073,87.999,575.179,0,0
$CH,8.400,L1CD,28,640,42.0,9.725870416,-2490.065,-15929.968,0,0
$TIME,2024,1,30,6,10,5.418654
$CH,8.500,L1CD,2,650,43.0,8.840370234,-1168.489,-7589.977,0,0
$CH,8.500,L1CD,5,650,44.4,7.349851871,2180.093,14181.309,0,0
$CH,8.500,L1CD,6,650,44.2,7.161408808,-1036.715,-6734.818,0,0
$CH,8.500,L1CD,12,650,43.8,0.450020814,3150.743,20485.266,0,0
$CH,8.500,L1CD,13,650,42.5,1.726591268,507.882,3291.844,0,0
$CH,8.500,L1CD,17,650,42.8,4.201984476,165.964,1074.764,0,0
$CH,8.500,L1CD,19,650,42.5,7.696596234,-724.342,-4711.306,0,0
$CH,8.500,L1CD,20,650,42.9,4.173054072,3770.953,24512.367,0,0
$CH,8.500,L1CD,24,650,42.5,3.975122434,88.459,584.016,0,0
$CH,8.500,L1CD,28,650,42.0,9.726011726,-2490.002,-16178.971,0,0
$TIME,2024,1,30,6,10,5.448979
$CH,8.600,L1CD,2,660,43.0,8.840406543,-1168.563,-7706.810,0,0
$CH,8.600,L1CD,5,660,44.4,7.349725003,2179.943,14399.312,0,0
$CH,8.600,L1CD,6,660,44.2,7.161464434,-1037.153,-6838.517,0,0
$CH,8.600,L1CD,12,660,43.8,0.449816872,3150.556,20800.341,0,0
$CH,8.600,L1CD,13,660,42.5,1.726548832,508.289,3342.604,0,0
$CH,8.600,L1CD,17,660,42.8,4.201941837,165.195,1091.319,0,0
$CH,8.600,L1CD,19,660,42.5,7.696632247,-724.957,-4783.775,0,0
$CH,8.600,L1CD,20,660,42.9,4.172816968,3770.725,24889.441,0,0
$CH,8.600,L1CD,24,660,42.5,3.975122026,88.170,592.861,0,0
$CH,8.600,L1CD,28,660,42.0,9.726173268,-2490.317,-16427.982,0,0
$TIME,2024,1,30,6,10,5.478978
$CH,8.700,L1CD,2,670,43.0,8.840475090,-1168.295,-7823.639,0,0
$CH,8.700,L1CD,5,670,44.4,7.349586477,2180.149,14617.306,0,0
$CH,8.700,L1CD,6,670,44.2,7.161555886,-1037.404,-6942.234,0,0
$CH,8.700,L1CD,12,670,43.8,0.449607080,3150.838,21115.415,0,0
$CH,8.700,L1CD,13,670,42.5,1.726488855,507.721,3393.370,0,0
$CH,8.700,L1CD,17,670,42.8,4.201896144,166.013,1107.867,0,0
$CH,8.700,L1CD,19,670,42.5,7.696641466,-724.557,-4856.254,0,0
$CH,8.700,L1CD,20,670,42.9,4.172572024,3770.876,25266.511,0,0
$CH,8.700,L1CD,24,670,42.5,3.975122110,87.887,601.689,0,0
$CH,8.700,L1CD,28,670,42.0,9.726341604,-2490.377,-16676.991,0,0
$TIME,2024,1,30,6,10,5.508981
$CH,8.800,L1CD,2,680,43.0,8.840583248,-1168.058,-7940.472,0,0
$CH,8.800,L1CD,5,680,44.4,7.349444963,2179.796,14835.295,0,0
$CH,8.800,L1CD,6,680,44.2,7.161630915,-1036.838,-7045.954,0,0
$CH,8.800,L1CD,12,680,43.8,0.449405753,3150.853,21430.471,0,0
$CH,8.800,L1CD,13,680,42.5,1.726417437,507.726,3444.134,0,0
$CH,8.800,L1CD,17,680,42.8,4.201873854,165.607,1124.412,0,0
$CH,8.800,L1CD,19,680,42.5,7.696672376,-724.826,-4928.731,0,0
$CH,8.800,L1CD,20,680,42.9,4.172331868,3770.560,25643.578,0,0
$CH,8.800,L1CD,24,680,42.5,3.975122440,88.185,610.510,0,0
$CH,8.800,L1CD,28,680,42.0,9.726481472,-2490.219,-16926.017,0,0
$TIME,2024,1,30,6,10,5.539321
$CH,8.900,L1CD,2,690,43.0,8.840649139,-1168.217,-8057.306,0,0
$CH,8.900,L1CD,5,690,44.4,7.349312023,2180.384,15053.277,0,0
$CH,8.900,L1CD,6,690,44.2,7.161661103,-1037.417,-7149.668,0,0
$CH,8.900,L1CD,12,690,43.8,0.449216838,3150.747,21745.541,0,0
$CH,8.900,L1CD,13,690,42.5,1.726375232,508.114,3494.903,0,0
$CH,8.900,L1CD,17,690,42.8,4.201871263,165.488,1140.959,0,0
$CH,8.900,L1CD,19,690,42.5,7.696731396,-724.618,-5001.217,0,0
$CH,8.900,L1CD,20,690,42.9,4.172089628,3770.297,26020.648,0,0
$CH,8.900,L1CD,24,690,42.5,3.975123270,88.408,619.332,0,0
$CH,8.900,L1CD,28,690,42.0,9.726649175,-2489.663,-17175.041,0,0
$TIME,2024,1,30,6,10,5.569340
$CH,9.000,L1CD,2,700,42.7,8.840703050,-1168.545,-8174.142,0,0
$CH,9.000,L1CD,5,700,44.1,7.349156381,2179.789,15271.270,0,0
$CH,9.000,L1CD,6,700,43.8,7.161724080,-1037.359,-7253.384,0,0
$CH,9.000,L1CD,12,700,43.2,0.449024028,3150.320,22060.610,0,0
$CH,9.000,L1CD,13,700,42.2,1.726375011,507.719,3545.681,0,0
$CH,9.000,L1CD,17,700,43.3,4.201876875,165.293,1157.512,0,0
$CH,9.000,L1CD,19,700,42.6,7.696807925,-724.816,-5073.698,0,0
$CH,9.000,L1CD,20,700,42.8,4.171850516,3770.089,26397.713,0,0
$CH,9.000,L1CD,24,700,42.3,3.975122298,88.057,628.147,0,0
$CH,9.000,L1CD,28,700,42.3,9.726806383,-2490.103,-17424.057,0,0
$TIME,2024,1,30,6,10,5.599313
$CH,9.100,L1CD,2,710,42.7,8.840795766,-1168.229,-8290.974,0,0
$CH,9.100,L1CD,5,710,44.1,7.349041562,2179.534,15489.259,0,0
$CH,9.100,L1CD,6,710,43.8,7.161826051,-1037.063,-7357.097,0,0
$CH,9.100,L1CD,12,710,43.2,0.448822108,3150.935,22375.671,0,0
$CH,9.100,L1CD,13,710,42.2,1.726371846,507.969,3596.470,0,0
$CH,9.100,L1CD,17,710,43.3,4.201872339,165.991,1174.074,0,0
$CH,9.100,L1CD,19,710,42.6,7.696876244,-724.762,-5146.158,0,0
$CH,9.100,L1CD,20,710,42.8,4.171606744,3770.675,26774.787,0,0
$CH,9.100,L1CD,24,710,42.3,3.975122187,88.189,636.979,0,0
$CH,9.100,L1CD,28,710,42.3,9.726955696,-2489.555,-17673.077,0,0
$TIME,2024,1,30,6,10,5.629535
$CH,9.200,L1CD,2,720,42.7,8.840888102,-1167.937,-8407.808,0,0
$CH,9.200,L1CD,5,720,44.1,7.348879241,2179.595,15707.235,0,0
$CH,9.200,L1CD,6,720,43.8,7.161889876,-1037.117,-7460.826,0,0
$CH,9.200,L1CD,12,720,43.2,0.448612691,3150.080,22690.740,0,0
$CH,9.200,L1CD,13,720,42.2,1.726362088,507.400,3647.256,0,0
$CH,9.200,L1CD,17,720,43.3,4.201875911,165.235,1190.636,0,0
$CH,9.200,L1CD,19,720,42.6,7.696883053,-724.838,-5218.626,0,0
$CH,9.200,L1CD,20,720,42.8,4.171367101,3770.416,27151.854,0,0
$CH,9.200,L1CD,24,720,42.3,3.975126460,87.582,645.801,0,0
$CH,9.200,L1CD,28,720,42.3,9.727134922,-2490.518,-17922.092,0,0
$TIME,2024,1,30,6,10,5.669568
$CH,9.300,L1CD,2,730,42.7,8.840929536,-1168.196,-8524.658,0,0
$CH,9.300,L1CD,5,730,44.1,7.348766892,2179.587,15925.194,0,0
$CH,9.300,L1CD,6,730,43.8,7.161924761,-1037.224,-7564.558,0,0
$CH,9.300,L1CD,12,730,43.2,0.448412608,3150.595,23005.781,0,0
$CH,9.300,L1CD,13,730,42.2,1.726331104,508.221,3698.027,0,0
$CH,9.300,L1CD,17,730,43.3,4.201873899,165.253,1207.175,0,0
$CH,9.300,L1CD,19,730,42.6,7.696906418,-725.243,-5291.122,0,0
$CH,9.300,L1CD,20,730,42.8,4.171124243,3771.462,27528.896,0,0
$CH,9.300,L1CD,24,730,42.3,3.975124974,87.595,654.581,0,0
$CH,9.300,L1CD,28,730,42.3,9.727284032,-2490.480,-18171.144,0,0
$TIME,2024,1,30,6,10,5.699544
$CH,9.400,L1CD,2,740,42.7,8.841005567,-1168.663,-8641.503,0,0
$CH,9.400,L1CD,5,740,44.1,7.348611031,2179.735,16143.159,0,0
$CH,9.400,L1CD,6,740,43.8,7.161996684,-1037.386,-7668.294,0,0
$CH,9.400,L1CD,12,740,43.2,0.448223854,3150.523,23320.834,0,0
$CH,9.400,L1CD,13,740,42.2,1.726285173,507.809,3748.818,0,0
$CH,9.400,L1CD,17,740,43.3,4.201874554,165.778,1223.716,0,0
$CH,9.400,L1CD,19,740,42.6,7.696955594,-724.538,-5363.603,0,0
$CH,9.400,L1CD,20,740,42.8,4.170884154,3770.093,27905.969,0,0
$CH,9.400,L1CD,24,740,42.3,3.975122931,87.815,663.384,0,0
$CH,9.400,L1CD,28,740,42.3,9.727437424,-2490.782,-18420.176,0,0
$TIME,2024,1,30,6,10,5.729869
$CH,9.500,L1CD,2,750,42.7,8.841117904,-1169.093,-8758.345,0,0
$CH,9.500,L1CD,5,750,44.1,7.348487189,2179.298,16361.121,0,0
$CH,9.500,L1CD,6,750,43.8,7.162096193,-1037.361,-7772.029,0,0
$CH,9.500,L1CD,12,750,43.2,0.448025506,3150.672,23635.892,0,0
$CH,9.500,L1CD,13,750,42.2,1.726221991,508.440,3799.612,0,0
$CH,9.500,L1CD,17,750,43.3,4.201876039,165.679,1240.276,0,0
$CH,9.500,L1CD,19,750,42.6,7.697031280,-724.409,-5436.076,0,0
$CH,9.500,L1CD,20,750,42.8,4.170650013,3769.961,28283.029,0,0
$CH,9.500,L1CD,24,750,42.3,3.975123065,88.127,672.175,0,0
$CH,9.500,L1CD,28,750,42.3,9.727611981,-2490.609,-18669.217,0,0
$TIME,2024,1,30,6,10,5.759974
$CH,9.600,L1CD,2,760,42.7,8.841153810,-1168.272,-8875.184,0,0
$CH,9.600,L1CD,5,760,44.1,7.348343068,2179.481,16579.072,0,0
$CH,9.600,L1CD,6,760,43.8,7.162143451,-1037.239,-7875.760,0,0
$CH,9.600,L1CD,12,760,43.2,0.447821554,3150.237,23950.947,0,0
$CH,9.600,L1CD,13,760,42.2,1.726150458,507.912,3850.414,0,0
$CH,9.600,L1CD,17,760,43.3,4.201878778,165.501,1256.840,0,0
$CH,9.600,L1CD,19,760,42.6,7.697117719,-724.911,-5508.542,0,0
$CH,9.600,L1CD,20,760,42.8,4.170408402,3770.688,28660.091,0,0
$CH,9.600,L1CD,24,760,42.3,3.975122878,89.070,680.982,0,0
$CH,9.600,L1CD,28,760,42.3,9.727748373,-2489.740,-18918.246,0,0
$TIME,2024,1,30,6,10,5.789981
$CH,9.700,L1CD,2,770,42.7,8.841215740,-1168.388,-8992.016,0,0
$CH,9.700,L1CD,5,770,44.1,7.348201767,2179.553,16797.042,0,0
$CH,9.700,L1CD,6,770,43.8,7.162184243,-1036.980,-7979.485,0,0
$CH,9.700,L1CD,12,770,43.2,0.447610478,3150.852,24266.011,0,0
$CH,9.700,L1CD,13,770,42.2,1.726127138,507.705,3901.237,0,0
$CH,9.700,L1CD,17,770,43.3,4.201873988,165.570,1273.401,0,0
$CH,9.700,L1CD,19,770,42.6,7.697133280,-724.788,-5581.000,0,0
$CH,9.700,L1CD,20,770,42.8,4.170170437,3770.539,29037.167,0,0
$CH,9.700,L1CD,24,770,42.3,3.975125037,87.856,689.784,0,0
$CH,9.700,L1CD,28,770,42.3,9.727909557,-2490.119,-19167.276,0,0
$TIME,2024,1,30,6,10,5.829002
$CH,9.800,L1CD,2,780,42.7,8.841317409,-1168.334,-9108.853,0,0
$CH,9.800,L1CD,5,780,44.1,7.348070679,2179.223,17014.998,0,0
$CH,9.800,L1CD,6,780,43.8,7.162264607,-1037.334,-8083.218,0,0
$CH,9.800,L1CD,12,780,43.2,0.447410864,3149.872,24581.058,0,0
$CH,9.800,L1CD,13,780,42.2,1.726129270,508.303,3952.054,0,0
$CH,9.800,L1CD,17,780,43.3,4.201873729,165.168,1289.972,0,0
$CH,9.800,L1CD,19,780,42.6,7.697148213,-724.108,-5653.472,0,0
$CH,9.800,L1CD,20,780,42.8,4.169934073,3770.567,29414.238,0,0
$CH,9.800,L1CD,24,780,42.3,3.975126555,87.878,698.570,0,0
$CH,9.800,L1CD,28,780,42.3,9.728076170,-2490.900,-19416.314,0,0
$TIME,2024,1,30,6,10,5.860081
$CH,9.900,L1CD,2,790,42.7,8.841390362,-1168.898,-9225.709,0,0
$CH,9.900,L1CD,5,790,44.1,7.347918784,2179.056,17232.934,0,0
$CH,9.900,L1CD,6,790,43.8,7.162368485,-1037.531,-8186.966,0,0
$CH,9.900,L1CD,12,790,43.2,0.447223549,3150.239,24896.093,0,0
$CH,9.900,L1CD,13,790,42.2,1.726122286,507.971,4002.849,0,0
$CH,9.900,L1CD,17,790,43.3,4.201876271,166.130,1306.515,0,0
$CH,9.900,L1CD,19,790,42.6,7.697184208,-724.679,-5725.949,0,0
$CH,9.900,L1CD,20,790,42.8,4.169694808,3770.619,29791.287,0,0
$CH,9.900,L1CD,24,790,42.3,3.975126586,87.961,707.341,0,0
$CH,9.900,L1CD,28,790,42.3,9.728220203,-2490.378,-19665.368,0,0
$TIME,2024,1,30,6,10,5.890058
$CH,10.000,L1CD,2,800,43.1,8.841439949,-1168.684,-9342.563,0,0
$CH,10.000,L1CD,5,800,44.2,7.347799448,2179.208,17450.864,0,0
$CH,10.000,L1CD,6,800,44.3,7.162398633,-1037.452,-8290.718,0,0
$CH,10.000,L1CD,12,800,43.1,0.447027442,3150.396,25211.133,0,0
$CH,10.000,L1CD,13,800,42.9,1.726106622,508.313,4053.657,0,0
$CH,10.000,L1CD,17,800,42.9,4.201873235,166.046,1323.064,0,0
$CH,10.000,L1CD,19,800,42.0,7.697247377,-724.667,-5798.419,0,0
$CH,10.000,L1CD,20,800,42.8,4.169459196,3770.432,30168.345,0,0
$CH,10.000,L1CD,24,800,41.7,3.975124402,88.064,716.123,0,0
$CH,10.000,L1CD,28,800,42.8,9.728390961,-2490.943,-19914.424,0,0
$TIME,2024,1,30,6,10,5.920190
$CH,10.100,L1CD,2,810,43.1,8.841529449,-1168.440,-9459.405,0,0
$CH,10.100,L1CD,5,810,44.2,7.347637013,2179.222,17668.802,0,0
$CH,10.100,L1CD,6,810,44.3,7.162449408,-1037.477,-8394.461,0,0
$CH,10.100,L1CD,12,810,43.1,0.446824871,3150.680,25526.188,0,0
$CH,10.100,L1CD,13,810,42.9,1.726073765,508.550,4104.492,0,0
$CH,10.100,L1CD,17,810,42.9,4.201873423,164.619,1339.637,0,0
$CH,10.100,L1CD,19,810,42.0,7.697331659,-724.570,-5870.892,0,0
$CH,10.100,L1CD,20,810,42.8,4.169216104,3770.373,30545.409,0,0
$CH,10.100,L1CD,24,810,41.7,3.975125093,87.263,724.910,0,0
$CH,10.100,L1CD,28,810,42.8,9.728542749,-2490.693,-20163.467,0,0
$TIME,2024,1,30,6,10,5.960360
$CH,10.200,L1CD,2,820,43.1,8.841628332,-1168.877,-9576.263,0,0
$CH,10.200,L1CD,5,820,44.2,7.347525826,2179.638,17886.718,0,0
$CH,10.200,L1CD,6,820,44.3,7.162532659,-1037.157,-8498.223,0,0
$CH,10.200,L1CD,12,820,43.1,0.446614564,3149.730,25841.217,0,0
$CH,10.200,L1CD,13,820,42.9,1.726022968,508.215,4155.301,0,0
$CH,10.200,L1CD,17,820,42.9,4.201874341,165.299,1356.191,0,0
$CH,10.200,L1CD,19,820,42.0,7.697376960,-724.961,-5943.364,0,0
$CH,10.200,L1CD,20,820,42.8,4.168976384,3770.392,30922.451,0,0
$CH,10.200,L1CD,24,820,41.7,3.975123250,87.867,733.666,0,0
$CH,10.200,L1CD,28,820,42.8,9.728695916,-2491.005,-20412.533,0,0
$TIME,2024,1,30,6,10,5.990472
$CH,10.300,L1CD,2,830,43.1,8.841666170,-1168.176,-9693.112,0,0
$CH,10.300,L1CD,5,830,44.2,7.347365974,2178.973,18104.655,0,0
$CH,10.300,L1CD,6,830,44.3,7.162630414,-1037.009,-8601.972,0,0
$CH,10.300,L1CD,12,830,43.1,0.446411980,3150.771,26156.250,0,0
$CH,10.300,L1CD,13,830,42.9,1.725957774,508.409,4206.138,0,0
$CH,10.300,L1CD,17,830,42.9,4.201869704,166.171,1372.757,0,0
$CH,10.300,L1CD,19,830,42.0,7.697383886,-724.586,-6015.836,0,0
$CH,10.300,L1CD,20,830,42.8,4.168742746,3770.832,31299.511,0,0
$CH,10.300,L1CD,24,830,41.7,3.975121608,87.463,742.433,0,0
$CH,10.300,L1CD,28,830,42.8,9.728876330,-2490.842,-20661.586,0,0
$TIME,2024,1,30,6,10,6.020479
$CH,10.400,L1CD,2,840,43.1,8.841738423,-1168.304,-9809.961,0,0
$CH,10.400,L1CD,5,840,44.2,7.347244049,2179.252,18322.574,0,0
$CH,10.400,L1CD,6,840,44.3,7.162658322,-1037.990,-8705.713,0,0
$CH,10.400,L1CD,12,840,43.1,0.446222338,3150.235,26471.301,0,0
$CH,10.400,L1CD,13,840,42.9,1.725886922,508.618,4256.969,0,0
$CH,10.400,L1CD,17,840,42.9,4.201860248,165.660,1389.325,0,0
$CH,10.400,L1CD,19,840,42.0,7.697410812,-725.399,-6088.288,0,0
$CH,10.400,L1CD,20,840,42.8,4.168502130,3770.471,31676.578,0,0
$CH,10.400,L1CD,24,840,41.7,3.975113779,87.746,751.212,0,0
$CH,10.400,L1CD,28,840,42.8,9.729019735,-2490.650,-20910.643,0,0
$TIME,2024,1,30,6,10,6.050832
$CH,10.500,L1CD,2,850,43.1,8.841846678,-1169.198,-9926.828,0,0
$CH,10.500,L1CD,5,850,44.2,7.347097809,2179.188,18540.479,0,0
$CH,10.500,L1CD,6,850,44.3,7.162713686,-1037.508,-8809.488,0,0
$CH,10.500,L1CD,12,850,43.1,0.446025724,3149.931,26786.320,0,0
$CH,10.500,L1CD,13,850,42.9,1.725877375,507.805,4307.797,0,0
$CH,10.500,L1CD,17,850,42.9,4.201845773,165.607,1405.870,0,0
$CH,10.500,L1CD,19,850,42.0,7.697461648,-725.142,-6160.773,0,0
$CH,10.500,L1CD,20,850,42.8,4.168262250,3770.366,32053.617,0,0
$CH,10.500,L1CD,24,850,41.7,3.975106990,87.655,759.949,0,0
$CH,10.500,L1CD,28,850,42.8,9.729178947,-2491.036,-21159.712,0,0
$TIME,2024,1,30,6,10,6.090714
$CH,10.600,L1CD,2,860,43.1,8.841895050,-1168.713,-10043.704,0,0
$CH,10.600,L1CD,5,860,44.2,7.346963453,2179.068,18758.379,0,0
$CH,10.600,L1CD,6,860,44.3,7.162804459,-1037.738,-8913.267,0,0
$CH,10.600,L1CD,12,860,43.1,0.445824161,3150.161,27101.329,0,0
$CH,10.600,L1CD,13,860,42.9,1.725876888,507.998,4358.619,0,0
$CH,10.600,L1CD,17,860,42.9,4.201826422,165.828,1422.416,0,0
$CH,10.600,L1CD,19,860,42.0,7.697535741,-724.443,-6233.257,0,0
$CH,10.600,L1CD,20,860,42.8,4.168023018,3770.318,32430.662,0,0
$CH,10.600,L1CD,24,860,41.7,3.975096316,87.079,768.694,0,0
$CH,10.600,L1CD,28,860,42.8,9.729350251,-2490.419,-21408.796,0,0
$TIME,2024,1,30,6,10,6.120851
$CH,10.700,L1CD,2,870,43.1,8.841955268,-1168.460,-10160.555,0,0
$CH,10.700,L1CD,5,870,44.2,7.346824638,2179.128,18976.282,0,0
$CH,10.700,L1CD,6,870,44.3,7.162880488,-1037.462,-9017.029,0,0
$CH,10.700,L1CD,12,870,43.1,0.445610193,3150.404,27416.364,0,0
$CH,10.700,L1CD,13,870,42.9,1.725870138,508.988,4409.463,0,0
$CH,10.700,L1CD,17,870,42.9,4.201800544,165.581,1438.983,0,0
$CH,10.700,L1CD,19,870,42.0,7.697620988,-724.885,-6305.717,0,0
$CH,10.700,L1CD,20,870,42.8,4.167784090,3770.313,32807.715,0,0
$CH,10.700,L1CD,24,870,41.7,3.975087906,87.536,777.444,0,0
$CH,10.700,L1CD,28,870,42.8,9.729489937,-2490.910,-21657.862,0,0
$TIME,2024,1,30,6,10,6.151176
$CH,10.800,L1CD,2,880,43.1,8.842053295,-1168.786,-10277.424,0,0
$CH,10.800,L1CD,5,880,44.2,7.346676011,2178.753,19194.180,0,0
$CH,10.800,L1CD,6,880,44.3,7.162912723,-1037.988,-9120.804,0,0
$CH,10.800,L1CD,12,880,43.1,0.445411949,3149.625,27731.378,0,0
$CH,10.800,L1CD,13,880,42.9,1.725850315,508.789,4460.308,0,0
$CH,10.800,L1CD,17,880,42.9,4.201766343,165.085,1455.541,0,0
$CH,10.800,L1CD,19,880,42.0,7.697628162,-724.755,-6378.197,0,0
$CH,10.800,L1CD,20,880,42.8,4.167540816,3770.442,33184.755,0,0
$CH,10.800,L1CD,24,880,41.7,3.975071013,87.200,786.184,0,0
$CH,10.800,L1CD,28,880,42.8,9.729658174,-2491.011,-21906.939,0,0
$TIME,2024,1,30,6,10,6.181175
$CH,10.900,L1CD,2,890,43.1,8.842134161,-1168.354,-10394.287,0,0
$CH,10.900,L1CD,5,890,44.2,7.346546727,2178.563,19412.071,0,0
$CH,10.900,L1CD,6,890,44.3,7.162976317,-1037.825,-9224.576,0,0
$CH,10.900,L1CD,12,890,43.1,0.445221853,3150.154,28046.402,0,0
$CH,10.900,L1CD,13,890,42.9,1.725814537,508.161,4511.156,0,0
$CH,10.900,L1CD,17,890,42.9,4.201731093,166.133,1472.099,0,0
$CH,10.900,L1CD,19,890,42.0,7.697643362,-724.537,-6450.660,0,0
$CH,10.900,L1CD,20,890,42.8,4.167304168,3770.162,33561.810,0,0
$CH,10.900,L1CD,24,890,41.7,3.975053473,87.628,794.917,0,0
$CH,10.900,L1CD,28,890,42.8,9.729819591,-2491.277,-22156.016,0,0
$TIME,2024,1,30,6,10,6.211184
$CH,11.000,L1CD,2,900,43.5,8.842179330,-1168.929,-10511.157,0,0
$CH,11.000,L1CD,5,900,44.2,7.346388066,2178.260,19629.955,0,0
$CH,11.000,L1CD,6,900,44.1,7.163076033,-1038.031,-9328.355,0,0
$CH,11.000,L1CD,12,900,43.2,0.445023183,3150.057,28361.420,0,0
$CH,11.000,L1CD,13,900,42.4,1.725758099,508.077,4562.005,0,0
$CH,11.000,L1CD,17,900,43.1,4.201687830,165.481,1488.662,0,0
$CH,11.000,L1CD,19,900,42.0,7.697680449,-724.390,-6523.140,0,0
$CH,11.000,L1CD,20,900,42.8,4.167061195,3770.378,33938.853,0,0
$CH,11.000,L1CD,24,900,42.3,3.975031296,87.019,803.649,0,0
$CH,11.000,L1CD,28,900,43.0,9.729968442,-2491.102,-22405.098,0,0
$TIME,2024,1,30,6,10,6.241519
$CH,11.100,L1CD,2,910,43.5,8.842263359,-1168.683,-10628.024,0,0
$CH,11.100,L1CD,5,910,44.2,7.346278599,2178.926,19847.831,0,0
$CH,11.100,L1CD,6,910,44.1,7.163141008,-1038.305,-9432.135,0,0
$CH,11.100,L1CD,12,910,43.2,0.444822354,3150.481,28676.425,0,0
$CH,11.100,L1CD,13,910,42.4,1.725690785,508.810,4612.855,0,0
$CH,11.100,L1CD,17,910,43.1,4.201638524,165.535,1505.223,0,0
$CH,11.100,L1CD,19,910,42.0,7.697749720,-724.586,-6595.606,0,0
$CH,11.100,L1CD,20,910,42.8,4.166819771,3770.570,34315.891,0,0
$CH,11.100,L1CD,24,910,42.3,3.975006443,86.793,812.388,0,0
$CH,11.100,L1CD,28,910,43.0,9.730139991,-2490.432,-22654.185,0,0
$TIME,2024,1,30,6,10,6.271507
$CH,11.200,L1CD,2,920,43.5,8.842375725,-1168.609,-10744.894,0,0
$CH,11.200,L1CD,5,920,44.2,7.346117844,2178.232,20065.716,0,0
$CH,11.200,L1CD,6,920,44.1,7.163175494,-1037.715,-9535.918,0,0
$CH,11.200,L1CD,12,920,43.2,0.444611441,3150.264,28991.440,0,0
$CH,11.200,L1CD,13,920,42.4,1.725625705,508.309,4663.722,0,0
$CH,11.200,L1CD,17,920,43.1,4.201621550,165.631,1521.782,0,0
$CH,11.200,L1CD,19,920,42.0,7.697837020,-724.829,-6668.077,0,0
$CH,11.200,L1CD,20,920,42.8,4.166582878,3770.367,34692.944,0,0
$CH,11.200,L1CD,24,920,42.3,3.974978873,87.177,821.108,0,0
$CH,11.200,L1CD,28,920,43.0,9.730288023,-2490.929,-22903.275,0,0
$TIME,2024,1,30,6,10,6.301510
$CH,11.300,L1CD,2,930,43.5,8.842413757,-1168.897,-10861.765,0,0
$CH,11.300,L1CD,5,930,44.2,7.345996281,2178.805,20283.576,0,0
$CH,11.300,L1CD,6,930,44.1,7.163245107,-1038.256,-9639.704,0,0
$CH,11.300,L1CD,12,930,43.2,0.444412711,3149.980,29306.451,0,0
$CH,11.300,L1CD,13,930,42.4,1.725628241,508.078,4714.576,0,0
$CH,11.300,L1CD,17,930,43.1,4.201624618,165.076,1538.342,0,0
$CH,11.300,L1CD,19,930,42.0,7.697874499,-724.500,-6740.550,0,0
$CH,11.300,L1CD,20,930,42.8,4.166341369,3770.431,35069.979,0,0
$CH,11.300,L1CD,24,930,42.3,3.974947136,86.961,829.820,0,0
$CH,11.300,L1CD,28,930,43.0,9.730439553,-2491.004,-23152.369,0,0
$TIME,2024,1,30,6,10,6.331729
$CH,11.400,L1CD,2,940,43.5,8.842484538,-1168.348,-10978.657,0,0
$CH,11.400,L1CD,5,940,44.2,7.345845448,2178.569,20501.434,0,0
$CH,11.400,L1CD,6,940,44.1,7.163345399,-1038.248,-9743.511,0,0
$CH,11.400,L1CD,12,940,43.2,0.444221257,3150.121,29621.438,0,0
$CH,11.400,L1CD,13,940,42.4,1.725627375,508.444,4765.430,0,0
$CH,11.400,L1CD,17,940,43.1,4.201625787,165.314,1554.891,0,0
$CH,11.400,L1CD,19,940,42.0,7.697883588,-725.433,-6813.027,0,0
$CH,11.400,L1CD,20,940,42.8,4.166103974,3770.448,35447.009,0,0
$CH,11.400,L1CD,24,940,42.3,3.974912844,87.293,838.523,0,0
$CH,11.400,L1CD,28,940,43.0,9.730617010,-2490.460,-23401.475,0,0
$TIME,2024,1,30,6,10,6.361838
$CH,11.500,L1CD,2,950,43.5,8.842589659,-1168.587,-11095.547,0,0
$CH,11.500,L1CD,5,950,44.2,7.345714732,2178.607,20719.277,0,0
$CH,11.500,L1CD,6,950,44.1,7.163395178,-1037.818,-9847.316,0,0
$CH,11.500,L1CD,12,950,43.2,0.444024223,3150.300,29936.427,0,0
$CH,11.500,L1CD,13,950,42.4,1.725614484,508.482,4816.288,0,0
$CH,11.500,L1CD,17,950,43.1,4.201626179,165.215,1571.432,0,0
$CH,11.500,L1CD,19,950,42.0,7.697914856,-724.878,-6885.515,0,0
$CH,11.500,L1CD,20,950,42.8,4.165863475,3769.944,35824.037,0,0
$CH,11.500,L1CD,24,950,42.3,3.974875569,87.273,847.221,0,0
$CH,11.500,L1CD,28,950,43.0,9.730754293,-2491.134,-23650.587,0,0
$TIME,2024,1,30,6,10,6.401739
$CH,11.600,L1CD,2,960,43.5,8.842647098,-1168.329,-11212.416,0,0
$CH,11.600,L1CD,5,960,44.2,7.345577942,2178.087,20937.141,0,0
$CH,11.600,L1CD,6,960,44.1,7.163441019,-1037.610,-9951.106,0,0
$CH,11.600,L1CD,12,960,43.2,0.443822719,3150.171,30251.437,0,0
$CH,11.600,L1CD,13,960,42.4,1.725591128,508.453,4867.157,0,0
$CH,11.600,L1CD,17,960,43.1,4.201628069,165.591,1588.001,0,0
$CH,11.600,L1CD,19,960,42.0,7.697969326,-724.440,-6957.981,0,0
$CH,11.600,L1CD,20,960,42.8,4.165625048,3770.801,36201.075,0,0
$CH,11.600,L1CD,24,960,42.3,3.974872086,87.056,855.934,0,0
$CH,11.600,L1CD,28,960,43.0,9.730918397,-2491.000,-23899.683,0,0
$TIME,2024,1,30,6,10,6.432058
$CH,11.700,L1CD,2,970,43.5,8.842700138,-1168.661,-11329.288,0,0
$CH,11.700,L1CD,5,970,44.2,7.345430329,2178.528,21154.999,0,0
$CH,11.700,L1CD,6,970,44.1,7.163523295,-1037.937,-10054.892,0,0
$CH,11.700,L1CD,12,970,43.2,0.443612210,3150.621,30566.446,0,0
$CH,11.700,L1CD,13,970,42.4,1.725546791,508.720,4918.050,0,0
$CH,11.700,L1CD,17,970,43.1,4.201627805,165.611,1604.572,0,0
$CH,11.700,L1CD,19,970,42.0,7.698045403,-724.704,-7030.437,0,0
$CH,11.700,L1CD,20,970,42.8,4.165384988,3770.794,36578.125,0,0
$CH,11.700,L1CD,24,970,42.3,3.974874487,86.701,864.644,0,0
$CH,11.700,L1CD,28,970,43.0,9.731083374,-2490.948,-24148.771,0,0
$TIME,2024,1,30,6,10,6.462079
$CH,11.800,L1CD,2,980,43.5,8.842793899,-1168.873,-11446.159,0,0
$CH,11.800,L1CD,5,980,44.2,7.345303573,2178.639,21372.848,0,0
$CH,11.800,L1CD,6,980,44.1,7.163621812,-1037.687,-10158.692,0,0
$CH,11.800,L1CD,12,980,43.2,0.443411506,3149.657,30881.454,0,0
$CH,11.800,L1CD,13,980,42.4,1.725487126,508.946,4968.930,0,0
$CH,11.800,L1CD,17,980,43.1,4.201628503,165.929,1621.139,0,0
$CH,11.800,L1CD,19,980,42.0,7.698125553,-724.815,-7102.902,0,0
$CH,11.800,L1CD,20,980,42.8,4.165144634,3770.455,36955.163,0,0
$CH,11.800,L1CD,24,980,42.3,3.974876158,86.537,873.352,0,0
$CH,11.800,L1CD,28,980,43.0,9.731226223,-2490.792,-24397.874,0,0
$TIME,2024,1,30,6,10,6.492173
$CH,11.900,L1CD,2,990,43.5,8.842885280,-1168.666,-11563.040,0,0
$CH,11.900,L1CD,5,990,44.2,7.345145821,2177.863,21590.695,0,0
$CH,11.900,L1CD,6,990,44.1,7.163649686,-1037.966,-10262.492,0,0
$CH,11.900,L1CD,12,990,43.2,0.443223840,3149.968,31196.447,0,0
$CH,11.900,L1CD,13,990,42.4,1.725415972,509.304,5019.816,0,0
$CH,11.900,L1CD,17,990,43.1,4.201624885,165.706,1637.707,0,0
$CH,11.900,L1CD,19,990,42.0,7.698131709,-724.118,-7175.373,0,0
$CH,11.900,L1CD,20,990,42.8,4.164907604,3769.955,37332.208,0,0
$CH,11.900,L1CD,24,990,42.3,3.974873407,87.056,882.041,0,0
$CH,11.900,L1CD,28,990,43.0,9.731397025,-2491.396,-24646.978,0,0
$LOG,12.000,L1CD,3,SIGNAL NOT FOUND (31.7)
$TIME,2024,1,30,6,10,7.183423
$CH,12.000,L1CD,2,1000,43.3,8.842927674,-1168.550,-11679.917,0,0
$CH,12.000,L1CD,5,1000,44.2,7.345028004,2178.372,21808.536,0,0
$CH,12.000,L1CD,6,1000,44.2,7.163698953,-1037.879,-10366.289,0,0
$CH,12.000,L1CD,12,1000,43.2,0.443024676,3150.274,31511.446,0,0
$CH,12.000,L1CD,13,1000,41.9,1.725372963,509.079,5070.709,0,0
$CH,12.000,L1CD,17,1000,42.3,4.201628915,165.578,1654.273,0,0
$CH,12.000,L1CD,19,1000,41.6,7.698150915,-724.634,-7247.827,0,0
$CH,12.000,L1CD,20,1000,42.8,4.164668154,3770.794,37709.244,0,0
$CH,12.000,L1CD,24,1000,42.0,3.974876952,86.860,890.740,0,0
$CH,12.000,L1CD,28,1000,42.8,9.731554548,-2490.829,-24896.088,0,0
$TIME,2024,1,30,6,10,7.213514
$CH,12.100,L1CD,2,1010,43.3,8.843004518,-1169.390,-11796.789,0,0
$CH,12.100,L1CD,5,1010,44.2,7.344869333,2178.160,22026.366,0,0
$CH,12.100,L1CD,6,1010,44.2,7.163784486,-1038.030,-10470.098,0,0
$CH,12.100,L1CD,12,1010,43.2,0.442820421,3149.479,31826.441,0,0
$CH,12.100,L1CD,13,1010,41.9,1.725373210,508.469,5121.609,0,0
$CH,12.100,L1CD,17,1010,42.3,4.201624811,165.604,1670.851,0,0
$CH,12.100,L1CD,19,1010,41.6,7.698199872,-724.535,-7320.300,0,0
$CH,12.100,L1CD,20,1010,42.8,4.164432521,3770.287,38086.283,0,0
$CH,12.100,L1CD,24,1010,42.0,3.974871744,87.054,899.427,0,0
$CH,12.100,L1CD,28,1010,42.8,9.731701390,-2491.826,-25145.195,0,0
$TIME,2024,1,30,6,10,7.243853
$CH,12.200,L1CD,2,1020,43.3,8.843116701,-1169.315,-11913.697,0,0
$CH,12.200,L1CD,5,1020,44.2,7.344751215,2178.095,22244.178,0,0
$CH,12.200,L1CD,6,1020,44.2,7.163875956,-1038.052,-10573.928,0,0
$CH,12.200,L1CD,12,1020,43.2,0.442611997,3150.004,32141.411,0,0
$CH,12.200,L1CD,13,1020,41.9,1.725377277,508.869,5172.487,0,0
$CH,12.200,L1CD,17,1020,42.3,4.201626210,165.609,1687.394,0,0
$CH,12.200,L1CD,19,1020,41.6,7.698269272,-724.942,-7392.775,0,0
$CH,12.200,L1CD,20,1020,42.8,4.164189670,3770.343,38463.296,0,0
$CH,12.200,L1CD,24,1020,42.0,3.974876684,87.207,908.102,0,0
$CH,12.200,L1CD,28,1020,42.8,9.731877378,-2491.458,-25394.332,0,0
$TIME,2024,1,30,6,10,7.273849
$CH,12.300,L1CD,2,1030,43.3,8.843160030,-1169.152,-12030.581,0,0
$CH,12.300,L1CD,5,1030,44.2,7.344602587,2178.431,22462.002,0,0
$CH,12.300,L1CD,6,1030,44.2,7.163904704,-1037.933,-10677.734,0,0
$CH,12.300,L1CD,12,1030,43.2,0.442411633,3149.574,32456.403,0,0
$CH,12.300,L1CD,13,1030,41.9,1.725364092,509.024,5223.388,0,0
$CH,12.300,L1CD,17,1030,42.3,4.201626187,165.540,1703.964,0,0
$CH,12.300,L1CD,19,1030,41.6,7.698353647,-724.478,-7465.239,0,0
$CH,12.300,L1CD,20,1030,42.8,4.163952311,3770.580,38840.329,0,0
$CH,12.300,L1CD,24,1030,42.0,3.974872171,87.116,916.777,0,0
$CH,12.300,L1CD,28,1030,42.8,9.732021238,-2491.154,-25643.451,0,0
$TIME,2024,1,30,6,10,7.303850
$CH,12.400,L1CD,2,1040,43.3,8.843225537,-1168.561,-12147.466,0,0
$CH,12.400,L1CD,5,1040,44.2,7.344476103,2177.944,22679.829,0,0
$CH,12.400,L1CD,6,1040,44.2,7.163963651,-1038.032,-10781.557,0,0
$CH,12.400,L1CD,12,1040,43.2,0.442222562,3149.882,32771.387,0,0
$CH,12.400,L1CD,13,1040,41.9,1.725334973,508.950,5274.302,0,0
$CH,12.400,L1CD,17,1040,42.3,4.201626830,165.407,1720.532,0,0
$CH,12.400,L1CD,19,1040,41.6,7.698378834,-724.698,-7537.705,0,0
$CH,12.400,L1CD,20,1040,42.8,4.163721136,3770.529,39217.366,0,0
$CH,12.400,L1CD,24,1040,42.0,3.974877109,86.035,925.455,0,0
$CH,12.400,L1CD,28,1040,42.8,9.732178068,-2491.528,-25892.566,0,0
$TIME,2024,1,30,6,10,7.344071
$CH,12.500,L1CD,2,1050,43.3,8.843326780,-1169.602,-12264.361,0,0
$CH,12.500,L1CD,5,1050,44.2,7.344331123,2177.593,22897.628,0,0
$CH,12.500,L1CD,6,1050,44.2,7.164058431,-1037.718,-10885.386,0,0
$CH,12.500,L1CD,12,1050,43.2,0.442024464,3149.769,33086.359,0,0
$CH,12.500,L1CD,13,1050,41.9,1.725288990,508.731,5325.197,0,0
$CH,12.500,L1CD,17,1050,42.3,4.201622986,166.037,1737.086,0,0
$CH,12.500,L1CD,19,1050,41.6,7.698389121,-724.778,-7610.180,0,0
$CH,12.500,L1CD,20,1050,42.8,4.163484692,3770.548,39594.387,0,0
$CH,12.500,L1CD,24,1050,42.0,3.974877778,86.416,934.109,0,0
$CH,12.500,L1CD,28,1050,42.8,9.732350658,-2491.376,-26141.699,0,0
$TIME,2024,1,30,6,10,7.374178
$CH,12.600,L1CD,2,1060,43.3,8.843393277,-1169.256,-12381.264,0,0
$CH,12.600,L1CD,5,1060,44.2,7.344187004,2177.845,23115.424,0,0
$CH,12.600,L1CD,6,1060,44.2,7.164133902,-1037.985,-10989.222,0,0
$CH,12.600,L1CD,12,1060,43.2,0.441819607,3149.652,33401.326,0,0
$CH,12.600,L1CD,13,1060,41.9,1.725226149,509.032,5376.098,0,0
$CH,12.600,L1CD,17,1060,42.3,4.201623239,165.484,1753.649,0,0
$CH,12.600,L1CD,19,1060,41.6,7.698422730,-724.627,-7682.652,0,0
$CH,12.600,L1CD,20,1060,42.8,4.163242571,3770.160,39971.404,0,0
$CH,12.600,L1CD,24,1060,42.0,3.974877819,86.512,942.771,0,0
$CH,12.600,L1CD,28,1060,42.8,9.732490933,-2491.891,-26390.844,0,0
$TIME,2024,1,30,6,10,7.404182
$CH,12.700,L1CD,2,1070,43.3,8.843445327,-1168.855,-12498.154,0,0
$CH,12.700,L1CD,5,1070,44.2,7.344058872,2177.327,23333.229,0,0
$CH,12.700,L1CD,6,1070,44.2,7.164166287,-1038.389,-11093.039,0,0
$CH,12.700,L1CD,12,1070,43.2,0.441609628,3150.185,33716.311,0,0
$CH,12.700,L1CD,13,1070,41.9,1.725153977,508.473,5427.018,0,0
$CH,12.700,L1CD,17,1070,42.3,4.201616584,165.497,1770.219,0,0
$CH,12.700,L1CD,19,1070,41.6,7.698480132,-724.546,-7755.109,0,0
$CH,12.700,L1CD,20,1070,42.8,4.163003789,3770.349,40348.442,0,0
$CH,12.700,L1CD,24,1070,42.0,3.974873014,86.275,951.441,0,0
$CH,12.700,L1CD,28,1070,42.8,9.732659596,-2491.145,-26639.971,0,0
$TIME,2024,1,30,6,10,7.434389
$CH,12.800,L1CD,2,1080,43.3,8.843531886,-1168.847,-12615.054,0,0
$CH,12.800,L1CD,5,1080,44.2,7.343903540,2177.968,23551.023,0,0
$CH,12.800,L1CD,6,1080,44.2,7.164231654,-1037.898,-11196.870,0,0
$CH,12.800,L1CD,12,1080,43.2,0.441406036,3150.053,34031.281,0,0
$CH,12.800,L1CD,13,1080,41.9,1.725129271,509.157,5477.930,0,0
$CH,12.800,L1CD,17,1080,42.3,4.201604872,165.708,1786.789,0,0
$CH,12.800,L1CD,19,1080,41.6,7.698560089,-724.355,-7827.585,0,0
$CH,12.800,L1CD,20,1080,42.8,4.162764551,3770.038,40725.464,0,0
$CH,12.800,L1CD,24,1080,42.0,3.974876838,86.550,960.082,0,0
$CH,12.800,L1CD,28,1080,42.8,9.732821542,-2491.387,-26889.111,0,0
$TIME,2024,1,30,6,10,7.474404
$CH,12.900,L1CD,2,1090,43.3,8.843630429,-1169.426,-12731.953,0,0
$CH,12.900,L1CD,5,1090,44.2,7.343790085,2177.940,23768.814,0,0
$CH,12.900,L1CD,6,1090,44.2,7.164330031,-1037.964,-11300.708,0,0
$CH,12.900,L1CD,12,1090,43.2,0.441216160,3149.774,34346.251,0,0
$CH,12.900,L1CD,13,1090,41.9,1.725126412,509.056,5528.851,0,0
$CH,12.900,L1CD,17,1090,42.3,4.201589038,165.813,1803.349,0,0
$CH,12.900,L1CD,19,1090,41.6,7.698628559,-725.328,-7900.047,0,0
$CH,12.900,L1CD,20,1090,42.8,4.162522570,3770.448,41102.486,0,0
$CH,12.900,L1CD,24,1090,42.0,3.974872419,86.693,968.726,0,0
$CH,12.900,L1CD,28,1090,42.8,9.732964923,-2491.066,-27138.250,0,0
$TIME,2024,1,30,6,10,7.504513
$CH,13.000,L1CD,2,1100,43.2,8.843669563,-1168.646,-12848.842,0,0
$CH,13.000,L1CD,5,1100,44.8,7.343626732,2178.227,23986.604,0,0
$CH,13.000,L1CD,6,1100,43.8,7.164389674,-1038.448,-11404.531,0,0
$CH,13.000,L1CD,12,1100,43.3,0.441026527,3150.131,34661.231,0,0
$CH,13.000,L1CD,13,1100,41.7,1.725126357,509.092,5579.797,0,0
$CH,13.000,L1CD,17,1100,42.6,4.201567867,165.491,1819.923,0,0
$CH,13.000,L1CD,19,1100,42.0,7.698636963,-724.329,-7972.504,0,0
$CH,13.000,L1CD,20,1100,43.2,4.162283750,3770.671,41479.522,0,0
$CH,13.000,L1CD,24,1100,41.7,3.974872599,86.329,977.391,0,0
$CH,13.000,L1CD,28,1100,42.4,9.733134074,-2491.214,-27387.380,0,0
$TIME,2024,1,30,6,10,7.534712
$CH,13.100,L1CD,2,1110,43.2,8.843742407,-1169.079,-12965.731,0,0
$CH,13.100,L1CD,5,1110,44.8,7.343511632,2177.960,24204.401,0,0
$CH,13.100,L1CD,6,1110,43.8,7.164426488,-1038.483,-11508.355,0,0
$CH,13.100,L1CD,12,1110,43.3,0.440826303,3149.738,34976.210,0,0
$CH,13.100,L1CD,13,1110,41.7,1.725112003,509.232,5630.729,0,0
$CH,13.100,L1CD,17,1110,42.6,4.201538964,165.962,1836.501,0,0
$CH,13.100,L1CD,19,1110,42.0,7.698660748,-724.788,-8044.958,0,0
$CH,13.100,L1CD,20,1110,43.2,4.162042303,3770.252,41856.556,0,0
$CH,13.100,L1CD,24,1110,41.7,3.974878490,86.598,986.043,0,0
$CH,13.100,L1CD,28,1110,42.4,9.733286445,-2491.126,-27636.519,0,0
$TIME,2024,1,30,6,10,7.564824
$CH,13.200,L1CD,2,1120,43.2,8.843852491,-1169.104,-13082.632,0,0
$CH,13.200,L1CD,5,1120,44.8,7.343356219,2177.595,24422.185,0,0
$CH,13.200,L1CD,6,1120,43.8,7.164497659,-1038.559,-11612.194,0,0
$CH,13.200,L1CD,12,1120,43.3,0.440613494,3149.660,35291.168,0,0
$CH,13.200,L1CD,13,1120,41.7,1.725077253,509.513,5681.657,0,0
$CH,13.200,L1CD,17,1120,42.6,4.201507031,166.011,1853.079,0,0
$CH,13.200,L1CD,19,1120,42.0,7.698704522,-724.575,-8117.417,0,0
$CH,13.200,L1CD,20,1120,43.2,4.161804128,3769.770,42233.589,0,0
$CH,13.200,L1CD,24,1120,41.7,3.974877332,86.359,994.680,0,0
$CH,13.200,L1CD,28,1120,42.4,9.733441264,-2491.252,-27885.663,0,0
$TIME,2024,1,30,6,10,7.594821
$CH,13.300,L1CD,2,1130,43.2,8.843903744,-1169.106,-13199.530,0,0
$CH,13.300,L1CD,5,1130,44.8,7.343229257,2177.686,24639.957,0,0
$CH,13.300,L1CD,6,1130,43.8,7.164601824,-1038.096,-11716.043,0,0
$CH,13.300,L1CD,12,1130,43.3,0.440414580,3149.881,35606.136,0,0
$CH,13.300,L1CD,13,1130,41.7,1.725028781,509.459,5732.597,0,0
$CH,13.300,L1CD,17,1130,42.6,4.201463570,165.724,1869.646,0,0
$CH,13.300,L1CD,19,1130,42.0,7.698774082,-724.475,-8189.884,0,0
$CH,13.300,L1CD,20,1130,43.2,4.161566458,3769.832,42610.604,0,0
$CH,13.300,L1CD,24,1130,41.7,3.974876752,86.541,1003.321,0,0
$CH,13.300,L1CD,28,1130,42.4,9.733619422,-2491.603,-28134.806,0,0
$TIME,2024,1,30,6,10,7.634856
$CH,13.400,L1CD,2,1140,43.2,8.843969669,-1168.770,-13316.436,0,0
$CH,13.400,L1CD,5,1140,44.8,7.343085396,2177.396,24857.723,0,0
$CH,13.400,L1CD,6,1140,43.8,7.164642695,-1038.688,-11819.885,0,0
$CH,13.400,L1CD,12,1140,43.3,0.440225764,3149.409,35921.100,0,0
$CH,13.400,L1CD,13,1140,41.7,1.724963990,509.924,5783.536,0,0
$CH,13.400,L1CD,17,1140,42.6,4.201420383,165.684,1886.221,0,0
$CH,13.400,L1CD,19,1140,42.0,7.698858435,-724.822,-8262.342,0,0
$CH,13.400,L1CD,20,1140,43.2,4.161327087,3770.701,42987.617,0,0
$CH,13.400,L1CD,24,1140,41.7,3.974876475,85.964,1011.959,0,0
$CH,13.400,L1CD,28,1140,42.4,9.733758731,-2491.696,-28383.963,0,0
$TIME,2024,1,30,6,10,7.664966
$CH,13.500,L1CD,2,1150,43.2,8.844071111,-1168.987,-13433.349,0,0
$CH,13.500,L1CD,5,1150,44.8,7.342945535,2177.433,25075.474,0,0
$CH,13.500,L1CD,6,1150,43.8,7.164688198,-1038.695,-11923.747,0,0
$CH,13.500,L1CD,12,1150,43.3,0.440028721,3149.668,36236.049,0,0
$CH,13.500,L1CD,13,1150,41.7,1.724891366,509.239,5834.475,0,0
$CH,13.500,L1CD,17,1150,42.6,4.201373085,165.578,1902.784,0,0
$CH,13.500,L1CD,19,1150,42.0,7.698881286,-724.610,-8334.814,0,0
$CH,13.500,L1CD,20,1150,43.2,4.161083328,3770.575,43364.632,0,0
$CH,13.500,L1CD,24,1150,41.7,3.974876975,86.232,1020.568,0,0
$CH,13.500,L1CD,28,1150,42.4,9.733921258,-2491.439,-28633.129,0,0
$TIME,2024,1,30,6,10,7.694964
$CH,13.600,L1CD,2,1160,43.2,8.844144602,-1169.194,-13550.265,0,0
$CH,13.600,L1CD,5,1160,44.8,7.342812779,2177.685,25293.221,0,0
$CH,13.600,L1CD,6,1160,43.8,7.164768137,-1038.354,-12027.604,0,0
$CH,13.600,L1CD,12,1160,43.3,0.439826243,3149.612,36550.991,0,0
$CH,13.600,L1CD,13,1160,41.7,1.724875030,509.918,5885.415,0,0
$CH,13.600,L1CD,17,1160,42.6,4.201377318,165.848,1919.347,0,0
$CH,13.600,L1CD,19,1160,42.0,7.698895162,-724.628,-8407.284,0,0
$CH,13.600,L1CD,20,1160,43.2,4.160839789,3770.049,43741.641,0,0
$CH,13.600,L1CD,24,1160,41.7,3.974877857,86.370,1029.185,0,0
$CH,13.600,L1CD,28,1160,42.4,9.734090225,-2492.231,-28882.289,0,0
$TIME,2024,1,30,6,10,7.724965
$CH,13.700,L1CD,2,1170,43.2,8.844191948,-1168.694,-13667.185,0,0
$CH,13.700,L1CD,5,1170,44.8,7.342659393,2178.120,25510.973,0,0
$CH,13.700,L1CD,6,1170,43.8,7.164871300,-1038.544,-12131.466,0,0
$CH,13.700,L1CD,12,1170,43.3,0.439615074,3149.693,36865.934,0,0
$CH,13.700,L1CD,13,1170,41.7,1.724872192,509.823,5936.362,0,0
$CH,13.700,L1CD,17,1170,42.6,4.201375409,166.189,1935.909,0,0
$CH,13.700,L1CD,19,1170,42.0,7.698931525,-723.767,-8479.758,0,0
$CH,13.700,L1CD,20,1170,43.2,4.160601860,3770.289,44118.655,0,0
$CH,13.700,L1CD,24,1170,41.7,3.974877103,86.328,1037.791,0,0
$CH,13.700,L1CD,28,1170,42.4,9.734229033,-2491.514,-29131.455,0,0
$TIME,2024,1,30,6,10,7.755151
$CH,13.800,L1CD,2,1180,43.2,8.844277167,-1169.360,-13784.078,0,0
$CH,13.800,L1CD,5,1180,44.8,7.342537905,2177.691,25728.730,0,0
$CH,13.800,L1CD,6,1180,43.8,7.164899060,-1038.645,-12235.312,0,0
$CH,13.800,L1CD,12,1180,43.3,0.439416688,3149.805,37180.907,0,0
$CH,13.800,L1CD,13,1180,41.7,1.724869293,509.495,5987.335,0,0
$CH,13.800,L1CD,17,1180,42.6,4.201374779,165.479,1952.489,0,0
$CH,13.800,L1CD,19,1180,42.0,7.698990975,-724.493,-8552.201,0,0
$CH,13.800,L1CD,20,1180,43.2,4.160359635,3770.591,44495.681,0,0
$CH,13.800,L1CD,24,1180,41.7,3.974875360,85.904,1046.424,0,0
$CH,13.800,L1CD,28,1180,42.4,9.734397888,-2491.487,-29380.611,0,0
$TIME,2024,1,30,6,10,7.795057
$CH,13.900,L1CD,2,1190,43.2,8.844380670,-1169.335,-13900.999,0,0
$CH,13.900,L1CD,5,1190,44.8,7.342376852,2177.814,25946.468,0,0
$CH,13.900,L1CD,6,1190,43.8,7.164952812,-1038.829,-12339.181,0,0
$CH,13.900,L1CD,12,1190,43.3,0.439226083,3149.345,37495.849,0,0
$CH,13.900,L1CD,13,1190,41.7,1.724847356,509.965,6038.281,0,0
$CH,13.900,L1CD,17,1190,42.6,4.201376230,165.504,1969.061,0,0
$CH,13.900,L1CD,19,1190,42.0,7.699074785,-724.384,-8624.677,0,0
$CH,13.900,L1CD,20,1190,43.2,4.160120881,3770.179,44872.689,0,0
$CH,13.900,L1CD,24,1190,41.7,3.974874829,85.496,1055.028,0,0
$CH,13.900,L1CD,28,1190,42.4,9.734556263,-2491.502,-29629.789,0,0
$TIME,2024,1,30,6,10,7.825054
$CH,14.000,L1CD,2,1200,43.0,8.844419104,-1168.847,-14017.915,0,0
$CH,14.000,L1CD,5,1200,44.4,7.342265285,2177.413,26164.199,0,0
$CH,14.000,L1CD,6,1200,43.7,7.165040112,-1038.636,-12443.050,0,0
$CH,14.000,L1CD,12,1200,43.6,0.439030427,3149.059,37810.793,0,0
$CH,14.000,L1CD,13,1200,42.0,1.724807270,509.173,6089.245,0,0
$CH,14.000,L1CD,17,1200,42.6,4.201373874,165.447,1985.627,0,0
$CH,14.000,L1CD,19,1200,42.5,7.699128094,-724.824,-8697.134,0,0
$CH,14.000,L1CD,20,1200,42.9,4.159878911,3770.040,45249.708,0,0
$CH,14.000,L1CD,24,1200,42.2,3.974872044,85.645,1063.625,0,0
$CH,14.000,L1CD,28,1200,42.1,9.734706042,-2491.711,-29878.958,0,0
$TIME,2024,1,30,6,10,7.855305
$CH,14.100,L1CD,2,1210,43.0,8.844488391,-1169.009,-14134.832,0,0
$CH,14.100,L1CD,5,1210,44.4,7.342113861,2177.273,26381.935,0,0
$CH,14.100,L1CD,6,1210,43.7,7.165130948,-1038.260,-12546.921,0,0
$CH,14.100,L1CD,12,1210,43.6,0.438828995,3149.534,38125.734,0,0
$CH,14.100,L1CD,13,1210,42.0,1.724753514,510.350,6140.210,0,0
$CH,14.100,L1CD,17,1210,42.6,4.201373354,165.942,2002.198,0,0
$CH,14.100,L1CD,19,1210,42.5,7.699134181,-724.707,-8769.595,0,0
$CH,14.100,L1CD,20,1210,42.9,4.159635064,3770.413,45626.721,0,0
$CH,14.100,L1CD,24,1210,42.2,3.974876455,85.665,1072.229,0,0
$CH,14.100,L1CD,28,1210,42.1,9.734881512,-2491.827,-30128.131,0,0
$TIME,2024,1,30,6,10,7.885310
$CH,14.200,L1CD,2,1220,43.0,8.844597192,-1169.164,-14251.740,0,0
$CH,14.200,L1CD,5,1220,44.4,7.341989485,2177.263,26599.657,0,0
$CH,14.200,L1CD,6,1220,43.7,7.165158125,-1038.741,-12650.781,0,0
$CH,14.200,L1CD,12,1220,43.6,0.438617456,3149.302,38440.670,0,0
$CH,14.200,L1CD,13,1220,42.0,1.724683487,509.603,6191.186,0,0
$CH,14.200,L1CD,17,1220,42.6,4.201375935,165.656,2018.777,0,0
$CH,14.200,L1CD,19,1220,42.5,7.699162683,-724.620,-8842.057,0,0
$CH,14.200,L1CD,20,1220,42.9,4.159397592,3769.834,46003.733,0,0
$CH,14.200,L1CD,24,1220,42.2,3.974875304,86.195,1080.820,0,0
$CH,14.200,L1CD,28,1220,42.1,9.735027072,-2491.564,-30377.310,0,0
$TIME,2024,1,30,6,10,7.915336
$CH,14.300,L1CD,2,1230,43.0,8.844648892,-1169.032,-14368.660,0,0
$CH,14.300,L1CD,5,1230,44.4,7.341845657,2177.362,26817.389,0,0
$CH,14.300,L1CD,6,1230,43.7,7.165216539,-1038.702,-12754.656,0,0
$CH,14.300,L1CD,12,1230,43.6,0.438416030,3149.652,38755.608,0,0
$CH,14.300,L1CD,13,1230,42.0,1.724624402,509.729,6242.170,0,0
$CH,14.300,L1CD,17,1230,42.6,4.201378833,165.495,2035.356,0,0
$CH,14.300,L1CD,19,1230,42.5,7.699213323,-724.996,-8914.511,0,0
$CH,14.300,L1CD,20,1230,42.9,4.159163680,3770.644,46380.736,0,0
$CH,14.300,L1CD,24,1230,42.2,3.974872812,86.083,1089.410,0,0
$CH,14.300,L1CD,28,1230,42.1,9.735185619,-2491.596,-30626.482,0,0
$TIME,2024,1,30,6,10,7.945531
$CH,14.400,L1CD,2,1240,43.0,8.844704105,-1169.604,-14485.567,0,0
$CH,14.400,L1CD,5,1240,44.4,7.341710399,2177.864,27035.115,0,0
$CH,14.400,L1CD,6,1240,43.7,7.165312251,-1038.781,-12858.514,0,0
$CH,14.400,L1CD,12,1240,43.6,0.438227920,3149.188,39070.566,0,0
$CH,14.400,L1CD,13,1240,42.0,1.724625012,510.056,6293.154,0,0
$CH,14.400,L1CD,17,1240,42.6,4.201374489,165.475,2051.945,0,0
$CH,14.400,L1CD,19,1240,42.5,7.699288405,-724.582,-8986.962,0,0
$CH,14.400,L1CD,20,1240,42.9,4.158925753,3769.904,46757.765,0,0
$CH,14.400,L1CD,24,1240,42.2,3.974876408,86.549,1098.015,0,0
$CH,14.400,L1CD,28,1240,42.1,9.735358702,-2491.938,-30875.648,0,0
$TIME,2024,1,30,6,10,7.975618
$CH,14.500,L1CD,2,1250,43.0,8.844798875,-1169.051,-14602.485,0,0
$CH,14.500,L1CD,5,1250,44.4,7.341578260,2177.178,27252.842,0,0
$CH,14.500,L1CD,6,1250,43.7,7.165387515,-1038.400,-12962.395,0,0
$CH,14.500,L1CD,12,1250,43.6,0.438028977,3149.239,39385.502,0,0
$CH,14.500,L1CD,13,1250,42.0,1.724624780,509.694,6344.145,0,0
$CH,14.500,L1CD,17,1250,42.6,4.201376625,165.454,2068.527,0,0
$CH,14.500,L1CD,19,1250,42.5,7.699374956,-724.434,-9059.420,0,0
$CH,14.500,L1CD,20,1250,42.9,4.158693740,3769.926,47134.791,0,0
$CH,14.500,L1CD,24,1250,42.2,3.974872652,86.323,1106.608,0,0
$CH,14.500,L1CD,28,1250,42.1,9.735503227,-2492.313,-31124.832,0,0
$TIME,2024,1,30,6,10,8.015820
$CH,14.600,L1CD,2,1260,43.0,8.844889823,-1169.321,-14719.406,0,0
$CH,14.600,L1CD,5,1260,44.4,7.341428198,2177.120,27470.541,0,0
$CH,14.600,L1CD,6,1260,43.7,7.165420314,-1039.129,-13066.274,0,0
$CH,14.600,L1CD,12,1260,43.6,0.437828757,3149.467,39700.427,0,0
$CH,14.600,L1CD,13,1260,42.0,1.724615054,510.200,6395.127,0,0
$CH,14.600,L1CD,17,1260,42.6,4.201376844,165.692,2085.100,0,0
$CH,14.600,L1CD,19,1260,42.5,7.699382182,-724.607,-9131.880,0,0
$CH,14.600,L1CD,20,1260,42.9,4.158457356,3770.379,47511.782,0,0
$CH,14.600,L1CD,24,1260,42.2,3.974874786,85.865,1115.184,0,0
$CH,14.600,L1CD,28,1260,42.1,9.735668857,-2491.946,-31374.027,0,0
$TIME,2024,1,30,6,10,8.046280
$CH,14.700,L1CD,2,1270,43.0,8.844932967,-1168.709,-14836.333,0,0
$CH,14.700,L1CD,5,1270,44.4,7.341300429,2176.718,27688.254,0,0
$CH,14.700,L1CD,6,1270,43.7,7.165486474,-1038.955,-13170.154,0,0
$CH,14.700,L1CD,12,1270,43.6,0.437617832,3148.898,40015.369,0,0
$CH,14.700,L1CD,13,1270,42.0,1.724586973,509.437,6446.125,0,0
$CH,14.700,L1CD,17,1270,42.6,4.201372938,166.074,2101.675,0,0
$CH,14.700,L1CD,19,1270,42.5,7.699397978,-724.289,-9204.332,0,0
$CH,14.700,L1CD,20,1270,42.9,4.158216986,3770.029,47888.796,0,0
$CH,14.700,L1CD,24,1270,42.2,3.974872913,85.970,1123.757,0,0
$CH,14.700,L1CD,28,1270,42.1,9.735830821,-2492.305,-31623.209,0,0
$TIME,2024,1,30,6,10,8.076280
$CH,14.800,L1CD,2,1280,43.0,8.845015241,-1169.228,-14953.258,0,0
$CH,14.800,L1CD,5,1280,44.4,7.341136700,2177.185,27905.957,0,0
$CH,14.800,L1CD,6,1280,43.7,7.165584852,-1038.919,-13274.040,0,0
$CH,14.800,L1CD,12,1280,43.6,0.437417161,3149.478,40330.297,0,0
$CH,14.800,L1CD,13,1280,42.0,1.724544233,510.076,6497.114,0,0
$CH,14.800,L1CD,17,1280,42.6,4.201375674,165.651,2118.263,0,0
$CH,14.800,L1CD,19,1280,42.5,7.699433909,-724.429,-9276.788,0,0
$CH,14.800,L1CD,20,1280,42.9,4.157977171,3769.995,48265.804,0,0
$CH,14.800,L1CD,24,1280,42.2,3.974873870,85.852,1132.333,0,0
$CH,14.800,L1CD,28,1280,42.1,9.735974465,-2492.235,-31872.403,0,0
$TIME,2024,1,30,6,10,8.106307
$CH,14.900,L1CD,2,1290,43.0,8.845128398,-1169.107,-15070.175,0,0
$CH,14.900,L1CD,5,1290,44.4,7.341024067,2177.032,28123.645,0,0
$CH,14.900,L1CD,6,1290,43.7,7.165642535,-1038.552,-13377.925,0,0
$CH,14.900,L1CD,12,1290,43.6,0.437228604,3149.009,40645.227,0,0
$CH,14.900,L1CD,13,1290,42.0,1.724484546,510.150,6548.120,0,0
$CH,14.900,L1CD,17,1290,42.6,4.201373602,165.776,2134.837,0,0
$CH,14.900,L1CD,19,1290,42.5,7.699498740,-724.524,-9349.236,0,0
$CH,14.900,L1CD,20,1290,42.9,4.157738342,3770.086,48642.819,0,0
$CH,14.900,L1CD,24,1290,42.2,3.974871479,85.525,1140.909,0,0
$CH,14.900,L1CD,28,1290,42.1,9.736146867,-2491.689,-32121.598,0,0
$TIME,2024,1,30,6,10,8.146460
$CH,15.000,L1CD,2,1300,43.1,8.845164557,-1168.425,-15187.098,0,0
$CH,15.000,L1CD,5,1300,44.1,7.340864827,2177.181,28341.345,0,0
$CH,15.000,L1CD,6,1300,43.8,7.165681404,-1038.798,-13481.806,0,0
$CH,15.000,L1CD,12,1300,43.6,0.437031208,3149.354,40960.157,0,0
$CH,15.000,L1CD,13,1300,42.2,1.724412347,510.424,6599.132,0,0
$CH,15.000,L1CD,17,1300,42.3,4.201373451,166.190,2151.419,0,0
$CH,15.000,L1CD,19,1300,42.8,7.699581526,-724.062,-9421.686,0,0
$CH,15.000,L1CD,20,1300,43.3,4.157496496,3769.710,49019.837,0,0
$CH,15.000,L1CD,24,1300,42.8,3.974866522,85.591,1149.485,0,0
$CH,15.000,L1CD,28,1300,41.9,9.736297875,-2491.161,-32370.785,0,0
$TIME,2024,1,30,6,10,8.176514
$CH,15.100,L1CD,2,1310,43.1,8.845229332,-1169.393,-15304.010,0,0
$CH,15.100,L1CD,5,1310,44.1,7.340743593,2176.924,28559.047,0,0
$CH,15.100,L1CD,6,1310,43.8,7.165756415,-1039.077,-13585.687,0,0
$CH,15.100,L1CD,12,1310,43.6,0.436825024,3149.383,41275.092,0,0
$CH,15.100,L1CD,13,1310,42.2,1.724371660,510.056,6650.159,0,0
$CH,15.100,L1CD,17,1310,42.3,4.201365702,165.535,2168.023,0,0
$CH,15.100,L1CD,19,1310,42.8,7.699625810,-724.446,-9494.136,0,0
$CH,15.100,L1CD,20,1310,43.3,4.157258582,3769.800,49396.852,0,0
$CH,15.100,L1CD,24,1310,42.8,3.974859910,85.080,1158.060,0,0
$CH,15.100,L1CD,28,1310,41.9,9.736449122,-2491.596,-32619.981,0,0
$TIME,2024,1,30,6,10,8.206511
$CH,15.200,L1CD,2,1320,43.1,8.845334602,-1169.115,-15420.946,0,0
$CH,15.200,L1CD,5,1320,44.1,7.340598843,2176.961,28776.728,0,0
$CH,15.200,L1CD,6,1320,43.8,7.165862027,-1038.506,-13689.584,0,0
$CH,15.200,L1CD,12,1320,43.6,0.436611579,3149.316,41590.011,0,0
$CH,15.200,L1CD,13,1320,42.2,1.724378862,509.984,6701.161,0,0
$CH,15.200,L1CD,17,1320,42.3,4.201354489,166.030,2184.591,0,0
$CH,15.200,L1CD,19,1320,42.8,7.699631742,-724.854,-9566.582,0,0
$CH,15.200,L1CD,20,1320,43.3,4.157020718,3769.681,49773.851,0,0
$CH,15.200,L1CD,24,1320,42.8,3.974851961,85.235,1166.607,0,0
$CH,15.200,L1CD,28,1320,41.9,9.736625867,-2491.553,-32869.183,0,0
$TIME,2024,1,30,6,10,8.236793
$CH,15.300,L1CD,2,1330,43.1,8.845393368,-1169.275,-15537.869,0,0
$CH,15.300,L1CD,5,1330,44.1,7.340463359,2176.436,28994.411,0,0
$CH,15.300,L1CD,6,1330,43.8,7.165897950,-1039.152,-13793.481,0,0
$CH,15.300,L1CD,12,1330,43.6,0.436410565,3149.422,41904.932,0,0
$CH,15.300,L1CD,13,1330,42.2,1.724375980,509.676,6752.181,0,0
$CH,15.300,L1CD,17,1330,42.3,4.201333704,165.889,2201.186,0,0
$CH,15.300,L1CD,19,1330,42.8,7.699659857,-724.479,-9639.035,0,0
$CH,15.300,L1CD,20,1330,43.3,4.156780745,3770.275,50150.855,0,0
$CH,15.300,L1CD,24,1330,42.8,3.974836698,85.341,1175.168,0,0
$CH,15.300,L1CD,28,1330,41.9,9.736767401,-2492.021,-33118.380,0,0
$TIME,2024,1,30,6,10,8.276803
$CH,15.400,L1CD,2,1340,43.1,8.845444805,-1168.954,-15654.798,0,0
$CH,15.400,L1CD,5,1340,44.1,7.340327431,2176.809,29212.079,0,0
$CH,15.400,L1CD,6,1340,43.8,7.165943839,-1039.104,-13897.379,0,0
$CH,15.400,L1CD,12,1340,43.6,0.436221828,3149.295,42219.856,0,0
$CH,15.400,L1CD,13,1340,42.2,1.724363820,510.333,6803.201,0,0
$CH,15.400,L1CD,17,1340,42.3,4.201306328,165.759,2217.769,0,0
$CH,15.400,L1CD,19,1340,42.8,7.699711250,-724.774,-9711.477,0,0
$CH,15.400,L1CD,20,1340,43.3,4.156543556,3769.858,50527.863,0,0
$CH,15.400,L1CD,24,1340,42.8,3.974821481,85.528,1183.719,0,0
$CH,15.400,L1CD,28,1340,41.9,9.736927245,-2492.209,-33367.583,0,0
$TIME,2024,1,30,6,10,8.306906
$CH,15.500,L1CD,2,1350,43.1,8.845534965,-1169.674,-15771.731,0,0
$CH,15.500,L1CD,5,1350,44.1,7.340180748,2176.358,29429.751,0,0
$CH,15.500,L1CD,6,1350,43.8,7.166026387,-1039.035,-14001.284,0,0
$CH,15.500,L1CD,12,1350,43.6,0.436025013,3148.570,42534.775,0,0
$CH,15.500,L1CD,13,1350,42.2,1.724332767,510.488,6854.223,0,0
$CH,15.500,L1CD,17,1350,42.3,4.201276487,165.853,2234.351,0,0
$CH,15.500,L1CD,19,1350,42.8,7.699788950,-724.555,-9783.945,0,0
$CH,15.500,L1CD,20,1350,43.3,4.156303510,3769.339,50904.867,0,0
$CH,15.500,L1CD,24,1350,42.8,3.974801213,84.827,1192.267,0,0
$CH,15.500,L1CD,28,1350,41.9,9.737100067,-2491.835,-33616.795,0,0
$TIME,2024,1,30,6,10,8.337157
$CH,15.600,L1CD,2,1360,43.1,8.845634155,-1169.111,-15888.678,0,0
$CH,15.600,L1CD,5,1360,44.1,7.340054162,2176.184,29647.411,0,0
$CH,15.600,L1CD,6,1360,43.8,7.166125452,-1038.826,-14105.198,0,0
$CH,15.600,L1CD,12,1360,43.6,0.435823298,3148.995,42849.673,0,0
$CH,15.600,L1CD,13,1360,42.2,1.724283536,510.605,6905.243,0,0
$CH,15.600,L1CD,17,1360,42.3,4.201240279,165.264,2250.928,0,0
$CH,15.600,L1CD,19,1360,42.8,7.699872873,-725.035,-9856.403,0,0
$CH,15.600,L1CD,20,1360,43.3,4.156067292,3770.093,51281.862,0,0
$CH,15.600,L1CD,24,1360,42.8,3.974778198,85.345,1200.795,0,0
$CH,15.600,L1CD,28,1360,41.9,9.737239709,-2492.445,-33866.013,0,0
$TIME,2024,1,30,6,10,8.367286
$CH,15.700,L1CD,2,1370,43.1,8.845674852,-1169.125,-16005.619,0,0
$CH,15.700,L1CD,5,1370,44.1,7.339894725,2176.459,29865.052,0,0
$CH,15.700,L1CD,6,1370,43.8,7.166151523,-1039.128,-14209.115,0,0
$CH,15.700,L1CD,12,1370,43.6,0.435612779,3148.996,43164.568,0,0
$CH,15.700,L1CD,13,1370,42.2,1.724220580,510.224,6956.269,0,0
$CH,15.700,L1CD,17,1370,42.3,4.201198856,165.568,2267.503,0,0
$CH,15.700,L1CD,19,1370,42.8,7.699879350,-724.333,-9928.865,0,0
$CH,15.700,L1CD,20,1370,43.3,4.155823394,3770.712,51658.848,0,0
$CH,15.700,L1CD,24,1370,42.8,3.974750748,85.599,1209.316,0,0
$CH,15.700,L1CD,28,1370,41.9,9.737407051,-2492.595,-34115.236,0,0
$TIME,2024,1,30,6,10,8.397264
$CH,15.800,L1CD,2,1380,43.1,8.845750156,-1169.171,-16122.551,0,0
$CH,15.800,L1CD,5,1380,44.1,7.339777965,2176.943,30082.708,0,0
$CH,15.800,L1CD,6,1380,43.8,7.166205771,-1038.956,-14313.024,0,0
$CH,15.800,L1CD,12,1380,43.6,0.435415281,3149.205,43479.483,0,0
$CH,15.800,L1CD,13,1380,42.2,1.724148573,509.954,7007.305,0,0
$CH,15.800,L1CD,17,1380,42.3,4.201153314,165.892,2284.100,0,0
$CH,15.800,L1CD,19,1380,42.8,7.699896876,-724.150,-10001.302,0,0
$CH,15.800,L1CD,20,1380,43.3,4.155584112,3770.089,52035.858,0,0
$CH,15.800,L1CD,24,1380,42.8,3.974722486,85.177,1217.864,0,0
$CH,15.800,L1CD,28,1380,41.9,9.737566098,-2492.106,-34364.456,0,0
$TIME,2024,1,30,6,10,8.437474
$CH,15.900,L1CD,2,1390,43.1,8.845860891,-1169.880,-16239.488,0,0
$CH,15.900,L1CD,5,1390,44.1,7.339618261,2176.843,30300.358,0,0
$CH,15.900,L1CD,6,1390,43.8,7.166295992,-1038.866,-14416.941,0,0
$CH,15.900,L1CD,12,1390,43.6,0.435225032,3149.507,43794.390,0,0
$CH,15.900,L1CD,13,1390,42.2,1.724124164,510.731,7058.347,0,0
$CH,15.900,L1CD,17,1390,42.3,4.201121227,165.982,2300.684,0,0
$CH,15.900,L1CD,19,1390,42.8,7.699938205,-724.781,-10073.750,0,0
$CH,15.900,L1CD,20,1390,43.3,4.155342087,3770.292,52412.859,0,0
$CH,15.900,L1CD,24,1390,42.8,3.974691145,85.555,1226.388,0,0
$CH,15.900,L1CD,28,1390,41.9,9.737716292,-2491.715,-34613.675,0,0
$TIME,2024,1,30,6,10,8.467574
$CH,16.000,L1CD,2,1400,43.5,8.845904894,-1169.375,-16356.421,0,0
$CH,16.000,L1CD,5,1400,44.0,7.339499158,2176.352,30518.021,0,0
$CH,16.000,L1CD,6,1400,44.0,7.166379830,-1039.051,-14520.838,0,0
$CH,16.000,L1CD,12,1400,43.6,0.435026930,3148.898,44109.306,0,0
$CH,16.000,L1CD,13,1400,42.0,1.724123820,510.581,7109.405,0,0
$CH,16.000,L1CD,17,1400,42.9,4.201124220,166.424,2317.277,0,0
$CH,16.000,L1CD,19,1400,42.8,7.700003689,-724.435,-10146.194,0,0
$CH,16.000,L1CD,20,1400,43.1,4.155100537,3769.707,52789.870,0,0
$CH,16.000,L1CD,24,1400,43.4,3.974655806,85.249,1234.923,0,0
$CH,16.000,L1CD,28,1400,42.0,9.737883889,-2491.601,-34862.892,0,0
$TIME,2024,1,30,6,10,8.497585
$CH,16.100,L1CD,2,1410,43.5,8.845967525,-1168.976,-16473.364,0,0
$CH,16.100,L1CD,5,1410,44.0,7.339348960,2176.399,30735.653,0,0
$CH,16.100,L1CD,6,1410,44.0,7.166408897,-1039.560,-14624.762,0,0
$CH,16.100,L1CD,12,1410,43.6,0.434825839,3149.228,44424.204,0,0
$CH,16.100,L1CD,13,1410,42.0,1.724123072,510.279,7160.454,0,0
$CH,16.100,L1CD,17,1410,42.9,4.201121494,166.161,2333.860,0,0
$CH,16.100,L1CD,19,1410,42.8,7.700090401,-724.939,-10218.651,0,0
$CH,16.100,L1CD,20,1410,43.1,4.154856547,3769.918,53166.859,0,0
$CH,16.100,L1CD,24,1410,43.4,3.974624403,84.514,1243.440,0,0
$CH,16.100,L1CD,28,1410,42.0,9.738031792,-2492.292,-35112.119,0,0
$TIME,2024,1,30,6,10,8.527584
$CH,16.200,L1CD,2,1420,43.5,8.846068325,-1169.273,-16590.300,0,0
$CH,16.200,L1CD,5,1420,44.0,7.339220049,2176.443,30953.289,0,0
$CH,16.200,L1CD,6,1420,44.0,7.166470434,-1039.005,-14728.683,0,0
$CH,16.200,L1CD,12,1420,43.6,0.434615481,3148.979,44739.104,0,0
$CH,16.200,L1CD,13,1420,42.0,1.724106227,510.297,7211.507,0,0
$CH,16.200,L1CD,17,1420,42.9,4.201122929,166.607,2350.447,0,0
$CH,16.200,L1CD,19,1420,42.8,7.700130501,-725.153,-10291.101,0,0
$CH,16.200,L1CD,20,1420,43.1,4.154617247,3769.795,53543.856,0,0
$CH,16.200,L1CD,24,1420,43.4,3.974627254,84.918,1251.960,0,0
$CH,16.200,L1CD,28,1420,42.0,9.738183556,-2491.913,-35361.347,0,0
$TIME,2024,1,30,6,10,8.557958
$CH,16.300,L1CD,2,1430,43.5,8.846143630,-1169.849,-16707.252,0,0
$CH,16.300,L1CD,5,1430,44.0,7.339081937,2175.927,31170.912,0,0
$CH,16.300,L1CD,6,1430,44.0,7.166567603,-1038.925,-14832.620,0,0
$CH,16.300,L1CD,12,1430,43.6,0.434414719,3148.894,45054.000,0,0
$CH,16.300,L1CD,13,1430,42.0,1.724070127,510.345,7262.560,0,0
$CH,16.300,L1CD,17,1430,42.9,4.201125462,165.848,2367.032,0,0
$CH,16.300,L1CD,19,1430,42.8,7.700144000,-724.675,-10363.548,0,0
$CH,16.300,L1CD,20,1430,43.1,4.154372674,3769.855,53920.842,0,0
$CH,16.300,L1CD,24,1430,43.4,3.974623444,84.963,1260.467,0,0
$CH,16.300,L1CD,28,1430,42.0,9.738358413,-2493.158,-35610.582,0,0
$TIME,2024,1,30,6,10,8.587960
$CH,16.400,L1CD,2,1440,43.5,8.846190481,-1169.507,-16824.200,0,0
$CH,16.400,L1CD,5,1440,44.0,7.338937545,2176.559,31388.530,0,0
$CH,16.400,L1CD,6,1440,44.0,7.166633623,-1038.782,-14936.556,0,0
$CH,16.400,L1CD,12,1440,43.6,0.434224627,3148.556,45368.884,0,0
$CH,16.400,L1CD,13,1440,42.0,1.724016744,510.406,7313.614,0,0
$CH,16.400,L1CD,17,1440,42.9,4.201128928,165.768,2383.617,0,0
$CH,16.400,L1CD,19,1440,42.8,7.700177962,-724.397,-10435.995,0,0
$CH,16.400,L1CD,20,1440,43.1,4.154134094,3769.980,54297.846,0,0
$CH,16.400,L1CD,24,1440,43.4,3.974625984,85.840,1268.965,0,0
$CH,16.400,L1CD,28,1440,42.0,9.738504183,-2492.708,-35859.827,0,0
$TIME,2024,1,30,6,10,8.627853
$CH,16.500,L1CD,2,1450,43.5,8.846279730,-1169.672,-16941.149,0,0
$CH,16.500,L1CD,5,1450,44.0,7.338810959,2176.351,31606.155,0,0
$CH,16.500,L1CD,6,1450,44.0,7.166667952,-1039.233,-15040.476,0,0
$CH,16.500,L1CD,12,1450,43.6,0.434027601,3148.676,45683.782,0,0
$CH,16.500,L1CD,13,1450,42.0,1.723950773,510.007,7364.682,0,0
$CH,16.500,L1CD,17,1450,42.9,4.201121929,166.372,2400.210,0,0
$CH,16.500,L1CD,19,1450,42.8,7.700233626,-725.141,-10508.440,0,0
$CH,16.500,L1CD,20,1450,43.1,4.153896210,3769.746,54674.840,0,0
$CH,16.500,L1CD,24,1450,43.4,3.974626294,85.117,1277.480,0,0
$CH,16.500,L1CD,28,1450,42.0,9.738666393,-2492.294,-36109.068,0,0
$TIME,2024,1,30,6,10,8.658132
$CH,16.600,L1CD,2,1460,43.5,8.846376648,-1169.102,-17058.090,0,0
$CH,16.600,L1CD,5,1460,44.0,7.338653138,2176.223,31823.780,0,0
$CH,16.600,L1CD,6,1460,44.0,7.166736463,-1039.339,-15144.398,0,0
$CH,16.600,L1CD,12,1460,43.6,0.433828369,3148.651,45998.679,0,0
$CH,16.600,L1CD,13,1460,42.0,1.723880315,510.770,7415.749,0,0
$CH,16.600,L1CD,17,1460,42.9,4.201123886,165.972,2416.812,0,0
$CH,16.600,L1CD,19,1460,42.8,7.700311570,-724.107,-10580.888,0,0
$CH,16.600,L1CD,20,1460,43.1,4.153662319,3770.285,55051.835,0,0
$CH,16.600,L1CD,24,1460,43.4,3.974620424,85.282,1285.983,0,0
$CH,16.600,L1CD,28,1460,42.0,9.738833148,-2492.860,-36358.295,0,0
$TIME,2024,1,30,6,10,8.688138
$CH,16.700,L1CD,2,1470,43.5,8.846412190,-1169.654,-17175.026,0,0
$CH,16.700,L1CD,5,1470,44.0,7.338537488,2176.090,32041.400,0,0
$CH,16.700,L1CD,6,1470,44.0,7.166838538,-1039.065,-15248.326,0,0
$CH,16.700,L1CD,12,1470,43.6,0.433618602,3149.015,46313.587,0,0
$CH,16.700,L1CD,13,1470,42.0,1.723877653,510.694,7466.835,0,0
$CH,16.700,L1CD,17,1470,42.9,4.201125132,165.962,2433.416,0,0
$CH,16.700,L1CD,19,1470,42.8,7.700373796,-724.703,-10653.320,0,0
$CH,16.700,L1CD,20,1470,43.1,4.153423824,3769.960,55428.842,0,0
$CH,16.700,L1CD,24,1470,43.4,3.974624612,84.864,1294.494,0,0
$CH,16.700,L1CD,28,1470,42.0,9.738978079,-2492.118,-36607.530,0,0
$TIME,2024,1,30,6,10,8.718140
$CH,16.800,L1CD,2,1480,43.5,8.846486490,-1169.547,-17291.964,0,0
$CH,16.800,L1CD,5,1480,44.0,7.338371195,2176.493,32259.018,0,0
$CH,16.800,L1CD,6,1480,44.0,7.166888947,-1039.379,-15352.254,0,0
$CH,16.800,L1CD,12,1480,43.6,0.433419224,3149.186,46628.481,0,0
$CH,16.800,L1CD,13,1480,42.0,1.723875266,510.807,7517.927,0,0
$CH,16.800,L1CD,17,1480,42.9,4.201121519,165.772,2450.016,0,0
$CH,16.800,L1CD,19,1480,42.8,7.700380526,-724.454,-10725.756,0,0
$CH,16.800,L1CD,20,1480,43.1,4.153187264,3770.271,55805.843,0,0
$CH,16.800,L1CD,24,1480,43.4,3.974620799,84.901,1302.997,0,0
$CH,16.800,L1CD,28,1480,42.0,9.739151085,-2492.601,-36856.759,0,0
$TIME,2024,1,30,6,10,8.748309
$CH,16.900,L1CD,2,1490,43.5,8.846592132,-1169.348,-17408.908,0,0
$CH,16.900,L1CD,5,1490,44.0,7.338254008,2175.698,32476.630,0,0
$CH,16.900,L1CD,6,1490,44.0,7.166930906,-1039.212,-15456.189,0,0
$CH,16.900,L1CD,12,1490,43.6,0.433223970,3148.381,46943.380,0,0
$CH,16.900,L1CD,13,1490,42.0,1.723869613,510.565,7569.012,0,0
$CH,16.900,L1CD,17,1490,42.9,4.201127291,165.626,2466.615,0,0
$CH,16.900,L1CD,19,1490,42.8,7.700402107,-724.307,-10798.188,0,0
$CH,16.900,L1CD,20,1490,43.1,4.152950692,3769.756,56182.840,0,0
$CH,16.900,L1CD,24,1490,43.4,3.974625530,84.886,1311.495,0,0
$CH,16.900,L1CD,28,1490,42.0,9.739305480,-2492.144,-37106.006,0,0
$TIME,2024,1,30,6,10,8.788303
$CH,17.000,L1CD,2,1500,43.5,8.846648663,-1169.395,-17525.854,0,0
$CH,17.000,L1CD,5,1500,43.6,7.338104417,2176.093,32694.227,0,0
$CH,17.000,L1CD,6,1500,44.0,7.167007059,-1039.207,-15560.123,0,0
$CH,17.000,L1CD,12,1500,43.5,0.433026000,3148.791,47258.258,0,0
$CH,17.000,L1CD,13,1500,42.4,1.723846500,510.953,7620.096,0,0
$CH,17.000,L1CD,17,1500,42.8,4.201125130,165.858,2483.213,0,0
$CH,17.000,L1CD,19,1500,43.0,7.700447467,-724.712,-10870.627,0,0
$CH,17.000,L1CD,20,1500,43.4,4.152714504,3769.997,56559.833,0,0
$CH,17.000,L1CD,24,1500,42.7,3.974623307,84.662,1319.983,0,0
$CH,17.000,L1CD,28,1500,41.9,9.739452931,-2492.898,-37355.244,0,0
$TIME,2024,1,30,6,10,8.818305
$CH,17.100,L1CD,2,1510,43.5,8.846709307,-1169.599,-17642.801,0,0
$CH,17.100,L1CD,5,1510,43.6,7.337978261,2176.059,32911.829,0,0
$CH,17.100,L1CD,6,1510,44.0,7.167112026,-1039.728,-15664.054,0,0
$CH,17.100,L1CD,12,1510,43.5,0.432825679,3148.897,47573.147,0,0
$CH,17.100,L1CD,13,1510,42.4,1.723804001,511.522,7671.193,0,0
$CH,17.100,L1CD,17,1510,42.8,4.201122828,165.859,2499.820,0,0
$CH,17.100,L1CD,19,1510,43.0,7.700516410,-724.646,-10943.067,0,0
$CH,17.100,L1CD,20,1510,43.4,4.152476631,3770.128,56936.834,0,0
$CH,17.100,L1CD,24,1510,42.7,3.974621293,85.052,1328.465,0,0
$CH,17.100,L1CD,28,1510,41.9,9.739627058,-2492.425,-37604.498,0,0
$TIME,2024,1,30,6,10,8.848594
$CH,17.200,L1CD,2,1520,43.5,8.846807986,-1169.699,-17759.755,0,0
$CH,17.200,L1CD,5,1520,43.6,7.337834491,2175.787,33129.424,0,0
$CH,17.200,L1CD,6,1520,44.0,7.167147032,-1039.510,-15768.004,0,0
$CH,17.200,L1CD,12,1520,43.5,0.432617159,3149.045,47888.026,0,0
$CH,17.200,L1CD,13,1520,42.4,1.723749308,510.849,7722.290,0,0
$CH,17.200,L1CD,17,1520,42.8,4.201127090,166.314,2516.415,0,0
$CH,17.200,L1CD,19,1520,43.0,7.700603468,-724.180,-11015.510,0,0
$CH,17.200,L1CD,20,1520,43.4,4.152238640,3769.933,57313.828,0,0
$CH,17.200,L1CD,24,1520,42.7,3.974622014,84.753,1336.956,0,0
$CH,17.200,L1CD,28,1520,41.9,9.739768344,-2492.406,-37853.751,0,0
$TIME,2024,1,30,6,10,8.878692
$CH,17.300,L1CD,2,1530,43.5,8.846892685,-1169.544,-17876.710,0,0
$CH,17.300,L1CD,5,1530,43.6,7.337692371,2176.017,33347.003,0,0
$CH,17.300,L1CD,6,1530,44.0,7.167195207,-1039.387,-15871.957,0,0
$CH,17.300,L1CD,12,1530,43.5,0.432417499,3148.742,48202.912,0,0
$CH,17.300,L1CD,13,1530,42.4,1.723678074,511.086,7773.389,0,0
$CH,17.300,L1CD,17,1530,42.8,4.201125237,165.743,2533.013,0,0
$CH,17.300,L1CD,19,1530,43.0,7.700633474,-723.857,-11087.955,0,0
$CH,17.300,L1CD,20,1530,43.4,4.151998785,3769.954,57690.816,0,0
$CH,17.300,L1CD,24,1530,42.7,3.974624294,84.237,1345.422,0,0
$CH,17.300,L1CD,28,1530,41.9,9.739926844,-2492.202,-38103.007,0,0
$TIME,2024,1,30,6,10,8.908687
$CH,17.400,L1CD,2,1540,43.5,8.846935566,-1170.117,-17993.670,0,0
$CH,17.400,L1CD,5,1540,43.6,7.337566288,2175.988,33564.575,0,0
$CH,17.400,L1CD,6,1540,44.0,7.167277359,-1039.485,-15975.917,0,0
$CH,17.400,L1CD,12,1540,43.5,0.432229569,3148.548,48517.778,0,0
$CH,17.400,L1CD,13,1540,42.4,1.723627614,511.085,7824.483,0,0
$CH,17.400,L1CD,17,1540,42.8,4.201121596,165.825,2549.608,0,0
$CH,17.400,L1CD,19,1540,43.0,7.700642859,-723.687,-11160.404,0,0
$CH,17.400,L1CD,20,1540,43.4,4.151758183,3769.652,58067.796,0,0
$CH,17.400,L1CD,24,1540,42.7,3.974628116,84.633,1353.878,0,0
$CH,17.400,L1CD,28,1540,41.9,9.740101162,-2492.403,-38352.276,0,0
$TIME,2024,1,30,6,10,8.938910
$CH,17.500,L1CD,2,1550,43.5,8.847021441,-1169.386,-18110.641,0,0
$CH,17.500,L1CD,5,1550,43.6,7.337413093,2175.347,33782.144,0,0
$CH,17.500,L1CD,6,1550,44.0,7.167376468,-1039.695,-16079.874,0,0
$CH,17.500,L1CD,12,1550,43.5,0.432031964,3148.985,48832.640,0,0
$CH,17.500,L1CD,13,1550,42.4,1.723625876,511.490,7875.578,0,0
$CH,17.500,L1CD,17,1550,42.8,4.201114612,166.063,2566.198,0,0
$CH,17.500,L1CD,19,1550,43.0,7.700679715,-724.053,-11232.841,0,0
$CH,17.500,L1CD,20,1550,43.4,4.151515369,3770.164,58444.772,0,0
$CH,17.500,L1CD,24,1550,42.7,3.974627450,84.900,1362.341,0,0
$CH,17.500,L1CD,28,1550,41.9,9.740242333,-2493.221,-38601.545,0,0
$TIME,2024,1,30,6,10,8.978923
$CH,17.600,L1CD,2,1560,43.5,8.847126046,-1169.377,-18227.597,0,0
$CH,17.600,L1CD,5,1560,43.6,7.337291315,2175.559,33999.718,0,0
$CH,17.600,L1CD,6,1560,44.0,7.167403738,-1039.589,-16183.834,0,0
$CH,17.600,L1CD,12,1560,43.5,0.431825010,3148.646,49147.513,0,0
$CH,17.600,L1CD,13,1560,42.4,1.723625729,510.431,7926.698,0,0
$CH,17.600,L1CD,17,1560,42.8,4.201104130,166.240,2582.794,0,0
$CH,17.600,L1CD,19,1560,43.0,7.700739248,-724.421,-11305.280,0,0
$CH,17.600,L1CD,20,1560,43.4,4.151276792,3770.055,58821.761,0,0
$CH,17.600,L1CD,24,1560,42.7,3.974626250,84.826,1370.804,0,0
$CH,17.600,L1CD,28,1560,41.9,9.740409788,-2492.443,-38850.814,0,0
$TIME,2024,1,30,6,10,9.009022
$CH,17.700,L1CD,2,1570,43.5,8.847163246,-1169.485,-18344.560,0,0
$CH,17.700,L1CD,5,1570,43.6,7.337129594,2175.207,34217.286,0,0
$CH,17.700,L1CD,6,1570,44.0,7.167460115,-1039.510,-16287.792,0,0
$CH,17.700,L1CD,12,1570,43.5,0.431614985,3149.058,49462.383,0,0
$CH,17.700,L1CD,13,1570,42.4,1.723618306,511.452,7977.801,0,0
$CH,17.700,L1CD,17,1570,42.8,4.201085012,166.148,2599.395,0,0
$CH,17.700,L1CD,19,1570,43.0,7.700823027,-724.444,-11377.716,0,0
$CH,17.700,L1CD,20,1570,43.4,4.151039351,3769.861,59198.749,0,0
$CH,17.700,L1CD,24,1570,42.7,3.974625601,84.707,1379.262,0,0
$CH,17.700,L1CD,28,1570,41.9,9.740574041,-2492.267,-39100.082,0,0
$TIME,2024,1,30,6,10,9.039256
$CH,17.800,L1CD,2,1580,43.5,8.847228092,-1169.361,-18461.513,0,0
$CH,17.800,L1CD,5,1580,43.6,7.337016039,2175.834,34434.857,0,0
$CH,17.800,L1CD,6,1580,44.0,7.167550387,-1039.698,-16391.744,0,0
$CH,17.800,L1CD,12,1580,43.5,0.431418201,3148.937,49777.258,0,0
$CH,17.800,L1CD,13,1580,42.4,1.723590684,511.563,8028.930,0,0
$CH,17.800,L1CD,17,1580,42.8,4.201060719,166.299,2616.008,0,0
$CH,17.800,L1CD,19,1580,43.0,7.700878753,-724.661,-11450.147,0,0
$CH,17.800,L1CD,20,1580,43.4,4.150797284,3770.108,59575.741,0,0
$CH,17.800,L1CD,24,1580,42.7,3.974626553,84.543,1387.730,0,0
$CH,17.800,L1CD,28,1580,41.9,9.740718729,-2491.995,-39349.344,0,0
$TIME,2024,1,30,6,10,9.069378
$CH,17.900,L1CD,2,1590,43.5,8.847333592,-1169.676,-18578.471,0,0
$CH,17.900,L1CD,5,1590,43.6,7.336860114,2176.045,34652.409,0,0
$CH,17.900,L1CD,6,1590,44.0,7.167635059,-1040.100,-16495.718,0,0
$CH,17.900,L1CD,12,1590,43.5,0.431230309,3148.681,50092.125,0,0
$CH,17.900,L1CD,13,1590,42.4,1.723547049,510.900,8080.057,0,0
$CH,17.900,L1CD,17,1590,42.8,4.201028370,165.955,2632.606,0,0
$CH,17.900,L1CD,19,1590,43.0,7.700887750,-724.994,-11522.575,0,0
$CH,17.900,L1CD,20,1590,43.4,4.150559921,3769.553,59952.731,0,0
$CH,17.900,L1CD,24,1590,42.7,3.974626238,84.312,1396.183,0,0
$CH,17.900,L1CD,28,1590,41.9,9.740890163,-2492.470,-39598.621,0,0
$TIME,2024,1,30,6,10,9.099276
$CH,18.000,L1CD,2,1600,43.5,8.847397108,-1169.324,-18695.434,0,0
$CH,18.000,L1CD,5,1600,43.5,7.336736808,2175.309,34869.958,0,0
$CH,18.000,L1CD,6,1600,43.8,7.167667707,-1039.515,-16599.681,0,0
$CH,18.000,L1CD,12,1600,43.6,0.431029381,3148.645,50406.991,0,0
$CH,18.000,L1CD,13,1600,42.0,1.723486957,511.589,8131.177,0,0
$CH,18.000,L1CD,17,1600,43.7,4.200988088,166.117,2649.208,0,0
$CH,18.000,L1CD,19,1600,43.0,7.700910263,-725.035,-11595.023,0,0
$CH,18.000,L1CD,20,1600,42.9,4.150316452,3770.039,60329.711,0,0
$CH,18.000,L1CD,24,1600,42.4,3.974625544,84.396,1404.624,0,0
$CH,18.000,L1CD,28,1600,42.2,9.741040214,-2492.637,-39847.895,0,0
$TIME,2024,1,30,6,10,9.139588
$CH,18.100,L1CD,2,1610,43.5,8.847454237,-1169.755,-18812.409,0,0
$CH,18.100,L1CD,5,1610,43.5,7.336592144,2175.253,35087.507,0,0
$CH,18.100,L1CD,6,1610,43.8,7.167733467,-1039.937,-16703.652,0,0
$CH,18.100,L1CD,12,1610,43.6,0.430828692,3148.462,50721.847,0,0
$CH,18.100,L1CD,13,1610,42.0,1.723418102,511.874,8182.300,0,0
$CH,18.100,L1CD,17,1610,43.7,4.200944449,165.852,2665.815,0,0
$CH,18.100,L1CD,19,1610,43.0,7.700960577,-724.694,-11667.459,0,0
$CH,18.100,L1CD,20,1610,42.9,4.150074547,3769.841,60706.699,0,0
$CH,18.100,L1CD,24,1610,42.4,3.974625375,84.018,1413.068,0,0
$CH,18.100,L1CD,28,1610,42.2,9.741195305,-2493.189,-40097.171,0,0
$TIME,2024,1,30,6,10,9.169614
$CH,18.200,L1CD,2,1620,43.5,8.847547915,-1169.610,-18929.365,0,0
$CH,18.200,L1CD,5,1620,43.5,7.336453425,2175.280,35305.052,0,0
$CH,18.200,L1CD,6,1620,43.8,7.167832174,-1039.586,-16807.625,0,0
$CH,18.200,L1CD,12,1620,43.6,0.430617715,3148.406,51036.705,0,0
$CH,18.200,L1CD,13,1620,42.0,1.723375440,511.207,8233.441,0,0
$CH,18.200,L1CD,17,1620,43.7,4.200898300,166.350,2682.417,0,0
$CH,18.200,L1CD,19,1620,43.0,7.701033992,-724.082,-11739.893,0,0
$CH,18.200,L1CD,20,1620,42.9,4.149838519,3769.808,61083.681,0,0
$CH,18.200,L1CD,24,1620,42.4,3.974627061,84.819,1421.501,0,0
$CH,18.200,L1CD,28,1620,42.2,9.741374483,-2492.800,-40346.454,0,0
$TIME,2024,1,30,6,10,9.209651
$CH,18.300,L1CD,2,1630,43.5,8.847636172,-1169.519,-19046.328,0,0
$CH,18.300,L1CD,5,1630,43.5,7.336319119,2175.384,35522.600,0,0
$CH,18.300,L1CD,6,1630,43.8,7.167890395,-1039.454,-16911.590,0,0
$CH,18.300,L1CD,12,1630,43.6,0.430420756,3149.017,51351.576,0,0
$CH,18.300,L1CD,13,1630,42.0,1.723374517,511.248,8284.588,0,0
$CH,18.300,L1CD,17,1630,43.7,4.200875792,165.486,2699.033,0,0
$CH,18.300,L1CD,19,1630,43.0,7.701120137,-724.401,-11812.316,0,0
$CH,18.300,L1CD,20,1630,42.9,4.149593781,3769.462,61460.678,0,0
$CH,18.300,L1CD,24,1630,42.4,3.974626536,84.560,1429.954,0,0
$CH,18.300,L1CD,28,1630,42.2,9.741514776,-2492.628,-40595.735,0,0
$TIME,2024,1,30,6,10,9.239843
$CH,18.400,L1CD,2,1640,43.5,8.847678990,-1170.135,-19163.301,0,0
$CH,18.400,L1CD,5,1640,43.5,7.336169435,2174.834,35740.129,0,0
$CH,18.400,L1CD,6,1640,43.8,7.167927993,-1039.816,-17015.575,0,0
$CH,18.400,L1CD,12,1640,43.6,0.430226446,3148.164,51666.430,0,0
$CH,18.400,L1CD,13,1640,42.0,1.723373974,511.813,8335.726,0,0
$CH,18.400,L1CD,17,1640,43.7,4.200872828,165.805,2715.630,0,0
$CH,18.400,L1CD,19,1640,43.0,7.701133897,-724.353,-11884.755,0,0
$CH,18.400,L1CD,20,1640,42.9,4.149354654,3769.553,61837.645,0,0
$CH,18.400,L1CD,24,1640,42.4,3.974624228,83.948,1438.380,0,0
$CH,18.400,L1CD,28,1640,42.2,9.741674766,-2492.897,-40845.017,0,0
$TIME,2024,1,30,6,10,9.269958
$CH,18.500,L1CD,2,1650,43.5,8.847757817,-1169.549,-19280.276,0,0
$CH,18.500,L1CD,5,1650,43.5,7.336052933,2175.657,35957.655,0,0
$CH,18.500,L1CD,6,1650,43.8,7.167998566,-1040.100,-17119.550,0,0
$CH,18.500,L1CD,12,1650,43.6,0.430026673,3148.830,51981.280,0,0
$CH,18.500,L1CD,13,1650,42.0,1.723361328,511.449,8386.883,0,0
$CH,18.500,L1CD,17,1650,43.7,4.200871909,166.407,2732.236,0,0
$CH,18.500,L1CD,19,1650,43.0,7.701150076,-724.253,-11957.192,0,0
$CH,18.500,L1CD,20,1650,42.9,4.149111900,3769.461,62214.626,0,0
$CH,18.500,L1CD,24,1650,42.4,3.974622402,84.925,1446.800,0,0
$CH,18.500,L1CD,28,1650,42.2,9.741848339,-2493.453,-41094.305,0,0
$TIME,2024,1,30,6,10,9.309900
$CH,18.600,L1CD,2,1660,43.5,8.847869263,-1169.536,-19397.240,0,0
$CH,18.600,L1CD,5,1660,43.5,7.335889039,2175.230,36175.192,0,0
$CH,18.600,L1CD,6,1660,43.8,7.168101686,-1040.011,-17223.533,0,0
$CH,18.600,L1CD,12,1660,43.6,0.429826140,3148.562,52296.142,0,0
$CH,18.600,L1CD,13,1660,42.0,1.723331250,511.604,8438.035,0,0
$CH,18.600,L1CD,17,1660,43.7,4.200872685,165.697,2748.855,0,0
$CH,18.600,L1CD,19,1660,43.0,7.701187371,-724.523,-12029.619,0,0
$CH,18.600,L1CD,20,1660,42.9,4.148874576,3769.545,62591.618,0,0
$CH,18.600,L1CD,24,1660,42.4,3.974622583,83.937,1455.241,0,0
$CH,18.600,L1CD,28,1660,42.2,9.741988137,-2492.430,-41343.598,0,0
$TIME,2024,1,30,6,10,9.340179
$CH,18.700,L1CD,2,1670,43.5,8.847904838,-1169.561,-19514.221,0,0
$CH,18.700,L1CD,5,1670,43.5,7.335772724,2175.066,36392.698,0,0
$CH,18.700,L1CD,6,1670,43.8,7.168142883,-1040.261,-17327.527,0,0
$CH,18.700,L1CD,12,1670,43.6,0.429616133,3147.943,52610.982,0,0
$CH,18.700,L1CD,13,1670,42.0,1.723277919,511.216,8489.179,0,0
$CH,18.700,L1CD,17,1670,43.7,4.200876905,166.088,2765.452,0,0
$CH,18.700,L1CD,19,1670,43.0,7.701253840,-724.735,-12102.057,0,0
$CH,18.700,L1CD,20,1670,42.9,4.148631420,3770.153,62968.585,0,0
$CH,18.700,L1CD,24,1670,42.4,3.974626318,83.901,1463.645,0,0
$CH,18.700,L1CD,28,1670,42.2,9.742154456,-2493.183,-41592.903,0,0
$TIME,2024,1,30,6,10,9.370306
$CH,18.800,L1CD,2,1680,43.5,8.847970600,-1169.883,-19631.211,0,0
$CH,18.800,L1CD,5,1680,43.5,7.335618432,2174.696,36610.194,0,0
$CH,18.800,L1CD,6,1680,43.8,7.168185979,-1040.122,-17431.533,0,0
$CH,18.800,L1CD,12,1680,43.6,0.429418591,3148.456,52925.804,0,0
$CH,18.800,L1CD,13,1680,42.0,1.723214965,511.174,8540.325,0,0
$CH,18.800,L1CD,17,1680,43.7,4.200875395,166.112,2782.036,0,0
$CH,18.800,L1CD,19,1680,43.0,7.701336801,-724.584,-12174.506,0,0
$CH,18.800,L1CD,20,1680,42.9,4.148395256,3770.127,63345.537,0,0
$CH,18.800,L1CD,24,1680,42.4,3.974625758,84.305,1472.029,0,0
$CH,18.800,L1CD,28,1680,42.2,9.742312308,-2493.130,-41842.218,0,0
$TIME,2024,1,30,6,10,9.400286
$CH,18.900,L1CD,2,1690,43.5,8.848072819,-1170.336,-19748.202,0,0
$CH,18.900,L1CD,5,1690,43.5,7.335497308,2175.111,36827.693,0,0
$CH,18.900,L1CD,6,1690,43.8,7.168263969,-1040.184,-17535.540,0,0
$CH,18.900,L1CD,12,1690,43.6,0.429231823,3148.193,53240.638,0,0
$CH,18.900,L1CD,13,1690,42.0,1.723142662,512.125,8591.463,0,0
$CH,18.900,L1CD,17,1690,43.7,4.200874426,165.674,2798.634,0,0
$CH,18.900,L1CD,19,1690,43.0,7.701376595,-724.749,-12246.949,0,0
$CH,18.900,L1CD,20,1690,42.9,4.148158511,3768.941,63722.508,0,0
$CH,18.900,L1CD,24,1690,42.4,3.974622433,84.131,1480.433,0,0
$CH,18.900,L1CD,28,1690,42.2,9.742458730,-2492.782,-42091.534,0,0
$TIME,2024,1,30,6,10,9.438909
$CH,19.000,L1CD,2,1700,43.4,8.848145220,-1169.639,-19865.187,0,0
$CH,19.000,L1CD,5,1700,44.1,7.335348357,2174.979,37045.191,0,0
$CH,19.000,L1CD,6,1700,43.7,7.168368488,-1040.235,-17639.535,0,0
$CH,19.000,L1CD,12,1700,43.8,0.429034711,3148.532,53555.463,0,0
$CH,19.000,L1CD,13,1700,41.7,1.723126176,512.092,8642.624,0,0
$CH,19.000,L1CD,17,1700,43.2,4.200876280,166.313,2815.232,0,0
$CH,19.000,L1CD,19,1700,43.2,7.701382747,-724.516,-12319.389,0,0
$CH,19.000,L1CD,20,1700,42.8,4.147916905,3769.780,64099.472,0,0
$CH,19.000,L1CD,24,1700,42.2,3.974626263,84.213,1488.830,0,0
$CH,19.000,L1CD,28,1700,42.2,9.742633569,-2492.730,-42340.851,0,0
$TIME,2024,1,30,6,10,9.470425
$CH,19.100,L1CD,2,1710,43.4,8.848194614,-1170.183,-19982.157,0,0
$CH,19.100,L1CD,5,1710,44.1,7.335215298,2174.817,37262.693,0,0
$CH,19.100,L1CD,6,1710,43.7,7.168396518,-1039.931,-17743.533,0,0
$CH,19.100,L1CD,12,1710,43.8,0.428825126,3148.640,53870.307,0,0
$CH,19.100,L1CD,13,1710,41.7,1.723126181,511.813,8693.803,0,0
$CH,19.100,L1CD,17,1710,43.2,4.200873240,166.453,2831.848,0,0
$CH,19.100,L1CD,19,1710,43.2,7.701410579,-724.048,-12391.820,0,0
$CH,19.100,L1CD,20,1710,42.8,4.147680294,3770.211,64476.446,0,0
$CH,19.100,L1CD,24,1710,42.2,3.974623686,84.197,1497.227,0,0
$CH,19.100,L1CD,28,1710,42.2,9.742780294,-2492.780,-42590.147,0,0
$TIME,2024,1,30,6,10,9.500424
$CH,19.200,L1CD,2,1720,43.4,8.848283525,-1169.285,-20099.133,0,0
$CH,19.200,L1CD,5,1720,44.1,7.335076107,2174.860,37480.202,0,0
$CH,19.200,L1CD,6,1720,43.7,7.168446735,-1040.121,-17847.524,0,0
$CH,19.200,L1CD,12,1720,43.8,0.428616607,3148.687,54185.161,0,0
$CH,19.200,L1CD,13,1720,41.7,1.723120079,511.812,8744.986,0,0
$CH,19.200,L1CD,17,1720,43.2,4.200875975,166.028,2848.467,0,0
$CH,19.200,L1CD,19,1720,43.2,7.701463997,-724.532,-12464.240,0,0
$CH,19.200,L1CD,20,1720,42.8,4.147440364,3769.843,64853.440,0,0
$CH,19.200,L1CD,24,1720,42.2,3.974624060,83.948,1505.648,0,0
$CH,19.200,L1CD,28,1720,42.2,9.742939529,-2492.570,-42839.445,0,0
$TIME,2024,1,30,6,10,9.530526
$CH,19.300,L1CD,2,1730,43.4,8.848380563,-1170.211,-20216.104,0,0
$CH,19.300,L1CD,5,1730,44.1,7.334930529,2175.125,37697.695,0,0
$CH,19.300,L1CD,6,1730,43.7,7.168531784,-1040.195,-17951.521,0,0
$CH,19.300,L1CD,12,1730,43.8,0.428419298,3148.583,54499.999,0,0
$CH,19.300,L1CD,13,1730,41.7,1.723100596,511.446,8796.175,0,0
$CH,19.300,L1CD,17,1730,43.2,4.200877062,166.353,2865.079,0,0
$CH,19.300,L1CD,19,1730,43.2,7.701541403,-723.947,-12536.668,0,0
$CH,19.300,L1CD,20,1730,42.8,4.147201480,3769.795,65230.418,0,0
$CH,19.300,L1CD,24,1730,42.2,3.974624543,83.811,1514.037,0,0
$CH,19.300,L1CD,28,1730,42.2,9.743118150,-2493.588,-43088.751,0,0
$TIME,2024,1,30,6,10,9.560678
$CH,19.400,L1CD,2,1740,43.4,8.848419381,-1170.049,-20333.103,0,0
$CH,19.400,L1CD,5,1740,44.1,7.334804259,2174.988,37915.163,0,0
$CH,19.400,L1CD,6,1740,43.7,7.168630256,-1040.115,-18055.540,0,0
$CH,19.400,L1CD,12,1740,43.8,0.428233065,3148.212,54814.822,0,0
$CH,19.400,L1CD,13,1740,41.7,1.723059538,511.434,8847.335,0,0
$CH,19.400,L1CD,17,1740,43.2,4.200874692,165.770,2881.681,0,0
$CH,19.400,L1CD,19,1740,43.2,7.701626383,-724.883,-12609.107,0,0
$CH,19.400,L1CD,20,1740,42.8,4.146967828,3769.818,65607.372,0,0
$CH,19.400,L1CD,24,1740,42.2,3.974621304,83.603,1522.410,0,0
$CH,19.400,L1CD,28,1740,42.2,9.743253924,-2493.562,-43338.078,0,0
$TIME,2024,1,30,6,10,9.590682
$CH,19.500,L1CD,2,1750,43.4,8.848493922,-1170.064,-20450.103,0,0
$CH,19.500,L1CD,5,1750,44.1,7.334646317,2174.195,38132.644,0,0
$CH,19.500,L1CD,6,1750,43.7,7.168661176,-1040.140,-18159.558,0,0
$CH,19.500,L1CD,12,1750,43.8,0.428035958,3148.281,55129.637,0,0
$CH,19.500,L1CD,13,1750,41.7,1.723006304,511.655,8898.513,0,0
$CH,19.500,L1CD,17,1750,43.2,4.200874895,166.143,2898.284,0,0
$CH,19.500,L1CD,19,1750,43.2,7.701635605,-724.711,-12681.550,0,0
$CH,19.500,L1CD,20,1750,42.8,4.146727956,3769.522,65984.331,0,0
$CH,19.500,L1CD,24,1750,42.2,3.974621600,83.804,1530.791,0,0
$CH,19.500,L1CD,28,1750,42.2,9.743418617,-2493.242,-43587.410,0,0
$TIME,2024,1,30,6,10,9.620687
$CH,19.600,L1CD,2,1760,43.4,8.848603960,-1170.561,-20567.095,0,0
$CH,19.600,L1CD,5,1760,44.1,7.334529679,2174.488,38350.097,0,0
$CH,19.600,L1CD,6,1760,43.7,7.168719892,-1040.325,-18263.585,0,0
$CH,19.600,L1CD,12,1760,43.8,0.427827250,3147.863,55444.448,0,0
$CH,19.600,L1CD,13,1760,41.7,1.722937997,511.219,8949.686,0,0
$CH,19.600,L1CD,17,1760,43.2,4.200874036,166.261,2914.869,0,0
$CH,19.600,L1CD,19,1760,43.2,7.701650429,-724.717,-12753.991,0,0
$CH,19.600,L1CD,20,1760,42.8,4.146492586,3769.548,66361.286,0,0
$CH,19.600,L1CD,24,1760,42.2,3.974616902,83.575,1539.156,0,0
$CH,19.600,L1CD,28,1760,42.2,9.743585103,-2493.458,-43836.750,0,0
$TIME,2024,1,30,6,10,9.651011
$CH,19.700,L1CD,2,1770,43.4,8.848655032,-1169.776,-20684.104,0,0
$CH,19.700,L1CD,5,1770,44.1,7.334368671,2174.135,38567.555,0,0
$CH,19.700,L1CD,6,1770,43.7,7.168815346,-1040.319,-18367.612,0,0
$CH,19.700,L1CD,12,1770,43.8,0.427618468,3148.097,55759.266,0,0
$CH,19.700,L1CD,13,1770,41.7,1.722872718,511.909,9000.864,0,0
$CH,19.700,L1CD,17,1770,43.2,4.200873307,166.361,2931.477,0,0
$CH,19.700,L1CD,19,1770,43.2,7.701690958,-723.815,-12826.439,0,0
$CH,19.700,L1CD,20,1770,42.8,4.146253902,3769.757,66738.246,0,0
$CH,19.700,L1CD,24,1770,42.2,3.974609815,83.935,1547.521,0,0
$CH,19.700,L1CD,28,1770,42.2,9.743732641,-2492.939,-44086.082,0,0
$TIME,2024,1,30,6,10,9.690912
$CH,19.800,L1CD,2,1780,43.4,8.848717311,-1170.130,-20801.080,0,0
$CH,19.800,L1CD,5,1780,44.1,7.334250492,2174.806,38785.031,0,0
$CH,19.800,L1CD,6,1780,43.7,7.168889142,-1040.193,-18471.619,0,0
$CH,19.800,L1CD,12,1780,43.8,0.427420857,3148.338,56074.103,0,0
$CH,19.800,L1CD,13,1780,41.7,1.722873428,512.045,9052.074,0,0
$CH,19.800,L1CD,17,1780,43.2,4.200869346,166.091,2948.110,0,0
$CH,19.800,L1CD,19,1780,43.2,7.701756293,-724.082,-12898.850,0,0
$CH,19.800,L1CD,20,1780,42.8,4.146016963,3769.838,67115.226,0,0
$CH,19.800,L1CD,24,1780,42.2,3.974600069,84.121,1555.904,0,0
$CH,19.800,L1CD,28,1780,42.2,9.743897572,-2492.856,-44335.395,0,0
$TIME,2024,1,30,6,10,9.721024
$CH,19.900,L1CD,2,1790,43.4,8.848818444,-1169.699,-20918.068,0,0
$CH,19.900,L1CD,5,1790,44.1,7.334100523,2174.703,39002.495,0,0
$CH,19.900,L1CD,6,1790,43.7,7.168921777,-1040.515,-18575.633,0,0
$CH,19.900,L1CD,12,1790,43.8,0.427227201,3148.315,56388.924,0,0
$CH,19.900,L1CD,13,1790,41.7,1.722876005,512.098,9103.276,0,0
$CH,19.900,L1CD,17,1790,43.2,4.200860633,166.029,2964.725,0,0
$CH,19.900,L1CD,19,1790,43.2,7.701841424,-724.295,-12971.277,0,0
$CH,19.900,L1CD,20,1790,42.8,4.145774190,3769.666,67492.191,0,0
$CH,19.900,L1CD,24,1790,42.2,3.974585761,83.643,1564.280,0,0
$CH,19.900,L1CD,28,1790,42.2,9.744052144,-2493.482,-44584.720,0,0
$TIME,2024,1,30,6,10,9.751268
$CH,20.000,L1CD,2,1800,43.3,8.848893639,-1170.303,-21035.057,0,0
$CH,20.000,L1CD,5,1800,43.8,7.333968885,2174.578,39219.956,0,0
$CH,20.000,L1CD,6,1800,43.3,7.168989242,-1040.295,-18679.654,0,0
$CH,20.000,L1CD,12,1800,44.0,0.427029639,3148.345,56703.747,0,0
$CH,20.000,L1CD,13,1800,41.9,1.722862864,511.961,9154.488,0,0
$CH,20.000,L1CD,17,1800,43.0,4.200848314,166.087,2981.337,0,0
$CH,20.000,L1CD,19,1800,43.2,7.701878207,-724.007,-13043.701,0,0
$CH,20.000,L1CD,20,1800,42.9,4.145534994,3770.136,67869.159,0,0
$CH,20.000,L1CD,24,1800,42.7,3.974571147,83.384,1572.644,0,0
$CH,20.000,L1CD,28,1800,42.1,9.744199843,-2493.630,-44834.049,0,0
$TIME,2024,1,30,6,10,9.781265
$CH,20.100,L1CD,2,1810,43.3,8.848939574,-1169.669,-21152.061,0,0
$CH,20.100,L1CD,5,1810,43.8,7.333829699,2174.304,39437.400,0,0
$CH,20.100,L1CD,6,1810,43.3,7.169086909,-1039.882,-18783.693,0,0
$CH,20.100,L1CD,12,1810,44.0,0.426823175,3147.737,57018.557,0,0
$CH,20.100,L1CD,13,1810,41.9,1.722835520,511.971,9205.685,0,0
$CH,20.100,L1CD,17,1810,43.0,4.200827282,166.056,2997.938,0,0
$CH,20.100,L1CD,19,1810,43.2,7.701885737,-724.010,-13116.140,0,0
$CH,20.100,L1CD,20,1810,42.9,4.145293874,3769.694,68246.121,0,0
$CH,20.100,L1CD,24,1810,42.7,3.974552160,83.688,1580.994,0,0
$CH,20.100,L1CD,28,1810,42.1,9.744372922,-2493.318,-45083.392,0,0
$TIME,2024,1,30,6,10,9.811268
$CH,20.200,L1CD,2,1820,43.3,8.849025879,-1170.080,-21269.049,0,0
$CH,20.200,L1CD,5,1820,43.8,7.333685507,2174.577,39654.850,0,0
$CH,20.200,L1CD,6,1820,43.3,7.169138785,-1040.159,-18887.712,0,0
$CH,20.200,L1CD,12,1820,44.0,0.426614394,3148.247,57333.377,0,0
$CH,20.200,L1CD,13,1820,41.9,1.722791579,513.027,9256.897,0,0
$CH,20.200,L1CD,17,1820,43.0,4.200799213,166.405,3014.558,0,0
$CH,20.200,L1CD,19,1820,43.2,7.701913764,-724.115,-13188.556,0,0
$CH,20.200,L1CD,20,1820,42.9,4.145057238,3769.883,68623.090,0,0
$CH,20.200,L1CD,24,1820,42.7,3.974532397,84.071,1589.352,0,0
$CH,20.200,L1CD,28,1820,42.1,9.744516796,-2493.119,-45332.731,0,0
$TIME,2024,1,30,6,10,9.851499
$CH,20.300,L1CD,2,1830,43.3,8.849129038,-1169.602,-21386.044,0,0
$CH,20.300,L1CD,5,1830,43.8,7.333560630,2174.498,39872.296,0,0
$CH,20.300,L1CD,6,1830,43.3,7.169177992,-1040.565,-18991.731,0,0
$CH,20.300,L1CD,12,1830,44.0,0.426419179,3148.143,57648.192,0,0
$CH,20.300,L1CD,13,1830,41.9,1.722733225,511.761,9308.132,0,0
$CH,20.300,L1CD,17,1830,43.0,4.200767114,165.933,3031.195,0,0
$CH,20.300,L1CD,19,1830,43.2,7.701970509,-724.001,-13260.971,0,0
$CH,20.300,L1CD,20,1830,42.9,4.144813364,3769.219,69000.060,0,0
$CH,20.300,L1CD,24,1830,42.7,3.974508748,83.033,1597.718,0,0
$CH,20.300,L1CD,28,1830,42.1,9.744674437,-2492.970,-45582.066,0,0
$TIME,2024,1,30,6,10,9.881600
$CH,20.400,L1CD,2,1840,43.3,8.849164196,-1170.262,-21503.041,0,0
$CH,20.400,L1CD,5,1840,43.8,7.333407138,2174.331,40089.725,0,0
$CH,20.400,L1CD,6,1840,43.3,7.169251919,-1040.546,-19095.775,0,0
$CH,20.400,L1CD,12,1840,44.0,0.426232622,3148.019,57962.995,0,0
$CH,20.400,L1CD,13,1840,41.9,1.722663647,511.441,9359.341,0,0
$CH,20.400,L1CD,17,1840,43.0,4.200727274,165.548,3047.799,0,0
$CH,20.400,L1CD,19,1840,43.2,7.702047232,-724.349,-13333.407,0,0
$CH,20.400,L1CD,20,1840,42.9,4.144573089,3769.115,69377.015,0,0
$CH,20.400,L1CD,24,1840,42.7,3.974481394,83.146,1606.056,0,0
$CH,20.400,L1CD,28,1840,42.1,9.744850878,-2493.816,-45831.417,0,0
$TIME,2024,1,30,6,10,9.911547
$CH,20.500,L1CD,2,1850,43.3,8.849236489,-1170.543,-21620.064,0,0
$CH,20.500,L1CD,5,1850,43.8,7.333289982,2174.392,40307.141,0,0
$CH,20.500,L1CD,6,1850,43.3,7.169355986,-1040.789,-19199.837,0,0
$CH,20.500,L1CD,12,1850,44.0,0.426036528,3148.192,58277.783,0,0
$CH,20.500,L1CD,13,1850,41.9,1.722624451,512.512,9410.541,0,0
$CH,20.500,L1CD,17,1850,43.0,4.200683937,165.851,3064.388,0,0
$CH,20.500,L1CD,19,1850,43.2,7.702125328,-724.529,-13405.851,0,0
$CH,20.500,L1CD,20,1850,42.9,4.144333339,3769.505,69753.956,0,0
$CH,20.500,L1CD,24,1850,42.7,3.974451381,83.284,1614.378,0,0
$CH,20.500,L1CD,28,1850,42.1,9.744991121,-2493.859,-46080.783,0,0
$TIME,2024,1,30,6,10,9.941828
$CH,20.600,L1CD,2,1860,43.3,8.849345449,-1170.141,-21737.080,0,0
$CH,20.600,L1CD,5,1860,43.8,7.333125208,2174.377,40524.551,0,0
$CH,20.600,L1CD,6,1860,43.3,7.169397041,-1040.356,-19303.891,0,0
$CH,20.600,L1CD,12,1860,44.0,0.425828456,3148.111,58592.575,0,0
$CH,20.600,L1CD,13,1860,41.9,1.722626587,512.025,9461.752,0,0
$CH,20.600,L1CD,17,1860,43.0,4.200634814,166.091,3080.992,0,0
$CH,20.600,L1CD,19,1860,43.2,7.702130870,-723.745,-13478.298,0,0
$CH,20.600,L1CD,20,1860,42.9,4.144091527,3769.390,70130.896,0,0
$CH,20.600,L1CD,24,1860,42.7,3.974419677,83.171,1622.698,0,0
$CH,20.600,L1CD,28,1860,42.1,9.745157788,-2493.168,-46330.146,0,0
$TIME,2024,1,30,6,10,9.981837
$CH,20.700,L1CD,2,1870,43.3,8.849397811,-1170.009,-21854.099,0,0
$CH,20.700,L1CD,5,1870,43.8,7.333008294,2173.956,40741.957,0,0
$CH,20.700,L1CD,6,1870,43.3,7.169442447,-1040.705,-19407.935,0,0
$CH,20.700,L1CD,12,1870,44.0,0.425619134,3147.846,58907.361,0,0
$CH,20.700,L1CD,13,1870,41.9,1.722624403,511.938,9512.968,0,0
$CH,20.700,L1CD,17,1870,43.0,4.200625301,165.958,3097.602,0,0
$CH,20.700,L1CD,19,1870,43.2,7.702149027,-724.138,-13550.737,0,0
$CH,20.700,L1CD,20,1870,42.9,4.143851635,3768.995,70507.847,0,0
$CH,20.700,L1CD,24,1870,42.7,3.974384141,82.658,1631.022,0,0
$CH,20.700,L1CD,28,1870,42.1,9.745320637,-2493.562,-46579.510,0,0
$TIME,2024,1,30,6,10,10.011951
$CH,20.800,L1CD,2,1880,43.3,8.849454229,-1170.175,-21971.112,0,0
$CH,20.800,L1CD,5,1880,43.8,7.332852594,2173.602,40959.369,0,0
$CH,20.800,L1CD,6,1880,43.3,7.169523899,-1040.916,-19511.997,0,0
$CH,20.800,L1CD,12,1880,44.0,0.425420562,3147.635,59222.152,0,0
$CH,20.800,L1CD,13,1880,41.9,1.722608591,512.195,9564.194,0,0
$CH,20.800,L1CD,17,1880,43.0,4.200623341,166.097,3114.199,0,0
$CH,20.800,L1CD,19,1880,43.2,7.702193032,-724.335,-13623.174,0,0
$CH,20.800,L1CD,20,1880,42.9,4.143606960,3769.605,70884.789,0,0
$CH,20.800,L1CD,24,1880,42.7,3.974375881,83.135,1639.343,0,0
$CH,20.800,L1CD,28,1880,42.1,9.745459910,-2494.134,-46828.878,0,0
$TIME,2024,1,30,6,10,10.042158
$CH,20.900,L1CD,2,1890,43.3,8.849548593,-1170.889,-22088.134,0,0
$CH,20.900,L1CD,5,1890,43.8,7.332727587,2174.197,41176.759,0,0
$CH,20.900,L1CD,6,1890,43.3,7.169628358,-1040.337,-19616.063,0,0
$CH,20.900,L1CD,12,1890,44.0,0.425226061,3147.820,59536.928,0,0
$CH,20.900,L1CD,13,1890,41.9,1.722578122,512.329,9615.415,0,0
$CH,20.900,L1CD,17,1890,43.0,4.200623646,165.683,3130.808,0,0
$CH,20.900,L1CD,19,1890,43.2,7.702258777,-724.319,-13695.605,0,0
$CH,20.900,L1CD,20,1890,42.9,4.143368848,3769.520,71261.733,0,0
$CH,20.900,L1CD,24,1890,42.7,3.974374242,82.839,1647.649,0,0
$CH,20.900,L1CD,28,1890,42.1,9.745638916,-2493.807,-47078.255,0,0
$TIME,2024,1,30,6,10,10.072261
$CH,21.000,L1CD,2,1900,43.3,8.849632125,-1169.829,-22205.150,0,0
$CH,21.000,L1CD,5,1900,43.6,7.332586955,2174.058,41394.162,0,0
$CH,21.000,L1CD,6,1900,43.2,7.169656384,-1040.597,-19720.119,0,0
$CH,21.000,L1CD,12,1900,43.8,0.425030694,3148.405,59851.722,0,0
$CH,21.000,L1CD,13,1900,41.9,1.722532209,512.540,9666.660,0,0
$CH,21.000,L1CD,17,1900,43.0,4.200624584,166.545,3147.413,0,0
$CH,21.000,L1CD,19,1900,43.1,7.702345102,-724.477,-13768.035,0,0
$CH,21.000,L1CD,20,1900,43.0,4.143123209,3770.012,71638.680,0,0
$CH,21.000,L1CD,24,1900,43.1,3.974376634,82.115,1655.971,0,0
$CH,21.000,L1CD,28,1900,42.2,9.745785780,-2493.034,-47327.623,0,0
$TIME,2024,1,30,6,10,10.102302
$CH,21.100,L1CD,2,1910,43.3,8.849676423,-1170.349,-22322.149,0,0
$CH,21.100,L1CD,5,1910,43.6,7.332446826,2173.986,41611.576,0,0
$CH,21.100,L1CD,6,1910,43.2,7.169707562,-1040.789,-19824.167,0,0
$CH,21.100,L1CD,12,1910,43.8,0.424828553,3147.955,60166.533,0,0
$CH,21.100,L1CD,13,1910,41.9,1.722468215,512.330,9717.908,0,0
$CH,21.100,L1CD,17,1910,43.0,4.200626721,166.358,3164.050,0,0
$CH,21.100,L1CD,19,1910,43.1,7.702376211,-724.312,-13840.453,0,0
$CH,21.100,L1CD,20,1910,43.0,4.142881418,3769.013,72015.646,0,0
$CH,21.100,L1CD,24,1910,43.1,3.974371876,83.068,1664.294,0,0
$CH,21.100,L1CD,28,1910,42.2,9.745940261,-2493.315,-47576.982,0,0
$TIME,2024,1,30,6,10,10.132263
$CH,21.200,L1CD,2,1920,43.3,8.849759528,-1170.653,-22439.172,0,0
$CH,21.200,L1CD,5,1920,43.6,7.332313090,2173.952,41828.955,0,0
$CH,21.200,L1CD,6,1920,43.2,7.169796377,-1040.182,-19928.235,0,0
$CH,21.200,L1CD,12,1920,43.8,0.424620417,3147.736,60481.300,0,0
$CH,21.200,L1CD,13,1920,41.9,1.722396803,511.980,9769.147,0,0
$CH,21.200,L1CD,17,1920,43.0,4.200623030,166.051,3180.656,0,0
$CH,21.200,L1CD,19,1920,43.1,7.702385468,-724.632,-13912.883,0,0
$CH,21.200,L1CD,20,1920,43.0,4.142643751,3769.266,72392.590,0,0
$CH,21.200,L1CD,24,1920,43.1,3.974373525,82.955,1672.596,0,0
$CH,21.200,L1CD,28,1920,42.2,9.746121152,-2494.046,-47826.352,0,0
$TIME,2024,1,30,6,10,10.162416
$CH,21.300,L1CD,2,1930,43.3,8.849874707,-1170.132,-22556.193,0,0
$CH,21.300,L1CD,5,1930,43.6,7.332161115,2174.301,42046.339,0,0
$CH,21.300,L1CD,6,1930,43.2,7.169879318,-1040.490,-20032.304,0,0
$CH,21.300,L1CD,12,1930,43.8,0.424426377,3147.754,60796.080,0,0
$CH,21.300,L1CD,13,1930,41.9,1.722378444,512.713,9820.386,0,0
$CH,21.300,L1CD,17,1930,43.0,4.200624175,165.757,3197.256,0,0
$CH,21.300,L1CD,19,1930,43.1,7.702419639,-724.346,-13985.322,0,0
$CH,21.300,L1CD,20,1930,43.0,4.142408217,3769.355,72769.528,0,0
$CH,21.300,L1CD,24,1930,43.1,3.974375982,83.670,1680.887,0,0
$CH,21.300,L1CD,28,1930,42.2,9.746260419,-2493.495,-48075.739,0,0
$TIME,2024,1,30,6,10,10.202323
$CH,21.400,L1CD,2,1940,43.3,8.849913627,-1170.052,-22673.223,0,0
$CH,21.400,L1CD,5,1940,43.6,7.332042316,2173.642,42263.708,0,0
$CH,21.400,L1CD,6,1940,43.2,7.169908972,-1040.908,-20136.379,0,0
$CH,21.400,L1CD,12,1940,43.8,0.424232963,3147.816,61110.862,0,0
$CH,21.400,L1CD,13,1940,41.9,1.722373254,512.614,9871.635,0,0
$CH,21.400,L1CD,17,1940,43.0,4.200625912,166.032,3213.864,0,0
$CH,21.400,L1CD,19,1940,43.1,7.702478066,-724.768,-14057.752,0,0
$CH,21.400,L1CD,20,1940,43.0,4.142170598,3769.628,73146.470,0,0
$CH,21.400,L1CD,24,1940,43.1,3.974377126,82.662,1689.179,0,0
$CH,21.400,L1CD,28,1940,42.2,9.746424681,-2494.377,-48325.125,0,0
$TIME,2024,1,30,6,10,10.232412
$CH,21.500,L1CD,2,1950,43.3,8.849982236,-1170.102,-22790.232,0,0
$CH,21.500,L1CD,5,1950,43.6,7.331880182,2174.243,42481.099,0,0
$CH,21.500,L1CD,6,1950,43.2,7.169966653,-1040.557,-20240.445,0,0
$CH,21.500,L1CD,12,1950,43.8,0.424036725,3148.017,61425.643,0,0
$CH,21.500,L1CD,13,1950,41.9,1.722368731,512.770,9922.889,0,0
$CH,21.500,L1CD,17,1950,43.0,4.200626960,165.745,3230.501,0,0
$CH,21.500,L1CD,19,1950,43.1,7.702558696,-724.263,-14130.178,0,0
$CH,21.500,L1CD,20,1950,43.0,4.141935660,3769.607,73523.424,0,0
$CH,21.500,L1CD,24,1950,43.1,3.974374222,83.136,1697.487,0,0
$CH,21.500,L1CD,28,1950,42.2,9.746590430,-2493.989,-48574.495,0,0
$TIME,2024,1,30,6,10,10.453128
$CH,21.600,L1CD,2,1960,43.3,8.850086271,-1170.645,-22907.256,0,0
$CH,21.600,L1CD,5,1960,43.6,7.331766407,2173.989,42698.472,0,0
$CH,21.600,L1CD,6,1960,43.2,7.170064779,-1040.612,-20344.518,0,0
$CH,21.600,L1CD,12,1960,43.8,0.423828648,3147.774,61740.419,0,0
$CH,21.600,L1CD,13,1960,41.9,1.722346043,512.764,9974.155,0,0
$CH,21.600,L1CD,17,1960,43.0,4.200626121,166.455,3247.108,0,0
$CH,21.600,L1CD,19,1960,43.1,7.702627466,-724.271,-14202.602,0,0
$CH,21.600,L1CD,20,1960,43.0,4.141694944,3769.595,73900.365,0,0
$CH,21.600,L1CD,24,1960,43.1,3.974375751,83.683,1705.779,0,0
$CH,21.600,L1CD,28,1960,42.2,9.746729230,-2494.105,-48823.879,0,0
$TIME,2024,1,30,6,10,10.673817
$CH,21.700,L1CD,2,1970,43.3,8.850144683,-1170.522,-23024.276,0,0
$CH,21.700,L1CD,5,1970,43.6,7.331613325,2173.504,42915.849,0,0
$CH,21.700,L1CD,6,1970,43.2,7.170133759,-1040.863,-20448.589,0,0
$CH,21.700,L1CD,12,1970,43.8,0.423621794,3147.528,62055.199,0,0
$CH,21.700,L1CD,13,1970,41.9,1.722306782,512.761,10025.425,0,0
$CH,21.700,L1CD,17,1970,43.0,4.200625365,166.421,3263.730,0,0
$CH,21.700,L1CD,19,1970,43.1,7.702632857,-724.427,-14275.027,0,0
$CH,21.700,L1CD,20,1970,43.0,4.141458610,3769.437,74277.315,0,0
$CH,21.700,L1CD,24,1970,43.1,3.974375154,83.204,1714.061,0,0
$CH,21.700,L1CD,28,1970,42.2,9.746898055,-2493.978,-49073.262,0,0
$TIME,2024,1,30,6,10,10.904462
$CH,21.800,L1CD,2,1980,43.3,8.850200629,-1170.297,-23141.294,0,0
$CH,21.800,L1CD,5,1980,43.6,7.331491653,2173.947,43133.211,0,0
$CH,21.800,L1CD,6,1980,43.2,7.170168046,-1040.595,-20552.664,0,0
$CH,21.800,L1CD,12,1980,43.8,0.423425373,3147.655,62369.981,0,0
$CH,21.800,L1CD,13,1980,41.9,1.722251936,512.790,10076.704,0,0
$CH,21.800,L1CD,17,1980,43.0,4.200624744,165.947,3280.361,0,0
$CH,21.800,L1CD,19,1980,43.1,7.702657990,-724.635,-14347.440,0,0
$CH,21.800,L1CD,20,1980,43.0,4.141219433,3769.790,74654.266,0,0
$CH,21.800,L1CD,24,1980,43.1,3.974376390,82.375,1722.355,0,0
$CH,21.800,L1CD,28,1980,42.2,9.747055727,-2494.164,-49322.650,0,0
$TIME,2024,1,30,6,10,11.125621
$CH,21.900,L1CD,2,1990,43.3,8.850298349,-1170.535,-23258.327,0,0
$CH,21.900,L1CD,5,1990,43.6,7.331349204,2173.535,43350.567,0,0
$CH,21.900,L1CD,6,1990,43.2,7.170237751,-1041.003,-20656.748,0,0
$CH,21.900,L1CD,12,1990,43.8,0.423230667,3147.595,62684.739,0,0
$CH,21.900,L1CD,13,1990,41.9,1.722182543,512.967,10127.967,0,0
$CH,21.900,L1CD,17,1990,43.0,4.200626276,166.046,3296.964,0,0
$CH,21.900,L1CD,19,1990,43.1,7.702704185,-724.225,-14419.879,0,0
$CH,21.900,L1CD,20,1990,43.0,4.140982943,3769.139,75031.196,0,0
$CH,21.900,L1CD,24,1990,43.1,3.974376450,82.618,1730.627,0,0
$CH,21.900,L1CD,28,1990,42.2,9.747203083,-2494.382,-49572.047,0,0
$LOG,22.000,L1CD,4,SIGNAL NOT FOUND (32.1)
$TIME,2024,1,30,6,10,11.885806
$CH,22.000,L1CD,2,2000,43.4,8.850388265,-1169.739,-23375.362,0,0
$CH,22.000,L1CD,5,2000,43.6,7.331216111,2173.220,43567.915,0,0
$CH,22.000,L1CD,6,2000,43.3,7.170339332,-1041.035,-20760.840,0,0
$CH,22.000,L1CD,12,2000,43.3,0.423035014,3147.689,62999.498,0,0
$CH,22.000,L1CD,13,2000,41.9,1.722124663,513.185,10179.228,0,0
$CH,22.000,L1CD,17,2000,42.8,4.200623183,166.392,3313.581,0,0
$CH,22.000,L1CD,19,2000,42.9,7.702775175,-724.437,-14492.310,0,0
$CH,22.000,L1CD,20,2000,43.1,4.140742424,3769.389,75408.125,0,0
$CH,22.000,L1CD,24,2000,42.4,3.974378345,83.243,1738.891,0,0
$CH,22.000,L1CD,28,2000,41.7,9.747382664,-2494.657,-49821.445,0,0
$TIME,2024,1,30,6,10,12.126373
$CH,22.100,L1CD,2,2010,43.4,8.850428431,-1170.393,-23492.398,0,0
$CH,22.100,L1CD,5,2010,43.6,7.331076847,2173.351,43785.253,0,0
$CH,22.100,L1CD,6,2010,43.3,7.170388381,-1041.153,-20864.933,0,0
$CH,22.100,L1CD,12,2010,43.3,0.422828551,3147.696,63314.256,0,0
$CH,22.100,L1CD,13,2010,41.9,1.722123093,512.738,10230.505,0,0
$CH,22.100,L1CD,17,2010,42.8,4.200624181,166.445,3330.190,0,0
$CH,22.100,L1CD,19,2010,42.9,7.702860531,-724.324,-14564.744,0,0
$CH,22.100,L1CD,20,2010,43.1,4.140503589,3769.105,75785.068,0,0
$CH,22.100,L1CD,24,2010,42.4,3.974374587,83.216,1747.156,0,0
$CH,22.100,L1CD,28,2010,41.7,9.747529869,-2494.323,-50070.861,0,0
$TIME,2024,1,30,6,10,12.406699
$CH,22.200,L1CD,2,2020,43.4,8.850507530,-1170.712,-23609.422,0,0
$CH,22.200,L1CD,5,2020,43.6,7.330931377,2173.064,44002.599,0,0
$CH,22.200,L1CD,6,2020,43.3,7.170427817,-1040.569,-20969.028,0,0
$CH,22.200,L1CD,12,2020,43.3,0.422620495,3147.269,63629.026,0,0
$CH,22.200,L1CD,13,2020,41.9,1.722127366,513.023,10281.790,0,0
$CH,22.200,L1CD,17,2020,42.8,4.200621055,166.262,3346.808,0,0
$CH,22.200,L1CD,19,2020,42.9,7.702882131,-724.571,-14637.170,0,0
$CH,22.200,L1CD,20,2020,43.1,4.140266527,3769.147,76162.003,0,0
$CH,22.200,L1CD,24,2020,42.4,3.974371538,82.163,1755.427,0,0
$CH,22.200,L1CD,28,2020,41.7,9.747688709,-2494.050,-50320.261,0,0
$TIME,2024,1,30,6,10,12.627239
$CH,22.300,L1CD,2,2030,43.4,8.850619986,-1170.352,-23726.461,0,0
$CH,22.300,L1CD,5,2030,43.6,7.330805660,2173.150,44219.928,0,0
$CH,22.300,L1CD,6,2030,43.3,7.170505406,-1040.931,-21073.122,0,0
$CH,22.300,L1CD,12,2030,43.3,0.422427401,3146.863,63943.776,0,0
$CH,22.300,L1CD,13,2030,41.9,1.722117194,512.955,10333.073,0,0
$CH,22.300,L1CD,17,2030,42.8,4.200609754,166.186,3363.425,0,0
$CH,22.300,L1CD,19,2030,42.9,7.702893960,-723.795,-14709.606,0,0
$CH,22.300,L1CD,20,2030,43.1,4.140027056,3769.152,76538.936,0,0
$CH,22.300,L1CD,24,2030,42.4,3.974377529,82.696,1763.680,0,0
$CH,22.300,L1CD,28,2030,41.7,9.747865268,-2493.977,-50569.667,0,0
$TIME,2024,1,30,6,10,12.857791
$CH,22.400,L1CD,2,2040,43.4,8.850658973,-1170.284,-23843.517,0,0
$CH,22.400,L1CD,5,2040,43.6,7.330645484,2172.970,44437.241,0,0
$CH,22.400,L1CD,6,2040,43.3,7.170607173,-1041.181,-21177.245,0,0
$CH,22.400,L1CD,12,2040,43.3,0.422235169,3147.628,64258.514,0,0
$CH,22.400,L1CD,13,2040,41.9,1.722089616,512.833,10384.339,0,0
$CH,22.400,L1CD,17,2040,42.8,4.200594614,165.911,3380.022,0,0
$CH,22.400,L1CD,19,2040,42.9,7.702930425,-724.266,-14782.045,0,0
$CH,22.400,L1CD,20,2040,43.1,4.139789967,3769.591,76915.844,0,0
$CH,22.400,L1CD,24,2040,42.4,3.974376471,82.656,1771.911,0,0
$CH,22.400,L1CD,28,2040,41.7,9.748001783,-2494.376,-50819.093,0,0
$TIME,2024,1,30,6,10,13.088230
$CH,22.500,L1CD,2,2050,43.4,8.850722990,-1170.043,-23960.553,0,0
$CH,22.500,L1CD,5,2050,43.6,7.330529792,2173.307,44654.569,0,0
$CH,22.500,L1CD,6,2050,43.3,7.170649168,-1040.885,-21281.339,0,0
$CH,22.500,L1CD,12,2050,43.3,0.422040477,3147.737,64573.266,0,0
$CH,22.500,L1CD,13,2050,41.9,1.722047856,512.749,10435.635,0,0
$CH,22.500,L1CD,17,2050,42.8,4.200575933,166.342,3396.642,0,0
$CH,22.500,L1CD,19,2050,42.9,7.702992322,-724.123,-14854.468,0,0
$CH,22.500,L1CD,20,2050,43.1,4.139549895,3768.987,77292.786,0,0
$CH,22.500,L1CD,24,2050,42.4,3.974375514,82.474,1780.175,0,0
$CH,22.500,L1CD,28,2050,41.7,9.748163515,-2494.168,-51068.507,0,0
$TIME,2024,1,30,6,10,13.308659
$CH,22.600,L1CD,2,2060,43.4,8.850828597,-1170.346,-24077.584,0,0
$CH,22.600,L1CD,5,2060,43.6,7.330369976,2173.367,44871.895,0,0
$CH,22.600,L1CD,6,2060,43.3,7.170696014,-1040.948,-21385.441,0,0
$CH,22.600,L1CD,12,2060,43.3,0.421834934,3147.011,64888.025,0,0
$CH,22.600,L1CD,13,2060,41.9,1.721988584,513.223,10486.946,0,0
$CH,22.600,L1CD,17,2060,42.8,4.200549086,166.172,3413.272,0,0
$CH,22.600,L1CD,19,2060,42.9,7.703075430,-724.572,-14926.885,0,0
$CH,22.600,L1CD,20,2060,43.1,4.139313509,3769.268,77669.725,0,0
$CH,22.600,L1CD,24,2060,42.4,3.974375239,82.898,1788.425,0,0
$CH,22.600,L1CD,28,2060,41.7,9.748329807,-2494.436,-51317.914,0,0
$TIME,2024,1,30,6,10,13.539115
$CH,22.700,L1CD,2,2070,43.4,8.850893861,-1170.559,-24194.622,0,0
$CH,22.700,L1CD,5,2070,43.6,7.330250956,2173.155,45089.217,0,0
$CH,22.700,L1CD,6,2070,43.3,7.170783607,-1040.820,-21489.541,0,0
$CH,22.700,L1CD,12,2070,43.3,0.421627563,3147.763,65202.783,0,0
$CH,22.700,L1CD,13,2070,41.9,1.721916891,512.729,10538.246,0,0
$CH,22.700,L1CD,17,2070,42.8,4.200514926,166.228,3429.893,0,0
$CH,22.700,L1CD,19,2070,42.9,7.703131320,-724.302,-14999.307,0,0
$CH,22.700,L1CD,20,2070,43.1,4.139072926,3769.345,78046.664,0,0
$CH,22.700,L1CD,24,2070,42.4,3.974375286,82.595,1796.671,0,0
$CH,22.700,L1CD,28,2070,41.7,9.748475292,-2494.581,-51567.332,0,0
$TIME,2024,1,30,6,10,13.759773
$CH,22.800,L1CD,2,2080,43.4,8.850944905,-1170.356,-24311.677,0,0
$CH,22.800,L1CD,5,2080,43.6,7.330101762,2172.950,45306.520,0,0
$CH,22.800,L1CD,6,2080,43.3,7.170875759,-1041.150,-21593.656,0,0
$CH,22.800,L1CD,12,2080,43.3,0.421432737,3147.182,65517.517,0,0
$CH,22.800,L1CD,13,2080,41.9,1.721871601,512.516,10589.538,0,0
$CH,22.800,L1CD,17,2080,42.8,4.200474812,166.667,3446.500,0,0
$CH,22.800,L1CD,19,2080,42.9,7.703141871,-724.240,-15071.746,0,0
$CH,22.800,L1CD,20,2080,43.1,4.138833060,3769.038,78423.576,0,0
$CH,22.800,L1CD,24,2080,42.4,3.974376055,82.424,1804.893,0,0
$CH,22.800,L1CD,28,2080,41.7,9.748646951,-2493.777,-51816.764,0,0
$TIME,2024,1,30,6,10,13.990222
$CH,22.900,L1CD,2,2090,43.4,8.851034225,-1170.045,-24428.733,0,0
$CH,22.900,L1CD,5,2090,43.6,7.329971391,2172.937,45523.815,0,0
$CH,22.900,L1CD,6,2090,43.3,7.170903227,-1041.169,-21697.785,0,0
$CH,22.900,L1CD,12,2090,43.3,0.421237096,3147.359,65832.244,0,0
$CH,22.900,L1CD,13,2090,41.9,1.721878280,513.196,10640.832,0,0
$CH,22.900,L1CD,17,2090,42.8,4.200427585,166.420,3463.107,0,0
$CH,22.900,L1CD,19,2090,42.9,7.703167098,-724.403,-15144.180,0,0
$CH,22.900,L1CD,20,2090,43.1,4.138590560,3769.442,78800.499,0,0
$CH,22.900,L1CD,24,2090,42.4,3.974376601,82.294,1813.117,0,0
$CH,22.900,L1CD,28,2090,41.7,9.748799250,-2494.023,-52066.196,0,0
$TIME,2024,1,30,6,10,14.210594
$CH,23.000,L1CD,2,2100,42.8,8.851131772,-1170.155,-24545.773,0,0
$CH,23.000,L1CD,5,2100,44.2,7.329834107,2173.128,45741.115,0,0
$CH,23.000,L1CD,6,2100,43.2,7.170956919,-1041.125,-21801.902,0,0
$CH,23.000,L1CD,12,2100,43.3,0.421041600,3147.483,66146.993,0,0
$CH,23.000,L1CD,13,2100,42.2,1.721876262,513.494,10692.140,0,0
$CH,23.000,L1CD,17,2100,42.7,4.200380112,166.185,3479.739,0,0
$CH,23.000,L1CD,19,2100,43.0,7.703218584,-724.287,-15216.598,0,0
$CH,23.000,L1CD,20,2100,43.4,4.138349710,3769.375,79177.425,0,0
$CH,23.000,L1CD,24,2100,42.3,3.974376548,82.098,1821.355,0,0
$CH,23.000,L1CD,28,2100,41.9,9.748953852,-2494.262,-52315.622,0,0
$TIME,2024,1,30,6,10,14.441068
$CH,23.100,L1CD,2,2110,42.8,8.851170387,-1170.364,-24662.813,0,0
$CH,23.100,L1CD,5,2110,44.2,7.329691104,2173.224,45958.424,0,0
$CH,23.100,L1CD,6,2110,43.2,7.171047525,-1041.280,-21906.004,0,0
$CH,23.100,L1CD,12,2110,43.3,0.420834735,3147.317,66461.748,0,0
$CH,23.100,L1CD,13,2110,42.2,1.721862353,512.657,10743.477,0,0
$CH,23.100,L1CD,17,2110,42.7,4.200376933,166.247,3496.369,0,0
$CH,23.100,L1CD,19,2110,43.0,7.703289878,-724.318,-15289.012,0,0
$CH,23.100,L1CD,20,2110,43.4,4.138105714,3769.262,79554.360,0,0
$CH,23.100,L1CD,24,2110,42.3,3.974377906,81.901,1829.597,0,0
$CH,23.100,L1CD,28,2110,41.9,9.749128041,-2493.992,-52565.044,0,0
$TIME,2024,1,30,6,10,14.661740
$CH,23.200,L1CD,2,2120,42.8,8.851243397,-1170.100,-24779.855,0,0
$CH,23.200,L1CD,5,2120,44.2,7.329565352,2173.187,46175.718,0,0
$CH,23.200,L1CD,6,2120,43.2,7.171131180,-1041.351,-22010.116,0,0
$CH,23.200,L1CD,12,2120,43.3,0.420622060,3147.698,66776.481,0,0
$CH,23.200,L1CD,13,2120,42.2,1.721831848,513.339,10794.787,0,0
$CH,23.200,L1CD,17,2120,42.7,4.200376875,166.284,3512.991,0,0
$CH,23.200,L1CD,19,2120,43.0,7.703376199,-723.844,-15361.435,0,0
$CH,23.200,L1CD,20,2120,43.4,4.137865898,3768.847,79931.299,0,0
$CH,23.200,L1CD,24,2120,42.3,3.974376446,82.157,1837.813,0,0
$CH,23.200,L1CD,28,2120,41.9,9.749271279,-2494.537,-52814.467,0,0
$TIME,2024,1,30,6,10,14.892071
$CH,23.300,L1CD,2,2130,42.8,8.851350610,-1170.220,-24896.899,0,0
$CH,23.300,L1CD,5,2130,44.2,7.329410550,2173.168,46393.012,0,0
$CH,23.300,L1CD,6,2130,43.2,7.171161116,-1040.849,-22114.241,0,0
$CH,23.300,L1CD,12,2130,43.3,0.420428300,3147.677,67091.227,0,0
$CH,23.300,L1CD,13,2130,42.2,1.721781234,513.274,10846.122,0,0
$CH,23.300,L1CD,17,2130,42.7,4.200377409,166.000,3529.619,0,0
$CH,23.300,L1CD,19,2130,43.0,7.703380550,-724.701,-15433.855,0,0
$CH,23.300,L1CD,20,2130,43.4,4.137627448,3768.870,80308.228,0,0
$CH,23.300,L1CD,24,2130,42.3,3.974377281,82.269,1846.037,0,0
$CH,23.300,L1CD,28,2130,41.9,9.749429985,-2494.711,-53063.901,0,0
$TIME,2024,1,30,6,10,15.112506
$CH,23.400,L1CD,2,2140,42.8,8.851401198,-1170.621,-25013.951,0,0
$CH,23.400,L1CD,5,2140,44.2,7.329289489,2173.146,46610.289,0,0
$CH,23.400,L1CD,6,2140,43.2,7.171225904,-1041.584,-22218.371,0,0
$CH,23.400,L1CD,12,2140,43.3,0.420235465,3146.961,67405.957,0,0
$CH,23.400,L1CD,13,2140,42.2,1.721717429,513.472,10897.448,0,0
$CH,23.400,L1CD,17,2140,42.7,4.200374285,166.165,3546.237,0,0
$CH,23.400,L1CD,19,2140,43.0,7.703394880,-724.147,-15506.277,0,0
$CH,23.400,L1CD,20,2140,43.4,4.137385320,3769.356,80685.141,0,0
$CH,23.400,L1CD,24,2140,42.3,3.974373364,82.071,1854.247,0,0
$CH,23.400,L1CD,28,2140,41.9,9.749604835,-2494.430,-53313.340,0,0
$TIME,2024,1,30,6,10,15.342930
$CH,23.500,L1CD,2,2150,42.8,8.851458120,-1170.822,-25131.018,0,0
$CH,23.500,L1CD,5,2150,44.2,7.329122877,2172.674,46827.553,0,0
$CH,23.500,L1CD,6,2150,43.2,7.171326193,-1041.486,-22322.519,0,0
$CH,23.500,L1CD,12,2150,43.3,0.420035414,3147.584,67720.661,0,0
$CH,23.500,L1CD,13,2150,42.2,1.721644576,513.131,10948.760,0,0
$CH,23.500,L1CD,17,2150,42.7,4.200379190,166.291,3562.835,0,0
$CH,23.500,L1CD,19,2150,43.0,7.703433066,-724.282,-15578.715,0,0
$CH,23.500,L1CD,20,2150,43.4,4.137149418,3769.449,81062.046,0,0
$CH,23.500,L1CD,24,2150,42.3,3.974374133,81.949,1862.438,0,0
$CH,23.500,L1CD,28,2150,41.9,9.749747972,-2494.723,-53562.799,0,0
$TIME,2024,1,30,6,10,15.563600
$CH,23.600,L1CD,2,2160,42.8,8.851557447,-1170.620,-25248.078,0,0
$CH,23.600,L1CD,5,2160,44.2,7.329007023,2173.027,47044.820,0,0
$CH,23.600,L1CD,6,2160,43.2,7.171385050,-1041.449,-22426.650,0,0
$CH,23.600,L1CD,12,2160,43.3,0.419829560,3147.528,68035.389,0,0
$CH,23.600,L1CD,13,2160,42.2,1.721622135,514.283,11000.088,0,0
$CH,23.600,L1CD,17,2160,42.7,4.200372267,166.425,3579.466,0,0
$CH,23.600,L1CD,19,2160,43.0,7.703494158,-724.015,-15651.138,0,0
$CH,23.600,L1CD,20,2160,43.4,4.136909745,3769.551,81438.969,0,0
$CH,23.600,L1CD,24,2160,42.3,3.974372544,82.544,1870.641,0,0
$CH,23.600,L1CD,28,2160,41.9,9.749909166,-2494.596,-53812.247,0,0
$TIME,2024,1,30,6,10,15.794052
$CH,23.700,L1CD,2,2170,42.8,8.851640258,-1170.911,-25365.129,0,0
$CH,23.700,L1CD,5,2170,44.2,7.328856239,2172.342,47262.096,0,0
$CH,23.700,L1CD,6,2170,43.2,7.171419399,-1041.326,-22530.780,0,0
$CH,23.700,L1CD,12,2170,43.3,0.419620857,3147.454,68350.127,0,0
$CH,23.700,L1CD,13,2170,42.2,1.721625333,513.224,11051.433,0,0
$CH,23.700,L1CD,17,2170,42.7,4.200372550,166.721,3596.094,0,0
$CH,23.700,L1CD,19,2170,43.0,7.703575497,-723.734,-15723.557,0,0
$CH,23.700,L1CD,20,2170,43.4,4.136669887,3769.635,81815.896,0,0
$CH,23.700,L1CD,24,2170,42.3,3.974373486,81.912,1878.848,0,0
$CH,23.700,L1CD,28,2170,41.9,9.750070071,-2494.490,-54061.694,0,0
$TIME,2024,1,30,6,10,16.024476
$CH,23.800,L1CD,2,2180,42.8,8.851687933,-1170.912,-25482.177,0,0
$CH,23.800,L1CD,5,2180,44.2,7.328732932,2172.712,47479.367,0,0
$CH,23.800,L1CD,6,2180,43.2,7.171489448,-1041.455,-22634.905,0,0
$CH,23.800,L1CD,12,2180,43.3,0.419428407,3147.481,68664.854,0,0
$CH,23.800,L1CD,13,2180,42.2,1.721619433,513.824,11102.779,0,0
$CH,23.800,L1CD,17,2180,42.7,4.200375741,166.294,3612.726,0,0
$CH,23.800,L1CD,19,2180,43.0,7.703627759,-724.159,-15795.969,0,0
$CH,23.800,L1CD,20,2180,43.4,4.136437405,3769.290,82192.824,0,0
$CH,23.800,L1CD,24,2180,42.3,3.974372988,81.758,1887.055,0,0
$CH,23.800,L1CD,28,2180,41.9,9.750212297,-2494.553,-54311.131,0,0
$TIME,2024,1,30,6,10,16.244920
$CH,23.900,L1CD,2,2190,42.8,8.851770498,-1170.336,-25599.246,0,0
$CH,23.900,L1CD,5,2190,44.2,7.328587578,2172.639,47696.618,0,0
$CH,23.900,L1CD,6,2190,43.2,7.171594900,-1041.523,-22739.054,0,0
$CH,23.900,L1CD,12,2190,43.3,0.419236203,3147.222,68979.570,0,0
$CH,23.900,L1CD,13,2190,42.2,1.721597796,513.438,11154.122,0,0
$CH,23.900,L1CD,17,2190,42.7,4.200377775,166.336,3629.342,0,0
$CH,23.900,L1CD,19,2190,43.0,7.703638042,-724.139,-15868.406,0,0
$CH,23.900,L1CD,20,2190,43.4,4.136198153,3769.244,82569.736,0,0
$CH,23.900,L1CD,24,2190,42.3,3.974375621,81.961,1895.234,0,0
$CH,23.900,L1CD,28,2190,41.9,9.750388937,-2494.457,-54560.592,0,0
$TIME,2024,1,30,6,10,16.475563
$CH,24.000,L1CD,2,2200,43.2,8.851875606,-1170.385,-25716.307,0,0
$CH,24.000,L1CD,5,2200,44.1,7.328449099,2172.605,47913.870,0,0
$CH,24.000,L1CD,6,2200,43.4,7.171644385,-1041.252,-22843.204,0,0
$CH,24.000,L1CD,12,2200,43.4,0.419039472,3147.158,69294.281,0,0
$CH,24.000,L1CD,13,2200,42.2,1.721561498,513.864,11205.475,0,0
$CH,24.000,L1CD,17,2200,41.8,4.200373179,166.362,3645.967,0,0
$CH,24.000,L1CD,19,2200,43.0,7.703664951,-724.158,-15940.817,0,0
$CH,24.000,L1CD,20,2200,43.4,4.135963082,3769.466,82946.658,0,0
$CH,24.000,L1CD,24,2200,42.2,3.974373668,81.900,1903.424,0,0
$CH,24.000,L1CD,28,2200,41.9,9.750540266,-2494.763,-54810.047,0,0
$TIME,2024,1,30,6,10,16.705952
$CH,24.100,L1CD,2,2210,43.2,8.851915436,-1170.617,-25833.359,0,0
$CH,24.100,L1CD,5,2210,44.1,7.328319000,2172.396,48131.116,0,0
$CH,24.100,L1CD,6,2210,43.4,7.171689761,-1041.829,-22947.346,0,0
$CH,24.100,L1CD,12,2210,43.4,0.418833568,3147.001,69609.001,0,0
$CH,24.100,L1CD,13,2210,42.2,1.721505258,513.350,11256.825,0,0
$CH,24.100,L1CD,17,2210,41.8,4.200372947,166.668,3662.598,0,0
$CH,24.100,L1CD,19,2210,43.0,7.703717775,-724.613,-16013.237,0,0
$CH,24.100,L1CD,20,2210,43.4,4.135725904,3768.676,83323.578,0,0
$CH,24.100,L1CD,24,2210,42.2,3.974374003,81.758,1911.609,0,0
$CH,24.100,L1CD,28,2210,41.9,9.750696334,-2494.891,-55059.503,0,0
$TIME,2024,1,30,6,10,16.936468
$CH,24.200,L1CD,2,2220,43.2,8.851986494,-1171.006,-25950.439,0,0
$CH,24.200,L1CD,5,2220,44.1,7.328167572,2172.418,48348.348,0,0
$CH,24.200,L1CD,6,2220,43.4,7.171769829,-1041.349,-23051.512,0,0
$CH,24.200,L1CD,12,2220,43.4,0.418627178,3146.662,69923.704,0,0
$CH,24.200,L1CD,13,2220,42.2,1.721438066,513.926,11308.165,0,0
$CH,24.200,L1CD,17,2220,41.8,4.200373882,165.645,3679.218,0,0
$CH,24.200,L1CD,19,2220,43.0,7.703794097,-724.139,-16085.673,0,0
$CH,24.200,L1CD,20,2220,43.4,4.135492267,3769.208,83700.476,0,0
$CH,24.200,L1CD,24,2220,42.2,3.974373289,81.242,1919.776,0,0
$CH,24.200,L1CD,28,2220,41.9,9.750875201,-2494.510,-55308.983,0,0
$TIME,2024,1,30,6,10,17.167182
$CH,24.300,L1CD,2,2230,43.2,8.852092804,-1171.402,-26067.496,0,0
$CH,24.300,L1CD,5,2230,44.1,7.328047676,2172.597,48565.587,0,0
$CH,24.300,L1CD,6,2230,43.4,7.171874885,-1041.106,-23155.659,0,0
$CH,24.300,L1CD,12,2230,43.4,0.418431610,3147.190,70238.418,0,0
$CH,24.300,L1CD,13,2230,42.2,1.721372002,513.432,11359.538,0,0
$CH,24.300,L1CD,17,2230,41.8,4.200374206,166.609,3695.834,0,0
$CH,24.300,L1CD,19,2230,43.0,7.703872233,-724.021,-16158.088,0,0
$CH,24.300,L1CD,20,2230,43.4,4.135252075,3769.319,84077.395,0,0
$CH,24.300,L1CD,24,2230,42.2,3.974370241,81.286,1927.954,0,0
$CH,24.300,L1CD,28,2230,41.9,9.751015053,-2494.967,-55558.443,0,0
$TIME,2024,1,30,6,10,17.387604
$CH,24.400,L1CD,2,2240,43.2,8.852150868,-1171.113,-26184.557,0,0
$CH,24.400,L1CD,5,2240,44.1,7.327886310,2172.122,48782.826,0,0
$CH,24.400,L1CD,6,2240,43.4,7.171903381,-1041.593,-23259.810,0,0
$CH,24.400,L1CD,12,2240,43.4,0.418237031,3147.319,70553.131,0,0
$CH,24.400,L1CD,13,2240,42.2,1.721373061,513.159,11410.895,0,0
$CH,24.400,L1CD,17,2240,41.8,4.200376642,166.109,3712.469,0,0
$CH,24.400,L1CD,19,2240,43.0,7.703878586,-724.319,-16230.505,0,0
$CH,24.400,L1CD,20,2240,43.4,4.135011066,3768.854,84454.310,0,0
$CH,24.400,L1CD,24,2240,42.2,3.974364538,81.276,1936.125,0,0
$CH,24.400,L1CD,28,2240,41.9,9.751172949,-2495.176,-55807.911,0,0
$TIME,2024,1,30,6,10,17.648026
$CH,24.500,L1CD,2,2250,43.2,8.852205670,-1171.132,-26301.637,0,0
$CH,24.500,L1CD,5,2250,44.1,7.327774546,2172.540,49000.044,0,0
$CH,24.500,L1CD,6,2250,43.4,7.171955248,-1042.140,-23363.978,0,0
$CH,24.500,L1CD,12,2250,43.4,0.418042264,3147.088,70867.829,0,0
$CH,24.500,L1CD,13,2250,42.2,1.721376614,513.693,11462.256,0,0
$CH,24.500,L1CD,17,2250,41.8,4.200371227,166.076,3729.092,0,0
$CH,24.500,L1CD,19,2250,43.0,7.703897222,-724.397,-16302.934,0,0
$CH,24.500,L1CD,20,2250,43.4,4.134769173,3769.692,84831.215,0,0
$CH,24.500,L1CD,24,2250,42.2,3.974354466,81.585,1944.290,0,0
$CH,24.500,L1CD,28,2250,41.9,9.751342328,-2494.843,-56057.388,0,0
$TIME,2024,1,30,6,10,17.878585
$CH,24.600,L1CD,2,2260,43.2,8.852302774,-1170.591,-26418.722,0,0
$CH,24.600,L1CD,5,2260,44.1,7.327612269,2172.364,49217.261,0,0
$CH,24.600,L1CD,6,2260,43.4,7.172042186,-1041.408,-23468.154,0,0
$CH,24.600,L1CD,12,2260,43.4,0.417837092,3147.154,71182.526,0,0
$CH,24.600,L1CD,13,2260,42.2,1.721367414,513.623,11513.617,0,0
$CH,24.600,L1CD,17,2260,41.8,4.200366532,166.495,3745.706,0,0
$CH,24.600,L1CD,19,2260,43.0,7.703938710,-724.143,-16375.363,0,0
$CH,24.600,L1CD,20,2260,43.4,4.134532074,3769.460,85208.117,0,0
$CH,24.600,L1CD,24,2260,42.2,3.974342259,81.609,1952.441,0,0
$CH,24.600,L1CD,28,2260,41.9,9.751480971,-2494.651,-56306.875,0,0
$TIME,2024,1,30,6,10,18.108984
$CH,24.700,L1CD,2,2270,43.2,8.852387700,-1171.080,-26535.800,0,0
$CH,24.700,L1CD,5,2270,44.1,7.327491845,2172.488,49434.465,0,0
$CH,24.700,L1CD,6,2270,43.4,7.172133077,-1041.627,-23572.319,0,0
$CH,24.700,L1CD,12,2270,43.4,0.417624054,3146.872,71497.218,0,0
$CH,24.700,L1CD,13,2270,42.2,1.721346324,513.307,11564.991,0,0
$CH,24.700,L1CD,17,2270,41.8,4.200353601,166.122,3762.331,0,0
$CH,24.700,L1CD,19,2270,43.0,7.704005136,-724.058,-16447.790,0,0
$CH,24.700,L1CD,20,2270,43.4,4.134286635,3769.338,85585.013,0,0
$CH,24.700,L1CD,24,2270,42.2,3.974327231,81.106,1960.590,0,0
$CH,24.700,L1CD,28,2270,41.9,9.751650979,-2494.868,-56556.356,0,0
$TIME,2024,1,30,6,10,18.329467
$CH,24.800,L1CD,2,2280,43.2,8.852431559,-1170.537,-26652.870,0,0
$CH,24.800,L1CD,5,2280,44.1,7.327347206,2172.386,49651.686,0,0
$CH,24.800,L1CD,6,2280,43.4,7.172162296,-1041.178,-23676.484,0,0
$CH,24.800,L1CD,12,2280,43.4,0.417432463,3147.422,71811.913,0,0
$CH,24.800,L1CD,13,2280,42.2,1.721299616,513.982,11616.374,0,0
$CH,24.800,L1CD,17,2280,41.8,4.200333982,166.313,3778.959,0,0
$CH,24.800,L1CD,19,2280,43.0,7.704087753,-723.799,-16520.204,0,0
$CH,24.800,L1CD,20,2280,43.4,4.134046063,3769.339,85961.925,0,0
$CH,24.800,L1CD,24,2280,42.2,3.974313015,81.857,1968.739,0,0
$CH,24.800,L1CD,28,2280,41.9,9.751810312,-2494.603,-56805.833,0,0
$TIME,2024,1,30,6,10,18.549920
$CH,24.900,L1CD,2,2290,43.2,8.852511867,-1170.339,-26769.952,0,0
$CH,24.900,L1CD,5,2290,44.1,7.327212046,2171.612,49868.895,0,0
$CH,24.900,L1CD,6,2290,43.4,7.172220090,-1041.182,-23780.658,0,0
$CH,24.900,L1CD,12,2290,43.4,0.417240637,3146.627,72126.614,0,0
$CH,24.900,L1CD,13,2290,42.2,1.721241477,513.617,11667.754,0,0
$CH,24.900,L1CD,17,2290,41.8,4.200309581,166.354,3795.588,0,0
$CH,24.900,L1CD,19,2290,43.0,7.704125486,-724.517,-16592.620,0,0
$CH,24.900,L1CD,20,2290,43.4,4.133807116,3769.385,86338.837,0,0
$CH,24.900,L1CD,24,2290,42.2,3.974291763,80.844,1976.898,0,0
$CH,24.900,L1CD,28,2290,41.9,9.751958530,-2495.194,-57055.315,0,0
$TIME,2024,1,30,6,10,18.780541
$CH,25.000,L1CD,2,2300,43.3,8.852624794,-1170.406,-26887.029,0,0
$CH,25.000,L1CD,5,2300,44.2,7.327075212,2171.929,50086.088,0,0
$CH,25.000,L1CD,6,2300,43.8,7.172314543,-1041.825,-23884.830,0,0
$CH,25.000,L1CD,12,2300,43.7,0.417043308,3147.394,72441.300,0,0
$CH,25.000,L1CD,13,2300,42.1,1.721168308,513.943,11719.135,0,0
$CH,25.000,L1CD,17,2300,42.7,4.200277096,166.337,3812.213,0,0
$CH,25.000,L1CD,19,2300,42.6,7.704135547,-724.340,-16665.049,0,0
$CH,25.000,L1CD,20,2300,43.5,4.133564991,3769.288,86715.736,0,0
$CH,25.000,L1CD,24,2300,42.8,3.974270590,81.406,1985.026,0,0
$CH,25.000,L1CD,28,2300,41.6,9.752134147,-2494.689,-57304.809,0,0
$TIME,2024,1,30,6,10,19.010941
$CH,25.100,L1CD,2,2310,43.3,8.852662553,-1170.904,-27004.101,0,0
$CH,25.100,L1CD,5,2310,44.2,7.326926363,2172.010,50303.287,0,0
$CH,25.100,L1CD,6,2310,43.8,7.172388749,-1042.083,-23989.009,0,0
$CH,25.100,L1CD,12,2310,43.7,0.416838785,3146.809,72756.000,0,0
$CH,25.100,L1CD,13,2310,42.1,1.721125534,513.870,11770.525,0,0
$CH,25.100,L1CD,17,2310,42.7,4.200243066,166.404,3828.848,0,0
$CH,25.100,L1CD,19,2310,42.6,7.704164971,-723.922,-16737.459,0,0
$CH,25.100,L1CD,20,2310,43.5,4.133325398,3768.780,87092.653,0,0
$CH,25.100,L1CD,24,2310,42.8,3.974248220,81.294,1993.173,0,0
$CH,25.100,L1CD,28,2310,41.6,9.752278938,-2494.221,-57554.298,0,0
$TIME,2024,1,30,6,10,19.231399
$CH,25.200,L1CD,2,2320,43.3,8.852729727,-1170.808,-27121.183,0,0
$CH,25.200,L1CD,5,2320,44.2,7.326801726,2171.970,50520.474,0,0
$CH,25.200,L1CD,6,2320,43.8,7.172422163,-1041.967,-24093.190,0,0
$CH,25.200,L1CD,12,2320,43.7,0.416624920,3146.568,73070.686,0,0
$CH,25.200,L1CD,13,2320,42.1,1.721126054,514.430,11821.914,0,0
$CH,25.200,L1CD,17,2320,42.7,4.200205876,166.396,3845.476,0,0
$CH,25.200,L1CD,19,2320,42.6,7.704222427,-724.307,-16809.883,0,0
$CH,25.200,L1CD,20,2320,43.5,4.133085331,3768.829,87469.550,0,0
$CH,25.200,L1CD,24,2320,42.8,3.974221544,81.231,2001.305,0,0
$CH,25.200,L1CD,28,2320,41.6,9.752438043,-2495.349,-57803.796,0,0
$TIME,2024,1,30,6,10,19.461952
$CH,25.300,L1CD,2,2330,43.3,8.852835004,-1170.549,-27238.264,0,0
$CH,25.300,L1CD,5,2330,44.2,7.326644294,2172.106,50737.669,0,0
$CH,25.300,L1CD,6,2330,43.8,7.172488866,-1041.863,-24197.367,0,0
$CH,25.300,L1CD,12,2330,43.7,0.416433790,3147.065,73385.376,0,0
$CH,25.300,L1CD,13,2330,42.1,1.721124841,514.344,11873.318,0,0
$CH,25.300,L1CD,17,2330,42.7,4.200160152,166.184,3862.104,0,0
$CH,25.300,L1CD,19,2330,42.6,7.704301757,-725.091,-16882.294,0,0
$CH,25.300,L1CD,20,2330,43.5,4.132844823,3769.368,87846.454,0,0
$CH,25.300,L1CD,24,2330,42.8,3.974190517,81.144,2009.434,0,0
$CH,25.300,L1CD,28,2330,41.6,9.752613204,-2495.202,-58053.281,0,0
$TIME,2024,1,30,6,10,19.682484
$CH,25.400,L1CD,2,2340,43.3,8.852895194,-1171.112,-27355.330,0,0
$CH,25.400,L1CD,5,2340,44.2,7.326529045,2171.721,50954.867,0,0
$CH,25.400,L1CD,6,2340,43.8,7.172590125,-1042.152,-24301.545,0,0
$CH,25.400,L1CD,12,2340,43.7,0.416241359,3147.102,73700.069,0,0
$CH,25.400,L1CD,13,2340,42.1,1.721109329,513.974,11924.729,0,0
$CH,25.400,L1CD,17,2340,42.7,4.200122056,166.620,3878.746,0,0
$CH,25.400,L1CD,19,2340,42.6,7.704378926,-723.842,-16954.706,0,0
$CH,25.400,L1CD,20,2340,43.5,4.132605710,3768.868,88223.369,0,0
$CH,25.400,L1CD,24,2340,42.8,3.974156386,81.417,2017.577,0,0
$CH,25.400,L1CD,28,2340,41.6,9.752753912,-2494.546,-58302.773,0,0
$TIME,2024,1,30,6,10,19.912911
$CH,25.500,L1CD,2,2350,43.3,8.852945844,-1170.809,-27472.419,0,0
$CH,25.500,L1CD,5,2350,44.2,7.326372452,2171.401,51172.040,0,0
$CH,25.500,L1CD,6,2350,43.8,7.172638843,-1041.954,-24405.739,0,0
$CH,25.500,L1CD,12,2350,43.7,0.416042609,3146.676,74014.749,0,0
$CH,25.500,L1CD,13,2350,42.1,1.721081328,513.915,11976.140,0,0
$CH,25.500,L1CD,17,2350,42.7,4.200126254,166.219,3895.374,0,0
$CH,25.500,L1CD,19,2350,42.6,7.704382467,-724.271,-17027.124,0,0
$CH,25.500,L1CD,20,2350,43.5,4.132363670,3769.120,88600.269,0,0
$CH,25.500,L1CD,24,2350,42.8,3.974124321,80.859,2025.702,0,0
$CH,25.500,L1CD,28,2350,41.6,9.752916917,-2494.683,-58552.277,0,0
$TIME,2024,1,30,6,10,20.133491
$CH,25.600,L1CD,2,2360,43.3,8.853038378,-1171.673,-27589.511,0,0
$CH,25.600,L1CD,5,2360,44.2,7.326258280,2171.420,51389.202,0,0
$CH,25.600,L1CD,6,2360,43.8,7.172678820,-1042.138,-24509.929,0,0
$CH,25.600,L1CD,12,2360,43.7,0.415838333,3146.993,74329.418,0,0
$CH,25.600,L1CD,13,2360,42.1,1.721032068,513.815,12027.538,0,0
$CH,25.600,L1CD,17,2360,42.7,4.200124796,166.083,3911.999,0,0
$CH,25.600,L1CD,19,2360,42.6,7.704402014,-724.541,-17099.539,0,0
$CH,25.600,L1CD,20,2360,43.5,4.132125454,3768.711,88977.164,0,0
$CH,25.600,L1CD,24,2360,42.8,3.974127392,81.132,2033.807,0,0
$CH,25.600,L1CD,28,2360,41.6,9.753083598,-2494.878,-58801.793,0,0
$TIME,2024,1,30,6,10,20.364048
$CH,25.700,L1CD,2,2370,43.3,8.853130298,-1170.429,-27706.613,0,0
$CH,25.700,L1CD,5,2370,44.2,7.326108047,2171.456,51606.361,0,0
$CH,25.700,L1CD,6,2370,43.8,7.172754087,-1041.625,-24614.131,0,0
$CH,25.700,L1CD,12,2370,43.7,0.415625011,3147.117,74644.087,0,0
$CH,25.700,L1CD,13,2370,42.1,1.720969276,513.859,12078.931,0,0
$CH,25.700,L1CD,17,2370,42.7,4.200126360,166.753,3928.626,0,0
$CH,25.700,L1CD,19,2370,42.6,7.704449056,-723.805,-17171.965,0,0
$CH,25.700,L1CD,20,2370,43.5,4.131882410,3768.332,89354.054,0,0
$CH,25.700,L1CD,24,2370,42.8,3.974124555,80.953,2041.912,0,0
$CH,25.700,L1CD,28,2370,41.6,9.753227952,-2494.818,-59051.305,0,0
$TIME,2024,1,30,6,10,20.584598
$CH,25.800,L1CD,2,2380,43.3,8.853170681,-1170.773,-27823.699,0,0
$CH,25.800,L1CD,5,2380,44.2,7.325980326,2171.692,51823.527,0,0
$CH,25.800,L1CD,6,2380,43.8,7.172858542,-1041.270,-24718.331,0,0
$CH,25.800,L1CD,12,2380,43.7,0.415433302,3146.352,74958.767,0,0
$CH,25.800,L1CD,13,2380,42.1,1.720896298,513.962,12130.356,0,0
$CH,25.800,L1CD,17,2380,42.7,4.200123191,166.053,3945.253,0,0
$CH,25.800,L1CD,19,2380,42.6,7.704520871,-723.839,-17244.389,0,0
$CH,25.800,L1CD,20,2380,43.5,4.131642734,3768.967,89730.946,0,0
$CH,25.800,L1CD,24,2380,42.8,3.974127597,80.974,2050.031,0,0
$CH,25.800,L1CD,28,2380,41.6,9.753401666,-2495.694,-59300.811,0,0
$TIME,2024,1,30,6,10,20.815083
$CH,25.900,L1CD,2,2390,43.3,8.853250436,-1170.778,-27940.794,0,0
$CH,25.900,L1CD,5,2390,44.2,7.325836139,2171.710,52040.678,0,0
$CH,25.900,L1CD,6,2390,43.8,7.172893511,-1042.353,-24822.531,0,0
$CH,25.900,L1CD,12,2390,43.7,0.415239487,3146.794,75273.425,0,0
$CH,25.900,L1CD,13,2390,42.1,1.720878163,514.070,12181.772,0,0
$CH,25.900,L1CD,17,2390,42.7,4.200123846,166.508,3961.886,0,0
$CH,25.900,L1CD,19,2390,42.6,7.704605279,-724.269,-17316.807,0,0
$CH,25.900,L1CD,20,2390,43.5,4.131409489,3769.085,90107.837,0,0
$CH,25.900,L1CD,24,2390,42.8,3.974123641,80.948,2058.121,0,0
$CH,25.900,L1CD,28,2390,41.6,9.753553259,-2495.250,-59550.324,0,0
$TIME,2024,1,30,6,10,21.035483
$CH,26.000,L1CD,2,2400,43.3,8.853359805,-1170.703,-28057.886,0,0
$CH,26.000,L1CD,5,2400,43.7,7.325693393,2171.640,52257.826,0,0
$CH,26.000,L1CD,6,2400,44.1,7.172940077,-1042.049,-24926.736,0,0
$CH,26.000,L1CD,12,2400,43.8,0.415038756,3147.032,75588.100,0,0
$CH,26.000,L1CD,13,2400,42.2,1.720878909,514.239,12233.192,0,0
$CH,26.000,L1CD,17,2400,42.5,4.200123744,166.303,3978.515,0,0
$CH,26.000,L1CD,19,2400,42.8,7.704627734,-724.537,-17389.225,0,0
$CH,26.000,L1CD,20,2400,43.6,4.131168289,3769.317,90484.735,0,0
$CH,26.000,L1CD,24,2400,42.6,3.974121695,81.034,2066.221,0,0
$CH,26.000,L1CD,28,2400,41.8,9.753702192,-2494.948,-59799.851,0,0
$TIME,2024,1,30,6,10,21.266030
$CH,26.100,L1CD,2,2410,43.3,8.853405058,-1170.782,-28174.982,0,0
$CH,26.100,L1CD,5,2410,43.7,7.325560658,2171.708,52474.979,0,0
$CH,26.100,L1CD,6,2410,44.1,7.173023657,-1041.861,-25030.938,0,0
$CH,26.100,L1CD,12,2410,43.8,0.414835757,3146.560,75902.767,0,0
$CH,26.100,L1CD,13,2410,42.2,1.720868186,514.228,12284.625,0,0
$CH,26.100,L1CD,17,2410,42.5,4.200125924,166.342,3995.147,0,0
$CH,26.100,L1CD,19,2410,42.8,7.704640767,-724.080,-17461.642,0,0
$CH,26.100,L1CD,20,2410,43.6,4.130933358,3769.166,90861.637,0,0
$CH,26.100,L1CD,24,2410,42.6,3.974125221,81.429,2074.323,0,0
$CH,26.100,L1CD,28,2410,41.8,9.753871599,-2494.881,-60049.364,0,0
$TIME,2024,1,30,6,10,21.492379
$CH,26.200,L1CD,2,2420,43.3,8.853467096,-1170.587,-28292.074,0,0
$CH,26.200,L1CD,5,2420,43.7,7.325404618,2171.697,52692.124,0,0
$CH,26.200,L1CD,6,2420,44.1,7.173121655,-1041.924,-25135.143,0,0
$CH,26.200,L1CD,12,2420,43.8,0.414624618,3146.377,76217.442,0,0
$CH,26.200,L1CD,13,2420,42.2,1.720848102,514.598,12336.060,0,0
$CH,26.200,L1CD,17,2420,42.5,4.200123904,166.210,4011.793,0,0
$CH,26.200,L1CD,19,2420,42.8,7.704674411,-724.273,-17534.047,0,0
$CH,26.200,L1CD,20,2420,43.6,4.130693188,3768.912,91238.530,0,0
$CH,26.200,L1CD,24,2420,42.6,3.974127618,81.042,2082.424,0,0
$CH,26.200,L1CD,28,2420,41.8,9.754011656,-2495.371,-60298.885,0,0
$TIME,2024,1,30,6,10,21.723239
$CH,26.300,L1CD,2,2430,43.3,8.853569220,-1171.186,-28409.173,0,0
$CH,26.300,L1CD,5,2430,43.7,7.325291405,2171.012,52909.262,0,0
$CH,26.300,L1CD,6,2430,44.1,7.173148442,-1042.262,-25239.352,0,0
$CH,26.300,L1CD,12,2430,43.8,0.414434075,3146.340,76532.103,0,0
$CH,26.300,L1CD,13,2430,42.2,1.720809543,514.174,12387.489,0,0
$CH,26.300,L1CD,17,2430,42.5,4.200125974,166.305,4028.421,0,0
$CH,26.300,L1CD,19,2430,42.8,7.704732654,-723.856,-17606.464,0,0
$CH,26.300,L1CD,20,2430,43.6,4.130458499,3769.044,91615.417,0,0
$CH,26.300,L1CD,24,2430,42.6,3.974125260,80.155,2090.509,0,0
$CH,26.300,L1CD,28,2430,41.8,9.754176821,-2495.661,-60548.406,0,0
$TIME,2024,1,30,6,10,21.944117
$CH,26.400,L1CD,2,2440,43.3,8.853641768,-1170.910,-28526.277,0,0
$CH,26.400,L1CD,5,2440,43.7,7.325126100,2171.359,53126.389,0,0
$CH,26.400,L1CD,6,2440,44.1,7.173203674,-1042.125,-25343.577,0,0
$CH,26.400,L1CD,12,2440,43.8,0.414242605,3146.832,76846.754,0,0
$CH,26.400,L1CD,13,2440,42.2,1.720757212,515.038,12438.920,0,0
$CH,26.400,L1CD,17,2440,42.5,4.200126254,166.713,4045.055,0,0
$CH,26.400,L1CD,19,2440,42.8,7.704813569,-724.211,-17678.879,0,0
$CH,26.400,L1CD,20,2440,43.6,4.130217581,3769.260,91992.300,0,0
$CH,26.400,L1CD,24,2440,42.6,3.974122224,81.114,2098.587,0,0
$CH,26.400,L1CD,28,2440,41.8,9.754351166,-2495.441,-60797.939,0,0
$TIME,2024,1,30,6,10,22.175232
$CH,26.500,L1CD,2,2450,43.3,8.853694531,-1170.770,-28643.367,0,0
$CH,26.500,L1CD,5,2450,43.7,7.325009716,2171.428,53343.529,0,0
$CH,26.500,L1CD,6,2450,44.1,7.173292027,-1042.078,-25447.783,0,0
$CH,26.500,L1CD,12,2450,43.8,0.414041608,3146.504,77161.428,0,0
$CH,26.500,L1CD,13,2450,42.2,1.720687500,514.293,12490.380,0,0
$CH,26.500,L1CD,17,2450,42.5,4.200123434,165.188,4061.701,0,0
$CH,26.500,L1CD,19,2450,42.8,7.704875731,-723.830,-17751.292,0,0
$CH,26.500,L1CD,20,2450,43.6,4.129981764,3769.282,92369.207,0,0
$CH,26.500,L1CD,24,2450,42.6,3.974120346,80.563,2106.679,0,0
$CH,26.500,L1CD,28,2450,41.8,9.754494029,-2495.481,-61047.460,0,0
$TIME,2024,1,30,6,10,22.406203
$CH,26.600,L1CD,2,2460,43.3,8.853783146,-1171.347,-28760.457,0,0
$CH,26.600,L1CD,5,2460,43.7,7.324853969,2171.156,53560.654,0,0
$CH,26.600,L1CD,6,2460,44.1,7.173381787,-1042.579,-25552.001,0,0
$CH,26.600,L1CD,12,2460,43.8,0.413839506,3146.346,77476.087,0,0
$CH,26.600,L1CD,13,2460,42.2,1.720627410,515.149,12541.822,0,0
$CH,26.600,L1CD,17,2460,42.5,4.200122681,167.529,4078.339,0,0
$CH,26.600,L1CD,19,2460,42.8,7.704882444,-723.947,-17823.700,0,0
$CH,26.600,L1CD,20,2460,43.6,4.129738279,3768.888,92746.101,0,0
$CH,26.600,L1CD,24,2460,42.6,3.974127434,81.337,2114.760,0,0
$CH,26.600,L1CD,28,2460,41.8,9.754661153,-2495.205,-61296.993,0,0
$TIME,2024,1,30,6,10,22.627089
$CH,26.700,L1CD,2,2470,43.3,8.853882326,-1171.571,-28877.564,0,0
$CH,26.700,L1CD,5,2470,43.7,7.324728262,2170.520,53777.766,0,0
$CH,26.700,L1CD,6,2470,44.1,7.173412076,-1041.982,-25656.225,0,0
$CH,26.700,L1CD,12,2470,43.8,0.413629836,3146.613,77790.733,0,0
$CH,26.700,L1CD,13,2470,42.2,1.720626427,514.452,12593.268,0,0
$CH,26.700,L1CD,17,2470,42.5,4.200123793,166.108,4094.974,0,0
$CH,26.700,L1CD,19,2470,42.8,7.704906041,-724.039,-17896.113,0,0
$CH,26.700,L1CD,20,2470,43.6,4.129498378,3768.443,93122.990,0,0
$CH,26.700,L1CD,24,2470,42.6,3.974128097,80.691,2122.824,0,0
$CH,26.700,L1CD,28,2470,41.8,9.754823039,-2495.589,-61546.539,0,0
$TIME,2024,1,30,6,10,22.887754
$CH,26.800,L1CD,2,2480,43.3,8.853917476,-1171.357,-28994.696,0,0
$CH,26.800,L1CD,5,2480,43.7,7.324583081,2170.641,53994.857,0,0
$CH,26.800,L1CD,6,2480,44.1,7.173475770,-1042.621,-25760.471,0,0
$CH,26.800,L1CD,12,2480,43.8,0.413439747,3146.384,78105.363,0,0
$CH,26.800,L1CD,13,2480,42.2,1.720625997,514.793,12644.702,0,0
$CH,26.800,L1CD,17,2480,42.5,4.200123657,166.298,4111.579,0,0
$CH,26.800,L1CD,19,2480,42.8,7.704954098,-723.934,-17968.548,0,0
$CH,26.800,L1CD,20,2480,43.6,4.129260152,3768.906,93499.844,0,0
$CH,26.800,L1CD,24,2480,42.6,3.974122615,80.611,2130.872,0,0
$CH,26.800,L1CD,28,2480,41.8,9.754966456,-2495.500,-61796.090,0,0
$TIME,2024,1,30,6,10,23.129082
$CH,26.900,L1CD,2,2490,43.3,8.853990356,-1170.631,-29111.807,0,0
$CH,26.900,L1CD,5,2490,43.7,7.324445537,2171.140,54211.963,0,0
$CH,26.900,L1CD,6,2490,44.1,7.173573065,-1041.886,-25864.709,0,0
$CH,26.900,L1CD,12,2490,43.8,0.413249817,3146.276,78420.004,0,0
$CH,26.900,L1CD,13,2490,42.2,1.720617046,514.485,12696.158,0,0
$CH,26.900,L1CD,17,2490,42.5,4.200118066,166.454,4128.211,0,0
$CH,26.900,L1CD,19,2490,42.8,7.705027743,-723.798,-18040.970,0,0
$CH,26.900,L1CD,20,2490,43.6,4.129019114,3769.061,93876.729,0,0
$CH,26.900,L1CD,24,2490,42.6,3.974125117,80.746,2138.927,0,0
$CH,26.900,L1CD,28,2490,41.8,9.755137874,-2496.046,-62045.642,0,0
$TIME,2024,1,30,6,10,23.350071
$CH,27.000,L1CD,2,2500,43.2,8.854100464,-1171.670,-29228.901,0,0
$CH,27.000,L1CD,5,2500,43.5,7.324316218,2171.420,54429.077,0,0
$CH,27.000,L1CD,6,2500,43.8,7.173640337,-1042.075,-25968.926,0,0
$CH,27.000,L1CD,12,2500,43.8,0.413051007,3146.449,78734.667,0,0
$CH,27.000,L1CD,13,2500,42.3,1.720589444,514.266,12747.634,0,0
$CH,27.000,L1CD,17,2500,42.4,4.200108351,166.393,4144.863,0,0
$CH,27.000,L1CD,19,2500,42.9,7.705112710,-724.403,-18113.370,0,0
$CH,27.000,L1CD,20,2500,43.1,4.128781531,3768.599,94253.627,0,0
$CH,27.000,L1CD,24,2500,42.5,3.974123079,80.472,2146.997,0,0
$CH,27.000,L1CD,28,2500,41.8,9.755288801,-2495.324,-62295.185,0,0
$TIME,2024,1,30,6,10,23.575160
$CH,27.100,L1CD,2,2510,43.2,8.854149528,-1171.077,-29346.015,0,0
$CH,27.100,L1CD,5,2510,43.5,7.324168555,2170.576,54646.176,0,0
$CH,27.100,L1CD,6,2510,43.8,7.173678578,-1042.450,-26073.156,0,0
$CH,27.100,L1CD,12,2510,43.8,0.412842951,3146.341,79049.307,0,0
$CH,27.100,L1CD,13,2510,42.3,1.720548265,514.857,12799.099,0,0
$CH,27.100,L1CD,17,2510,42.4,4.200095430,166.539,4161.498,0,0
$CH,27.100,L1CD,19,2510,42.9,7.705127070,-724.322,-18185.777,0,0
$CH,27.100,L1CD,20,2510,43.1,4.128540478,3768.662,94630.516,0,0
$CH,27.100,L1CD,24,2510,42.5,3.974127473,80.328,2155.059,0,0
$CH,27.100,L1CD,28,2510,41.8,9.755441610,-2495.332,-62544.725,0,0
$TIME,2024,1,30,6,10,23.802257
$CH,27.200,L1CD,2,2520,43.2,8.854211024,-1170.995,-29463.128,0,0
$CH,27.200,L1CD,5,2520,43.5,7.324045713,2170.963,54863.258,0,0
$CH,27.200,L1CD,6,2520,43.8,7.173751391,-1042.452,-26177.404,0,0
$CH,27.200,L1CD,12,2520,43.8,0.412634624,3146.258,79363.939,0,0
$CH,27.200,L1CD,13,2520,42.3,1.720492079,514.159,12850.555,0,0
$CH,27.200,L1CD,17,2520,42.4,4.200072048,166.042,4178.135,0,0
$CH,27.200,L1CD,19,2520,42.9,7.705139521,-724.344,-18258.201,0,0
$CH,27.200,L1CD,20,2520,43.1,4.128301130,3768.988,95007.387,0,0
$CH,27.200,L1CD,24,2520,42.5,3.974125666,80.451,2163.096,0,0
$CH,27.200,L1CD,28,2520,41.8,9.755620263,-2496.125,-62794.282,0,0
$TIME,2024,1,30,6,10,24.023142
$CH,27.300,L1CD,2,2530,43.2,8.854311235,-1170.808,-29580.248,0,0
$CH,27.300,L1CD,5,2530,43.5,7.323885403,2170.590,55080.342,0,0
$CH,27.300,L1CD,6,2530,43.8,7.173852711,-1042.828,-26281.652,0,0
$CH,27.300,L1CD,12,2530,43.8,0.412442847,3145.980,79678.582,0,0
$CH,27.300,L1CD,13,2530,42.3,1.720418937,514.525,12902.025,0,0
$CH,27.300,L1CD,17,2530,42.4,4.200044963,166.709,4194.766,0,0
$CH,27.300,L1CD,19,2530,42.9,7.705176212,-723.941,-18330.617,0,0
$CH,27.300,L1CD,20,2530,43.1,4.128066921,3768.798,95384.258,0,0
$CH,27.300,L1CD,24,2530,42.5,3.974125983,80.584,2171.135,0,0
$CH,27.300,L1CD,28,2530,41.8,9.755760981,-2495.951,-63043.843,0,0
$TIME,2024,1,30,6,10,24.254057
$CH,27.400,L1CD,2,2540,43.2,8.854385923,-1171.054,-29697.371,0,0
$CH,27.400,L1CD,5,2540,43.5,7.323773584,2170.669,55297.418,0,0
$CH,27.400,L1CD,6,2540,43.8,7.173894586,-1042.831,-26385.902,0,0
$CH,27.400,L1CD,12,2540,43.8,0.412246921,3146.248,79993.207,0,0
$CH,27.400,L1CD,13,2540,42.3,1.720376633,514.545,12953.492,0,0
$CH,27.400,L1CD,17,2540,42.4,4.200012458,166.229,4211.400,0,0
$CH,27.400,L1CD,19,2540,42.9,7.705238605,-723.680,-18403.046,0,0
$CH,27.400,L1CD,20,2540,43.1,4.127826393,3768.796,95761.139,0,0
$CH,27.400,L1CD,24,2540,42.5,3.974127426,80.233,2179.178,0,0
$CH,27.400,L1CD,28,2540,41.8,9.755922736,-2495.842,-63293.409,0,0
$TIME,2024,1,30,6,10,24.478758
$CH,27.500,L1CD,2,2550,43.2,8.854433139,-1171.032,-29814.495,0,0
$CH,27.500,L1CD,5,2550,43.5,7.323614083,2170.875,55514.494,0,0
$CH,27.500,L1CD,6,2550,43.8,7.173935641,-1042.738,-26490.149,0,0
$CH,27.500,L1CD,12,2550,43.8,0.412046396,3145.667,80307.840,0,0
$CH,27.500,L1CD,13,2550,42.3,1.720375506,514.573,13004.965,0,0
$CH,27.500,L1CD,17,2550,42.4,4.199974930,166.060,4228.036,0,0
$CH,27.500,L1CD,19,2550,42.9,7.705321159,-724.074,-18475.455,0,0
$CH,27.500,L1CD,20,2550,43.1,4.127583110,3769.153,96138.007,0,0
$CH,27.500,L1CD,24,2550,42.5,3.974125906,80.082,2187.206,0,0
$CH,27.500,L1CD,28,2550,41.8,9.756092868,-2495.653,-63542.979,0,0
$TIME,2024,1,30,6,10,24.709309
$CH,27.600,L1CD,2,2560,43.2,8.854519834,-1171.001,-29931.609,0,0
$CH,27.600,L1CD,5,2560,43.5,7.323495882,2170.787,55731.566,0,0
$CH,27.600,L1CD,6,2560,43.8,7.174015754,-1042.322,-26594.400,0,0
$CH,27.600,L1CD,12,2560,43.8,0.411842608,3146.237,80622.466,0,0
$CH,27.600,L1CD,13,2560,42.3,1.720372236,514.315,13056.457,0,0
$CH,27.600,L1CD,17,2560,42.4,4.199933535,166.835,4244.667,0,0
$CH,27.600,L1CD,19,2560,42.9,7.705373124,-724.146,-18547.860,0,0
$CH,27.600,L1CD,20,2560,43.1,4.127343694,3769.104,96514.890,0,0
$CH,27.600,L1CD,24,2560,42.5,3.974127447,80.703,2195.225,0,0
$CH,27.600,L1CD,28,2560,41.8,9.756234223,-2495.644,-63792.535,0,0
$TIME,2024,1,30,6,10,24.949553
$CH,27.700,L1CD,2,2570,43.2,8.854623849,-1171.338,-30048.724,0,0
$CH,27.700,L1CD,5,2570,43.5,7.323347520,2170.408,55948.639,0,0
$CH,27.700,L1CD,6,2570,43.8,7.174118895,-1042.295,-26698.646,0,0
$CH,27.700,L1CD,12,2570,43.8,0.411633522,3146.498,80937.097,0,0
$CH,27.700,L1CD,13,2570,42.3,1.720358571,514.888,13107.932,0,0
$CH,27.700,L1CD,17,2570,42.4,4.199886317,166.234,4261.322,0,0
$CH,27.700,L1CD,19,2570,42.9,7.705380576,-723.848,-18620.268,0,0
$CH,27.700,L1CD,20,2570,43.1,4.127107329,3769.156,96891.766,0,0
$CH,27.700,L1CD,24,2570,42.5,3.974127798,80.779,2203.271,0,0
$CH,27.700,L1CD,28,2570,41.8,9.756400195,-2495.773,-64042.106,0,0
$TIME,2024,1,30,6,10,25.200109
$CH,27.800,L1CD,2,2580,43.2,8.854659765,-1171.075,-30165.853,0,0
$CH,27.800,L1CD,5,2580,43.5,7.323214664,2170.213,56165.691,0,0
$CH,27.800,L1CD,6,2580,43.8,7.174145144,-1042.841,-26802.909,0,0
$CH,27.800,L1CD,12,2580,43.8,0.411448553,3145.894,81251.718,0,0
$CH,27.800,L1CD,13,2580,42.3,1.720327818,515.006,13159.418,0,0
$CH,27.800,L1CD,17,2580,42.4,4.199871027,166.139,4277.948,0,0
$CH,27.800,L1CD,19,2580,42.9,7.705408111,-724.389,-18692.683,0,0
$CH,27.800,L1CD,20,2580,43.1,4.126863739,3768.507,97268.640,0,0
$CH,27.800,L1CD,24,2580,42.5,3.974123025,80.851,2211.291,0,0
$CH,27.800,L1CD,28,2580,41.8,9.756557874,-2495.232,-64291.685,0,0
$TIME,2024,1,30,6,10,25.420669
$CH,27.900,L1CD,2,2590,43.2,8.854730098,-1171.548,-30282.977,0,0
$CH,27.900,L1CD,5,2590,43.5,7.323077634,2170.528,56382.746,0,0
$CH,27.900,L1CD,6,2590,43.8,7.174193825,-1042.641,-26907.171,0,0
$CH,27.900,L1CD,12,2590,43.8,0.411251470,3146.028,81566.334,0,0
$CH,27.900,L1CD,13,2590,42.3,1.720278065,514.981,13210.918,0,0
$CH,27.900,L1CD,17,2590,42.4,4.199877575,166.454,4294.582,0,0
$CH,27.900,L1CD,19,2590,42.9,7.705457595,-724.447,-18765.105,0,0
$CH,27.900,L1CD,20,2590,43.1,4.126625566,3768.765,97645.504,0,0
$CH,27.900,L1CD,24,2590,42.5,3.974123872,79.957,2219.305,0,0
$CH,27.900,L1CD,28,2590,41.8,9.756707347,-2495.915,-64541.253,0,0
$TIME,2024,1,30,6,10,25.651106
$CH,28.000,L1CD,2,2600,43.0,8.854839444,-1171.312,-30400.107,0,0
$CH,28.000,L1CD,5,2600,43.6,7.322931727,2170.060,56599.795,0,0
$CH,28.000,L1CD,6,2600,43.6,7.174279977,-1042.913,-27011.443,0,0
$CH,28.000,L1CD,12,2600,44.0,0.411052859,3146.045,81880.956,0,0
$CH,28.000,L1CD,13,2600,41.9,1.720211992,515.054,13262.403,0,0
$CH,28.000,L1CD,17,2600,43.0,4.199873955,166.600,4311.212,0,0
$CH,28.000,L1CD,19,2600,43.0,7.705532792,-724.131,-18837.523,0,0
$CH,28.000,L1CD,20,2600,42.6,4.126383307,3768.685,98022.375,0,0
$CH,28.000,L1CD,24,2600,41.7,3.974128116,79.839,2227.301,0,0
$CH,28.000,L1CD,28,2600,41.9,9.756882731,-2495.994,-64790.833,0,0
$TIME,2024,1,30,6,10,25.871546
$CH,28.100,L1CD,2,2610,43.0,8.854897684,-1171.281,-30517.243,0,0
$CH,28.100,L1CD,5,2610,43.6,7.322807004,2170.288,56816.829,0,0
$CH,28.100,L1CD,6,2610,43.6,7.174377984,-1042.975,-27115.712,0,0
$CH,28.100,L1CD,12,2610,44.0,0.410842216,3146.061,82195.564,0,0
$CH,28.100,L1CD,13,2610,41.9,1.720138472,514.640,13313.897,0,0
$CH,28.100,L1CD,17,2610,43.0,4.199877244,166.778,4327.849,0,0
$CH,28.100,L1CD,19,2610,43.0,7.705616163,-723.862,-18909.944,0,0
$CH,28.100,L1CD,20,2610,42.6,4.126144854,3768.485,98399.240,0,0
$CH,28.100,L1CD,24,2610,41.7,3.974126001,80.341,2235.305,0,0
$CH,28.100,L1CD,28,2610,41.9,9.757028149,-2495.861,-65040.427,0,0
$TIME,2024,1,30,6,10,26.102309
$CH,28.200,L1CD,2,2620,43.0,8.854954788,-1171.508,-30634.378,0,0
$CH,28.200,L1CD,5,2620,43.6,7.322650569,2169.735,57033.870,0,0
$CH,28.200,L1CD,6,2620,43.6,7.174406155,-1042.683,-27219.986,0,0
$CH,28.200,L1CD,12,2620,44.0,0.410631680,3145.816,82510.178,0,0
$CH,28.200,L1CD,13,2620,41.9,1.720121934,514.823,13365.396,0,0
$CH,28.200,L1CD,17,2620,43.0,4.199874322,166.371,4344.484,0,0
$CH,28.200,L1CD,19,2620,43.0,7.705628597,-724.201,-18982.349,0,0
$CH,28.200,L1CD,20,2620,42.6,4.125910653,3768.326,98776.100,0,0
$CH,28.200,L1CD,24,2620,41.7,3.974123092,80.486,2243.313,0,0
$CH,28.200,L1CD,28,2620,41.9,9.757189944,-2495.117,-65290.015,0,0
$TIME,2024,1,30,6,10,26.332740
$CH,28.300,L1CD,2,2630,43.0,8.855051228,-1171.075,-30751.515,0,0
$CH,28.300,L1CD,5,2630,43.6,7.322533968,2170.437,57250.895,0,0
$CH,28.300,L1CD,6,2630,43.6,7.174464204,-1042.812,-27324.265,0,0
$CH,28.300,L1CD,12,2630,44.0,0.410441828,3145.739,82824.780,0,0
$CH,28.300,L1CD,13,2630,41.9,1.720122922,514.838,13416.899,0,0
$CH,28.300,L1CD,17,2630,43.0,4.199874461,166.595,4361.114,0,0
$CH,28.300,L1CD,19,2630,43.0,7.705641817,-723.841,-19054.773,0,0
$CH,28.300,L1CD,20,2630,42.6,4.125670579,3768.532,99152.965,0,0
$CH,28.300,L1CD,24,2630,41.7,3.974124700,79.793,2251.312,0,0
$CH,28.300,L1CD,28,2630,41.9,9.757370089,-2495.580,-65539.609,0,0
$TIME,2024,1,30,6,10,26.563094
$CH,28.400,L1CD,2,2640,43.0,8.855133063,-1171.398,-30868.648,0,0
$CH,28.400,L1CD,5,2640,43.6,7.322377005,2170.219,57467.934,0,0
$CH,28.400,L1CD,6,2640,43.6,7.174556911,-1042.715,-27428.535,0,0
$CH,28.400,L1CD,12,2640,44.0,0.410252451,3145.856,83139.394,0,0
$CH,28.400,L1CD,13,2640,41.9,1.720118058,515.234,13468.416,0,0
$CH,28.400,L1CD,17,2640,43.0,4.199874869,166.115,4377.765,0,0
$CH,28.400,L1CD,19,2640,43.0,7.705681615,-724.176,-19127.186,0,0
$CH,28.400,L1CD,20,2640,42.6,4.125431682,3768.657,99529.836,0,0
$CH,28.400,L1CD,24,2640,41.7,3.974123403,81.045,2259.308,0,0
$CH,28.400,L1CD,28,2640,41.9,9.757508853,-2496.288,-65789.190,0,0
$TIME,2024,1,30,6,10,26.783712
$CH,28.500,L1CD,2,2650,43.0,8.855177192,-1171.225,-30985.782,0,0
$CH,28.500,L1CD,5,2650,43.6,7.322262910,2169.712,57684.955,0,0
$CH,28.500,L1CD,6,2650,43.6,7.174632852,-1043.713,-27532.816,0,0
$CH,28.500,L1CD,12,2650,44.0,0.410052881,3145.875,83453.994,0,0
$CH,28.500,L1CD,13,2650,41.9,1.720098150,514.757,13519.931,0,0
$CH,28.500,L1CD,17,2650,43.0,4.199877893,166.286,4394.397,0,0
$CH,28.500,L1CD,19,2650,43.0,7.705747094,-724.178,-19199.599,0,0
$CH,28.500,L1CD,20,2650,42.6,4.125193138,3768.782,99906.699,0,0
$CH,28.500,L1CD,24,2650,41.7,3.974124871,79.372,2267.304,0,0
$CH,28.500,L1CD,28,2650,41.9,9.757672831,-2495.721,-66038.792,0,0
$TIME,2024,1,30,6,10,27.014167
$CH,28.600,L1CD,2,2660,43.0,8.855259680,-1171.482,-31102.930,0,0
$CH,28.600,L1CD,5,2660,43.6,7.322107876,2170.358,57901.957,0,0
$CH,28.600,L1CD,6,2660,43.6,7.174666208,-1042.716,-27637.108,0,0
$CH,28.600,L1CD,12,2660,44.0,0.409843197,3146.120,83768.598,0,0
$CH,28.600,L1CD,13,2660,41.9,1.720059845,515.194,13571.424,0,0
$CH,28.600,L1CD,17,2660,43.0,4.199874431,167.083,4411.026,0,0
$CH,28.600,L1CD,19,2660,43.0,7.705833916,-724.064,-19272.017,0,0
$CH,28.600,L1CD,20,2660,42.6,4.124957330,3768.628,100283.548,0,0
$CH,28.600,L1CD,24,2660,41.7,3.974125679,79.420,2275.276,0,0
$CH,28.600,L1CD,28,2660,41.9,9.757839914,-2496.093,-66288.402,0,0
$TIME,2024,1,30,6,10,27.234700
$CH,28.700,L1CD,2,2670,43.0,8.855370804,-1171.301,-31220.063,0,0
$CH,28.700,L1CD,5,2670,43.6,7.321979849,2170.090,58118.984,0,0
$CH,28.700,L1CD,6,2670,43.6,7.174734325,-1042.732,-27741.391,0,0
$CH,28.700,L1CD,12,2670,44.0,0.409635331,3145.582,84083.202,0,0
$CH,28.700,L1CD,13,2670,41.9,1.720003983,515.763,13622.950,0,0
$CH,28.700,L1CD,17,2670,43.0,4.199874532,166.290,4427.677,0,0
$CH,28.700,L1CD,19,2670,43.0,7.705879439,-723.604,-19344.422,0,0
$CH,28.700,L1CD,20,2670,42.6,4.124716715,3768.762,100660.424,0,0
$CH,28.700,L1CD,24,2670,41.7,3.974125128,79.388,2283.266,0,0
$CH,28.700,L1CD,28,2670,41.9,9.757978368,-2496.052,-66537.998,0,0
$TIME,2024,1,30,6,10,27.465061
$CH,28.800,L1CD,2,2680,43.0,8.855406611,-1171.647,-31337.206,0,0
$CH,28.800,L1CD,5,2680,43.6,7.321836147,2170.198,58335.995,0,0
$CH,28.800,L1CD,6,2680,43.6,7.174835937,-1043.069,-27845.670,0,0
$CH,28.800,L1CD,12,2680,44.0,0.409449827,3146.113,84397.801,0,0
$CH,28.800,L1CD,13,2680,41.9,1.719931763,515.672,13674.484,0,0
$CH,28.800,L1CD,17,2680,43.0,4.199873566,166.754,4444.320,0,0
$CH,28.800,L1CD,19,2680,43.0,7.705888215,-723.892,-19416.835,0,0
$CH,28.800,L1CD,20,2680,42.6,4.124479441,3768.754,101037.283,0,0
$CH,28.800,L1CD,24,2680,41.7,3.974125320,79.381,2291.238,0,0
$CH,28.800,L1CD,28,2680,41.9,9.758145382,-2495.929,-66787.593,0,0
$TIME,2024,1,30,6,10,27.685605
$CH,28.900,L1CD,2,2690,43.0,8.855473027,-1171.294,-31454.343,0,0
$CH,28.900,L1CD,5,2690,43.6,7.321697683,2169.665,58553.008,0,0
$CH,28.900,L1CD,6,2690,43.6,7.174894030,-1042.720,-27949.959,0,0
$CH,28.900,L1CD,12,2690,44.0,0.409250324,3145.794,84712.400,0,0
$CH,28.900,L1CD,13,2690,41.9,1.719873569,515.568,13726.028,0,0
$CH,28.900,L1CD,17,2690,43.0,4.199873468,166.128,4460.966,0,0
$CH,28.900,L1CD,19,2690,43.0,7.705918042,-724.339,-19489.236,0,0
$CH,28.900,L1CD,20,2690,42.6,4.124243974,3768.602,101414.150,0,0
$CH,28.900,L1CD,24,2690,41.7,3.974122868,79.880,2299.222,0,0
$CH,28.900,L1CD,28,2690,41.9,9.758298736,-2496.571,-67037.188,0,0
$TIME,2024,1,30,6,10,27.906147
$CH,29.000,L1CD,2,2700,43.1,8.855578653,-1171.738,-31571.481,0,0
$CH,29.000,L1CD,5,2700,43.6,7.321566339,2170.002,58770.000,0,0
$CH,29.000,L1CD,6,2700,43.5,7.174935100,-1042.979,-28054.256,0,0
$CH,29.000,L1CD,12,2700,43.7,0.409051400,3145.730,85026.992,0,0
$CH,29.000,L1CD,13,2700,41.8,1.719873518,515.582,13777.551,0,0
$CH,29.000,L1CD,17,2700,42.4,4.199875899,166.503,4477.601,0,0
$CH,29.000,L1CD,19,2700,42.2,7.705973338,-724.035,-19561.646,0,0
$CH,29.000,L1CD,20,2700,42.9,4.124005212,3768.487,101791.007,0,0
$CH,29.000,L1CD,24,2700,41.5,3.974122737,79.822,2307.185,0,0
$CH,29.000,L1CD,28,2700,41.8,9.758454745,-2496.556,-67286.798,0,0
$TIME,2024,1,30,6,10,28.186434
$CH,29.100,L1CD,2,2710,43.1,8.855646718,-1171.327,-31688.625,0,0
$CH,29.100,L1CD,5,2710,43.6,7.321414731,2170.217,58986.993,0,0
$CH,29.100,L1CD,6,2710,43.5,7.175008364,-1042.742,-28158.549,0,0
$CH,29.100,L1CD,12,2710,43.7,0.408842765,3146.002,85341.588,0,0
$CH,29.100,L1CD,13,2710,41.8,1.719875975,515.553,13829.083,0,0
$CH,29.100,L1CD,17,2710,42.4,4.199874008,166.280,4494.245,0,0
$CH,29.100,L1CD,19,2710,42.2,7.706050381,-723.773,-19634.059,0,0
$CH,29.100,L1CD,20,2710,42.9,4.123765704,3768.470,102167.868,0,0
$CH,29.100,L1CD,24,2710,41.5,3.974123787,79.881,2315.152,0,0
$CH,29.100,L1CD,28,2710,41.8,9.758626518,-2495.989,-67536.407,0,0
$TIME,2024,1,30,6,10,28.406991
$CH,29.200,L1CD,2,2720,43.1,8.855698850,-1171.609,-31805.766,0,0
$CH,29.200,L1CD,5,2720,43.6,7.321293915,2170.021,59203.995,0,0
$CH,29.200,L1CD,6,2720,43.5,7.175111985,-1043.154,-28262.846,0,0
$CH,29.200,L1CD,12,2720,43.7,0.408635498,3145.482,85656.187,0,0
$CH,29.200,L1CD,13,2720,41.8,1.719862498,515.930,13880.625,0,0
$CH,29.200,L1CD,17,2720,42.4,4.199872595,165.971,4510.892,0,0
$CH,29.200,L1CD,19,2720,42.2,7.706127985,-723.909,-19706.463,0,0
$CH,29.200,L1CD,20,2720,42.9,4.123522664,3768.506,102544.725,0,0
$CH,29.200,L1CD,24,2720,41.5,3.974118539,80.021,2323.110,0,0
$CH,29.200,L1CD,28,2720,41.8,9.758769914,-2496.064,-67786.027,0,0
$TIME,2024,1,30,6,10,28.637425
$CH,29.300,L1CD,2,2730,43.1,8.855791843,-1171.559,-31922.918,0,0
$CH,29.300,L1CD,5,2730,43.6,7.321131999,2169.660,59420.969,0,0
$CH,29.300,L1CD,6,2730,43.5,7.175144814,-1043.143,-28367.151,0,0
$CH,29.300,L1CD,12,2730,43.7,0.408446539,3145.565,85970.763,0,0
$CH,29.300,L1CD,13,2730,41.8,1.719836213,515.691,13932.175,0,0
$CH,29.300,L1CD,17,2730,42.4,4.199865860,166.373,4527.531,0,0
$CH,29.300,L1CD,19,2730,42.2,7.706134589,-724.263,-19778.880,0,0
$CH,29.300,L1CD,20,2730,42.9,4.123286310,3768.390,102921.580,0,0
$CH,29.300,L1CD,24,2730,41.5,3.974114268,79.570,2331.070,0,0
$CH,29.300,L1CD,28,2730,41.8,9.758929451,-2496.171,-68035.645,0,0
$TIME,2024,1,30,6,10,28.857850
$CH,29.400,L1CD,2,2740,43.1,8.855880550,-1171.696,-32040.076,0,0
$CH,29.400,L1CD,5,2740,43.6,7.321020110,2169.305,59637.949,0,0
$CH,29.400,L1CD,6,2740,43.5,7.175190128,-1043.420,-28471.462,0,0
$CH,29.400,L1CD,12,2740,43.7,0.408251261,3145.929,86285.339,0,0
$CH,29.400,L1CD,13,2740,41.8,1.719792903,515.297,13983.719,0,0
$CH,29.400,L1CD,17,2740,42.4,4.199854854,166.772,4544.171,0,0
$CH,29.400,L1CD,19,2740,42.2,7.706154378,-724.278,-19851.293,0,0
$CH,29.400,L1CD,20,2740,42.9,4.123046725,3768.507,103298.429,0,0
$CH,29.400,L1CD,24,2740,41.5,3.974107039,79.088,2339.018,0,0
$CH,29.400,L1CD,28,2740,41.8,9.759100294,-2496.096,-68285.268,0,0
$TIME,2024,1,30,6,10,29.088435
$CH,29.500,L1CD,2,2750,43.1,8.855921408,-1171.303,-32157.234,0,0
$CH,29.500,L1CD,5,2750,43.6,7.320865763,2169.440,59854.917,0,0
$CH,29.500,L1CD,6,2750,43.5,7.175274972,-1042.688,-28575.771,0,0
$CH,29.500,L1CD,12,2750,43.7,0.408053553,3145.799,86599.921,0,0
$CH,29.500,L1CD,13,2750,41.8,1.719732481,515.511,14035.249,0,0
$CH,29.500,L1CD,17,2750,42.4,4.199833085,166.349,4560.805,0,0
$CH,29.500,L1CD,19,2750,42.2,7.706197757,-723.814,-19923.715,0,0
$CH,29.500,L1CD,20,2750,42.9,4.122808182,3768.542,103675.278,0,0
$CH,29.500,L1CD,24,2750,41.5,3.974096256,79.577,2346.951,0,0
$CH,29.500,L1CD,28,2750,41.8,9.759243490,-2495.802,-68534.898,0,0
$TIME,2024,1,30,6,10,29.318971
$CH,29.600,L1CD,2,2760,43.1,8.856001418,-1171.924,-32274.402,0,0
$CH,29.600,L1CD,5,2760,43.6,7.320745085,2169.661,60071.873,0,0
$CH,29.600,L1CD,6,2760,43.5,7.175377636,-1043.267,-28680.096,0,0
$CH,29.600,L1CD,12,2760,43.7,0.407847134,3145.491,86914.486,0,0
$CH,29.600,L1CD,13,2760,41.8,1.719660689,515.782,14086.787,0,0
$CH,29.600,L1CD,17,2760,42.4,4.199810595,166.080,4577.445,0,0
$CH,29.600,L1CD,19,2760,42.2,7.706265185,-724.655,-19996.132,0,0
$CH,29.600,L1CD,20,2760,42.9,4.122564720,3768.552,104052.117,0,0
$CH,29.600,L1CD,24,2760,41.5,3.974085094,79.011,2354.890,0,0
$CH,29.600,L1CD,28,2760,41.8,9.759411506,-2496.136,-68784.535,0,0
$TIME,2024,1,30,6,10,29.539431
$CH,29.700,L1CD,2,2770,43.1,8.856112838,-1171.807,-32391.552,0,0
$CH,29.700,L1CD,5,2770,43.6,7.320597946,2169.472,60288.843,0,0
$CH,29.700,L1CD,6,2770,43.5,7.175408063,-1043.137,-28784.406,0,0
$CH,29.700,L1CD,12,2770,43.7,0.407638477,3146.164,87229.063,0,0
$CH,29.700,L1CD,13,2770,41.8,1.719626614,515.932,14138.357,0,0
$CH,29.700,L1CD,17,2770,42.4,4.199782146,166.432,4594.080,0,0
$CH,29.700,L1CD,19,2770,42.2,7.706350474,-724.171,-20068.538,0,0
$CH,29.700,L1CD,20,2770,42.9,4.122322466,3768.684,104428.969,0,0
$CH,29.700,L1CD,24,2770,41.5,3.974068127,78.974,2362.827,0,0
$CH,29.700,L1CD,28,2770,41.8,9.759573990,-2495.879,-69034.148,0,0
$TIME,2024,1,30,6,10,29.769757
$CH,29.800,L1CD,2,2780,43.1,8.856155831,-1171.251,-32508.688,0,0
$CH,29.800,L1CD,5,2780,43.6,7.320461702,2169.841,60505.822,0,0
$CH,29.800,L1CD,6,2780,43.5,7.175461656,-1042.970,-28888.704,0,0
$CH,29.800,L1CD,12,2780,43.7,0.407450599,3146.303,87543.664,0,0
$CH,29.800,L1CD,13,2780,41.8,1.719625110,515.209,14189.939,0,0
$CH,29.800,L1CD,17,2780,42.4,4.199749474,166.656,4610.752,0,0
$CH,29.800,L1CD,19,2780,42.2,7.706379860,-724.415,-20140.922,0,0
$CH,29.800,L1CD,20,2780,42.9,4.122086249,3768.753,104805.841,0,0
$CH,29.800,L1CD,24,2780,41.5,3.974050060,79.378,2370.780,0,0
$CH,29.800,L1CD,28,2780,41.8,9.759717726,-2495.835,-69283.747,0,0
$TIME,2024,1,30,6,10,29.990404
$CH,29.900,L1CD,2,2790,43.1,8.856219908,-1171.879,-32625.829,0,0
$CH,29.900,L1CD,5,2790,43.6,7.320323106,2169.626,60722.789,0,0
$CH,29.900,L1CD,6,2790,43.5,7.175550406,-1043.107,-28993.006,0,0
$CH,29.900,L1CD,12,2790,43.7,0.407256068,3145.895,87858.248,0,0
$CH,29.900,L1CD,13,2790,41.8,1.719621811,516.230,14241.525,0,0
$CH,29.900,L1CD,17,2790,42.4,4.199709522,165.921,4627.413,0,0
$CH,29.900,L1CD,19,2790,42.2,7.706389090,-723.712,-20213.323,0,0
$CH,29.900,L1CD,20,2790,42.9,4.121846043,3768.291,105182.707,0,0
$CH,29.900,L1CD,24,2790,41.5,3.974026976,79.738,2378.726,0,0
$CH,29.900,L1CD,28,2790,41.8,9.759890164,-2496.431,-69533.357,0,0
$TIME,2024,1,30,6,10,30.220843
$CH,30.000,L1CD,2,2800,42.9,8.856320969,-1171.857,-32742.987,0,0
$CH,30.000,L1CD,5,2800,44.2,7.320174480,2169.403,60939.739,0,0
$CH,30.000,L1CD,6,2800,43.7,7.175632697,-1043.130,-29097.341,0,0
$CH,30.000,L1CD,12,2800,43.9,0.407058852,3145.706,88172.812,0,0
$CH,30.000,L1CD,13,2800,42.1,1.719607022,516.406,14293.084,0,0
$CH,30.000,L1CD,17,2800,43.2,4.199665286,166.425,4644.053,0,0
$CH,30.000,L1CD,19,2800,42.5,7.706425034,-723.893,-20285.729,0,0
$CH,30.000,L1CD,20,2800,42.6,4.121605989,3768.442,105559.556,0,0
$CH,30.000,L1CD,24,2800,42.7,3.974000811,79.153,2386.650,0,0
$CH,30.000,L1CD,28,2800,41.9,9.760041892,-2496.609,-69782.982,0,0
$TIME,2024,1,30,6,10,30.441296
$CH,30.100,L1CD,2,2810,42.9,8.856388979,-1170.895,-32860.159,0,0
$CH,30.100,L1CD,5,2810,44.2,7.320054330,2169.765,61156.677,0,0
$CH,30.100,L1CD,6,2810,43.7,7.175666114,-1043.154,-29201.665,0,0
$CH,30.100,L1CD,12,2810,43.9,0.406850481,3145.446,88487.379,0,0
$CH,30.100,L1CD,13,2810,42.1,1.719572085,515.819,14344.658,0,0
$CH,30.100,L1CD,17,2810,43.2,4.199622367,166.538,4660.698,0,0
$CH,30.100,L1CD,19,2810,42.5,7.706483457,-724.340,-20358.136,0,0
$CH,30.100,L1CD,20,2810,42.6,4.121365447,3768.397,105936.395,0,0
$CH,30.100,L1CD,24,2810,42.7,3.973971942,79.779,2394.565,0,0
$CH,30.100,L1CD,28,2810,41.9,9.760197290,-2496.756,-70032.614,0,0
$TIME,2024,1,30,6,10,30.671737
$CH,30.200,L1CD,2,2820,42.9,8.856439535,-1171.496,-32977.309,0,0
$CH,30.200,L1CD,5,2820,44.2,7.319897142,2169.207,61373.626,0,0
$CH,30.200,L1CD,6,2820,43.7,7.175728867,-1043.350,-29305.982,0,0
$CH,30.200,L1CD,12,2820,43.9,0.406642241,3145.999,88801.947,0,0
$CH,30.200,L1CD,13,2820,42.1,1.719525101,515.816,14396.241,0,0
$CH,30.200,L1CD,17,2820,43.2,4.199625617,166.591,4677.341,0,0
$CH,30.200,L1CD,19,2820,42.5,7.706564733,-724.302,-20430.547,0,0
$CH,30.200,L1CD,20,2820,42.6,4.121123634,3768.491,106313.238,0,0
$CH,30.200,L1CD,24,2820,42.7,3.973940533,79.714,2402.488,0,0
$CH,30.200,L1CD,28,2820,41.9,9.760377082,-2496.012,-70282.249,0,0
$TIME,2024,1,30,6,10,30.902341
$CH,30.300,L1CD,2,2830,42.9,8.856528512,-1171.655,-33094.472,0,0
$CH,30.300,L1CD,5,2830,44.2,7.319777773,2169.183,61590.560,0,0
$CH,30.300,L1CD,6,2830,43.7,7.175825864,-1043.474,-29410.305,0,0
$CH,30.300,L1CD,12,2830,43.9,0.406457266,3145.693,89116.516,0,0
$CH,30.300,L1CD,13,2830,42.1,1.719457691,515.708,14447.822,0,0
$CH,30.300,L1CD,17,2830,43.2,4.199624479,166.507,4693.999,0,0
$CH,30.300,L1CD,19,2830,42.5,7.706626240,-724.343,-20502.942,0,0
$CH,30.300,L1CD,20,2830,42.6,4.120879990,3768.262,106690.099,0,0
$CH,30.300,L1CD,24,2830,42.7,3.973910764,78.973,2410.412,0,0
$CH,30.300,L1CD,28,2830,41.9,9.760517000,-2496.380,-70531.880,0,0
$TIME,2024,1,30,6,10,31.132776
$CH,30.400,L1CD,2,2840,42.9,8.856628194,-1171.302,-33211.631,0,0
$CH,30.400,L1CD,5,2840,44.2,7.319617608,2168.899,61807.494,0,0
$CH,30.400,L1CD,6,2840,43.7,7.175884600,-1043.372,-29514.648,0,0
$CH,30.400,L1CD,12,2840,43.9,0.406260862,3145.765,89431.081,0,0
$CH,30.400,L1CD,13,2840,42.1,1.719382833,516.221,14499.410,0,0
$CH,30.400,L1CD,17,2840,43.2,4.199622168,166.146,4710.644,0,0
$CH,30.400,L1CD,19,2840,42.5,7.706632534,-724.010,-20575.350,0,0
$CH,30.400,L1CD,20,2840,42.6,4.120639747,3768.655,107066.943,0,0
$CH,30.400,L1CD,24,2840,42.7,3.973874548,79.183,2418.316,0,0
$CH,30.400,L1CD,28,2840,41.9,9.760674312,-2496.708,-70781.519,0,0
$TIME,2024,1,30,6,10,31.353219
$CH,30.500,L1CD,2,2850,42.9,8.856667350,-1171.686,-33328.810,0,0
$CH,30.500,L1CD,5,2850,44.2,7.319499715,2169.005,62024.406,0,0
$CH,30.500,L1CD,6,2850,43.7,7.175921782,-1042.943,-29618.994,0,0
$CH,30.500,L1CD,12,2850,43.9,0.406055692,3145.744,89745.627,0,0
$CH,30.500,L1CD,13,2850,42.1,1.719374480,516.012,14550.987,0,0
$CH,30.500,L1CD,17,2850,43.2,4.199622833,166.699,4727.281,0,0
$CH,30.500,L1CD,19,2850,42.5,7.706650773,-724.271,-20647.764,0,0
$CH,30.500,L1CD,20,2850,42.6,4.120402750,3768.177,107443.778,0,0
$CH,30.500,L1CD,24,2850,42.7,3.973876948,78.909,2426.215,0,0
$CH,30.500,L1CD,28,2850,41.9,9.760847601,-2496.823,-71031.171,0,0
$TIME,2024,1,30,6,10,31.583572
$CH,30.600,L1CD,2,2860,42.9,8.856744044,-1171.551,-33445.988,0,0
$CH,30.600,L1CD,5,2860,44.2,7.319351204,2169.360,62241.319,0,0
$CH,30.600,L1CD,6,2860,43.7,7.175991575,-1043.532,-29723.339,0,0
$CH,30.600,L1CD,12,2860,43.9,0.405845797,3145.048,90060.176,0,0
$CH,30.600,L1CD,13,2860,42.1,1.719375673,515.789,14602.566,0,0
$CH,30.600,L1CD,17,2860,43.2,4.199627483,166.478,4743.929,0,0
$CH,30.600,L1CD,19,2860,42.5,7.706697728,-724.276,-20720.182,0,0
$CH,30.600,L1CD,20,2860,42.6,4.120162298,3768.062,107820.607,0,0
$CH,30.600,L1CD,24,2860,42.7,3.973874915,79.543,2434.097,0,0
$CH,30.600,L1CD,28,2860,41.9,9.760990359,-2496.069,-71280.833,0,0
$TIME,2024,1,30,6,10,31.814054
$CH,30.700,L1CD,2,2870,42.9,8.856851982,-1171.363,-33563.166,0,0
$CH,30.700,L1CD,5,2870,44.2,7.319223450,2169.328,62458.234,0,0
$CH,30.700,L1CD,6,2870,43.7,7.176093332,-1043.148,-29827.688,0,0
$CH,30.700,L1CD,12,2870,43.9,0.405638694,3145.357,90374.731,0,0
$CH,30.700,L1CD,13,2870,42.1,1.719370778,516.639,14654.165,0,0
$CH,30.700,L1CD,17,2870,43.2,4.199628111,166.710,4760.569,0,0
$CH,30.700,L1CD,19,2870,42.5,7.706767998,-723.618,-20792.589,0,0
$CH,30.700,L1CD,20,2870,42.6,4.119925860,3768.523,108197.437,0,0
$CH,30.700,L1CD,24,2870,42.7,3.973877858,79.276,2442.001,0,0
$CH,30.700,L1CD,28,2870,41.9,9.761156148,-2496.055,-71530.476,0,0
$TIME,2024,1,30,6,10,32.044870
$CH,30.800,L1CD,2,2880,42.9,8.856902561,-1171.992,-33680.326,0,0
$CH,30.800,L1CD,5,2880,44.2,7.319087936,2169.348,62675.146,0,0
$CH,30.800,L1CD,6,2880,43.7,7.176141458,-1043.321,-29932.023,0,0
$CH,30.800,L1CD,12,2880,43.9,0.405452082,3145.350,90689.285,0,0
$CH,30.800,L1CD,13,2880,42.1,1.719347809,516.110,14705.767,0,0
$CH,30.800,L1CD,17,2880,43.2,4.199625131,166.472,4777.223,0,0
$CH,30.800,L1CD,19,2880,42.5,7.706854770,-724.452,-20864.986,0,0
$CH,30.800,L1CD,20,2880,42.6,4.119689063,3768.100,108574.297,0,0
$CH,30.800,L1CD,24,2880,42.7,3.973873386,78.930,2449.898,0,0
$CH,30.800,L1CD,28,2880,41.9,9.761314791,-2496.050,-71780.125,0,0
$TIME,2024,1,30,6,10,32.264916
$CH,30.900,L1CD,2,2890,42.9,8.856964463,-1171.585,-33797.494,0,0
$CH,30.900,L1CD,5,2890,44.2,7.318946162,2169.371,62892.060,0,0
$CH,30.900,L1CD,6,2890,43.7,7.176185198,-1043.451,-30036.364,0,0
$CH,30.900,L1CD,12,2890,43.9,0.405256673,3145.744,91003.839,0,0
$CH,30.900,L1CD,13,2890,42.1,1.719311064,516.234,14757.377,0,0
$CH,30.900,L1CD,17,2890,43.2,4.199627493,166.707,4793.874,0,0
$CH,30.900,L1CD,19,2890,42.5,7.706877220,-724.151,-20937.388,0,0
$CH,30.900,L1CD,20,2890,42.6,4.119452059,3768.602,108951.138,0,0
$CH,30.900,L1CD,24,2890,42.7,3.973878173,78.632,2457.799,0,0
$CH,30.900,L1CD,28,2890,41.9,9.761464860,-2496.499,-72029.767,0,0
$TIME,2024,1,30,6,10,32.497767
$CH,31.000,L1CD,2,2900,43.0,8.857065351,-1171.989,-33914.673,0,0
$CH,31.000,L1CD,5,2900,43.7,7.318814922,2169.036,63108.958,0,0
$CH,31.000,L1CD,6,2900,44.2,7.176264175,-1043.569,-30140.717,0,0
$CH,31.000,L1CD,12,2900,44.0,0.405059659,3145.193,91318.386,0,0
$CH,31.000,L1CD,13,2900,42.2,1.719254744,515.954,14808.986,0,0
$CH,31.000,L1CD,17,2900,42.4,4.199623588,165.878,4810.528,0,0
$CH,31.000,L1CD,19,2900,42.6,7.706887631,-724.215,-21009.797,0,0
$CH,31.000,L1CD,20,2900,42.9,4.119217947,3768.451,109327.977,0,0
$CH,31.000,L1CD,24,2900,42.3,3.973875082,78.481,2465.675,0,0
$CH,31.000,L1CD,28,2900,42.3,9.761637216,-2496.262,-72279.418,0,0
$TIME,2024,1,30,6,10,32.728423
$CH,31.100,L1CD,2,2910,43.0,8.857139847,-1171.761,-34031.859,0,0
$CH,31.100,L1CD,5,2910,43.7,7.318659708,2168.807,63325.840,0,0
$CH,31.100,L1CD,6,2910,44.2,7.176367954,-1043.675,-30245.087,0,0
$CH,31.100,L1CD,12,2910,44.0,0.404853035,3144.957,91632.918,0,0
$CH,31.100,L1CD,13,2910,42.2,1.719189039,515.629,14860.578,0,0
$CH,31.100,L1CD,17,2910,42.4,4.199623696,166.114,4827.167,0,0
$CH,31.100,L1CD,19,2910,42.6,7.706920628,-723.739,-21082.213,0,0
$CH,31.100,L1CD,20,2910,42.9,4.118977472,3768.303,109704.797,0,0
$CH,31.100,L1CD,24,2910,42.3,3.973871212,79.057,2473.542,0,0
$CH,31.100,L1CD,28,2910,42.3,9.761786708,-2496.342,-72529.096,0,0
$TIME,2024,1,30,6,10,32.949187
$CH,31.200,L1CD,2,2920,43.0,8.857187664,-1171.553,-34149.030,0,0
$CH,31.200,L1CD,5,2920,43.7,7.318536877,2169.056,63542.739,0,0
$CH,31.200,L1CD,6,2920,44.2,7.176404256,-1043.306,-30349.441,0,0
$CH,31.200,L1CD,12,2920,44.0,0.404647483,3145.652,91947.458,0,0
$CH,31.200,L1CD,13,2920,42.2,1.719127054,515.960,14912.194,0,0
$CH,31.200,L1CD,17,2920,42.4,4.199625350,166.741,4843.823,0,0
$CH,31.200,L1CD,19,2920,42.6,7.706984701,-723.694,-21154.611,0,0
$CH,31.200,L1CD,20,2920,42.9,4.118740967,3767.760,110081.640,0,0
$CH,31.200,L1CD,24,2920,42.3,3.973876160,78.605,2481.425,0,0
$CH,31.200,L1CD,28,2920,42.3,9.761940764,-2496.611,-72778.757,0,0
$TIME,2024,1,30,6,10,33.179840
$CH,31.300,L1CD,2,2930,43.0,8.857275947,-1171.185,-34266.206,0,0
$CH,31.300,L1CD,5,2930,43.7,7.318371919,2169.148,63759.630,0,0
$CH,31.300,L1CD,6,2930,44.2,7.176452661,-1043.738,-30453.785,0,0
$CH,31.300,L1CD,12,2930,44.0,0.404455353,3145.072,92262.013,0,0
$CH,31.300,L1CD,13,2930,42.2,1.719125422,515.918,14963.825,0,0
$CH,31.300,L1CD,17,2930,42.4,4.199626269,166.368,4860.480,0,0
$CH,31.300,L1CD,19,2930,42.6,7.707070859,-724.138,-21227.011,0,0
$CH,31.300,L1CD,20,2930,42.9,4.118501724,3768.190,110458.480,0,0
$CH,31.300,L1CD,24,2930,42.3,3.973872941,78.943,2489.301,0,0
$CH,31.300,L1CD,28,2930,42.3,9.762118814,-2496.801,-73028.414,0,0
$TIME,2024,1,30,6,10,33.440660
$CH,31.400,L1CD,2,2940,43.0,8.857380605,-1171.527,-34383.380,0,0
$CH,31.400,L1CD,5,2940,43.7,7.318259523,2169.005,63976.517,0,0
$CH,31.400,L1CD,6,2940,44.2,7.176539350,-1043.746,-30558.139,0,0
$CH,31.400,L1CD,12,2940,44.0,0.404262534,3145.345,92576.555,0,0
$CH,31.400,L1CD,13,2940,42.2,1.719123067,516.593,15015.459,0,0
$CH,31.400,L1CD,17,2940,42.4,4.199622921,166.522,4877.135,0,0
$CH,31.400,L1CD,19,2940,42.6,7.707126879,-724.314,-21299.404,0,0
$CH,31.400,L1CD,20,2940,42.9,4.118262671,3768.545,110835.322,0,0
$CH,31.400,L1CD,24,2940,42.3,3.973877923,78.744,2497.174,0,0
$CH,31.400,L1CD,28,2940,42.3,9.762257306,-2496.359,-73278.078,0,0
$TIME,2024,1,30,6,10,33.671122
$CH,31.500,L1CD,2,2950,43.0,8.857419840,-1172.166,-34500.553,0,0
$CH,31.500,L1CD,5,2950,43.7,7.318103708,2168.395,64193.399,0,0
$CH,31.500,L1CD,6,2950,44.2,7.176629032,-1043.771,-30662.517,0,0
$CH,31.500,L1CD,12,2950,44.0,0.404058812,3145.123,92891.092,0,0
$CH,31.500,L1CD,13,2950,42.2,1.719111119,515.979,15067.087,0,0
$CH,31.500,L1CD,17,2950,42.4,4.199624335,166.324,4893.798,0,0
$CH,31.500,L1CD,19,2950,42.6,7.707133594,-724.065,-21371.806,0,0
$CH,31.500,L1CD,20,2950,42.9,4.118018401,3768.574,111212.151,0,0
$CH,31.500,L1CD,24,2950,42.3,3.973878323,78.687,2505.040,0,0
$CH,31.500,L1CD,28,2950,42.3,9.762421022,-2496.356,-73527.748,0,0
$TIME,2024,1,30,6,10,33.901978
$CH,31.600,L1CD,2,2960,43.0,8.857489368,-1171.795,-34617.749,0,0
$CH,31.600,L1CD,5,2960,43.7,7.317980176,2168.759,64410.262,0,0
$CH,31.600,L1CD,6,2960,44.2,7.176661086,-1043.509,-30766.890,0,0
$CH,31.600,L1CD,12,2960,44.0,0.403855804,3145.503,93205.609,0,0
$CH,31.600,L1CD,13,2960,42.2,1.719081366,516.518,15118.707,0,0
$CH,31.600,L1CD,17,2960,42.4,4.199619654,166.777,4910.431,0,0
$CH,31.600,L1CD,19,2960,42.6,7.707159383,-723.863,-21444.218,0,0
$CH,31.600,L1CD,20,2960,42.9,4.117777897,3768.150,111588.974,0,0
$CH,31.600,L1CD,24,2960,42.3,3.973871842,78.211,2512.887,0,0
$CH,31.600,L1CD,28,2960,42.3,9.762588200,-2497.203,-73777.425,0,0
$TIME,2024,1,30,6,10,34.122651
$CH,31.700,L1CD,2,2970,43.0,8.857597319,-1171.761,-34734.920,0,0
$CH,31.700,L1CD,5,2970,43.7,7.317834010,2168.826,64627.140,0,0
$CH,31.700,L1CD,6,2970,44.2,7.176720812,-1043.868,-30871.244,0,0
$CH,31.700,L1CD,12,2970,44.0,0.403650623,3145.351,93520.156,0,0
$CH,31.700,L1CD,13,2970,42.2,1.719036191,516.455,15170.356,0,0
$CH,31.700,L1CD,17,2970,42.4,4.199609210,166.672,4927.104,0,0
$CH,31.700,L1CD,19,2970,42.6,7.707208480,-723.628,-21516.612,0,0
$CH,31.700,L1CD,20,2970,42.9,4.117545322,3768.469,111965.818,0,0
$CH,31.700,L1CD,24,2970,42.3,3.973872877,78.853,2520.755,0,0
$CH,31.700,L1CD,28,2970,42.3,9.762735611,-2496.352,-74027.091,0,0
$TIME,2024,1,30,6,10,34.353306
$CH,31.800,L1CD,2,2980,43.0,8.857648496,-1171.569,-34852.097,0,0
$CH,31.800,L1CD,5,2980,43.7,7.317697108,2169.027,64844.001,0,0
$CH,31.800,L1CD,6,2980,44.2,7.176814797,-1044.077,-30975.599,0,0
$CH,31.800,L1CD,12,2980,44.0,0.403457281,3145.352,93834.700,0,0
$CH,31.800,L1CD,13,2980,42.2,1.718974250,515.921,15222.008,0,0
$CH,31.800,L1CD,17,2980,42.4,4.199596869,166.686,4943.766,0,0
$CH,31.800,L1CD,19,2980,42.6,7.707285833,-724.268,-21588.998,0,0
$CH,31.800,L1CD,20,2980,42.9,4.117304779,3768.483,112342.660,0,0
$CH,31.800,L1CD,24,2980,42.3,3.973874681,78.150,2528.620,0,0
$CH,31.800,L1CD,28,2980,42.3,9.762900806,-2497.152,-74276.760,0,0
$TIME,2024,1,30,6,10,34.583832
$CH,31.900,L1CD,2,2990,43.0,8.857705121,-1172.329,-34969.302,0,0
$CH,31.900,L1CD,5,2990,43.7,7.317565527,2168.372,65060.850,0,0
$CH,31.900,L1CD,6,2990,44.2,7.176885111,-1044.202,-31079.994,0,0
$CH,31.900,L1CD,12,2990,44.0,0.403264385,3145.100,94149.204,0,0
$CH,31.900,L1CD,13,2990,42.2,1.718902847,516.997,15273.626,0,0
$CH,31.900,L1CD,17,2990,42.4,4.199578198,166.170,4960.405,0,0
$CH,31.900,L1CD,19,2990,42.6,7.707373112,-724.103,-21661.419,0,0
$CH,31.900,L1CD,20,2990,42.9,4.117066388,3768.128,112719.475,0,0
$CH,31.900,L1CD,24,2990,42.3,3.973878047,78.583,2536.443,0,0
$CH,31.900,L1CD,28,2990,42.3,9.763056325,-2497.205,-74526.453,0,0
$LOG,32.000,L1CD,7,SIGNAL NOT FOUND (31.9)
$TIME,2024,1,30,6,10,35.336990
$CH,32.000,L1CD,2,3000,43.0,8.857801883,-1171.877,-35086.492,0,0
$CH,32.000,L1CD,5,3000,43.7,7.317416467,2168.443,65277.701,0,0
$CH,32.000,L1CD,6,3000,44.3,7.176918785,-1043.680,-31184.377,0,0
$CH,32.000,L1CD,12,3000,43.4,0.403060527,3145.406,94463.727,0,0
$CH,32.000,L1CD,13,3000,41.8,1.718875847,516.809,15325.270,0,0
$CH,32.000,L1CD,17,3000,43.0,4.199552857,166.735,4977.054,0,0
$CH,32.000,L1CD,19,3000,43.1,7.707379848,-723.747,-21733.817,0,0
$CH,32.000,L1CD,20,3000,42.8,4.116823371,3768.574,113096.294,0,0
$CH,32.000,L1CD,24,3000,42.5,3.973874723,78.378,2544.291,0,0
$CH,32.000,L1CD,28,3000,42.1,9.763201457,-2496.896,-74776.142,0,0
$TIME,2024,1,30,6,10,35.557662
$CH,32.100,L1CD,2,3010,43.0,8.857887019,-1171.830,-35203.660,0,0
$CH,32.100,L1CD,5,3010,43.7,7.317298247,2168.682,65494.569,0,0
$CH,32.100,L1CD,6,3010,44.3,7.176984884,-1043.521,-31288.745,0,0
$CH,32.100,L1CD,12,3010,43.4,0.402856665,3145.504,94778.271,0,0
$CH,32.100,L1CD,13,3010,41.8,1.718878417,516.892,15376.939,0,0
$CH,32.100,L1CD,17,3010,43.0,4.199524137,166.582,4993.732,0,0
$CH,32.100,L1CD,19,3010,43.1,7.707394366,-723.953,-21806.202,0,0
$CH,32.100,L1CD,20,3010,42.8,4.116586527,3768.592,113473.139,0,0
$CH,32.100,L1CD,24,3010,42.5,3.973874141,78.526,2552.139,0,0
$CH,32.100,L1CD,28,3010,42.1,9.763379084,-2496.640,-75025.816,0,0
$TIME,2024,1,30,6,10,35.788357
$CH,32.200,L1CD,2,3020,43.0,8.857931695,-1172.007,-35320.857,0,0
$CH,32.200,L1CD,5,3020,43.7,7.317138644,2168.671,65711.404,0,0
$CH,32.200,L1CD,6,3020,44.3,7.177084415,-1043.459,-31393.138,0,0
$CH,32.200,L1CD,12,3020,43.4,0.402652858,3145.016,95092.783,0,0
$CH,32.200,L1CD,13,3020,41.8,1.718867452,516.762,15428.588,0,0
$CH,32.200,L1CD,17,3020,43.0,4.199486303,166.289,5010.385,0,0
$CH,32.200,L1CD,19,3020,43.1,7.707430309,-723.877,-21878.603,0,0
$CH,32.200,L1CD,20,3020,42.8,4.116345329,3768.248,113849.968,0,0
$CH,32.200,L1CD,24,3020,42.5,3.973873145,77.737,2559.977,0,0
$CH,32.200,L1CD,28,3020,42.1,9.763524738,-2496.759,-75275.508,0,0
$TIME,2024,1,30,6,10,36.009245
$CH,32.300,L1CD,2,3030,43.0,8.858015055,-1171.985,-35438.049,0,0
$CH,32.300,L1CD,5,3030,43.7,7.317029638,2168.787,65928.241,0,0
$CH,32.300,L1CD,6,3030,44.3,7.177141883,-1043.922,-31497.508,0,0
$CH,32.300,L1CD,12,3030,43.4,0.402458998,3144.972,95407.301,0,0
$CH,32.300,L1CD,13,3030,41.8,1.718852002,516.744,15480.250,0,0
$CH,32.300,L1CD,17,3030,43.0,4.199443881,166.747,5027.046,0,0
$CH,32.300,L1CD,19,3030,43.1,7.707496839,-723.081,-21951.002,0,0
$CH,32.300,L1CD,20,3030,42.8,4.116103328,3767.722,114226.801,0,0
$CH,32.300,L1CD,24,3030,42.5,3.973874032,78.542,2567.811,0,0
$CH,32.300,L1CD,28,3030,42.1,9.763683287,-2496.810,-75525.201,0,0
$TIME,2024,1,30,6,10,36.239913
$CH,32.400,L1CD,2,3040,43.0,8.858121748,-1172.150,-35555.242,0,0
$CH,32.400,L1CD,5,3040,43.7,7.316869517,2168.314,66145.080,0,0
$CH,32.400,L1CD,6,3040,44.3,7.177179399,-1044.640,-31601.898,0,0
$CH,32.400,L1CD,12,3040,43.4,0.402265640,3145.230,95721.825,0,0
$CH,32.400,L1CD,13,3040,41.8,1.718815386,516.695,15531.917,0,0
$CH,32.400,L1CD,17,3040,43.0,4.199397773,166.141,5043.705,0,0
$CH,32.400,L1CD,19,3040,43.1,7.707580239,-724.117,-22023.395,0,0
$CH,32.400,L1CD,20,3040,42.8,4.115859203,3767.719,114603.625,0,0
$CH,32.400,L1CD,24,3040,42.5,3.973873909,78.661,2575.639,0,0
$CH,32.400,L1CD,28,3040,42.1,9.763860627,-2497.138,-75774.891,0,0
$TIME,2024,1,30,6,10,36.460674
$CH,32.500,L1CD,2,3050,43.0,8.858160616,-1171.963,-35672.441,0,0
$CH,32.500,L1CD,5,3050,43.7,7.316753206,2168.250,66361.906,0,0
$CH,32.500,L1CD,6,3050,44.3,7.177256866,-1043.656,-31706.293,0,0
$CH,32.500,L1CD,12,3050,43.4,0.402062081,3145.183,96036.330,0,0
$CH,32.500,L1CD,13,3050,41.8,1.718766036,516.848,15583.580,0,0
$CH,32.500,L1CD,17,3050,43.0,4.199373947,166.597,5060.358,0,0
$CH,32.500,L1CD,19,3050,43.1,7.707627654,-724.485,-22095.796,0,0
$CH,32.500,L1CD,20,3050,42.8,4.115619619,3768.400,114980.443,0,0
$CH,32.500,L1CD,24,3050,42.5,3.973874693,78.104,2583.457,0,0
$CH,32.500,L1CD,28,3050,42.1,9.763996351,-2496.972,-76024.591,0,0
$TIME,2024,1,30,6,10,36.691244
$CH,32.600,L1CD,2,3060,43.0,8.858229917,-1171.919,-35789.635,0,0
$CH,32.600,L1CD,5,3060,43.7,7.316604644,2168.180,66578.729,0,0
$CH,32.600,L1CD,6,3060,44.3,7.177360048,-1043.477,-31810.688,0,0
$CH,32.600,L1CD,12,3060,43.4,0.401856803,3145.107,96350.838,0,0
$CH,32.600,L1CD,13,3060,41.8,1.718699287,516.472,15635.258,0,0
$CH,32.600,L1CD,17,3060,43.0,4.199371794,166.435,5077.027,0,0
$CH,32.600,L1CD,19,3060,43.1,7.707636710,-724.347,-22168.186,0,0
$CH,32.600,L1CD,20,3060,42.8,4.115376534,3767.787,115357.280,0,0
$CH,32.600,L1CD,24,3060,42.5,3.973877304,78.672,2591.273,0,0
$CH,32.600,L1CD,28,3060,42.1,9.764159679,-2496.981,-76274.299,0,0
$TIME,2024,1,30,6,10,36.912205
$CH,32.700,L1CD,2,3070,43.0,8.858334050,-1172.396,-35906.822,0,0
$CH,32.700,L1CD,5,3070,43.7,7.316472692,2168.496,66795.552,0,0
$CH,32.700,L1CD,6,3070,44.3,7.177392988,-1044.096,-31915.079,0,0
$CH,32.700,L1CD,12,3070,43.4,0.401654167,3145.064,96665.355,0,0
$CH,32.700,L1CD,13,3070,41.8,1.718625135,516.672,15686.930,0,0
$CH,32.700,L1CD,17,3070,43.0,4.199377117,166.276,5093.686,0,0
$CH,32.700,L1CD,19,3070,43.1,7.707666116,-724.219,-22240.584,0,0
$CH,32.700,L1CD,20,3070,42.8,4.115134906,3768.046,115734.101,0,0
$CH,32.700,L1CD,24,3070,42.5,3.973877151,77.927,2599.093,0,0
$CH,32.700,L1CD,28,3070,42.1,9.764322311,-2497.584,-76523.999,0,0
$TIME,2024,1,30,6,10,37.142950
$CH,32.800,L1CD,2,3080,43.0,8.858390749,-1171.957,-36024.038,0,0
$CH,32.800,L1CD,5,3080,43.7,7.316335269,2167.999,67012.358,0,0
$CH,32.800,L1CD,6,3080,44.3,7.177441076,-1044.470,-32019.485,0,0
$CH,32.800,L1CD,12,3080,43.4,0.401465475,3145.108,96979.857,0,0
$CH,32.800,L1CD,13,3080,41.8,1.718624871,516.837,15738.602,0,0
$CH,32.800,L1CD,17,3080,43.0,4.199372041,166.499,5110.341,0,0
$CH,32.800,L1CD,19,3080,43.1,7.707721083,-724.072,-22312.991,0,0
$CH,32.800,L1CD,20,3080,42.8,4.114894830,3767.709,116110.913,0,0
$CH,32.800,L1CD,24,3080,42.5,3.973877188,77.990,2606.900,0,0
$CH,32.800,L1CD,28,3080,42.1,9.764464674,-2496.935,-76773.704,0,0
$LOG,32.880,L1CD,2,FRAME SYNC (R) TOI=36
$LOG,32.880,L1CD,2,FRAME SYNC (N) TOI=292
$CNV2,14.360,L1CD,2,921F689DDD00EEBFE082900000000000000003E97170CC20CE800156B22E00695F0728933A73337F2D800000000000000000000000000000000000008D7FF3FFE000000000000001B544A68181067DA8301016C8C010035F800FFE61400BFF2F2806026DE803FFF6B8155559D1A1C0
$LOG,32.880,L1CD,5,FRAME SYNC (N) TOI=36
$LOG,32.880,L1CD,5,FRAME SYNC (R) TOI=292
$CNV2,14.360,L1CD,5,921F689DDD00EEBFC89A90000000000000000729FF1F3009DE40002B583FFF9675553D9349733340A580000000000000000000000000000000000001E9C00D002000000000000001B5042F5C02867DA8301016C8C010035F800FFE61400BFF2F2806026DE803FFF6B81555523F3640
$LOG,32.880,L1CD,6,FRAME SYNC (N) TOI=36
$LOG,32.880,L1CD,6,FRAME SYNC (R) TOI=292
$CNV2,14.360,L1CD,6,921F689DDD00EE808E24F00000000000000003566B31D8006E0001728246006B6BB6A793A7D3337FAD8000000000000000000000000000000000000044000D002000000000000001B525B6EA83067DA8301016C8C010035F800FFE61400BFF2F2806026DE803FFF6B815555634D3C0
$LOG,32.890,L1CD,12,FRAME SYNC (R) TOI=36
$LOG,32.890,L1CD,12,FRAME SYNC (N) TOI=292
$CNV2,14.370,L1CD,12,921F689DDD00EEBFFD72E000000000000000019617FBE80C6140003FE042001A2949DB942C833341C580000000000000000000000000000000000000660000000000000000000001B552B38086067DA8301016C8C010035F800FFE61400BFF2F2806026DE803FFF6B815554E0C8EC0
$LOG,32.890,L1CD,17,FRAME SYNC (R) TOI=36
$LOG,32.890,L1CD,17,FRAME SYNC (N) TOI=292
$CNV2,14.370,L1CD,17,921F689DDD00EE807F0B900000000000000005447C975C1719C001638FE00043C226E513EBFB3340ED80000000000000000000000000000000000001CB4000000000000000000001B53F4FF608867DA8301016C8C010035F800FFE61400BFF2F2806026DE803FFF6B8155552861320
$LOG,32.890,L1CD,19,FRAME SYNC (N) TOI=36
$LOG,32.890,L1CD,19,FRAME SYNC (R) TOI=292
$CNV2,14.370,L1CD,19,921F689DDD00EEBFDB7A40000000000000000205EA6900155800004772AA0045A0644513DCF33340CD80000000000000000000000000000000000001774000000000000000000001B5077F4B09867DA8301016C8C010035F800FFE61400BFF2F2806026DE803FFF6B815555574AA20
$LOG,32.890,L1CD,20,FRAME SYNC (N) TOI=36
$LOG,32.890,L1CD,20,FRAME SYNC (R) TOI=292
$CNV2,14.370,L1CD,20,921F689DDD00EEBFA4BED0000000000000000530753CE409A78000773F7A0092DB631F12E0D33340058000000000000000000000000000000000000073800D002000000000000001B545BD8E8A067DA8301016C8C010035F800FFE61400BFF2F2806026DE803FFF6B815555E9A3DA0
$LOG,32.890,L1CD,24,FRAME SYNC (R) TOI=36
$LOG,32.890,L1CD,24,FRAME SYNC (N) TOI=292
$CNV2,14.370,L1CD,24,921F689DDD00EE803C5BF000000000000000034A2DCDB809CCC0001FF9B601E9DD4DB9134DA3337EFD80000000000000000000000000000000000001F98000000000000000000001B5138AED8C067DA8301016C8C010035F800FFE61400BFF2F2806026DE803FFF6B815554EB5ABA0
$LOG,32.890,L1CD,28,FRAME SYNC (R) TOI=36
$LOG,32.890,L1CD,28,FRAME SYNC (N) TOI=292
$CNV2,14.370,L1CD,28,921F689DDD00EEBFEDB8A00000000000000007128C988428E700017CE50A011B2CB3AB14289B3341D58000000000000000000000000000000000000092800C802000000000000001B56E1DED0E067DA8301016C8C010035F800FFE61400BFF2F2806026DE803FFF6B815554150D9A0
$LOG,32.900,L1CD,13,FRAME SYNC (R) TOI=36
$LOG,32.900,L1CD,13,FRAME SYNC (N) TOI=292
$CNV2,14.380,L1CD,13,921F689DDD00EE8023D2F00000000000000003708BD3B8083800009D820801C640846E13C77333409580000000000000000000000000000000000001F2FFF3FFE000000000000001B524D5D186867DA8301016C8C010035F800FFE61400BFF2F2806026DE803FFF6B815554DF5D240
$TIME,2024,1,30,6,10,37.373634
$CH,32.900,L1CD,2,3090,43.0,8.858445144,-1172.166,-36141.248,1,0
$CH,32.900,L1CD,5,3090,43.7,7.316192820,2168.253,67229.154,1,0
$CH,32.900,L1CD,6,3090,44.3,7.177527633,-1044.198,-32123.903,1,0
$CH,32.900,L1CD,12,3090,43.4,0.401276633,3144.683,97294.355,1,0
$CH,32.900,L1CD,13,3090,41.8,1.718623201,516.219,15790.274,1,0
$CH,32.900,L1CD,17,3090,43.0,4.199373822,166.080,5126.988,1,0
$CH,32.900,L1CD,19,3090,43.1,7.707800686,-724.186,-22385.397,1,0
$CH,32.900,L1CD,20,3090,42.8,4.114659061,3767.843,116487.721,1,0
$CH,32.900,L1CD,24,3090,42.5,3.973877505,77.827,2614.693,1,0
$CH,32.900,L1CD,28,3090,42.1,9.764637950,-2497.124,-77023.428,1,0
$TIME,2024,1,30,6,10,37.403634
$CH,33.000,L1CD,2,3100,42.8,8.858540945,-1171.877,-36258.446,1,0
$CH,33.000,L1CD,5,3100,43.3,7.316058780,2168.509,67445.966,1,0
$CH,33.000,L1CD,6,3100,44.5,7.177625828,-1043.737,-32228.308,1,0
$CH,33.000,L1CD,12,3100,43.2,0.401073020,3144.923,97608.850,1,0
$CH,33.000,L1CD,13,3100,42.2,1.718615164,517.173,15841.954,1,0
$CH,33.000,L1CD,17,3100,42.9,4.199374012,167.310,5143.651,1,0
$CH,33.000,L1CD,19,3100,42.7,7.707879144,-723.477,-22457.793,1,0
$CH,33.000,L1CD,20,3100,43.1,4.114423245,3768.558,116864.538,1,0
$CH,33.000,L1CD,24,3100,42.5,3.973876635,78.296,2622.496,1,0
$CH,33.000,L1CD,28,3100,42.1,9.764791861,-2497.281,-77273.134,1,0
$TIME,2024,1,30,6,10,37.433983
$CH,33.100,L1CD,2,3110,42.8,8.858633324,-1172.223,-36375.626,1,0
$CH,33.100,L1CD,5,3110,43.3,7.315901019,2167.916,67662.787,1,0
$CH,33.100,L1CD,6,3110,44.5,7.177653556,-1043.755,-32332.694,1,0
$CH,33.100,L1CD,12,3110,43.2,0.400860454,3145.096,97923.366,1,0
$CH,33.100,L1CD,13,3110,42.2,1.718592312,517.211,15893.667,1,0
$CH,33.100,L1CD,17,3110,42.9,4.199373865,166.567,5160.340,1,0
$CH,33.100,L1CD,19,3110,42.7,7.707885475,-723.940,-22530.165,1,0
$CH,33.100,L1CD,20,3110,43.1,4.114188693,3768.607,117241.381,1,0
$CH,33.100,L1CD,24,3110,42.5,3.973874114,77.374,2630.310,1,0
$CH,33.100,L1CD,28,3110,42.1,9.764946963,-2497.312,-77522.833,1,0
$TIME,2024,1,30,6,10,37.463997
$CH,33.200,L1CD,2,3120,42.8,8.858676150,-1172.262,-36492.829,1,0
$CH,33.200,L1CD,5,3120,43.3,7.315785378,2168.280,67879.592,1,0
$CH,33.200,L1CD,6,3120,44.5,7.177708130,-1043.553,-32437.098,1,0
$CH,33.200,L1CD,12,3120,43.2,0.400654860,3145.015,98237.883,1,0
$CH,33.200,L1CD,13,3120,42.2,1.718551368,516.772,15945.370,1,0
$CH,33.200,L1CD,17,3120,42.9,4.199375641,166.790,5177.012,1,0
$CH,33.200,L1CD,19,3120,42.7,7.707904179,-724.061,-22602.548,1,0
$CH,33.200,L1CD,20,3120,43.1,4.113951763,3768.415,117618.209,1,0
$CH,33.200,L1CD,24,3120,42.5,3.973872584,78.585,2638.118,1,0
$CH,33.200,L1CD,28,3120,42.1,9.765122305,-2497.501,-77772.538,1,0
$TIME,2024,1,30,6,10,37.503986
$CH,33.300,L1CD,2,3130,42.8,8.858756414,-1171.995,-36610.039,1,0
$CH,33.300,L1CD,5,3130,43.3,7.315627106,2167.621,68096.377,1,0
$CH,33.300,L1CD,6,3130,44.5,7.177800753,-1044.039,-32541.510,1,0
$CH,33.300,L1CD,12,3130,43.2,0.400462992,3144.678,98552.373,1,0
$CH,33.300,L1CD,13,3130,42.2,1.718490772,517.196,15997.060,1,0
$CH,33.300,L1CD,17,3130,42.9,4.199373340,166.343,5193.667,1,0
$CH,33.300,L1CD,19,3130,42.7,7.707947939,-723.419,-22674.946,1,0
$CH,33.300,L1CD,20,3130,43.1,4.113715669,3767.705,117995.023,1,0
$CH,33.300,L1CD,24,3130,42.5,3.973873901,77.070,2645.905,1,0
$CH,33.300,L1CD,28,3130,42.1,9.765263426,-2497.653,-78022.263,1,0
$TIME,2024,1,30,6,10,37.534351
$CH,33.400,L1CD,2,3140,42.8,8.858866533,-1171.817,-36727.231,1,0
$CH,33.400,L1CD,5,3140,43.3,7.315513636,2167.712,68313.168,1,0
$CH,33.400,L1CD,6,3140,44.5,7.177883969,-1044.448,-32645.915,1,0
$CH,33.400,L1CD,12,3140,43.2,0.400271603,3144.427,98866.882,1,0
$CH,33.400,L1CD,13,3140,42.2,1.718417155,516.549,16048.780,1,0
$CH,33.400,L1CD,17,3140,42.9,4.199377866,166.669,5210.338,1,0
$CH,33.400,L1CD,19,3140,42.7,7.708012520,-723.710,-22747.331,1,0
$CH,33.400,L1CD,20,3140,43.1,4.113475772,3768.174,118371.844,1,0
$CH,33.400,L1CD,24,3140,42.5,3.973874695,77.927,2653.707,1,0
$CH,33.400,L1CD,28,3140,42.1,9.765421703,-2497.257,-78271.980,1,0
$TIME,2024,1,30,6,10,37.564365
$CH,33.500,L1CD,2,3150,42.8,8.858909483,-1172.041,-36844.441,1,0
$CH,33.500,L1CD,5,3150,43.3,7.315357845,2167.340,68529.954,1,0
$CH,33.500,L1CD,6,3150,44.5,7.177914526,-1043.999,-32750.337,1,0
$CH,33.500,L1CD,12,3150,43.2,0.400067583,3144.540,99181.371,1,0
$CH,33.500,L1CD,13,3150,42.2,1.718376044,516.555,16100.480,1,0
$CH,33.500,L1CD,17,3150,42.9,4.199377491,166.615,5227.003,1,0
$CH,33.500,L1CD,19,3150,42.7,7.708098758,-724.257,-22819.722,1,0
$CH,33.500,L1CD,20,3150,43.1,4.113238537,3768.227,118748.661,1,0
$CH,33.500,L1CD,24,3150,42.5,3.973876559,77.789,2661.479,1,0
$CH,33.500,L1CD,28,3150,42.1,9.765593384,-2496.806,-78521.701,1,0
$TIME,2024,1,30,6,10,37.594351
$CH,33.600,L1CD,2,3160,42.8,8.858972668,-1172.890,-36961.655,1,0
$CH,33.600,L1CD,5,3160,43.3,7.315232722,2168.063,68746.717,1,0
$CH,33.600,L1CD,6,3160,44.5,7.177981045,-1044.495,-32854.764,1,0
$CH,33.600,L1CD,12,3160,43.2,0.399862269,3145.057,99495.843,1,0
$CH,33.600,L1CD,13,3160,42.2,1.718373923,517.243,16152.186,1,0
$CH,33.600,L1CD,17,3160,42.9,4.199374665,166.598,5243.659,1,0
$CH,33.600,L1CD,19,3160,42.7,7.708129693,-724.136,-22892.117,1,0
$CH,33.600,L1CD,20,3160,43.1,4.112999305,3767.822,119125.474,1,0
$CH,33.600,L1CD,24,3160,42.5,3.973872968,77.824,2669.248,1,0
$CH,33.600,L1CD,28,3160,42.1,9.765734864,-2497.188,-78771.441,1,0
$TIME,2024,1,30,6,10,37.634620
$CH,33.700,L1CD,2,3170,42.8,8.859075991,-1172.358,-37078.880,1,0
$CH,33.700,L1CD,5,3170,43.3,7.315087347,2167.283,68963.486,1,0
$CH,33.700,L1CD,6,3170,44.5,7.178080579,-1044.155,-32959.197,1,0
$CH,33.700,L1CD,12,3170,43.2,0.399662029,3144.710,99810.328,1,0
$CH,33.700,L1CD,13,3170,42.2,1.718375045,517.265,16203.890,1,0
$CH,33.700,L1CD,17,3170,42.9,4.199374280,167.251,5260.315,1,0
$CH,33.700,L1CD,19,3170,42.7,7.708135939,-723.784,-22964.526,1,0
$CH,33.700,L1CD,20,3170,43.1,4.112761150,3768.110,119502.277,1,0
$CH,33.700,L1CD,24,3170,42.5,3.973872615,77.361,2677.022,1,0
$CH,33.700,L1CD,28,3170,42.1,9.765902786,-2497.194,-79021.187,1,0
$TIME,2024,1,30,6,10,37.664799
$CH,33.800,L1CD,2,3180,42.8,8.859141908,-1172.114,-37196.094,1,0
$CH,33.800,L1CD,5,3180,43.3,7.314947594,2168.424,69180.246,1,0
$CH,33.800,L1CD,6,3180,44.5,7.178140118,-1043.914,-33063.624,1,0
$CH,33.800,L1CD,12,3180,43.2,0.399474383,3144.676,100124.803,1,0
$CH,33.800,L1CD,13,3180,42.2,1.718355612,517.281,16255.610,1,0
$CH,33.800,L1CD,17,3180,42.9,4.199374010,166.389,5276.989,1,0
$CH,33.800,L1CD,19,3180,42.7,7.708165259,-723.430,-23036.919,1,0
$CH,33.800,L1CD,20,3180,43.1,4.112519041,3767.875,119879.086,1,0
$CH,33.800,L1CD,24,3180,42.5,3.973875557,77.790,2684.788,1,0
$CH,33.800,L1CD,28,3180,42.1,9.766065028,-2497.056,-79270.914,1,0
$TIME,2024,1,30,6,10,37.694726
$CH,33.900,L1CD,2,3190,42.8,8.859189562,-1171.980,-37313.292,1,0
$CH,33.900,L1CD,5,3190,43.3,7.314816555,2167.527,69397.027,1,0
$CH,33.900,L1CD,6,3190,44.5,7.178177936,-1044.743,-33168.036,1,0
$CH,33.900,L1CD,12,3190,43.2,0.399274922,3144.567,100439.311,1,0
$CH,33.900,L1CD,13,3190,42.2,1.718326817,517.424,16307.343,1,0
$CH,33.900,L1CD,17,3190,42.9,4.199377141,166.825,5293.668,1,0
$CH,33.900,L1CD,19,3190,42.7,7.708221135,-723.958,-23109.298,1,0
$CH,33.900,L1CD,20,3190,43.1,4.112279213,3768.743,120255.910,1,0
$CH,33.900,L1CD,24,3190,42.5,3.973874802,77.128,2692.570,1,0
$CH,33.900,L1CD,28,3190,42.1,9.766215196,-2497.456,-79520.631,1,0
$TIME,2024,1,30,6,10,37.725057
$CH,34.000,L1CD,2,3200,43.4,8.859282935,-1171.670,-37430.501,1,0
$CH,34.000,L1CD,5,3200,43.4,7.314665149,2168.248,69613.793,1,0
$CH,34.000,L1CD,6,3200,43.9,7.178252588,-1044.204,-33272.466,1,0
$CH,34.000,L1CD,12,3200,43.2,0.399072950,3145.258,100753.800,1,0
$CH,34.000,L1CD,13,3200,42.4,1.718277211,517.122,16359.079,1,0
$CH,34.000,L1CD,17,3200,42.9,4.199371910,166.472,5310.343,1,0
$CH,34.000,L1CD,19,3200,43.0,7.708298818,-723.718,-23181.679,1,0
$CH,34.000,L1CD,20,3200,42.6,4.112041027,3768.105,120632.733,1,0
$CH,34.000,L1CD,24,3200,43.0,3.973875267,78.113,2700.334,1,0
$CH,34.000,L1CD,28,3200,42.3,9.766385922,-2497.353,-79770.365,1,0
$TIME,2024,1,30,6,10,37.755056
$CH,34.100,L1CD,2,3210,43.4,8.859381542,-1172.493,-37547.703,1,0
$CH,34.100,L1CD,5,3210,43.4,7.314545429,2167.779,69830.554,1,0
$CH,34.100,L1CD,6,3210,43.9,7.178354073,-1044.338,-33376.891,1,0
$CH,34.100,L1CD,12,3210,43.2,0.398861532,3144.718,101068.293,1,0
$CH,34.100,L1CD,13,3210,42.4,1.718213981,517.746,16410.821,1,0
$CH,34.100,L1CD,17,3210,42.9,4.199362576,166.664,5327.029,1,0
$CH,34.100,L1CD,19,3210,43.0,7.708376579,-724.338,-23254.051,1,0
$CH,34.100,L1CD,20,3210,42.6,4.111800140,3768.443,121009.551,1,0
$CH,34.100,L1CD,24,3210,43.0,3.973873102,77.636,2708.106,1,0
$CH,34.100,L1CD,28,3210,42.3,9.766536134,-2498.077,-80020.093,1,0
$TIME,2024,1,30,6,10,37.785062
$CH,34.200,L1CD,2,3220,43.4,8.859420616,-1172.349,-37664.935,1,0
$CH,34.200,L1CD,5,3220,43.4,7.314383248,2167.273,70047.300,1,0
$CH,34.200,L1CD,6,3220,43.9,7.178397072,-1044.081,-33481.333,1,0
$CH,34.200,L1CD,12,3220,43.2,0.398660640,3144.633,101382.755,1,0
$CH,34.200,L1CD,13,3220,42.4,1.718141800,517.127,16462.544,1,0
$CH,34.200,L1CD,17,3220,42.9,4.199347103,166.414,5343.689,1,0
$CH,34.200,L1CD,19,3220,43.0,7.708383683,-723.805,-23326.447,1,0
$CH,34.200,L1CD,20,3220,42.6,4.111562886,3767.702,121386.355,1,0
$CH,34.200,L1CD,24,3220,43.0,3.973871951,77.478,2715.846,1,0
$CH,34.200,L1CD,28,3220,42.3,9.766692069,-2497.097,-80269.854,1,0
$TIME,2024,1,30,6,10,37.815294
$CH,34.300,L1CD,2,3230,43.4,8.859495868,-1172.458,-37782.168,1,0
$CH,34.300,L1CD,5,3230,43.4,7.314272681,2167.574,70264.021,1,0
$CH,34.300,L1CD,6,3230,43.9,7.178440308,-1044.632,-33585.792,1,0
$CH,34.300,L1CD,12,3230,43.2,0.398468820,3144.881,101697.214,1,0
$CH,34.300,L1CD,13,3230,42.4,1.718124749,517.464,16514.268,1,0
$CH,34.300,L1CD,17,3230,42.9,4.199327699,166.416,5360.343,1,0
$CH,34.300,L1CD,19,3230,43.0,7.708407740,-723.572,-23398.858,1,0
$CH,34.300,L1CD,20,3230,42.6,4.111322956,3767.967,121763.145,1,0
$CH,34.300,L1CD,24,3230,43.0,3.973864975,77.597,2723.583,1,0
$CH,34.300,L1CD,28,3230,42.3,9.766873851,-2497.794,-80519.614,1,0
$TIME,2024,1,30,6,10,37.845407
$CH,34.400,L1CD,2,3240,43.4,8.859606101,-1172.828,-37899.396,1,0
$CH,34.400,L1CD,5,3240,43.4,7.314111723,2167.167,70480.750,1,0
$CH,34.400,L1CD,6,3240,43.9,7.178523893,-1044.593,-33690.236,1,0
$CH,34.400,L1CD,12,3240,43.2,0.398271971,3144.466,102011.679,1,0
$CH,34.400,L1CD,13,3240,42.4,1.718127107,517.087,16566.001,1,0
$CH,34.400,L1CD,17,3240,42.9,4.199300617,166.813,5377.004,1,0
$CH,34.400,L1CD,19,3240,43.0,7.708450456,-723.905,-23471.251,1,0
$CH,34.400,L1CD,20,3240,42.6,4.111085077,3767.544,122139.951,1,0
$CH,34.400,L1CD,24,3240,43.0,3.973858582,77.264,2731.320,1,0
$CH,34.400,L1CD,28,3240,42.3,9.767012875,-2497.424,-80769.369,1,0
$TIME,2024,1,30,6,10,37.875407
$CH,34.500,L1CD,2,3250,43.4,8.859650052,-1172.093,-38016.625,1,0
$CH,34.500,L1CD,5,3250,43.4,7.313993452,2167.319,70697.482,1,0
$CH,34.500,L1CD,6,3250,43.9,7.178621300,-1044.053,-33794.694,1,0
$CH,34.500,L1CD,12,3250,43.2,0.398070921,3144.368,102326.143,1,0
$CH,34.500,L1CD,13,3250,42.4,1.718116199,517.634,16617.739,1,0
$CH,34.500,L1CD,17,3250,42.9,4.199267632,167.346,5393.666,1,0
$CH,34.500,L1CD,19,3250,43.0,7.708520038,-723.302,-23543.641,1,0
$CH,34.500,L1CD,20,3250,42.6,4.110843965,3768.095,122516.746,1,0
$CH,34.500,L1CD,24,3250,43.0,3.973847162,77.574,2739.055,1,0
$CH,34.500,L1CD,28,3250,42.3,9.767176865,-2497.870,-81019.130,1,0
$TIME,2024,1,30,6,10,37.905406
$CH,34.600,L1CD,2,3260,43.4,8.859712972,-1172.742,-38133.841,1,0
$CH,34.600,L1CD,5,3260,43.4,7.313848208,2167.192,70914.220,1,0
$CH,34.600,L1CD,6,3260,43.9,7.178649245,-1044.510,-33899.134,1,0
$CH,34.600,L1CD,12,3260,43.2,0.397862144,3144.450,102640.613,1,0
$CH,34.600,L1CD,13,3260,42.4,1.718096412,516.790,16669.497,1,0
$CH,34.600,L1CD,17,3260,42.9,4.199228566,166.473,5410.348,1,0
$CH,34.600,L1CD,19,3260,43.0,7.708604446,-723.604,-23616.022,1,0
$CH,34.600,L1CD,20,3260,42.6,4.110605743,3768.169,122893.554,1,0
$CH,34.600,L1CD,24,3260,43.0,3.973833923,77.204,2746.800,1,0
$CH,34.600,L1CD,28,3260,42.3,9.767350984,-2497.606,-81268.884,1,0
$TIME,2024,1,30,6,10,37.935750
$CH,34.700,L1CD,2,3270,43.4,8.859812080,-1171.996,-38251.075,1,0
$CH,34.700,L1CD,5,3270,43.4,7.313716543,2166.781,71130.936,1,0
$CH,34.700,L1CD,6,3270,43.9,7.178704412,-1044.962,-34003.584,1,0
$CH,34.700,L1CD,12,3270,43.2,0.397664066,3144.147,102955.083,1,0
$CH,34.700,L1CD,13,3270,42.4,1.718060880,518.078,16721.236,1,0
$CH,34.700,L1CD,17,3270,42.9,4.199186711,166.610,5427.009,1,0
$CH,34.700,L1CD,19,3270,43.0,7.708625631,-723.509,-23688.411,1,0
$CH,34.700,L1CD,20,3270,42.6,4.110361503,3768.444,123270.359,1,0
$CH,34.700,L1CD,24,3270,43.0,3.973821125,77.236,2754.532,1,0
$CH,34.700,L1CD,28,3270,42.3,9.767489700,-2497.824,-81518.643,1,0
$TIME,2024,1,30,6,10,37.965655
$CH,34.800,L1CD,2,3280,43.4,8.859886954,-1172.022,-38368.301,1,0
$CH,34.800,L1CD,5,3280,43.4,7.313580593,2166.870,71347.651,1,0
$CH,34.800,L1CD,6,3280,43.9,7.178794779,-1044.550,-34108.048,1,0
$CH,34.800,L1CD,12,3280,43.2,0.397475383,3144.302,103269.543,1,0
$CH,34.800,L1CD,13,3280,42.4,1.718007576,517.104,16773.008,1,0
$CH,34.800,L1CD,17,3280,42.9,4.199138638,166.998,5443.682,1,0
$CH,34.800,L1CD,19,3280,43.0,7.708634718,-724.508,-23760.803,1,0
$CH,34.800,L1CD,20,3280,42.6,4.110119660,3768.215,123647.170,1,0
$CH,34.800,L1CD,24,3280,43.0,3.973802896,77.757,2762.254,1,0
$CH,34.800,L1CD,28,3280,42.3,9.767657559,-2497.418,-81768.404,1,0
$TIME,2024,1,30,6,10,37.995743
$CH,34.900,L1CD,2,3290,43.4,8.859935318,-1172.416,-38485.527,1,0
$CH,34.900,L1CD,5,3290,43.4,7.313434501,2166.919,71564.363,1,0
$CH,34.900,L1CD,6,3290,43.9,7.178879598,-1043.980,-34212.503,1,0
$CH,34.900,L1CD,12,3290,43.2,0.397275076,3144.687,103583.995,1,0
$CH,34.900,L1CD,13,3290,42.4,1.717937433,518.082,16824.766,1,0
$CH,34.900,L1CD,17,3290,42.9,4.199122621,167.204,5460.357,1,0
$CH,34.900,L1CD,19,3290,43.0,7.708666544,-723.610,-23833.189,1,0
$CH,34.900,L1CD,20,3290,42.6,4.109876684,3767.981,124023.970,1,0
$CH,34.900,L1CD,24,3290,43.0,3.973781935,77.421,2769.977,1,0
$CH,34.900,L1CD,28,3290,42.3,9.767818275,-2497.715,-82018.165,1,0
$TIME,2024,1,30,6,10,38.025879
$CH,35.000,L1CD,2,3300,43.2,8.860021257,-1172.431,-38602.756,1,0
$CH,35.000,L1CD,5,3300,43.7,7.313308095,2166.935,71781.073,1,0
$CH,35.000,L1CD,6,3300,43.8,7.178909627,-1044.694,-34316.961,1,0
$CH,35.000,L1CD,12,3300,43.8,0.397074668,3144.106,103898.456,1,0
$CH,35.000,L1CD,13,3300,42.4,1.717878053,518.220,16876.521,1,0
$CH,35.000,L1CD,17,3300,43.4,4.199127254,166.678,5477.030,1,0
$CH,35.000,L1CD,19,3300,43.4,7.708726842,-723.957,-23905.581,1,0
$CH,35.000,L1CD,20,3300,42.9,4.109634408,3767.576,124400.770,1,0
$CH,35.000,L1CD,24,3300,43.4,3.973760409,77.026,2777.702,1,0
$CH,35.000,L1CD,28,3300,42.0,9.767968174,-2498.028,-82267.943,1,0
$TIME,2024,1,30,6,10,38.066281
$CH,35.100,L1CD,2,3310,43.2,8.860126626,-1172.681,-38719.998,1,0
$CH,35.100,L1CD,5,3310,43.7,7.313154900,2167.044,71997.769,1,0
$CH,35.100,L1CD,6,3310,43.8,7.178971941,-1044.672,-34421.422,1,0
$CH,35.100,L1CD,12,3310,43.8,0.396863008,3145.305,104212.905,1,0
$CH,35.100,L1CD,13,3310,42.4,1.717878409,517.929,16928.283,1,0
$CH,35.100,L1CD,17,3310,43.4,4.199127567,166.786,5493.698,1,0
$CH,35.100,L1CD,19,3310,43.4,7.708807129,-723.507,-23977.977,1,0
$CH,35.100,L1CD,20,3310,42.9,4.109397867,3767.963,124777.560,1,0
$CH,35.100,L1CD,24,3310,43.4,3.973736221,77.122,2785.409,1,0
$CH,35.100,L1CD,28,3310,42.0,9.768138516,-2498.079,-82517.713,1,0
$TIME,2024,1,30,6,10,38.096381
$CH,35.200,L1CD,2,3320,43.2,8.860164724,-1172.134,-38837.228,1,0
$CH,35.200,L1CD,5,3320,43.7,7.313036782,2167.014,72214.476,1,0
$CH,35.200,L1CD,6,3320,43.8,7.179064468,-1044.165,-34525.892,1,0
$CH,35.200,L1CD,12,3320,43.8,0.396664020,3144.750,104527.362,1,0
$CH,35.200,L1CD,13,3320,42.4,1.717874223,517.620,16980.066,1,0
$CH,35.200,L1CD,17,3320,43.4,4.199127213,166.782,5510.380,1,0
$CH,35.200,L1CD,19,3320,43.4,7.708875625,-723.614,-24050.348,1,0
$CH,35.200,L1CD,20,3320,42.9,4.109163597,3767.795,125154.373,1,0
$CH,35.200,L1CD,24,3320,43.4,3.973705175,77.408,2793.128,1,0
$CH,35.200,L1CD,28,3320,42.0,9.768285543,-2497.200,-82767.486,1,0
$TIME,2024,1,30,6,10,38.126767
$CH,35.300,L1CD,2,3330,43.2,8.860240908,-1172.597,-38954.466,1,0
$CH,35.300,L1CD,5,3330,43.7,7.312871505,2167.180,72431.161,1,0
$CH,35.300,L1CD,6,3330,43.8,7.179136425,-1044.692,-34630.368,1,0
$CH,35.300,L1CD,12,3330,43.8,0.396471966,3144.426,104841.805,1,0
$CH,35.300,L1CD,13,3330,42.4,1.717864123,517.861,17031.830,1,0
$CH,35.300,L1CD,17,3330,43.4,4.199127468,166.534,5527.046,1,0
$CH,35.300,L1CD,19,3330,43.4,7.708880920,-724.251,-24122.742,1,0
$CH,35.300,L1CD,20,3330,42.9,4.108923179,3767.863,125531.155,1,0
$CH,35.300,L1CD,24,3330,43.4,3.973675560,76.975,2800.832,1,0
$CH,35.300,L1CD,28,3330,42.0,9.768436682,-2498.586,-83017.263,1,0
$TIME,2024,1,30,6,10,38.156783
$CH,35.400,L1CD,2,3340,43.2,8.860348615,-1172.244,-39071.706,1,0
$CH,35.400,L1CD,5,3340,43.7,7.312756474,2167.131,72647.847,1,0
$CH,35.400,L1CD,6,3340,43.8,7.179173596,-1044.482,-34734.834,1,0
$CH,35.400,L1CD,12,3340,43.8,0.396275076,3144.565,105156.248,1,0
$CH,35.400,L1CD,13,3340,42.4,1.717838032,518.043,17083.609,1,0
$CH,35.400,L1CD,17,3340,43.4,4.199123834,166.668,5543.717,1,0
$CH,35.400,L1CD,19,3340,43.4,7.708904787,-723.908,-24195.124,1,0
$CH,35.400,L1CD,20,3340,42.9,4.108687347,3768.071,125907.948,1,0
$CH,35.400,L1CD,24,3340,43.4,3.973641550,77.228,2808.525,1,0
$CH,35.400,L1CD,28,3340,42.0,9.768613700,-2497.870,-83267.047,1,0
$TIME,2024,1,30,6,10,38.186763
$CH,35.500,L1CD,2,3350,43.2,8.860397302,-1172.266,-39188.935,1,0
$CH,35.500,L1CD,5,3350,43.7,7.312606880,2166.969,72864.541,1,0
$CH,35.500,L1CD,6,3350,43.8,7.179241992,-1044.662,-34839.297,1,0
$CH,35.500,L1CD,12,3350,43.8,0.396076094,3144.506,105470.711,1,0
$CH,35.500,L1CD,13,3350,42.4,1.717792652,518.239,17135.404,1,0
$CH,35.500,L1CD,17,3350,43.4,4.199124599,166.494,5560.403,1,0
$CH,35.500,L1CD,19,3350,43.4,7.708951840,-723.883,-24267.497,1,0
$CH,35.500,L1CD,20,3350,42.9,4.108451990,3767.923,126284.759,1,0
$CH,35.500,L1CD,24,3350,43.4,3.973626281,76.846,2816.236,1,0
$CH,35.500,L1CD,28,3350,42.0,9.768751288,-2497.604,-83516.822,1,0
$TIME,2024,1,30,6,10,38.216999
$CH,35.600,L1CD,2,3360,43.2,8.860457493,-1172.296,-39306.177,1,0
$CH,35.600,L1CD,5,3360,43.7,7.312480973,2166.840,73081.214,1,0
$CH,35.600,L1CD,6,3360,43.8,7.179344587,-1044.889,-34943.781,1,0
$CH,35.600,L1CD,12,3360,43.8,0.395867818,3144.309,105785.144,1,0
$CH,35.600,L1CD,13,3360,42.4,1.717732726,517.560,17187.183,1,0
$CH,35.600,L1CD,17,3360,43.4,4.199128341,166.794,5577.073,1,0
$CH,35.600,L1CD,19,3360,43.4,7.709024933,-724.180,-24339.890,1,0
$CH,35.600,L1CD,20,3360,42.9,4.108216943,3767.797,126661.546,1,0
$CH,35.600,L1CD,24,3360,43.4,3.973622479,77.000,2823.922,1,0
$CH,35.600,L1CD,28,3360,42.0,9.768913405,-2498.054,-83766.607,1,0
$TIME,2024,1,30,6,10,38.247123
$CH,35.700,L1CD,2,3370,43.2,8.860556603,-1172.477,-39423.417,1,0
$CH,35.700,L1CD,5,3370,43.7,7.312337359,2166.654,73297.891,1,0
$CH,35.700,L1CD,6,3370,43.8,7.179394579,-1044.578,-35048.263,1,0
$CH,35.700,L1CD,12,3370,43.8,0.395668360,3144.218,106099.585,1,0
$CH,35.700,L1CD,13,3370,42.4,1.717660145,517.750,17238.975,1,0
$CH,35.700,L1CD,17,3370,43.4,4.199126224,166.398,5593.755,1,0
$CH,35.700,L1CD,19,3370,43.4,7.709108112,-723.543,-24412.280,1,0
$CH,35.700,L1CD,20,3370,42.9,4.107977192,3767.752,127038.336,1,0
$CH,35.700,L1CD,24,3370,43.4,3.973624991,77.336,2831.611,1,0
$CH,35.700,L1CD,28,3370,42.0,9.769080829,-2497.766,-84016.401,1,0
$TIME,2024,1,30,6,10,38.287009
$CH,35.800,L1CD,2,3380,43.2,8.860639040,-1172.108,-39540.664,1,0
$CH,35.800,L1CD,5,3380,43.7,7.312198380,2166.407,73514.555,1,0
$CH,35.800,L1CD,6,3380,43.8,7.179439029,-1045.042,-35152.748,1,0
$CH,35.800,L1CD,12,3380,43.8,0.395482630,3144.424,106414.022,1,0
$CH,35.800,L1CD,13,3380,42.4,1.717628211,517.637,17290.769,1,0
$CH,35.800,L1CD,17,3380,43.4,4.199127650,166.374,5610.424,1,0
$CH,35.800,L1CD,19,3380,43.4,7.709128769,-724.169,-24484.663,1,0
$CH,35.800,L1CD,20,3380,42.9,4.107741320,3768.096,127415.128,1,0
$CH,35.800,L1CD,24,3380,43.4,3.973627413,76.593,2839.296,1,0
$CH,35.800,L1CD,28,3380,42.0,9.769227370,-2497.957,-84266.198,1,0
$TIME,2024,1,30,6,10,38.317367
$CH,35.900,L1CD,2,3390,43.2,8.860686175,-1172.445,-39657.908,1,0
$CH,35.900,L1CD,5,3390,43.7,7.312066491,2166.732,73731.223,1,0
$CH,35.900,L1CD,6,3390,43.8,7.179519138,-1044.550,-35257.234,1,0
$CH,35.900,L1CD,12,3390,43.8,0.395286049,3144.510,106728.456,1,0
$CH,35.900,L1CD,13,3390,42.4,1.717628346,518.019,17342.555,1,0
$CH,35.900,L1CD,17,3390,43.4,4.199127685,167.397,5627.098,1,0
$CH,35.900,L1CD,19,3390,43.4,7.709141678,-723.816,-24557.042,1,0
$CH,35.900,L1CD,20,3390,42.9,4.107501688,3767.907,127791.924,1,0
$CH,35.900,L1CD,24,3390,43.4,3.973623693,76.833,2846.982,1,0
$CH,35.900,L1CD,28,3390,42.0,9.769396632,-2497.598,-84515.994,1,0
$TIME,2024,1,30,6,10,38.347493
$CH,36.000,L1CD,2,3400,43.0,8.860770064,-1172.624,-39775.157,1,0
$CH,36.000,L1CD,5,3400,43.7,7.311915638,2166.505,73947.878,1,0
$CH,36.000,L1CD,6,3400,43.7,7.179623895,-1044.797,-35361.727,1,0
$CH,36.000,L1CD,12,3400,43.6,0.395078434,3143.826,107042.890,1,0
$CH,36.000,L1CD,13,3400,42.5,1.717621659,518.056,17394.360,1,0
$CH,36.000,L1CD,17,3400,42.0,4.199122444,166.982,5643.777,1,0
$CH,36.000,L1CD,19,3400,43.2,7.709180021,-723.975,-24629.422,1,0
$CH,36.000,L1CD,20,3400,43.0,4.107263233,3767.657,128168.711,1,0
$CH,36.000,L1CD,24,3400,43.1,3.973625894,76.495,2854.653,1,0
$CH,36.000,L1CD,28,3400,41.9,9.769550930,-2497.737,-84765.790,1,0
$TIME,2024,1,30,6,10,38.377477
$CH,36.100,L1CD,2,3410,43.0,8.860875223,-1172.367,-39892.413,1,0
$CH,36.100,L1CD,5,3410,43.7,7.311795926,2166.400,74164.519,1,0
$CH,36.100,L1CD,6,3410,43.7,7.179650383,-1044.537,-35466.228,1,0
$CH,36.100,L1CD,12,3410,43.6,0.394869972,3144.456,107357.310,1,0
$CH,36.100,L1CD,13,3410,42.5,1.717605689,518.286,17446.161,1,0
$CH,36.100,L1CD,17,3410,42.0,4.199124539,167.333,5660.442,1,0
$CH,36.100,L1CD,19,3410,43.2,7.709244896,-723.744,-24701.822,1,0
$CH,36.100,L1CD,20,3410,43.0,4.107020999,3768.179,128545.486,1,0
$CH,36.100,L1CD,24,3410,43.1,3.973621362,76.607,2862.315,1,0
$CH,36.100,L1CD,28,3410,41.9,9.769699072,-2497.769,-85015.597,1,0
$TIME,2024,1,30,6,10,38.407480
$CH,36.200,L1CD,2,3420,43.0,8.860913275,-1172.433,-40009.666,1,0
$CH,36.200,L1CD,5,3420,43.7,7.311635220,2166.679,74381.163,1,0
$CH,36.200,L1CD,6,3420,43.7,7.179701734,-1044.874,-35570.725,1,0
$CH,36.200,L1CD,12,3420,43.6,0.394671117,3144.316,107671.739,1,0
$CH,36.200,L1CD,13,3420,42.5,1.717568683,518.354,17497.961,1,0
$CH,36.200,L1CD,17,3420,42.0,4.199123267,166.932,5677.120,1,0
$CH,36.200,L1CD,19,3420,43.2,7.709325347,-724.359,-24774.207,1,0
$CH,36.200,L1CD,20,3420,43.0,4.106785002,3767.884,128922.272,1,0
$CH,36.200,L1CD,24,3420,43.1,3.973626282,76.407,2869.983,1,0
$CH,36.200,L1CD,28,3420,41.9,9.769877047,-2498.140,-85265.408,1,0
$TIME,2024,1,30,6,10,38.437835
$CH,36.300,L1CD,2,3430,43.0,8.860981945,-1172.651,-40126.921,1,0
$CH,36.300,L1CD,5,3430,43.7,7.311526231,2166.385,74597.803,1,0
$CH,36.300,L1CD,6,3430,43.7,7.179789770,-1045.176,-35675.222,1,0
$CH,36.300,L1CD,12,3430,43.6,0.394476029,3144.321,107986.155,1,0
$CH,36.300,L1CD,13,3430,42.5,1.717514580,518.386,17549.774,1,0
$CH,36.300,L1CD,17,3430,42.0,4.199122681,166.779,5693.791,1,0
$CH,36.300,L1CD,19,3430,43.2,7.709378667,-724.285,-24846.605,1,0
$CH,36.300,L1CD,20,3430,43.0,4.106541466,3767.863,129299.054,1,0
$CH,36.300,L1CD,24,3430,43.1,3.973623645,76.545,2877.637,1,0
$CH,36.300,L1CD,28,3430,41.9,9.770022698,-2498.158,-85515.212,1,0
$TIME,2024,1,30,6,10,38.477733
$CH,36.400,L1CD,2,3440,43.0,8.861089041,-1172.680,-40244.166,1,0
$CH,36.400,L1CD,5,3440,43.7,7.311367222,2166.489,74814.445,1,0
$CH,36.400,L1CD,6,3440,43.7,7.179880388,-1044.639,-35779.727,1,0
$CH,36.400,L1CD,12,3440,43.6,0.394278834,3144.266,108300.587,1,0
$CH,36.400,L1CD,13,3440,42.5,1.717451812,518.107,17601.591,1,0
$CH,36.400,L1CD,17,3440,42.0,4.199117524,166.506,5710.474,1,0
$CH,36.400,L1CD,19,3440,43.2,7.709385686,-723.984,-24918.983,1,0
$CH,36.400,L1CD,20,3440,43.0,4.106301475,3767.891,129675.843,1,0
$CH,36.400,L1CD,24,3440,43.1,3.973627256,76.436,2885.303,1,0
$CH,36.400,L1CD,28,3440,41.9,9.770182979,-2498.576,-85765.015,1,0
$TIME,2024,1,30,6,10,38.517885
$CH,36.500,L1CD,2,3450,43.0,8.861147903,-1172.131,-40361.401,1,0
$CH,36.500,L1CD,5,3450,43.7,7.311244351,2166.173,75031.100,1,0
$CH,36.500,L1CD,6,3450,43.7,7.179909869,-1044.663,-35884.213,1,0
$CH,36.500,L1CD,12,3450,43.6,0.394074796,3144.604,108615.021,1,0
$CH,36.500,L1CD,13,3450,42.5,1.717379100,518.450,17653.422,1,0
$CH,36.500,L1CD,17,3450,42.0,4.199106124,167.211,5727.173,1,0
$CH,36.500,L1CD,19,3450,43.2,7.709411551,-723.722,-24991.341,1,0
$CH,36.500,L1CD,20,3450,43.0,4.106062378,3768.250,130052.642,1,0
$CH,36.500,L1CD,24,3450,43.1,3.973624410,77.166,2892.977,1,0
$CH,36.500,L1CD,28,3450,41.9,9.770359238,-2497.780,-86014.821,1,0
$TIME,2024,1,30,6,10,38.557907
$CH,36.600,L1CD,2,3460,43.0,8.861202466,-1172.886,-40478.658,1,0
$CH,36.600,L1CD,5,3460,43.7,7.311095966,2166.050,75247.723,1,0
$CH,36.600,L1CD,6,3460,43.7,7.179970985,-1045.398,-35988.718,1,0
$CH,36.600,L1CD,12,3460,43.6,0.393866986,3143.674,108929.446,1,0
$CH,36.600,L1CD,13,3460,42.5,1.717377765,518.395,17705.253,1,0
$CH,36.600,L1CD,17,3460,42.0,4.199086684,166.478,5743.854,1,0
$CH,36.600,L1CD,19,3460,43.2,7.709462401,-723.569,-25063.725,1,0
$CH,36.600,L1CD,20,3460,43.0,4.105821354,3767.620,130429.435,1,0
$CH,36.600,L1CD,24,3460,43.1,3.973623234,76.462,2900.631,1,0
$CH,36.600,L1CD,28,3460,41.9,9.770494476,-2498.319,-86264.634,1,0
$TIME,2024,1,30,6,10,38.597911
$CH,36.700,L1CD,2,3470,43.0,8.861296553,-1172.390,-40595.939,1,0
$CH,36.700,L1CD,5,3470,43.7,7.310964364,2166.163,75464.326,1,0
$CH,36.700,L1CD,6,3470,43.7,7.180065494,-1045.494,-36093.242,1,0
$CH,36.700,L1CD,12,3470,43.6,0.393668465,3143.868,109243.839,1,0
$CH,36.700,L1CD,13,3470,42.5,1.717378068,518.378,17757.057,1,0
$CH,36.700,L1CD,17,3470,42.0,4.199065782,166.773,5760.509,1,0
$CH,36.700,L1CD,19,3470,43.2,7.709535978,-723.829,-25136.123,1,0
$CH,36.700,L1CD,20,3470,43.0,4.105584663,3767.749,130806.188,1,0
$CH,36.700,L1CD,24,3470,43.1,3.973624573,75.978,2908.260,1,0
$CH,36.700,L1CD,28,3470,41.9,9.770663532,-2498.437,-86514.473,1,0
$TIME,2024,1,30,6,10,38.638079
$CH,36.800,L1CD,2,3480,43.0,8.861385074,-1172.987,-40713.206,1,0
$CH,36.800,L1CD,5,3480,43.7,7.310826377,2166.348,75680.936,1,0
$CH,36.800,L1CD,6,3480,43.7,7.180133114,-1045.032,-36197.765,1,0
$CH,36.800,L1CD,12,3480,43.6,0.393478887,3144.074,109558.242,1,0
$CH,36.800,L1CD,13,3480,42.5,1.717369969,518.168,17808.873,1,0
$CH,36.800,L1CD,17,3480,42.0,4.199038253,166.852,5777.178,1,0
$CH,36.800,L1CD,19,3480,43.2,7.709619788,-723.719,-25208.519,1,0
$CH,36.800,L1CD,20,3480,43.0,4.105342853,3767.969,131182.962,1,0
$CH,36.800,L1CD,24,3480,43.1,3.973628456,76.012,2915.894,1,0
$CH,36.800,L1CD,28,3480,41.9,9.770826153,-2498.508,-86764.308,1,0
$TIME,2024,1,30,6,10,38.678078
$CH,36.900,L1CD,2,3490,43.0,8.861427238,-1172.895,-40830.475,1,0
$CH,36.900,L1CD,5,3490,43.7,7.310684188,2165.791,75897.544,1,0
$CH,36.900,L1CD,6,3490,43.7,7.180167413,-1045.136,-36302.289,1,0
$CH,36.900,L1CD,12,3490,43.6,0.393284188,3144.194,109872.649,1,0
$CH,36.900,L1CD,13,3490,42.5,1.717345533,518.588,17860.715,1,0
$CH,36.900,L1CD,17,3490,42.0,4.199005056,166.797,5793.860,1,0
$CH,36.900,L1CD,19,3490,43.2,7.709633964,-724.188,-25280.903,1,0
$CH,36.900,L1CD,20,3490,43.0,4.105103181,3767.964,131559.742,1,0
$CH,36.900,L1CD,24,3490,43.1,3.973625028,76.697,2923.521,1,0
$CH,36.900,L1CD,28,3490,41.9,9.770970079,-2498.150,-87014.129,1,0
$TIME,2024,1,30,6,10,38.718243
$CH,37.000,L1CD,2,3500,43.0,8.861509073,-1172.545,-40947.745,1,0
$CH,37.000,L1CD,5,3500,43.9,7.310558808,2165.841,76114.141,1,0
$CH,37.000,L1CD,6,3500,43.6,7.180234171,-1045.062,-36406.820,1,0
$CH,37.000,L1CD,12,3500,43.5,0.393078197,3143.852,110187.052,1,0
$CH,37.000,L1CD,13,3500,42.1,1.717304470,517.968,17912.544,1,0
$CH,37.000,L1CD,17,3500,42.7,4.198962853,166.453,5810.528,1,0
$CH,37.000,L1CD,19,3500,42.7,7.709647316,-723.835,-25353.297,1,0
$CH,37.000,L1CD,20,3500,42.9,4.104860340,3767.341,131936.501,1,0
$CH,37.000,L1CD,24,3500,42.9,3.973627306,76.518,2931.137,1,0
$CH,37.000,L1CD,28,3500,42.0,9.771139698,-2498.138,-87263.966,1,0
$TIME,2024,1,30,6,10,38.748412
$CH,37.100,L1CD,2,3510,43.0,8.861617653,-1172.288,-41065.003,1,0
$CH,37.100,L1CD,5,3510,43.9,7.310405498,2166.122,76330.751,1,0
$CH,37.100,L1CD,6,3510,43.6,7.180334104,-1044.891,-36511.334,1,0
$CH,37.100,L1CD,12,3510,43.5,0.392868582,3144.048,110501.460,1,0
$CH,37.100,L1CD,13,3510,42.1,1.717248168,518.711,17964.380,1,0
$CH,37.100,L1CD,17,3510,42.7,4.198919305,167.008,5827.211,1,0
$CH,37.100,L1CD,19,3510,42.7,7.709689866,-724.007,-25425.669,1,0
$CH,37.100,L1CD,20,3510,42.9,4.104618620,3768.557,132313.290,1,0
$CH,37.100,L1CD,24,3510,42.9,3.973625378,76.478,2938.775,1,0
$CH,37.100,L1CD,28,3510,42.0,9.771293434,-2498.677,-87513.790,1,0
$TIME,2024,1,30,6,10,38.788361
$CH,37.200,L1CD,2,3520,43.0,8.861655606,-1173.092,-41182.248,1,0
$CH,37.200,L1CD,5,3520,43.9,7.310291013,2165.998,76547.366,1,0
$CH,37.200,L1CD,6,3520,43.6,7.180391291,-1044.891,-36615.834,1,0
$CH,37.200,L1CD,12,3520,43.5,0.392670710,3143.982,110815.889,1,0
$CH,37.200,L1CD,13,3520,42.1,1.717174661,518.644,18016.254,1,0
$CH,37.200,L1CD,17,3520,42.7,4.198877284,166.787,5843.910,1,0
$CH,37.200,L1CD,19,3520,42.7,7.709751734,-723.464,-25498.032,1,0
$CH,37.200,L1CD,20,3520,42.9,4.104376178,3767.890,132690.088,1,0
$CH,37.200,L1CD,24,3520,42.9,3.973624704,75.664,2946.424,1,0
$CH,37.200,L1CD,28,3520,42.0,9.771450602,-2498.077,-87763.609,1,0
$TIME,2024,1,30,6,10,38.818603
$CH,37.300,L1CD,2,3530,43.0,8.861723820,-1172.766,-41299.513,1,0
$CH,37.300,L1CD,5,3530,43.9,7.310125323,2166.079,76763.961,1,0
$CH,37.300,L1CD,6,3530,43.6,7.180428940,-1044.914,-36720.361,1,0
$CH,37.300,L1CD,12,3530,43.5,0.392476496,3143.954,111130.295,1,0
$CH,37.300,L1CD,13,3530,42.1,1.717126413,518.988,18068.109,1,0
$CH,37.300,L1CD,17,3530,42.7,4.198874091,166.429,5860.612,1,0
$CH,37.300,L1CD,19,3530,42.7,7.709833684,-724.131,-25570.410,1,0
$CH,37.300,L1CD,20,3530,42.9,4.104134699,3767.741,133066.869,1,0
$CH,37.300,L1CD,24,3530,42.9,3.973625398,76.011,2954.048,1,0
$CH,37.300,L1CD,28,3530,42.0,9.771623728,-2498.159,-88013.447,1,0
$TIME,2024,1,30,6,10,38.848726
$CH,37.400,L1CD,2,3540,43.0,8.861825699,-1172.938,-41416.785,1,0
$CH,37.400,L1CD,5,3540,43.9,7.310007387,2165.843,76980.550,1,0
$CH,37.400,L1CD,6,3540,43.6,7.180507234,-1045.305,-36824.896,1,0
$CH,37.400,L1CD,12,3540,43.5,0.392278441,3144.260,111444.688,1,0
$CH,37.400,L1CD,13,3540,42.1,1.717125352,518.662,18119.951,1,0
$CH,37.400,L1CD,17,3540,42.7,4.198871334,166.816,5877.277,1,0
$CH,37.400,L1CD,19,3540,42.7,7.709880190,-724.120,-25642.790,1,0
$CH,37.400,L1CD,20,3540,42.9,4.103898938,3767.325,133443.631,1,0
$CH,37.400,L1CD,24,3540,42.9,3.973626403,76.152,2961.660,1,0
$CH,37.400,L1CD,28,3540,42.0,9.771767243,-2499.006,-88263.293,1,0
$TIME,2024,1,30,6,10,38.878614
$CH,37.500,L1CD,2,3550,43.0,8.861890045,-1173.129,-41534.066,1,0
$CH,37.500,L1CD,5,3550,43.9,7.309856734,2164.933,77197.123,1,0
$CH,37.500,L1CD,6,3550,43.6,7.180612409,-1045.345,-36929.442,1,0
$CH,37.500,L1CD,12,3550,43.5,0.392078338,3143.786,111759.070,1,0
$CH,37.500,L1CD,13,3550,42.1,1.717128398,518.409,18171.799,1,0
$CH,37.500,L1CD,17,3550,42.7,4.198870789,167.057,5893.942,1,0
$CH,37.500,L1CD,19,3550,42.7,7.709886019,-723.905,-25715.183,1,0
$CH,37.500,L1CD,20,3550,42.9,4.103656799,3767.916,133820.396,1,0
$CH,37.500,L1CD,24,3550,42.9,3.973627023,75.651,2969.266,1,0
$CH,37.500,L1CD,28,3550,42.0,9.771927564,-2499.020,-88513.146,1,0
$TIME,2024,1,30,6,10,38.915834
$CH,37.600,L1CD,2,3560,43.0,8.861943834,-1172.925,-41651.341,1,0
$CH,37.600,L1CD,5,3560,43.9,7.309730169,2165.785,77413.696,1,0
$CH,37.600,L1CD,6,3560,43.6,7.180646905,-1045.413,-37033.980,1,0
$CH,37.600,L1CD,12,3560,43.5,0.391872400,3144.605,112073.455,1,0
$CH,37.600,L1CD,13,3560,42.1,1.717111142,518.407,18223.659,1,0
$CH,37.600,L1CD,17,3560,42.7,4.198874285,166.683,5910.631,1,0
$CH,37.600,L1CD,19,3560,42.7,7.709912221,-723.481,-25787.563,1,0
$CH,37.600,L1CD,20,3560,42.9,4.103416868,3768.057,134197.166,1,0
$CH,37.600,L1CD,24,3560,42.9,3.973628037,76.455,2976.870,1,0
$CH,37.600,L1CD,28,3560,42.0,9.772099666,-2498.872,-88762.988,1,0
$TIME,2024,1,30,6,10,38.939052
$CH,37.700,L1CD,2,3570,43.0,8.862037264,-1172.452,-41768.611,1,0
$CH,37.700,L1CD,5,3570,43.9,7.309587180,2166.004,77630.283,1,0
$CH,37.700,L1CD,6,3570,43.6,7.180695817,-1045.361,-37138.506,1,0
$CH,37.700,L1CD,12,3570,43.5,0.391678800,3144.271,112387.860,1,0
$CH,37.700,L1CD,13,3570,42.1,1.717080147,518.878,18275.528,1,0
$CH,37.700,L1CD,17,3570,42.7,4.198872463,166.859,5927.320,1,0
$CH,37.700,L1CD,19,3570,42.7,7.709963827,-723.488,-25859.934,1,0
$CH,37.700,L1CD,20,3570,42.9,4.103180766,3768.095,134573.943,1,0
$CH,37.700,L1CD,24,3570,42.9,3.973628647,75.970,2984.484,1,0
$CH,37.700,L1CD,28,3570,42.0,9.772241900,-2498.019,-89012.832,1,0
$TIME,2024,1,30,6,10,38.978959
$CH,37.800,L1CD,2,3580,43.0,8.862134453,-1172.898,-41885.858,1,0
$CH,37.800,L1CD,5,3580,43.9,7.309447688,2165.034,77846.864,1,0
$CH,37.800,L1CD,6,3580,43.6,7.180781195,-1045.661,-37243.033,1,0
$CH,37.800,L1CD,12,3580,43.5,0.391487702,3144.152,112702.266,1,0
$CH,37.800,L1CD,13,3580,42.1,1.717031439,518.808,18327.415,1,0
$CH,37.800,L1CD,17,3580,42.7,4.198878680,167.121,5944.023,1,0
$CH,37.800,L1CD,19,3580,42.7,7.710042864,-723.329,-25932.304,1,0
$CH,37.800,L1CD,20,3580,42.9,4.102943822,3767.887,134950.729,1,0
$CH,37.800,L1CD,24,3580,42.9,3.973622922,76.434,2992.091,1,0
$CH,37.800,L1CD,28,3580,42.0,9.772410544,-2498.048,-89262.670,1,0
$TIME,2024,1,30,6,10,39.018984
$CH,37.900,L1CD,2,3590,43.0,8.862175957,-1172.624,-42003.136,1,0
$CH,37.900,L1CD,5,3590,43.9,7.309317170,2165.265,78063.430,1,0
$CH,37.900,L1CD,6,3590,43.6,7.180881752,-1045.696,-37347.566,1,0
$CH,37.900,L1CD,12,3590,43.5,0.391293902,3143.769,113016.661,1,0
$CH,37.900,L1CD,13,3590,42.1,1.716966744,518.583,18379.296,1,0
$CH,37.900,L1CD,17,3590,42.7,4.198872616,167.191,5960.706,1,0
$CH,37.900,L1CD,19,3590,42.7,7.710127834,-723.700,-26004.669,1,0
$CH,37.900,L1CD,20,3590,42.9,4.102706942,3767.698,135327.503,1,0
$CH,37.900,L1CD,24,3590,42.9,3.973624206,75.959,2999.695,1,0
$CH,37.900,L1CD,28,3590,42.0,9.772574272,-2498.525,-89512.512,1,0
$TIME,2024,1,30,6,10,39.069002
$CH,38.000,L1CD,2,3600,43.1,8.862254058,-1172.532,-42120.416,1,0
$CH,38.000,L1CD,5,3600,43.9,7.309164323,2165.193,78279.991,1,0
$CH,38.000,L1CD,6,3600,43.7,7.180908642,-1045.423,-37452.118,1,0
$CH,38.000,L1CD,12,3600,43.4,0.391087089,3143.790,113331.049,1,0
$CH,38.000,L1CD,13,3600,42.7,1.716894560,518.708,18431.173,1,0
$CH,38.000,L1CD,17,3600,42.8,4.198876066,166.831,5977.392,1,0
$CH,38.000,L1CD,19,3600,42.9,7.710133947,-723.847,-26077.052,1,0
$CH,38.000,L1CD,20,3600,43.2,4.102468195,3767.367,135704.269,1,0
$CH,38.000,L1CD,24,3600,42.3,3.973623195,75.958,3007.281,1,0
$CH,38.000,L1CD,28,3600,42.3,9.772717367,-2498.534,-89762.374,1,0
$TIME,2024,1,30,6,10,39.109096
$CH,38.100,L1CD,2,3610,43.1,8.862362415,-1172.694,-42237.696,1,0
$CH,38.100,L1CD,5,3610,43.9,7.309047781,2165.651,78496.533,1,0
$CH,38.100,L1CD,6,3610,43.7,7.180965917,-1045.691,-37556.678,1,0
$CH,38.100,L1CD,12,3610,43.4,0.390875004,3143.902,113645.417,1,0
$CH,38.100,L1CD,13,3610,42.7,1.716875819,518.874,18483.042,1,0
$CH,38.100,L1CD,17,3610,42.8,4.198878771,167.152,5994.072,1,0
$CH,38.100,L1CD,19,3610,42.9,7.710154907,-723.485,-26149.439,1,0
$CH,38.100,L1CD,20,3610,43.2,4.102230963,3767.355,136081.034,1,0
$CH,38.100,L1CD,24,3610,42.3,3.973622909,75.566,3014.870,1,0
$CH,38.100,L1CD,28,3610,42.3,9.772887967,-2498.827,-90012.238,1,0
$TIME,2024,1,30,6,10,39.139429
$CH,38.200,L1CD,2,3620,43.1,8.862403951,-1172.755,-42354.989,1,0
$CH,38.200,L1CD,5,3620,43.9,7.308884732,2165.183,78713.079,1,0
$CH,38.200,L1CD,6,3620,43.7,7.181058511,-1045.877,-37661.237,1,0
$CH,38.200,L1CD,12,3620,43.4,0.390683674,3143.699,113959.791,1,0
$CH,38.200,L1CD,13,3620,42.7,1.716877208,518.394,18534.912,1,0
$CH,38.200,L1CD,17,3620,42.8,4.198878148,166.237,6010.757,1,0
$CH,38.200,L1CD,19,3620,42.9,7.710194500,-723.609,-26221.824,1,0
$CH,38.200,L1CD,20,3620,43.2,4.101993775,3767.688,136457.792,1,0
$CH,38.200,L1CD,24,3620,42.3,3.973622816,75.593,3022.434,1,0
$CH,38.200,L1CD,28,3620,42.3,9.773039033,-2499.107,-90262.112,1,0
$TIME,2024,1,30,6,10,39.169423
$CH,38.300,L1CD,2,3630,43.1,8.862468799,-1172.794,-42472.266,1,0
$CH,38.300,L1CD,5,3630,43.9,7.308773857,2165.212,78929.626,1,0
$CH,38.300,L1CD,6,3630,43.7,7.181133450,-1045.231,-37765.792,1,0
$CH,38.300,L1CD,12,3630,43.4,0.390490259,3144.298,114274.168,1,0
$CH,38.300,L1CD,13,3630,42.7,1.716873790,518.835,18586.805,1,0
$CH,38.300,L1CD,17,3630,42.8,4.198874122,167.388,6027.428,1,0
$CH,38.300,L1CD,19,3630,42.9,7.710261598,-722.876,-26294.201,1,0
$CH,38.300,L1CD,20,3630,43.2,4.101754460,3767.710,136834.561,1,0
$CH,38.300,L1CD,24,3630,42.3,3.973625045,75.699,3030.011,1,0
$CH,38.300,L1CD,28,3630,42.3,9.773192617,-2498.619,-90511.974,1,0
$TIME,2024,1,30,6,10,39.199333
$CH,38.400,L1CD,2,3640,43.1,8.862572752,-1172.948,-42589.546,1,0
$CH,38.400,L1CD,5,3640,43.9,7.308614948,2165.165,79146.165,1,0
$CH,38.400,L1CD,6,3640,43.7,7.181166288,-1045.288,-37870.346,1,0
$CH,38.400,L1CD,12,3640,43.4,0.390286750,3143.684,114588.555,1,0
$CH,38.400,L1CD,13,3640,42.7,1.716852809,519.052,18638.701,1,0
$CH,38.400,L1CD,17,3640,42.8,4.198873753,167.019,6044.129,1,0
$CH,38.400,L1CD,19,3640,42.9,7.710344503,-723.695,-26366.573,1,0
$CH,38.400,L1CD,20,3640,43.2,4.101516237,3768.118,137211.316,1,0
$CH,38.400,L1CD,24,3640,42.3,3.973623554,76.573,3037.597,1,0
$CH,38.400,L1CD,28,3640,42.3,9.773374127,-2498.797,-90761.838,1,0
$TIME,2024,1,30,6,10,39.239679
$CH,38.500,L1CD,2,3650,43.1,8.862645557,-1173.274,-42706.828,1,0
$CH,38.500,L1CD,5,3650,43.9,7.308497757,2165.560,79362.702,1,0
$CH,38.500,L1CD,6,3650,43.7,7.181228304,-1045.236,-37974.911,1,0
$CH,38.500,L1CD,12,3650,43.4,0.390083701,3143.537,114902.921,1,0
$CH,38.500,L1CD,13,3650,42.7,1.716814968,518.820,18690.598,1,0
$CH,38.500,L1CD,17,3650,42.8,4.198874875,166.929,6060.806,1,0
$CH,38.500,L1CD,19,3650,42.9,7.710376571,-723.268,-26438.951,1,0
$CH,38.500,L1CD,20,3650,43.2,4.101279618,3767.571,137588.083,1,0
$CH,38.500,L1CD,24,3650,42.3,3.973622918,75.735,3045.166,1,0
$CH,38.500,L1CD,28,3650,42.3,9.773516046,-2499.005,-91011.708,1,0
$TIME,2024,1,30,6,10,39.269773
$CH,38.600,L1CD,2,3660,43.1,8.862696556,-1172.574,-42824.123,1,0
$CH,38.600,L1CD,5,3660,43.9,7.308345070,2165.177,79579.220,1,0
$CH,38.600,L1CD,6,3660,43.7,7.181325775,-1045.353,-38079.484,1,0
$CH,38.600,L1CD,12,3660,43.4,0.389872495,3143.730,115217.285,1,0
$CH,38.600,L1CD,13,3660,42.7,1.716756127,518.813,18742.491,1,0
$CH,38.600,L1CD,17,3660,42.8,4.198874852,166.931,6077.492,1,0
$CH,38.600,L1CD,19,3660,42.9,7.710386291,-724.285,-26511.327,1,0
$CH,38.600,L1CD,20,3660,43.2,4.101044694,3767.506,137964.841,1,0
$CH,38.600,L1CD,24,3660,42.3,3.973625267,75.832,3052.719,1,0
$CH,38.600,L1CD,28,3660,42.3,9.773672744,-2499.172,-91261.593,1,0
$TIME,2024,1,30,6,10,39.299782
$CH,38.700,L1CD,2,3670,43.1,8.862785867,-1172.306,-42941.405,1,0
$CH,38.700,L1CD,5,3670,43.9,7.308211764,2165.667,79795.753,1,0
$CH,38.700,L1CD,6,3670,43.7,7.181387881,-1045.649,-38184.043,1,0
$CH,38.700,L1CD,12,3670,43.4,0.389678776,3143.805,115531.663,1,0
$CH,38.700,L1CD,13,3670,42.7,1.716685807,519.310,18794.398,1,0
$CH,38.700,L1CD,17,3670,42.8,4.198871499,166.900,6094.190,1,0
$CH,38.700,L1CD,19,3670,42.9,7.710416938,-723.849,-26583.699,1,0
$CH,38.700,L1CD,20,3670,43.2,4.100801299,3767.416,138341.613,1,0
$CH,38.700,L1CD,24,3670,42.3,3.973623319,76.097,3060.296,1,0
$CH,38.700,L1CD,28,3670,42.3,9.773845119,-2498.680,-91511.465,1,0
$TIME,2024,1,30,6,10,39.330046
$CH,38.800,L1CD,2,3680,43.1,8.862886114,-1173.408,-43058.696,1,0
$CH,38.800,L1CD,5,3680,43.9,7.308074268,2165.064,80012.269,1,0
$CH,38.800,L1CD,6,3680,43.7,7.181424883,-1045.382,-38288.612,1,0
$CH,38.800,L1CD,12,3680,43.4,0.389487938,3143.393,115846.033,1,0
$CH,38.800,L1CD,13,3680,42.7,1.716627001,519.537,18846.302,1,0
$CH,38.800,L1CD,17,3680,42.8,4.198860345,166.902,6110.877,1,0
$CH,38.800,L1CD,19,3680,42.9,7.710471504,-723.919,-26656.066,1,0
$CH,38.800,L1CD,20,3680,43.2,4.100564994,3767.935,138718.365,1,0
$CH,38.800,L1CD,24,3680,42.3,3.973623985,74.926,3067.857,1,0
$CH,38.800,L1CD,28,3680,42.3,9.773985038,-2498.695,-91761.342,1,0
$TIME,2024,1,30,6,10,39.369950
$CH,38.900,L1CD,2,3690,43.1,8.862924389,-1172.683,-43175.989,1,0
$CH,38.900,L1CD,5,3690,43.9,7.307931099,2165.135,80228.782,1,0
$CH,38.900,L1CD,6,3690,43.7,7.181494722,-1045.574,-38393.184,1,0
$CH,38.900,L1CD,12,3690,43.4,0.389294416,3143.693,116160.387,1,0
$CH,38.900,L1CD,13,3690,42.7,1.716627881,519.001,18898.203,1,0
$CH,38.900,L1CD,17,3690,42.8,4.198848880,166.919,6127.561,1,0
$CH,38.900,L1CD,19,3690,42.9,7.710548333,-724.085,-26728.450,1,0
$CH,38.900,L1CD,20,3690,43.2,4.100320992,3767.772,139095.119,1,0
$CH,38.900,L1CD,24,3690,42.3,3.973623618,76.520,3075.400,1,0
$CH,38.900,L1CD,28,3690,42.3,9.774153595,-2499.089,-92011.233,1,0
$TIME,2024,1,30,6,10,39.400049
$CH,39.000,L1CD,2,3700,43.5,8.862998387,-1172.823,-43293.281,1,0
$CH,39.000,L1CD,5,3700,43.6,7.307804365,2165.379,80445.289,1,0
$CH,39.000,L1CD,6,3700,43.7,7.181597456,-1045.879,-38497.759,1,0
$CH,39.000,L1CD,12,3700,43.4,0.389091339,3143.863,116474.742,1,0
$CH,39.000,L1CD,13,3700,42.6,1.716621461,519.061,18950.117,1,0
$CH,39.000,L1CD,17,3700,42.6,4.198830594,167.172,6144.249,1,0
$CH,39.000,L1CD,19,3700,42.5,7.710625083,-723.917,-26800.832,1,0
$CH,39.000,L1CD,20,3700,43.0,4.100083070,3767.452,139471.879,1,0
$CH,39.000,L1CD,24,3700,42.6,3.973624133,75.842,3082.941,1,0
$CH,39.000,L1CD,28,3700,42.2,9.774312767,-2499.357,-92261.108,1,0
$TIME,2024,1,30,6,10,39.430377
$CH,39.100,L1CD,2,3710,43.5,8.863109427,-1173.396,-43410.565,1,0
$CH,39.100,L1CD,5,3710,43.6,7.307647838,2164.852,80661.805,1,0
$CH,39.100,L1CD,6,3710,43.7,7.181646111,-1045.845,-38602.335,1,0
$CH,39.100,L1CD,12,3710,43.4,0.388881114,3143.622,116789.119,1,0
$CH,39.100,L1CD,13,3710,42.6,1.716611195,519.460,19002.053,1,0
$CH,39.100,L1CD,17,3710,42.6,4.198805700,167.159,6160.954,1,0
$CH,39.100,L1CD,19,3710,42.5,7.710629430,-723.527,-26873.197,1,0
$CH,39.100,L1CD,20,3710,43.0,4.099839762,3767.594,139848.641,1,0
$CH,39.100,L1CD,24,3710,42.6,3.973622911,75.569,3090.502,1,0
$CH,39.100,L1CD,28,3710,42.2,9.774460869,-2498.619,-92510.999,1,0
$TIME,2024,1,30,6,10,39.462102
$CH,39.200,L1CD,2,3720,43.5,8.863153926,-1172.989,-43527.857,1,0
$CH,39.200,L1CD,5,3720,43.6,7.307532754,2164.936,80878.309,1,0
$CH,39.200,L1CD,6,3720,43.7,7.181691340,-1045.717,-38706.906,1,0
$CH,39.200,L1CD,12,3720,43.4,0.388688449,3143.477,117103.482,1,0
$CH,39.200,L1CD,13,3720,42.6,1.716581812,519.311,19053.972,1,0
$CH,39.200,L1CD,17,3720,42.6,4.198775294,166.718,6177.646,1,0
$CH,39.200,L1CD,19,3720,42.5,7.710648370,-723.973,-26945.568,1,0
$CH,39.200,L1CD,20,3720,43.0,4.099598548,3767.059,140225.411,1,0
$CH,39.200,L1CD,24,3720,42.6,3.973623690,75.565,3098.052,1,0
$CH,39.200,L1CD,28,3720,42.2,9.774639830,-2498.867,-92760.875,1,0
$TIME,2024,1,30,6,10,39.502001
$CH,39.300,L1CD,2,3730,43.5,8.863213658,-1173.235,-43645.163,1,0
$CH,39.300,L1CD,5,3730,43.6,7.307376611,2165.234,81094.797,1,0
$CH,39.300,L1CD,6,3730,43.7,7.181773408,-1046.086,-38811.493,1,0
$CH,39.300,L1CD,12,3730,43.4,0.388498711,3143.701,117417.826,1,0
$CH,39.300,L1CD,13,3730,42.6,1.716536533,519.327,19105.894,1,0
$CH,39.300,L1CD,17,3730,42.6,4.198741442,167.325,6194.327,1,0
$CH,39.300,L1CD,19,3730,42.5,7.710693140,-724.010,-27017.940,1,0
$CH,39.300,L1CD,20,3730,43.0,4.099353236,3767.383,140602.151,1,0
$CH,39.300,L1CD,24,3730,42.6,3.973623058,76.063,3105.578,1,0
$CH,39.300,L1CD,28,3730,42.2,9.774785667,-2498.855,-93010.784,1,0
$TIME,2024,1,30,6,10,39.532503
$CH,39.400,L1CD,2,3740,43.5,8.863311828,-1173.406,-43762.457,1,0
$CH,39.400,L1CD,5,3740,43.6,7.307262595,2164.877,81311.292,1,0
$CH,39.400,L1CD,6,3740,43.7,7.181871199,-1045.773,-38916.078,1,0
$CH,39.400,L1CD,12,3740,43.4,0.388298616,3143.758,117732.185,1,0
$CH,39.400,L1CD,13,3740,42.6,1.716473038,519.439,19157.832,1,0
$CH,39.400,L1CD,17,3740,42.6,4.198697675,166.966,6211.022,1,0
$CH,39.400,L1CD,19,3740,42.5,7.710764681,-723.614,-27090.316,1,0
$CH,39.400,L1CD,20,3740,43.0,4.099113003,3767.768,140978.916,1,0
$CH,39.400,L1CD,24,3740,42.6,3.973616822,74.953,3113.118,1,0
$CH,39.400,L1CD,28,3740,42.2,9.774940898,-2498.962,-93260.686,1,0
$TIME,2024,1,30,6,10,39.562483
$CH,39.500,L1CD,2,3750,43.5,8.863385877,-1173.044,-43879.767,1,0
$CH,39.500,L1CD,5,3750,43.6,7.307105066,2165.130,81527.764,1,0
$CH,39.500,L1CD,6,3750,43.7,7.181898569,-1046.054,-39020.676,1,0
$CH,39.500,L1CD,12,3750,43.4,0.388092434,3143.077,118046.519,1,0
$CH,39.500,L1CD,13,3750,42.6,1.716403077,518.663,19209.751,1,0
$CH,39.500,L1CD,17,3750,42.6,4.198653360,166.263,6227.712,1,0
$CH,39.500,L1CD,19,3750,42.5,7.710852323,-723.411,-27162.695,1,0
$CH,39.500,L1CD,20,3750,43.0,4.098874805,3767.343,141355.654,1,0
$CH,39.500,L1CD,24,3750,42.6,3.973613654,75.240,3120.633,1,0
$CH,39.500,L1CD,28,3750,42.2,9.775118408,-2499.112,-93510.584,1,0
$TIME,2024,1,30,6,10,39.592371
$CH,39.600,L1CD,2,3760,43.5,8.863434580,-1173.149,-43997.070,1,0
$CH,39.600,L1CD,5,3760,43.6,7.306980317,2164.704,81744.244,1,0
$CH,39.600,L1CD,6,3760,43.7,7.181952596,-1045.904,-39125.274,1,0
$CH,39.600,L1CD,12,3760,43.4,0.387880744,3142.951,118360.869,1,0
$CH,39.600,L1CD,13,3760,42.6,1.716375246,518.812,19261.690,1,0
$CH,39.600,L1CD,17,3760,42.6,4.198621708,166.511,6244.395,1,0
$CH,39.600,L1CD,19,3760,42.5,7.710883107,-723.743,-27235.072,1,0
$CH,39.600,L1CD,20,3760,43.0,4.098633308,3767.274,141732.408,1,0
$CH,39.600,L1CD,24,3760,42.6,3.973605492,75.102,3128.151,1,0
$CH,39.600,L1CD,28,3760,42.2,9.775258402,-2499.388,-93760.493,1,0
$TIME,2024,1,30,6,10,39.622632
$CH,39.700,L1CD,2,3770,43.5,8.863521297,-1173.502,-44114.373,1,0
$CH,39.700,L1CD,5,3770,43.6,7.306835132,2164.835,81960.718,1,0
$CH,39.700,L1CD,6,3770,43.7,7.182040500,-1046.075,-39229.875,1,0
$CH,39.700,L1CD,12,3770,43.4,0.387689906,3143.361,118675.210,1,0
$CH,39.700,L1CD,13,3770,42.6,1.716374726,519.657,19313.620,1,0
$CH,39.700,L1CD,17,3770,42.6,4.198625799,166.939,6261.078,1,0
$CH,39.700,L1CD,19,3770,42.5,7.710893859,-723.506,-27307.448,1,0
$CH,39.700,L1CD,20,3770,43.0,4.098396759,3767.485,142109.150,1,0
$CH,39.700,L1CD,24,3770,42.6,3.973595323,75.542,3135.664,1,0
$CH,39.700,L1CD,28,3770,42.2,9.775420426,-2499.174,-94010.403,1,0
$TIME,2024,1,30,6,10,39.652740
$CH,39.800,L1CD,2,3780,43.5,8.863627126,-1172.660,-44231.674,1,0
$CH,39.800,L1CD,5,3780,43.6,7.306697717,2164.706,82177.195,1,0
$CH,39.800,L1CD,6,3780,43.7,7.182128715,-1045.819,-39334.466,1,0
$CH,39.800,L1CD,12,3780,43.4,0.387499108,3143.574,118989.566,1,0
$CH,39.800,L1CD,13,3780,42.6,1.716371978,519.361,19365.577,1,0
$CH,39.800,L1CD,17,3780,42.6,4.198624434,166.969,6277.789,1,0
$CH,39.800,L1CD,19,3780,42.5,7.710928284,-723.336,-27379.811,1,0
$CH,39.800,L1CD,20,3780,43.0,4.098162323,3767.761,142485.908,1,0
$CH,39.800,L1CD,24,3780,42.6,3.973578968,74.786,3143.203,1,0
$CH,39.800,L1CD,28,3780,42.2,9.775588995,-2499.529,-94260.304,1,0
$TIME,2024,1,30,6,10,39.692641
$CH,39.900,L1CD,2,3790,43.5,8.863662096,-1173.466,-44348.987,1,0
$CH,39.900,L1CD,5,3790,43.6,7.306566593,2164.363,82393.660,1,0
$CH,39.900,L1CD,6,3790,43.7,7.182159788,-1046.044,-39439.066,1,0
$CH,39.900,L1CD,12,3790,43.4,0.387298725,3143.253,119303.903,1,0
$CH,39.900,L1CD,13,3790,42.6,1.716358913,518.814,19417.528,1,0
$CH,39.900,L1CD,17,3790,42.6,4.198623424,166.531,6294.485,1,0
$CH,39.900,L1CD,19,3790,42.5,7.710983403,-724.352,-27452.183,1,0
$CH,39.900,L1CD,20,3790,43.0,4.097923716,3767.166,142862.661,1,0
$CH,39.900,L1CD,24,3790,42.6,3.973564140,75.063,3150.706,1,0
$CH,39.900,L1CD,28,3790,42.2,9.775733478,-2499.417,-94510.219,1,0
$TIME,2024,1,30,6,10,39.723091
$CH,40.000,L1CD,2,3800,43.4,8.863734226,-1172.571,-44466.305,1,0
$CH,40.000,L1CD,5,3800,43.7,7.306416900,2163.923,82610.111,1,0
$CH,40.000,L1CD,6,3800,43.6,7.182220880,-1046.056,-39543.677,1,0
$CH,40.000,L1CD,12,3800,43.7,0.387096469,3143.666,119618.221,1,0
$CH,40.000,L1CD,13,3800,42.6,1.716325239,519.078,19469.467,1,0
$CH,40.000,L1CD,17,3800,42.4,4.198627176,167.053,6311.168,1,0
$CH,40.000,L1CD,19,3800,42.7,7.711066288,-723.758,-27524.565,1,0
$CH,40.000,L1CD,20,3800,42.5,4.097687676,3767.053,143239.391,1,0
$CH,40.000,L1CD,24,3800,43.3,3.973548346,75.560,3158.201,1,0
$CH,40.000,L1CD,28,3800,42.3,9.775901662,-2498.660,-94760.142,1,0
$TIME,2024,1,30,6,10,39.753202
$CH,40.100,L1CD,2,3810,43.4,8.863842680,-1173.062,-44583.604,1,0
$CH,40.100,L1CD,5,3810,43.7,7.306297578,2164.826,82826.563,1,0
$CH,40.100,L1CD,6,3810,43.6,7.182317138,-1045.859,-39648.277,1,0
$CH,40.100,L1CD,12,3810,43.7,0.386884893,3143.271,119932.564,1,0
$CH,40.100,L1CD,13,3810,42.6,1.716274579,519.447,19521.431,1,0
$CH,40.100,L1CD,17,3810,42.4,4.198625119,167.049,6327.865,1,0
$CH,40.100,L1CD,19,3810,42.7,7.711125778,-724.375,-27596.925,1,0
$CH,40.100,L1CD,20,3810,42.5,4.097448778,3767.278,143616.145,1,0
$CH,40.100,L1CD,24,3810,43.3,3.973528430,75.349,3165.713,1,0
$CH,40.100,L1CD,28,3810,42.3,9.776057107,-2499.106,-95010.049,1,0
$TIME,2024,1,30,6,10,39.783108
$CH,40.200,L1CD,2,3820,43.4,8.863901045,-1173.544,-44700.910,1,0
$CH,40.200,L1CD,5,3820,43.7,7.306137322,2164.369,83043.012,1,0
$CH,40.200,L1CD,6,3820,43.6,7.182385945,-1046.231,-39752.892,1,0
$CH,40.200,L1CD,12,3820,43.7,0.386692972,3143.462,120246.895,1,0
$CH,40.200,L1CD,13,3820,42.6,1.716204790,519.769,19573.383,1,0
$CH,40.200,L1CD,17,3820,42.4,4.198626326,167.086,6344.549,1,0
$CH,40.200,L1CD,19,3820,42.7,7.711131155,-723.762,-27669.308,1,0
$CH,40.200,L1CD,20,3820,42.5,4.097211541,3766.919,143992.887,1,0
$CH,40.200,L1CD,24,3820,43.3,3.973504706,74.731,3173.206,1,0
$CH,40.200,L1CD,28,3820,42.3,9.776204326,-2499.515,-95259.984,1,0
$TIME,2024,1,30,6,10,39.817767
$CH,40.300,L1CD,2,3830,43.4,8.863958266,-1172.771,-44818.231,1,0
$CH,40.300,L1CD,5,3830,43.7,7.306029309,2164.634,83259.463,1,0
$CH,40.300,L1CD,6,3830,43.6,7.182424053,-1046.172,-39857.498,1,0
$CH,40.300,L1CD,12,3830,43.7,0.386503698,3143.125,120561.237,1,0
$CH,40.300,L1CD,13,3830,42.6,1.716132620,519.450,19625.350,1,0
$CH,40.300,L1CD,17,3830,42.4,4.198621661,167.049,6361.260,1,0
$CH,40.300,L1CD,19,3830,42.7,7.711156416,-723.654,-27741.670,1,0
$CH,40.300,L1CD,20,3830,42.5,4.096968652,3767.188,144369.633,1,0
$CH,40.300,L1CD,24,3830,43.3,3.973476708,74.841,3180.705,1,0
$CH,40.300,L1CD,28,3830,42.3,9.776379786,-2499.045,-95509.898,1,0
$TIME,2024,1,30,6,10,39.853348
$CH,40.400,L1CD,2,3840,43.4,8.864055994,-1173.213,-44935.541,1,0
$CH,40.400,L1CD,5,3840,43.7,7.305869755,2164.297,83475.903,1,0
$CH,40.400,L1CD,6,3840,43.6,7.182495833,-1046.512,-39962.115,1,0
$CH,40.400,L1CD,12,3840,43.7,0.386303250,3143.171,120875.569,1,0
$CH,40.400,L1CD,13,3840,42.6,1.716122541,519.563,19677.318,1,0
$CH,40.400,L1CD,17,3840,42.4,4.198624171,166.942,6377.943,1,0
$CH,40.400,L1CD,19,3840,42.7,7.711202183,-724.004,-27814.041,1,0
$CH,40.400,L1CD,20,3840,42.5,4.096731795,3767.304,144746.379,1,0
$CH,40.400,L1CD,24,3840,43.3,3.973446119,74.580,3188.196,1,0
$CH,40.400,L1CD,28,3840,42.3,9.776524170,-2499.394,-95759.823,1,0
$TIME,2024,1,30,6,10,39.883447
$CH,40.500,L1CD,2,3850,43.4,8.864137990,-1173.069,-45052.871,1,0
$CH,40.500,L1CD,5,3850,43.7,7.305752919,2164.050,83692.317,1,0
$CH,40.500,L1CD,6,3850,43.6,7.182599376,-1046.040,-40066.752,1,0
$CH,40.500,L1CD,12,3850,43.7,0.386094509,3142.991,121189.878,1,0
$CH,40.500,L1CD,13,3850,42.6,1.716127272,519.404,19729.270,1,0
$CH,40.500,L1CD,17,3850,42.4,4.198624585,166.402,6394.627,1,0
$CH,40.500,L1CD,19,3850,42.7,7.711272950,-723.793,-27886.433,1,0
$CH,40.500,L1CD,20,3850,42.5,4.096488270,3767.336,145123.100,1,0
$CH,40.500,L1CD,24,3850,43.3,3.973413967,74.760,3195.662,1,0
$CH,40.500,L1CD,28,3850,42.3,9.776685123,-2498.672,-96009.775,1,0
$TIME,2024,1,30,6,10,39.918059
$CH,40.600,L1CD,2,3860,43.4,8.864184044,-1173.679,-45170.198,1,0
$CH,40.600,L1CD,5,3860,43.7,7.305604125,2163.961,83908.739,1,0
$CH,40.600,L1CD,6,3860,43.6,7.182640671,-1046.331,-40171.384,1,0
$CH,40.600,L1CD,12,3860,43.7,0.385883964,3143.630,121504.184,1,0
$CH,40.600,L1CD,13,3860,42.6,1.716118158,519.538,19781.234,1,0
$CH,40.600,L1CD,17,3860,42.4,4.198627709,166.805,6411.320,1,0
$CH,40.600,L1CD,19,3860,42.7,7.711357831,-724.017,-27958.808,1,0
$CH,40.600,L1CD,20,3860,42.5,4.096248170,3767.325,145499.828,1,0
$CH,40.600,L1CD,24,3860,43.3,3.973380202,74.817,3203.134,1,0
$CH,40.600,L1CD,28,3860,42.3,9.776861015,-2499.589,-96259.712,1,0
$TIME,2024,1,30,6,10,39.943709
$CH,40.700,L1CD,2,3870,43.4,8.864267264,-1173.268,-45287.529,1,0
$CH,40.700,L1CD,5,3870,43.7,7.305470633,2164.273,84125.157,1,0
$CH,40.700,L1CD,6,3870,43.6,7.182683707,-1046.635,-40276.016,1,0
$CH,40.700,L1CD,12,3870,43.7,0.385696706,3143.262,121818.493,1,0
$CH,40.700,L1CD,13,3870,42.6,1.716093169,519.825,19833.201,1,0
$CH,40.700,L1CD,17,3870,42.4,4.198625957,166.816,6428.009,1,0
$CH,40.700,L1CD,19,3870,42.7,7.711377625,-723.937,-28031.188,1,0
$CH,40.700,L1CD,20,3870,42.5,4.096013439,3767.703,145876.560,1,0
$CH,40.700,L1CD,24,3870,43.3,3.973372662,74.872,3210.596,1,0
$CH,40.700,L1CD,28,3870,42.3,9.776995778,-2499.247,-96509.663,1,0
$TIME,2024,1,30,6,10,39.983611
$CH,40.800,L1CD,2,3880,43.4,8.864374136,-1173.184,-45404.851,1,0
$CH,40.800,L1CD,5,3880,43.7,7.305332150,2164.128,84341.577,1,0
$CH,40.800,L1CD,6,3880,43.6,7.182760729,-1046.119,-40380.648,1,0
$CH,40.800,L1CD,12,3880,43.7,0.385498533,3143.204,122132.812,1,0
$CH,40.800,L1CD,13,3880,42.6,1.716048763,519.473,19885.182,1,0
$CH,40.800,L1CD,17,3880,42.4,4.198625273,166.920,6444.694,1,0
$CH,40.800,L1CD,19,3880,42.7,7.711392518,-723.669,-28103.560,1,0
$CH,40.800,L1CD,20,3880,42.5,4.095773553,3767.602,146253.298,1,0
$CH,40.800,L1CD,24,3880,43.3,3.973375005,74.609,3218.067,1,0
$CH,40.800,L1CD,28,3880,42.3,9.777156732,-2498.945,-96759.608,1,0
$TIME,2024,1,30,6,10,40.013829
$CH,40.900,L1CD,2,3890,43.4,8.864412678,-1173.395,-45522.182,1,0
$CH,40.900,L1CD,5,3890,43.7,7.305188199,2164.490,84557.986,1,0
$CH,40.900,L1CD,6,3890,43.6,7.182866171,-1046.104,-40485.280,1,0
$CH,40.900,L1CD,12,3890,43.7,0.385300281,3143.116,122447.123,1,0
$CH,40.900,L1CD,13,3890,42.6,1.715990773,519.622,19937.160,1,0
$CH,40.900,L1CD,17,3890,42.4,4.198624437,167.035,6461.389,1,0
$CH,40.900,L1CD,19,3890,42.7,7.711427230,-723.287,-28175.934,1,0
$CH,40.900,L1CD,20,3890,42.5,4.095537917,3767.649,146630.033,1,0
$CH,40.900,L1CD,24,3890,43.3,3.973372624,74.843,3225.526,1,0
$CH,40.900,L1CD,28,3890,42.3,9.777327036,-2499.792,-97009.547,1,0
$TIME,2024,1,30,6,10,40.044156
$CH,41.000,L1CD,2,3900,43.3,8.864484068,-1172.892,-45639.502,1,0
$CH,41.000,L1CD,5,3900,43.4,7.305061798,2163.888,84774.400,1,0
$CH,41.000,L1CD,6,3900,43.9,7.182899972,-1046.304,-40589.912,1,0
$CH,41.000,L1CD,12,3900,43.8,0.385090505,3143.368,122761.440,1,0
$CH,41.000,L1CD,13,3900,42.1,1.715920202,520.084,19989.153,1,0
$CH,41.000,L1CD,17,3900,42.8,4.198624254,167.061,6478.095,1,0
$CH,41.000,L1CD,19,3900,42.7,7.711489278,-723.637,-28248.293,1,0
$CH,41.000,L1CD,20,3900,42.6,4.095297640,3767.686,147006.767,1,0
$CH,41.000,L1CD,24,3900,43.0,3.973374910,74.977,3232.997,1,0
$CH,41.000,L1CD,28,3900,42.5,9.777473135,-2499.049,-97259.490,1,0
$TIME,2024,1,30,6,10,40.074161
$CH,41.100,L1CD,2,3910,43.3,8.864590454,-1173.462,-45756.812,1,0
$CH,41.100,L1CD,5,3910,43.4,7.304905278,2164.389,84990.809,1,0
$CH,41.100,L1CD,6,3910,43.9,7.182952537,-1046.554,-40694.542,1,0
$CH,41.100,L1CD,12,3910,43.8,0.384882829,3143.146,123075.759,1,0
$CH,41.100,L1CD,13,3910,42.1,1.715872752,519.568,20041.155,1,0
$CH,41.100,L1CD,17,3910,42.8,4.198617210,167.157,6494.800,1,0
$CH,41.100,L1CD,19,3910,42.7,7.711573346,-723.641,-28320.662,1,0
$CH,41.100,L1CD,20,3910,42.6,4.095061225,3767.512,147383.510,1,0
$CH,41.100,L1CD,24,3910,43.0,3.973370867,74.413,3240.462,1,0
$CH,41.100,L1CD,28,3910,42.5,9.777646723,-2500.022,-97509.430,1,0
$TIME,2024,1,30,6,10,40.104162
$CH,41.200,L1CD,2,3920,43.3,8.864649503,-1173.077,-45874.142,1,0
$CH,41.200,L1CD,5,3920,43.4,7.304789882,2164.006,85207.213,1,0
$CH,41.200,L1CD,6,3920,43.9,7.183040193,-1046.178,-40799.175,1,0
$CH,41.200,L1CD,12,3920,43.8,0.384693481,3143.392,123390.066,1,0
$CH,41.200,L1CD,13,3920,42.1,1.715876086,520.326,20093.160,1,0
$CH,41.200,L1CD,17,3920,42.8,4.198609109,166.995,6511.497,1,0
$CH,41.200,L1CD,19,3920,42.7,7.711627368,-723.584,-28393.027,1,0
$CH,41.200,L1CD,20,3920,42.6,4.094819093,3767.826,147760.241,1,0
$CH,41.200,L1CD,24,3920,43.0,3.973375702,74.443,3247.924,1,0
$CH,41.200,L1CD,28,3920,42.5,9.777799734,-2499.171,-97759.385,1,0
$TIME,2024,1,30,6,10,40.144478
$CH,41.300,L1CD,2,3930,43.3,8.864704574,-1172.923,-45991.456,1,0
$CH,41.300,L1CD,5,3930,43.4,7.304626407,2164.191,85423.617,1,0
$CH,41.300,L1CD,6,3930,43.9,7.183130213,-1046.299,-40903.805,1,0
$CH,41.300,L1CD,12,3930,43.8,0.384497518,3143.483,123704.385,1,0
$CH,41.300,L1CD,13,3930,42.1,1.715870911,520.137,20145.166,1,0
$CH,41.300,L1CD,17,3930,42.8,4.198591517,167.365,6528.206,1,0
$CH,41.300,L1CD,19,3930,42.7,7.711635182,-723.792,-28465.380,1,0
$CH,41.300,L1CD,20,3930,42.6,4.094581500,3767.634,148136.990,1,0
$CH,41.300,L1CD,24,3930,43.0,3.973371383,74.471,3255.380,1,0
$CH,41.300,L1CD,28,3930,42.5,9.777946127,-2499.706,-98009.327,1,0
$TIME,2024,1,30,6,10,40.174583
$CH,41.400,L1CD,2,3940,43.3,8.864798427,-1173.498,-46108.790,1,0
$CH,41.400,L1CD,5,3940,43.4,7.304512981,2163.780,85640.009,1,0
$CH,41.400,L1CD,6,3940,43.9,7.183160359,-1046.576,-41008.454,1,0
$CH,41.400,L1CD,12,3940,43.8,0.384300027,3142.940,124018.683,1,0
$CH,41.400,L1CD,13,3940,42.1,1.715856577,520.080,20197.168,1,0
$CH,41.400,L1CD,17,3940,42.8,4.198567782,166.776,6544.908,1,0
$CH,41.400,L1CD,19,3940,42.7,7.711663360,-723.805,-28537.751,1,0
$CH,41.400,L1CD,20,3940,42.6,4.094334472,3767.212,148513.714,1,0
$CH,41.400,L1CD,24,3940,43.0,3.973374951,74.178,3262.831,1,0
$CH,41.400,L1CD,28,3940,42.5,9.778122965,-2499.163,-98259.279,1,0
$TIME,2024,1,30,6,10,40.204576
$CH,41.500,L1CD,2,3950,43.3,8.864882839,-1173.270,-46226.141,1,0
$CH,41.500,L1CD,5,3950,43.4,7.304356690,2163.909,85856.370,1,0
$CH,41.500,L1CD,6,3950,43.9,7.183220974,-1046.644,-41113.123,1,0
$CH,41.500,L1CD,12,3950,43.8,0.384090350,3142.873,124332.963,1,0
$CH,41.500,L1CD,13,3950,42.1,1.715824052,520.287,20249.157,1,0
$CH,41.500,L1CD,17,3950,42.8,4.198542753,166.523,6561.584,1,0
$CH,41.500,L1CD,19,3950,42.7,7.711715334,-723.584,-28610.138,1,0
$CH,41.500,L1CD,20,3950,42.6,4.094094673,3767.545,148890.431,1,0
$CH,41.500,L1CD,24,3950,43.0,3.973372748,73.550,3270.257,1,0
$CH,41.500,L1CD,28,3950,42.5,9.778267754,-2500.006,-98509.259,1,0
$TIME,2024,1,30,6,10,40.244803
$CH,41.600,L1CD,2,3960,43.3,8.864927638,-1172.977,-46343.476,1,0
$CH,41.600,L1CD,5,3960,43.4,7.304230726,2163.901,86072.754,1,0
$CH,41.600,L1CD,6,3960,43.9,7.183316453,-1046.122,-41217.774,1,0
$CH,41.600,L1CD,12,3960,43.8,0.383880553,3142.633,124647.272,1,0
$CH,41.600,L1CD,13,3960,42.1,1.715775210,519.954,20301.171,1,0
$CH,41.600,L1CD,17,3960,42.8,4.198506446,167.215,6578.287,1,0
$CH,41.600,L1CD,19,3960,42.7,7.711789859,-723.056,-28682.507,1,0
$CH,41.600,L1CD,20,3960,42.6,4.093857379,3767.566,149267.160,1,0
$CH,41.600,L1CD,24,3960,43.0,3.973375997,74.536,3277.690,1,0
$CH,41.600,L1CD,28,3960,42.5,9.778428082,-2499.357,-98759.221,1,0
$TIME,2024,1,30,6,10,40.274907
$CH,41.700,L1CD,2,3970,43.3,8.865008179,-1173.171,-46460.803,1,0
$CH,41.700,L1CD,5,3970,43.4,7.304087078,2163.841,86289.130,1,0
$CH,41.700,L1CD,6,3970,43.9,7.183383737,-1046.511,-41322.418,1,0
$CH,41.700,L1CD,12,3970,43.8,0.383694499,3142.891,124961.575,1,0
$CH,41.700,L1CD,13,3970,42.1,1.715709380,520.280,20353.188,1,0
$CH,41.700,L1CD,17,3970,42.8,4.198469097,167.280,6594.988,1,0
$CH,41.700,L1CD,19,3970,42.7,7.711871885,-723.530,-28754.871,1,0
$CH,41.700,L1CD,20,3970,42.6,4.093615976,3766.964,149643.888,1,0
$CH,41.700,L1CD,24,3970,43.0,3.973374127,73.951,3285.130,1,0
$CH,41.700,L1CD,28,3970,42.5,9.778601018,-2499.757,-99009.185,1,0
$TIME,2024,1,30,6,10,40.304916
$CH,41.800,L1CD,2,3980,43.3,8.865118858,-1173.091,-46578.138,1,0
$CH,41.800,L1CD,5,3980,43.4,7.303951311,2163.318,86505.508,1,0
$CH,41.800,L1CD,6,3980,43.9,7.183415214,-1046.769,-41427.066,1,0
$CH,41.800,L1CD,12,3980,43.8,0.383499316,3142.766,125275.872,1,0
$CH,41.800,L1CD,13,3980,42.1,1.715636538,520.190,20405.218,1,0
$CH,41.800,L1CD,17,3980,42.8,4.198425355,167.010,6611.694,1,0
$CH,41.800,L1CD,19,3980,42.7,7.711880280,-723.682,-28827.231,1,0
$CH,41.800,L1CD,20,3980,42.6,4.093370781,3767.236,150020.623,1,0
$CH,41.800,L1CD,24,3980,43.0,3.973373649,74.071,3292.566,1,0
$CH,41.800,L1CD,28,3980,42.5,9.778742977,-2499.741,-99259.149,1,0
$TIME,2024,1,30,6,10,40.335362
$CH,41.900,L1CD,2,3990,43.3,8.865154993,-1173.364,-46695.488,1,0
$CH,41.900,L1CD,5,3990,43.4,7.303819631,2163.440,86721.852,1,0
$CH,41.900,L1CD,6,3990,43.9,7.183484031,-1046.769,-41531.746,1,0
$CH,41.900,L1CD,12,3990,43.8,0.383301639,3142.964,125590.137,1,0
$CH,41.900,L1CD,13,3990,42.1,1.715626810,519.468,20457.226,1,0
$CH,41.900,L1CD,17,3990,42.8,4.198380700,166.503,6628.386,1,0
$CH,41.900,L1CD,19,3990,42.7,7.711893531,-723.693,-28899.617,1,0
$CH,41.900,L1CD,20,3990,42.6,4.093130173,3766.756,150397.332,1,0
$CH,41.900,L1CD,24,3990,43.0,3.973373711,73.884,3299.973,1,0
$CH,41.900,L1CD,28,3990,42.5,9.778913620,-2499.565,-99509.133,1,0
$LOG,42.000,L1CD,8,SIGNAL NOT FOUND (31.6)
$TIME,2024,1,30,6,10,40.877157
$CH,42.000,L1CD,2,4000,42.9,8.865220643,-1173.239,-46812.839,1,0
$CH,42.000,L1CD,5,4000,43.4,7.303670473,2163.867,86938.208,1,0
$CH,42.000,L1CD,6,4000,43.5,7.183585361,-1046.724,-41636.414,1,0
$CH,42.000,L1CD,12,4000,43.9,0.383094994,3142.902,125904.428,1,0
$CH,42.000,L1CD,13,4000,41.9,1.715625643,520.309,20509.238,1,0
$CH,42.000,L1CD,17,4000,43.1,4.198371305,166.911,6645.071,1,0
$CH,42.000,L1CD,19,4000,42.6,7.711932547,-723.633,-28971.994,1,0
$CH,42.000,L1CD,20,4000,42.8,4.092892451,3766.965,150774.049,1,0
$CH,42.000,L1CD,24,4000,43.1,3.973376159,74.643,3307.375,1,0
$CH,42.000,L1CD,28,4000,42.2,9.779078525,-2499.828,-99759.116,1,0
$TIME,2024,1,30,6,10,40.917183
$CH,42.100,L1CD,2,4010,42.9,8.865324570,-1173.786,-46930.179,1,0
$CH,42.100,L1CD,5,4010,43.4,7.303552893,2163.168,87154.556,1,0
$CH,42.100,L1CD,6,4010,43.5,7.183642500,-1046.611,-41741.088,1,0
$CH,42.100,L1CD,12,4010,43.9,0.382888580,3142.180,126218.705,1,0
$CH,42.100,L1CD,13,4010,41.9,1.715619823,520.004,20561.262,1,0
$CH,42.100,L1CD,17,4010,43.1,4.198376804,167.041,6661.774,1,0
$CH,42.100,L1CD,19,4010,42.6,7.711994803,-723.456,-29044.359,1,0
$CH,42.100,L1CD,20,4010,42.8,4.092658818,3767.177,151150.767,1,0
$CH,42.100,L1CD,24,4010,43.1,3.973378030,74.155,3314.791,1,0
$CH,42.100,L1CD,28,4010,42.2,9.779221897,-2499.738,-100009.099,1,0
$TIME,2024,1,30,6,10,40.947559
$CH,42.200,L1CD,2,4020,42.9,8.865389692,-1173.221,-47047.526,1,0
$CH,42.200,L1CD,5,4020,43.4,7.303394067,2163.811,87370.901,1,0
$CH,42.200,L1CD,6,4020,43.5,7.183684477,-1046.813,-41845.752,1,0
$CH,42.200,L1CD,12,4020,43.9,0.382702134,3142.686,126532.991,1,0
$CH,42.200,L1CD,13,4020,41.9,1.715595833,520.823,20613.295,1,0
$CH,42.200,L1CD,17,4020,43.1,4.198376551,166.959,6678.472,1,0
$CH,42.200,L1CD,19,4020,42.6,7.712079290,-723.741,-29116.716,1,0
$CH,42.200,L1CD,20,4020,42.8,4.092421100,3767.132,151527.493,1,0
$CH,42.200,L1CD,24,4020,43.1,3.973372783,74.087,3322.209,1,0
$CH,42.200,L1CD,28,4020,42.2,9.779395305,-2499.819,-100259.075,1,0
$TIME,2024,1,30,6,10,40.977525
$CH,42.300,L1CD,2,4030,42.9,8.865442555,-1173.389,-47164.861,1,0
$CH,42.300,L1CD,5,4030,43.4,7.303276893,2163.449,87587.266,1,0
$CH,42.300,L1CD,6,4030,43.5,7.183760991,-1046.284,-41950.414,1,0
$CH,42.300,L1CD,12,4030,43.9,0.382509209,3142.989,126847.285,1,0
$CH,42.300,L1CD,13,4030,41.9,1.715559478,520.788,20665.349,1,0
$CH,42.300,L1CD,17,4030,43.1,4.198376238,167.121,6695.193,1,0
$CH,42.300,L1CD,19,4030,42.6,7.712124440,-723.433,-29189.071,1,0
$CH,42.300,L1CD,20,4030,42.8,4.092186369,3767.390,151904.227,1,0
$CH,42.300,L1CD,24,4030,43.1,3.973377058,74.325,3329.636,1,0
$CH,42.300,L1CD,28,4030,42.2,9.779545679,-2500.065,-100509.049,1,0
$TIME,2024,1,30,6,10,41.007530
$CH,42.400,L1CD,2,4040,42.9,8.865538049,-1173.528,-47282.202,1,0
$CH,42.400,L1CD,5,4040,43.4,7.303118806,2163.067,87803.604,1,0
$CH,42.400,L1CD,6,4040,43.5,7.183864899,-1046.880,-42055.085,1,0
$CH,42.400,L1CD,12,4040,43.9,0.382311720,3142.256,127161.566,1,0
$CH,42.400,L1CD,13,4040,41.9,1.715497226,520.014,20717.396,1,0
$CH,42.400,L1CD,17,4040,43.1,4.198373519,166.691,6711.893,1,0
$CH,42.400,L1CD,19,4040,42.6,7.712135086,-724.228,-29261.441,1,0
$CH,42.400,L1CD,20,4040,42.8,4.091949618,3766.929,152280.946,1,0
$CH,42.400,L1CD,24,4040,43.1,3.973376329,73.633,3337.036,1,0
$CH,42.400,L1CD,28,4040,42.2,9.779700959,-2499.520,-100759.046,1,0
$TIME,2024,1,30,6,10,41.038439
$CH,42.500,L1CD,2,4050,42.9,8.865629567,-1173.528,-47399.555,1,0
$CH,42.500,L1CD,5,4050,43.4,7.303001358,2163.135,88019.933,1,0
$CH,42.500,L1CD,6,4050,43.5,7.183901359,-1046.564,-42159.771,1,0
$CH,42.500,L1CD,12,4050,43.9,0.382104885,3142.584,127475.834,1,0
$CH,42.500,L1CD,13,4050,41.9,1.715426497,520.245,20769.423,1,0
$CH,42.500,L1CD,17,4050,43.1,4.198373314,166.265,6728.600,1,0
$CH,42.500,L1CD,19,4050,42.6,7.712161760,-723.813,-29333.816,1,0
$CH,42.500,L1CD,20,4050,42.8,4.091714747,3766.911,152657.658,1,0
$CH,42.500,L1CD,24,4050,43.1,3.973375671,73.849,3344.433,1,0
$CH,42.500,L1CD,28,4050,42.2,9.779873548,-2499.769,-101009.035,1,0
$TIME,2024,1,30,6,10,41.068676
$CH,42.600,L1CD,2,4060,42.9,8.865674196,-1173.860,-47516.918,1,0
$CH,42.600,L1CD,5,4060,43.4,7.302851410,2162.989,88236.249,1,0
$CH,42.600,L1CD,6,4060,43.5,7.183950468,-1046.871,-42264.462,1,0
$CH,42.600,L1CD,12,4060,43.9,0.381896059,3142.666,127790.098,1,0
$CH,42.600,L1CD,13,4060,41.9,1.715375727,520.367,20821.460,1,0
$CH,42.600,L1CD,17,4060,43.1,4.198376711,166.810,6745.272,1,0
$CH,42.600,L1CD,19,4060,42.6,7.712213976,-724.169,-29406.193,1,0
$CH,42.600,L1CD,20,4060,42.8,4.091472872,3767.208,153034.360,1,0
$CH,42.600,L1CD,24,4060,43.1,3.973376117,73.442,3351.806,1,0
$CH,42.600,L1CD,28,4060,42.2,9.780015447,-2500.100,-101259.043,1,0
$TIME,2024,1,30,6,10,41.098666
$CH,42.700,L1CD,2,4070,42.9,8.865751086,-1173.727,-47634.285,1,0
$CH,42.700,L1CD,5,4070,43.4,7.302723883,2162.993,88452.558,1,0
$CH,42.700,L1CD,6,4070,43.5,7.184037362,-1046.588,-42369.163,1,0
$CH,42.700,L1CD,12,4070,43.9,0.381701638,3142.806,128104.353,1,0
$CH,42.700,L1CD,13,4070,41.9,1.715376122,520.486,20873.499,1,0
$CH,42.700,L1CD,17,4070,43.1,4.198377210,166.942,6761.967,1,0
$CH,42.700,L1CD,19,4070,42.6,7.712292879,-723.765,-29478.573,1,0
$CH,42.700,L1CD,20,4070,42.8,4.091233271,3767.045,153411.062,1,0
$CH,42.700,L1CD,24,4070,43.1,3.973375508,73.729,3359.180,1,0
$CH,42.700,L1CD,28,4070,42.2,9.780173917,-2499.549,-101509.057,1,0
$TIME,2024,1,30,6,10,41.139029
$CH,42.800,L1CD,2,4080,42.9,8.865860695,-1173.303,-47751.641,1,0
$CH,42.800,L1CD,5,4080,43.4,7.302585133,2163.473,88668.877,1,0
$CH,42.800,L1CD,6,4080,43.5,7.184128564,-1046.697,-42473.840,1,0
$CH,42.800,L1CD,12,4080,43.9,0.381508952,3142.813,128418.632,1,0
$CH,42.800,L1CD,13,4080,41.9,1.715374416,520.882,20925.555,1,0
$CH,42.800,L1CD,17,4080,43.1,4.198377316,166.952,6778.679,1,0
$CH,42.800,L1CD,19,4080,42.6,7.712377613,-724.022,-29550.926,1,0
$CH,42.800,L1CD,20,4080,42.8,4.090992559,3767.325,153787.783,1,0
$CH,42.800,L1CD,24,4080,43.1,3.973376322,73.678,3366.573,1,0
$CH,42.800,L1CD,28,4080,42.2,9.780344974,-2500.198,-101759.043,1,0
$TIME,2024,1,30,6,10,41.169131
$CH,42.900,L1CD,2,4090,42.9,8.865903443,-1173.887,-47868.979,1,0
$CH,42.900,L1CD,5,4090,43.4,7.302445384,2162.977,88885.203,1,0
$CH,42.900,L1CD,6,4090,43.5,7.184158780,-1046.998,-42578.521,1,0
$CH,42.900,L1CD,12,4090,43.9,0.381313440,3142.417,128732.905,1,0
$CH,42.900,L1CD,13,4090,41.9,1.715364870,520.622,20977.633,1,0
$CH,42.900,L1CD,17,4090,43.1,4.198376123,166.913,6795.386,1,0
$CH,42.900,L1CD,19,4090,42.6,7.712384558,-723.750,-29623.286,1,0
$CH,42.900,L1CD,20,4090,42.8,4.090753085,3766.834,154164.508,1,0
$CH,42.900,L1CD,24,4090,43.1,3.973377652,73.545,3373.966,1,0
$CH,42.900,L1CD,28,4090,42.2,9.780488383,-2499.844,-102009.047,1,0
$TIME,2024,1,30,6,10,41.199132
$CH,43.000,L1CD,2,4100,42.6,8.865969319,-1173.696,-47986.340,1,0
$CH,43.000,L1CD,5,4100,43.4,7.302314415,2163.140,89101.512,1,0
$CH,43.000,L1CD,6,4100,43.2,7.184213504,-1047.076,-42683.222,1,0
$CH,43.000,L1CD,12,4100,44.4,0.381106923,3142.443,129047.159,1,0
$CH,43.000,L1CD,13,4100,41.9,1.715334291,520.636,21029.682,1,0
$CH,43.000,L1CD,17,4100,42.5,4.198372785,166.748,6812.088,1,0
$CH,43.000,L1CD,19,4100,42.3,7.712401622,-723.280,-29695.654,1,0
$CH,43.000,L1CD,20,4100,43.2,4.090518678,3766.931,154541.214,1,0
$CH,43.000,L1CD,24,4100,42.0,3.973376279,73.702,3381.334,1,0
$CH,43.000,L1CD,28,4100,42.7,9.780655694,-2500.359,-102259.050,1,0
$TIME,2024,1,30,6,10,41.229487
$CH,43.100,L1CD,2,4110,42.6,8.866075504,-1173.566,-48103.698,1,0
$CH,43.100,L1CD,5,4110,43.4,7.302162245,2162.826,89317.802,1,0
$CH,43.100,L1CD,6,4110,43.2,7.184307458,-1046.749,-42787.928,1,0
$CH,43.100,L1CD,12,4110,44.4,0.380900013,3142.236,129361.418,1,0
$CH,43.100,L1CD,13,4110,41.9,1.715285907,519.869,21081.743,1,0
$CH,43.100,L1CD,17,4110,42.5,4.198373390,167.155,6828.781,1,0
$CH,43.100,L1CD,19,4110,42.3,7.712445169,-723.394,-29768.029,1,0
$CH,43.100,L1CD,20,4110,43.2,4.090275361,3766.790,154917.914,1,0
$CH,43.100,L1CD,24,4110,42.0,3.973375899,73.849,3388.694,1,0
$CH,43.100,L1CD,28,4110,42.7,9.780816733,-2500.523,-102509.069,1,0
$TIME,2024,1,30,6,10,41.259611
$CH,43.200,L1CD,2,4120,42.6,8.866140716,-1173.734,-48221.071,1,0
$CH,43.200,L1CD,5,4120,43.4,7.302042501,2163.233,89534.102,1,0
$CH,43.200,L1CD,6,4120,43.2,7.184381988,-1046.403,-42892.626,1,0
$CH,43.200,L1CD,12,4120,44.4,0.380708622,3142.849,129675.667,1,0
$CH,43.200,L1CD,13,4120,41.9,1.715219484,520.927,21133.807,1,0
$CH,43.200,L1CD,17,4120,42.5,4.198375942,167.278,6845.488,1,0
$CH,43.200,L1CD,19,4120,42.3,7.712514054,-723.471,-29840.394,1,0
$CH,43.200,L1CD,20,4120,43.2,4.090038848,3766.918,155294.612,1,0
$CH,43.200,L1CD,24,4120,42.0,3.973375216,73.334,3396.070,1,0
$CH,43.200,L1CD,28,4120,42.7,9.780966093,-2500.056,-102759.088,1,0
$TIME,2024,1,30,6,10,41.289596
$CH,43.300,L1CD,2,4130,42.6,8.866191100,-1173.919,-48338.420,1,0
$CH,43.300,L1CD,5,4130,43.4,7.301878657,2163.343,89750.401,1,0
$CH,43.300,L1CD,6,4130,43.2,7.184415022,-1046.745,-42997.324,1,0
$CH,43.300,L1CD,12,4130,44.4,0.380515362,3142.264,129989.935,1,0
$CH,43.300,L1CD,13,4130,41.9,1.715146797,520.002,21185.892,1,0
$CH,43.300,L1CD,17,4130,42.5,4.198375902,167.423,6862.192,1,0
$CH,43.300,L1CD,19,4130,42.3,7.712599326,-723.735,-29912.760,1,0
$CH,43.300,L1CD,20,4130,43.2,4.089796376,3766.907,155671.338,1,0
$CH,43.300,L1CD,24,4130,42.0,3.973375065,73.945,3403.434,1,0
$CH,43.300,L1CD,28,4130,42.7,9.781139020,-2499.940,-103009.098,1,0
$TIME,2024,1,30,6,10,41.323145
$CH,43.400,L1CD,2,4140,42.6,8.866282409,-1173.538,-48455.788,1,0
$CH,43.400,L1CD,5,4140,43.4,7.301767164,2162.606,89966.689,1,0
$CH,43.400,L1CD,6,4140,43.2,7.184483444,-1047.227,-43102.024,1,0
$CH,43.400,L1CD,12,4140,44.4,0.380311582,3142.768,130304.186,1,0
$CH,43.400,L1CD,13,4140,41.9,1.715129254,521.201,21237.965,1,0
$CH,43.400,L1CD,17,4140,42.5,4.198371432,167.099,6878.905,1,0
$CH,43.400,L1CD,19,4140,42.3,7.712627481,-722.960,-29985.123,1,0
$CH,43.400,L1CD,20,4140,43.2,4.089559000,3767.125,156048.041,1,0
$CH,43.400,L1CD,24,4140,42.0,3.973373219,73.371,3410.802,1,0
$CH,43.400,L1CD,28,4140,42.7,9.781289215,-2499.987,-103259.109,1,0
$TIME,2024,1,30,6,10,41.349904
$CH,43.500,L1CD,2,4150,42.6,8.866380175,-1173.741,-48573.151,1,0
$CH,43.500,L1CD,5,4150,43.4,7.301611618,2162.363,90182.967,1,0
$CH,43.500,L1CD,6,4150,43.2,7.184584657,-1047.177,-43206.733,1,0
$CH,43.500,L1CD,12,4150,44.4,0.380105040,3142.240,130618.441,1,0
$CH,43.500,L1CD,13,4150,41.9,1.715128427,520.673,21290.044,1,0
$CH,43.500,L1CD,17,4150,42.5,4.198366190,167.224,6895.608,1,0
$CH,43.500,L1CD,19,4150,42.3,7.712635310,-724.144,-30057.477,1,0
$CH,43.500,L1CD,20,4150,43.2,4.089317143,3767.101,156424.750,1,0
$CH,43.500,L1CD,24,4150,42.0,3.973376389,73.029,3418.152,1,0
$CH,43.500,L1CD,28,4150,42.7,9.781442246,-2499.779,-103509.128,1,0
$TIME,2024,1,30,6,10,41.379913
$CH,43.600,L1CD,2,4160,42.6,8.866423169,-1173.383,-48690.530,1,0
$CH,43.600,L1CD,5,4160,43.4,7.301489428,2162.354,90399.230,1,0
$CH,43.600,L1CD,6,4160,43.2,7.184641221,-1047.292,-43311.457,1,0
$CH,43.600,L1CD,12,4160,44.4,0.379900808,3142.852,130932.673,1,0
$CH,43.600,L1CD,13,4160,41.9,1.715118424,520.765,21342.117,1,0
$CH,43.600,L1CD,17,4160,42.5,4.198357327,166.982,6912.302,1,0
$CH,43.600,L1CD,19,4160,42.3,7.712666127,-723.629,-30129.860,1,0
$CH,43.600,L1CD,20,4160,43.2,4.089078464,3766.985,156801.440,1,0
$CH,43.600,L1CD,24,4160,42.0,3.973373018,72.933,3425.483,1,0
$CH,43.600,L1CD,28,4160,42.7,9.781621088,-2499.994,-103759.159,1,0
$TIME,2024,1,30,6,10,41.409900
$CH,43.700,L1CD,2,4170,42.6,8.866498146,-1173.742,-48807.909,1,0
$CH,43.700,L1CD,5,4170,43.4,7.301346131,2162.840,90615.497,1,0
$CH,43.700,L1CD,6,4170,43.2,7.184679994,-1046.915,-43416.178,1,0
$CH,43.700,L1CD,12,4170,44.4,0.379709684,3142.227,131246.908,1,0
$CH,43.700,L1CD,13,4170,41.9,1.715096165,521.063,21394.196,1,0
$CH,43.700,L1CD,17,4170,42.5,4.198338508,167.088,6928.999,1,0
$CH,43.700,L1CD,19,4170,42.3,7.712722315,-723.310,-30202.235,1,0
$CH,43.700,L1CD,20,4170,43.2,4.088833411,3766.863,157178.136,1,0
$CH,43.700,L1CD,24,4170,42.0,3.973373012,74.098,3432.817,1,0
$CH,43.700,L1CD,28,4170,42.7,9.781763369,-2500.198,-104009.206,1,0
$TIME,2024,1,30,6,10,41.440117
$CH,43.800,L1CD,2,4180,42.6,8.866606476,-1173.470,-48925.279,1,0
$CH,43.800,L1CD,5,4180,43.4,7.301211434,2162.977,90831.763,1,0
$CH,43.800,L1CD,6,4180,43.2,7.184756388,-1047.012,-43520.896,1,0
$CH,43.800,L1CD,12,4180,44.4,0.379515345,3142.638,131561.154,1,0
$CH,43.800,L1CD,13,4180,41.9,1.715057615,520.666,21446.294,1,0
$CH,43.800,L1CD,17,4180,42.5,4.198313429,166.706,6945.710,1,0
$CH,43.800,L1CD,19,4180,42.3,7.712800465,-723.865,-30274.590,1,0
$CH,43.800,L1CD,20,4180,43.2,4.088591596,3766.407,157554.838,1,0
$CH,43.800,L1CD,24,4180,42.0,3.973376652,73.019,3440.162,1,0
$CH,43.800,L1CD,28,4180,42.7,9.781923456,-2500.078,-104259.237,1,0
$TIME,2024,1,30,6,10,41.480119
$CH,43.900,L1CD,2,4190,42.6,8.866649224,-1173.753,-49042.643,1,0
$CH,43.900,L1CD,5,4190,43.4,7.301073071,2162.526,91048.040,1,0
$CH,43.900,L1CD,6,4190,43.2,7.184860390,-1046.635,-43625.608,1,0
$CH,43.900,L1CD,12,4190,44.4,0.379310804,3142.674,131875.400,1,0
$CH,43.900,L1CD,13,4190,41.9,1.715002421,521.510,21498.397,1,0
$CH,43.900,L1CD,17,4190,42.5,4.198287004,167.429,6962.420,1,0
$CH,43.900,L1CD,19,4190,42.3,7.712876308,-723.482,-30346.951,1,0
$CH,43.900,L1CD,20,4190,43.2,4.088356213,3767.319,157931.551,1,0
$CH,43.900,L1CD,24,4190,42.0,3.973375248,73.677,3447.504,1,0
$CH,43.900,L1CD,28,4190,42.7,9.782096435,-2500.264,-104509.253,1,0
$TIME,2024,1,30,6,10,41.510209
$CH,44.000,L1CD,2,4200,43.5,8.866713327,-1173.772,-49160.018,1,0
$CH,44.000,L1CD,5,4200,43.6,7.300924773,2162.461,91264.295,1,0
$CH,44.000,L1CD,6,4200,43.3,7.184895855,-1047.326,-43730.326,1,0
$CH,44.000,L1CD,12,4200,44.6,0.379103673,3142.034,132189.640,1,0
$CH,44.000,L1CD,13,4200,41.7,1.714931933,521.221,21550.490,1,0
$CH,44.000,L1CD,17,4200,42.7,4.198253351,167.266,6979.127,1,0
$CH,44.000,L1CD,19,4200,42.2,7.712882578,-723.968,-30419.309,1,0
$CH,44.000,L1CD,20,4200,43.5,4.088115477,3766.826,158308.250,1,0
$CH,44.000,L1CD,24,4200,41.5,3.973374239,73.406,3454.840,1,0
$CH,44.000,L1CD,28,4200,42.3,9.782236762,-2500.502,-104759.297,1,0
$TIME,2024,1,30,6,10,41.540398
$CH,44.100,L1CD,2,4210,43.5,8.866814427,-1173.510,-49277.386,1,0
$CH,44.100,L1CD,5,4210,43.6,7.300801561,2162.806,91480.552,1,0
$CH,44.100,L1CD,6,4210,43.3,7.184944249,-1047.275,-43835.047,1,0
$CH,44.100,L1CD,12,4210,44.6,0.378898951,3142.607,132503.874,1,0
$CH,44.100,L1CD,13,4210,41.7,1.714874455,520.846,21602.597,1,0
$CH,44.100,L1CD,17,4210,42.7,4.198214136,167.613,6995.828,1,0
$CH,44.100,L1CD,19,4210,42.2,7.712902020,-724.023,-30491.678,1,0
$CH,44.100,L1CD,20,4210,43.5,4.087873466,3766.885,158684.944,1,0
$CH,44.100,L1CD,24,4210,41.5,3.973373688,73.347,3462.175,1,0
$CH,44.100,L1CD,28,4210,42.3,9.782406009,-2499.990,-105009.333,1,0
$TIME,2024,1,30,6,10,41.570488
$CH,44.200,L1CD,2,4220,43.5,8.866887619,-1173.720,-49394.765,1,0
$CH,44.200,L1CD,5,4220,43.6,7.300645935,2162.553,91696.798,1,0
$CH,44.200,L1CD,6,4220,43.3,7.185028024,-1047.379,-43939.775,1,0
$CH,44.200,L1CD,12,4220,44.6,0.378708129,3142.621,132818.115,1,0
$CH,44.200,L1CD,13,4220,41.7,1.714872227,520.749,21654.700,1,0
$CH,44.200,L1CD,17,4220,42.7,4.198164394,167.340,7012.545,1,0
$CH,44.200,L1CD,19,4220,42.2,7.712945698,-723.750,-30564.039,1,0
$CH,44.200,L1CD,20,4220,43.5,4.087633939,3767.499,159061.649,1,0
$CH,44.200,L1CD,24,4220,41.5,3.973373768,73.758,3469.501,1,0
$CH,44.200,L1CD,28,4220,42.3,9.782564844,-2500.109,-105259.373,1,0
$TIME,2024,1,30,6,10,41.610379
$CH,44.300,L1CD,2,4230,43.5,8.866936080,-1173.649,-49512.149,1,0
$CH,44.300,L1CD,5,4230,43.6,7.300530009,2162.811,91913.035,1,0
$CH,44.300,L1CD,6,4230,43.3,7.185124893,-1047.458,-44044.510,1,0
$CH,44.300,L1CD,12,4230,44.6,0.378518061,3141.724,133132.352,1,0
$CH,44.300,L1CD,13,4230,41.7,1.714872798,521.589,21706.803,1,0
$CH,44.300,L1CD,17,4230,42.7,4.198127810,167.023,7029.251,1,0
$CH,44.300,L1CD,19,4230,42.2,7.713013773,-723.736,-30636.400,1,0
$CH,44.300,L1CD,20,4230,43.5,4.087395312,3766.829,159438.338,1,0
$CH,44.300,L1CD,24,4230,41.5,3.973374728,72.994,3476.815,1,0
$CH,44.300,L1CD,28,4230,42.3,9.782715001,-2500.760,-105509.416,1,0
$TIME,2024,1,30,6,10,41.640765
$CH,44.400,L1CD,2,4240,43.5,8.867025795,-1173.929,-49629.523,1,0
$CH,44.400,L1CD,5,4240,43.6,7.300370229,2162.286,92129.278,1,0
$CH,44.400,L1CD,6,4240,43.3,7.185155931,-1047.346,-44149.248,1,0
$CH,44.400,L1CD,12,4240,44.6,0.378314602,3141.958,133446.573,1,0
$CH,44.400,L1CD,13,4240,41.7,1.714861766,521.197,21758.926,1,0
$CH,44.400,L1CD,17,4240,42.7,4.198126298,167.045,7045.955,1,0
$CH,44.400,L1CD,19,4240,42.2,7.713098852,-724.047,-30708.758,1,0
$CH,44.400,L1CD,20,4240,43.5,4.087160033,3766.720,159815.036,1,0
$CH,44.400,L1CD,24,4240,41.5,3.973375409,73.126,3484.131,1,0
$CH,44.400,L1CD,28,4240,42.3,9.782887938,-2500.187,-105759.476,1,0
$TIME,2024,1,30,6,10,41.670774
$CH,44.500,L1CD,2,4250,43.5,8.867132081,-1173.888,-49746.929,1,0
$CH,44.500,L1CD,5,4250,43.6,7.300254242,2162.160,92345.486,1,0
$CH,44.500,L1CD,6,4250,43.3,7.185214946,-1047.662,-44254.003,1,0
$CH,44.500,L1CD,12,4250,44.6,0.378110439,3142.267,133760.773,1,0
$CH,44.500,L1CD,13,4250,41.7,1.714836878,520.745,21811.019,1,0
$CH,44.500,L1CD,17,4250,42.7,4.198126268,166.566,7062.649,1,0
$CH,44.500,L1CD,19,4250,42.2,7.713127879,-723.748,-30781.145,1,0
$CH,44.500,L1CD,20,4250,43.5,4.086922003,3766.489,160191.716,1,0
$CH,44.500,L1CD,24,4250,41.5,3.973373642,72.881,3491.427,1,0
$CH,44.500,L1CD,28,4250,42.3,9.783035604,-2500.628,-106009.536,1,0
$TIME,2024,1,30,6,10,41.700776
$CH,44.600,L1CD,2,4260,43.5,8.867171307,-1173.713,-49864.314,1,0
$CH,44.600,L1CD,5,4260,43.6,7.300104490,2162.473,92561.704,1,0
$CH,44.600,L1CD,6,4260,43.3,7.185309173,-1047.673,-44358.756,1,0
$CH,44.600,L1CD,12,4260,44.6,0.377905168,3142.657,134074.983,1,0
$CH,44.600,L1CD,13,4260,41.7,1.714791378,521.270,21863.135,1,0
$CH,44.600,L1CD,17,4260,42.7,4.198124844,167.057,7079.346,1,0
$CH,44.600,L1CD,19,4260,42.2,7.713139965,-722.985,-30853.518,1,0
$CH,44.600,L1CD,20,4260,43.5,4.086687247,3767.314,160568.391,1,0
$CH,44.600,L1CD,24,4260,41.5,3.973373866,73.403,3498.719,1,0
$CH,44.600,L1CD,28,4260,42.3,9.783186547,-2500.534,-106259.608,1,0
$TIME,2024,1,30,6,10,41.731124
$CH,44.700,L1CD,2,4270,43.5,8.867243734,-1173.679,-49981.694,1,0
$CH,44.700,L1CD,5,4270,43.6,7.299980471,2161.811,92777.933,1,0
$CH,44.700,L1CD,6,4270,43.3,7.185385408,-1047.905,-44463.488,1,0
$CH,44.700,L1CD,12,4270,44.6,0.377712655,3141.922,134389.224,1,0
$CH,44.700,L1CD,13,4270,41.7,1.714732472,521.351,21915.260,1,0
$CH,44.700,L1CD,17,4270,42.7,4.198127205,167.028,7096.066,1,0
$CH,44.700,L1CD,19,4270,42.2,7.713174238,-723.429,-30925.875,1,0
$CH,44.700,L1CD,20,4270,43.5,4.086448553,3767.199,160945.094,1,0
$CH,44.700,L1CD,24,4270,41.5,3.973370582,73.038,3506.030,1,0
$CH,44.700,L1CD,28,4270,42.3,9.783364128,-2500.552,-106509.654,1,0
$TIME,2024,1,30,6,10,41.771254
$CH,44.800,L1CD,2,4280,43.5,8.867351313,-1174.166,-50099.077,1,0
$CH,44.800,L1CD,5,4280,43.6,7.299836689,2162.369,92994.148,1,0
$CH,44.800,L1CD,6,4280,43.3,7.185418595,-1047.399,-44568.228,1,0
$CH,44.800,L1CD,12,4280,44.6,0.377523342,3141.824,134703.452,1,0
$CH,44.800,L1CD,13,4280,41.7,1.714662641,521.446,21967.394,1,0
$CH,44.800,L1CD,17,4280,42.7,4.198124485,166.886,7112.779,1,0
$CH,44.800,L1CD,19,4280,42.2,7.713233032,-724.159,-30998.234,1,0
$CH,44.800,L1CD,20,4280,43.5,4.086212792,3766.700,161321.784,1,0
$CH,44.800,L1CD,24,4280,41.5,3.973363852,73.155,3513.324,1,0
$CH,44.800,L1CD,28,4280,42.3,9.783503064,-2500.851,-106759.711,1,0
$TIME,2024,1,30,6,10,41.801246
$CH,44.900,L1CD,2,4290,43.5,8.867402294,-1173.597,-50216.461,1,0
$CH,44.900,L1CD,5,4290,43.6,7.299696432,2162.116,93210.369,1,0
$CH,44.900,L1CD,6,4290,43.3,7.185485152,-1047.344,-44672.978,1,0
$CH,44.900,L1CD,12,4290,44.6,0.377318758,3141.967,135017.661,1,0
$CH,44.900,L1CD,13,4290,41.7,1.714622757,520.815,22019.525,1,0
$CH,44.900,L1CD,17,4290,42.7,4.198125656,167.240,7129.482,1,0
$CH,44.900,L1CD,19,4290,42.2,7.713314765,-723.798,-31070.595,1,0
$CH,44.900,L1CD,20,4290,43.5,4.085972105,3767.291,161698.476,1,0
$CH,44.900,L1CD,24,4290,41.5,3.973354756,72.851,3520.626,1,0
$CH,44.900,L1CD,28,4290,42.3,9.783666803,-2500.872,-107009.770,1,0
$TIME,2024,1,30,6,10,41.831228
$CH,45.000,L1CD,2,4300,43.1,8.867459948,-1174.058,-50333.858,1,0
$CH,45.000,L1CD,5,4300,43.9,7.299563839,2162.136,93426.565,1,0
$CH,45.000,L1CD,6,4300,43.7,7.185582549,-1047.463,-44777.744,1,0
$CH,45.000,L1CD,12,4300,43.9,0.377107990,3142.160,135331.859,1,0
$CH,45.000,L1CD,13,4300,41.5,1.714622926,521.149,22071.650,1,0
$CH,45.000,L1CD,17,4300,42.7,4.198127657,167.110,7146.192,1,0
$CH,45.000,L1CD,19,4300,42.7,7.713377866,-723.443,-31142.964,1,0
$CH,45.000,L1CD,20,4300,43.2,4.085735164,3766.625,162075.158,1,0
$CH,45.000,L1CD,24,4300,42.5,3.973346252,72.929,3527.908,1,0
$CH,45.000,L1CD,28,4300,42.8,9.783836906,-2500.524,-107259.854,1,0
$TIME,2024,1,30,6,10,41.871332
$CH,45.100,L1CD,2,4310,43.1,8.867554848,-1173.699,-50451.247,1,0
$CH,45.100,L1CD,5,4310,43.9,7.299411088,2162.075,93642.773,1,0
$CH,45.100,L1CD,6,4310,43.7,7.185641533,-1047.539,-44882.494,1,0
$CH,45.100,L1CD,12,4310,43.9,0.376907062,3142.118,135646.076,1,0
$CH,45.100,L1CD,13,4310,41.5,1.714621956,521.936,22123.795,1,0
$CH,45.100,L1CD,17,4310,42.7,4.198123332,166.793,7162.906,1,0
$CH,45.100,L1CD,19,4310,42.7,7.713382197,-723.545,-31215.321,1,0
$CH,45.100,L1CD,20,4310,43.2,4.085495573,3766.950,162451.849,1,0
$CH,45.100,L1CD,24,4310,42.5,3.973334742,72.605,3535.202,1,0
$CH,45.100,L1CD,28,4310,42.8,9.783985715,-2500.620,-107509.915,1,0
$TIME,2024,1,30,6,10,41.901247
$CH,45.200,L1CD,2,4320,43.1,8.867635050,-1174.013,-50568.647,1,0
$CH,45.200,L1CD,5,4320,43.9,7.299293820,2161.801,93858.968,1,0
$CH,45.200,L1CD,6,4320,43.7,7.185679883,-1047.813,-44987.252,1,0
$CH,45.200,L1CD,12,4320,43.9,0.376719503,3142.044,135960.285,1,0
$CH,45.200,L1CD,13,4320,41.5,1.714605287,521.392,22175.936,1,0
$CH,45.200,L1CD,17,4320,42.7,4.198124376,167.021,7179.617,1,0
$CH,45.200,L1CD,19,4320,42.7,7.713404609,-723.644,-31287.680,1,0
$CH,45.200,L1CD,20,4320,43.2,4.085256819,3766.574,162828.537,1,0
$CH,45.200,L1CD,24,4320,42.5,3.973318613,72.806,3542.474,1,0
$CH,45.200,L1CD,28,4320,42.8,9.784153691,-2501.149,-107759.985,1,0
$TIME,2024,1,30,6,10,41.931622
$CH,45.300,L1CD,2,4330,43.1,8.867682635,-1173.515,-50686.039,1,0
$CH,45.300,L1CD,5,4330,43.9,7.299132325,2161.256,94075.168,1,0
$CH,45.300,L1CD,6,4330,43.7,7.185752838,-1047.729,-45092.013,1,0
$CH,45.300,L1CD,12,4330,43.9,0.376521515,3141.782,136274.494,1,0
$CH,45.300,L1CD,13,4330,41.5,1.714569852,522.059,22228.090,1,0
$CH,45.300,L1CD,17,4330,42.7,4.198122377,167.710,7196.325,1,0
$CH,45.300,L1CD,19,4330,42.7,7.713451820,-723.468,-31360.044,1,0
$CH,45.300,L1CD,20,4330,43.2,4.085020523,3767.244,163205.221,1,0
$CH,45.300,L1CD,24,4330,42.5,3.973304493,72.713,3549.758,1,0
$CH,45.300,L1CD,28,4330,42.8,9.784310767,-2501.069,-108010.062,1,0
$TIME,2024,1,30,6,10,41.961734
$CH,45.400,L1CD,2,4340,43.1,8.867767749,-1174.063,-50803.428,1,0
$CH,45.400,L1CD,5,4340,43.9,7.299019222,2161.562,94291.343,1,0
$CH,45.400,L1CD,6,4340,43.7,7.185855811,-1047.829,-45196.778,1,0
$CH,45.400,L1CD,12,4340,43.9,0.376320669,3142.047,136588.689,1,0
$CH,45.400,L1CD,13,4340,41.5,1.714519928,521.790,22280.241,1,0
$CH,45.400,L1CD,17,4340,42.7,4.198125604,166.838,7213.039,1,0
$CH,45.400,L1CD,19,4340,42.7,7.713526804,-723.675,-31432.399,1,0
$CH,45.400,L1CD,20,4340,43.2,4.084780658,3766.625,163581.906,1,0
$CH,45.400,L1CD,24,4340,42.5,3.973284986,72.642,3557.028,1,0
$CH,45.400,L1CD,28,4340,42.8,9.784463499,-2501.129,-108260.138,1,0
$TIME,2024,1,30,6,10,41.991730
$CH,45.500,L1CD,2,4350,43.1,8.867872363,-1174.053,-50920.838,1,0
$CH,45.500,L1CD,5,4350,43.9,7.298866457,2161.417,94507.523,1,0
$CH,45.500,L1CD,6,4350,43.7,7.185897596,-1047.463,-45301.550,1,0
$CH,45.500,L1CD,12,4350,43.9,0.376109855,3142.285,136902.892,1,0
$CH,45.500,L1CD,13,4350,41.5,1.714453668,521.676,22332.380,1,0
$CH,45.500,L1CD,17,4350,42.7,4.198125713,166.895,7229.746,1,0
$CH,45.500,L1CD,19,4350,42.7,7.713614009,-724.302,-31504.765,1,0
$CH,45.500,L1CD,20,4350,43.2,4.084539839,3766.807,163958.581,1,0
$CH,45.500,L1CD,24,4350,42.5,3.973265158,72.525,3564.288,1,0
$CH,45.500,L1CD,28,4350,42.8,9.784638851,-2500.405,-108510.228,1,0
$TIME,2024,1,30,6,10,42.031969
$CH,45.600,L1CD,2,4360,43.1,8.867911847,-1174.139,-51038.243,1,0
$CH,45.600,L1CD,5,4360,43.9,7.298746853,2161.480,94723.685,1,0
$CH,45.600,L1CD,6,4360,43.7,7.185943717,-1047.849,-45406.320,1,0
$CH,45.600,L1CD,12,4360,43.9,0.375909174,3142.193,137217.084,1,0
$CH,45.600,L1CD,13,4360,41.5,1.714382190,521.237,22384.537,1,0
$CH,45.600,L1CD,17,4360,42.7,4.198122612,167.103,7246.446,1,0
$CH,45.600,L1CD,19,4360,42.7,7.713625728,-723.502,-31577.131,1,0
$CH,45.600,L1CD,20,4360,43.2,4.084300732,3766.527,164335.256,1,0
$CH,45.600,L1CD,24,4360,42.5,3.973242473,72.592,3571.541,1,0
$CH,45.600,L1CD,28,4360,42.8,9.784788896,-2501.166,-108760.319,1,0
$TIME,2024,1,30,6,10,42.062083
$CH,45.700,L1CD,2,4370,43.1,8.867980574,-1173.991,-51155.645,1,0
$CH,45.700,L1CD,5,4370,43.9,7.298597733,2161.629,94939.863,1,0
$CH,45.700,L1CD,6,4370,43.7,7.186025057,-1047.630,-45511.097,1,0
$CH,45.700,L1CD,12,4370,43.9,0.375724192,3141.620,137531.278,1,0
$CH,45.700,L1CD,13,4370,41.5,1.714373886,521.148,22436.695,1,0
$CH,45.700,L1CD,17,4370,42.7,4.198121594,167.095,7263.160,1,0
$CH,45.700,L1CD,19,4370,42.7,7.713638043,-723.571,-31649.496,1,0
$CH,45.700,L1CD,20,4370,43.2,4.084064031,3767.137,164711.935,1,0
$CH,45.700,L1CD,24,4370,42.5,3.973218027,72.265,3578.806,1,0
$CH,45.700,L1CD,28,4370,42.8,9.784942033,-2501.213,-109010.408,1,0
$TIME,2024,1,30,6,10,42.092082
$CH,45.800,L1CD,2,4380,43.1,8.868086779,-1173.952,-51273.041,1,0
$CH,45.800,L1CD,5,4380,43.9,7.298467240,2161.667,95156.035,1,0
$CH,45.800,L1CD,6,4380,43.7,7.186122922,-1048.334,-45615.863,1,0
$CH,45.800,L1CD,12,4380,43.9,0.375526695,3141.496,137845.481,1,0
$CH,45.800,L1CD,13,4380,41.5,1.714377745,521.849,22488.862,1,0
$CH,45.800,L1CD,17,4380,42.7,4.198117116,166.971,7279.874,1,0
$CH,45.800,L1CD,19,4380,42.7,7.713677490,-723.613,-31721.842,1,0
$CH,45.800,L1CD,20,4380,43.2,4.083827461,3766.646,165088.619,1,0
$CH,45.800,L1CD,24,4380,42.5,3.973189597,72.570,3586.064,1,0
$CH,45.800,L1CD,28,4380,42.8,9.785118595,-2500.554,-109260.500,1,0
$TIME,2024,1,30,6,10,42.125305
$CH,45.900,L1CD,2,4390,43.1,8.868144581,-1173.985,-51390.444,1,0
$CH,45.900,L1CD,5,4390,43.9,7.298328700,2161.191,95372.197,1,0
$CH,45.900,L1CD,6,4390,43.7,7.186150995,-1047.850,-45720.642,1,0
$CH,45.900,L1CD,12,4390,43.9,0.375327284,3141.761,138159.672,1,0
$CH,45.900,L1CD,13,4390,41.5,1.714366135,521.400,22541.037,1,0
$CH,45.900,L1CD,17,4390,42.7,4.198109952,167.318,7296.597,1,0
$CH,45.900,L1CD,19,4390,42.7,7.713740168,-723.933,-31794.200,1,0
$CH,45.900,L1CD,20,4390,43.2,4.083588156,3766.256,165465.307,1,0
$CH,45.900,L1CD,24,4390,42.5,3.973157477,72.872,3593.312,1,0
$CH,45.900,L1CD,28,4390,42.8,9.785257393,-2501.392,-109510.585,1,0
$TIME,2024,1,30,6,10,42.152525
$CH,46.000,L1CD,2,4400,43.2,8.868201977,-1173.957,-51507.852,1,0
$CH,46.000,L1CD,5,4400,44.1,7.298182870,2161.902,95588.348,1,0
$CH,46.000,L1CD,6,4400,43.4,7.186208685,-1048.364,-45825.426,1,0
$CH,46.000,L1CD,12,4400,44.0,0.375117934,3141.835,138473.856,1,0
$CH,46.000,L1CD,13,4400,41.7,1.714339431,521.755,22593.208,1,0
$CH,46.000,L1CD,17,4400,42.8,4.198096115,167.041,7313.308,1,0
$CH,46.000,L1CD,19,4400,42.7,7.713822240,-723.868,-31866.559,1,0
$CH,46.000,L1CD,20,4400,42.3,4.083342730,3766.725,165841.971,1,0
$CH,46.000,L1CD,24,4400,43.4,3.973122093,72.703,3600.554,1,0
$CH,46.000,L1CD,28,4400,42.5,9.785420915,-2500.892,-109760.688,1,0
$TIME,2024,1,30,6,10,42.192428
$CH,46.100,L1CD,2,4410,43.2,8.868295324,-1174.379,-51625.259,1,0
$CH,46.100,L1CD,5,4410,44.1,7.298057420,2161.721,95804.502,1,0
$CH,46.100,L1CD,6,4410,43.4,7.186299907,-1047.715,-45930.219,1,0
$CH,46.100,L1CD,12,4410,44.0,0.374918597,3142.047,138788.048,1,0
$CH,46.100,L1CD,13,4410,41.7,1.714295795,522.277,22645.379,1,0
$CH,46.100,L1CD,17,4410,42.8,4.198073581,167.235,7330.016,1,0
$CH,46.100,L1CD,19,4410,42.7,7.713877916,-723.756,-31938.928,1,0
$CH,46.100,L1CD,20,4410,42.3,4.083102475,3767.247,166218.649,1,0
$CH,46.100,L1CD,24,4410,43.4,3.973127121,72.339,3607.791,1,0
$CH,46.100,L1CD,28,4410,42.5,9.785588420,-2501.146,-110010.783,1,0
$TIME,2024,1,30,6,10,42.222653
$CH,46.200,L1CD,2,4420,43.2,8.868385603,-1173.417,-51742.673,1,0
$CH,46.200,L1CD,5,4420,44.1,7.297901158,2161.177,96020.650,1,0
$CH,46.200,L1CD,6,4420,43.4,7.186383039,-1048.001,-46034.999,1,0
$CH,46.200,L1CD,12,4420,44.0,0.374732127,3142.159,139102.227,1,0
$CH,46.200,L1CD,13,4420,41.7,1.714235442,521.670,22697.566,1,0
$CH,46.200,L1CD,17,4420,42.8,4.198048890,167.221,7346.733,1,0
$CH,46.200,L1CD,19,4420,42.7,7.713886460,-723.774,-32011.282,1,0
$CH,46.200,L1CD,20,4420,42.3,4.082859014,3766.834,166595.326,1,0
$CH,46.200,L1CD,24,4420,43.4,3.973125559,71.922,3615.033,1,0
$CH,46.200,L1CD,28,4420,42.5,9.785734115,-2501.029,-110260.886,1,0
$TIME,2024,1,30,6,10,42.252980
$CH,46.300,L1CD,2,4430,43.2,8.868430057,-1174.333,-51860.073,1,0
$CH,46.300,L1CD,5,4430,44.1,7.297788005,2161.605,96236.791,1,0
$CH,46.300,L1CD,6,4430,43.4,7.186412502,-1047.407,-46139.790,1,0
$CH,46.300,L1CD,12,4430,44.0,0.374533902,3142.336,139416.407,1,0
$CH,46.300,L1CD,13,4430,41.7,1.714164676,521.976,22749.750,1,0
$CH,46.300,L1CD,17,4430,42.8,4.198017548,167.042,7363.448,1,0
$CH,46.300,L1CD,19,4430,42.7,7.713914627,-723.686,-32083.639,1,0
$CH,46.300,L1CD,20,4430,42.3,4.082615634,3766.734,166971.994,1,0
$CH,46.300,L1CD,24,4430,43.4,3.973122391,72.006,3622.269,1,0
$CH,46.300,L1CD,28,4430,42.5,9.785901334,-2501.251,-110510.992,1,0
$TIME,2024,1,30,6,10,42.282974
$CH,46.400,L1CD,2,4440,43.2,8.868511619,-1174.498,-51977.493,1,0
$CH,46.400,L1CD,5,4440,44.1,7.297623128,2160.931,96452.928,1,0
$CH,46.400,L1CD,6,4440,43.4,7.186476617,-1048.151,-46244.584,1,0
$CH,46.400,L1CD,12,4440,44.0,0.374326474,3141.478,139730.592,1,0
$CH,46.400,L1CD,13,4440,41.7,1.714123234,521.396,22801.927,1,0
$CH,46.400,L1CD,17,4440,42.8,4.197979051,167.161,7380.162,1,0
$CH,46.400,L1CD,19,4440,42.7,7.713962560,-723.720,-32156.003,1,0
$CH,46.400,L1CD,20,4440,42.3,4.082378149,3766.524,167348.667,1,0
$CH,46.400,L1CD,24,4440,43.4,3.973127191,72.701,3629.499,1,0
$CH,46.400,L1CD,28,4440,42.5,9.786055712,-2501.173,-110761.109,1,0
$TIME,2024,1,30,6,10,42.312984
$CH,46.500,L1CD,2,4450,43.2,8.868622579,-1173.768,-52094.922,1,0
$CH,46.500,L1CD,5,4450,44.1,7.297511667,2161.377,96669.039,1,0
$CH,46.500,L1CD,6,4450,43.4,7.186575043,-1048.144,-46349.394,1,0
$CH,46.500,L1CD,12,4450,44.0,0.374114364,3141.661,140044.747,1,0
$CH,46.500,L1CD,13,4450,41.7,1.714127597,522.095,22854.103,1,0
$CH,46.500,L1CD,17,4450,42.8,4.197937388,167.190,7396.855,1,0
$CH,46.500,L1CD,19,4450,42.7,7.714036478,-723.583,-32228.368,1,0
$CH,46.500,L1CD,20,4450,42.3,4.082137305,3767.044,167725.318,1,0
$CH,46.500,L1CD,24,4450,43.4,3.973124029,72.303,3636.709,1,0
$CH,46.500,L1CD,28,4450,42.5,9.786205582,-2501.051,-111011.234,1,0
$TIME,2024,1,30,6,10,42.353444
$CH,46.600,L1CD,2,4460,43.2,8.868661196,-1174.726,-52212.333,1,0
$CH,46.600,L1CD,5,4460,44.1,7.297356252,2161.339,96885.166,1,0
$CH,46.600,L1CD,6,4460,43.4,7.186642651,-1048.009,-46454.195,1,0
$CH,46.600,L1CD,12,4460,44.0,0.373919132,3142.069,140358.914,1,0
$CH,46.600,L1CD,13,4460,41.7,1.714121471,522.039,22906.295,1,0
$CH,46.600,L1CD,17,4460,42.8,4.197888667,167.315,7413.573,1,0
$CH,46.600,L1CD,19,4460,42.7,7.714121782,-723.335,-32300.734,1,0
$CH,46.600,L1CD,20,4460,42.3,4.081898385,3766.741,168101.987,1,0
$CH,46.600,L1CD,24,4460,43.4,3.973126468,71.866,3643.927,1,0
$CH,46.600,L1CD,28,4460,42.5,9.786381310,-2500.984,-111261.355,1,0
$TIME,2024,1,30,6,10,42.383330
$CH,46.700,L1CD,2,4470,43.2,8.868727541,-1174.359,-52329.764,1,0
$CH,46.700,L1CD,5,4470,44.1,7.297233270,2161.328,97101.282,1,0
$CH,46.700,L1CD,6,4470,43.4,7.186680533,-1048.453,-46559.002,1,0
$CH,46.700,L1CD,12,4470,44.0,0.373729012,3141.863,140673.083,1,0
$CH,46.700,L1CD,13,4470,41.7,1.714105995,521.448,22958.499,1,0
$CH,46.700,L1CD,17,4470,42.8,4.197873439,167.178,7430.286,1,0
$CH,46.700,L1CD,19,4470,42.7,7.714127160,-723.831,-32373.087,1,0
$CH,46.700,L1CD,20,4470,42.3,4.081661465,3766.575,168478.650,1,0
$CH,46.700,L1CD,24,4470,43.4,3.973122606,72.374,3651.128,1,0
$CH,46.700,L1CD,28,4470,42.5,9.786528742,-2501.435,-111511.475,1,0
$TIME,2024,1,30,6,10,42.429958
$CH,46.800,L1CD,2,4480,43.2,8.868830570,-1173.921,-52447.180,1,0
$CH,46.800,L1CD,5,4480,44.1,7.297089671,2161.110,97317.392,1,0
$CH,46.800,L1CD,6,4480,43.4,7.186753073,-1047.691,-46663.818,1,0
$CH,46.800,L1CD,12,4480,44.0,0.373534705,3141.748,140987.254,1,0
$CH,46.800,L1CD,13,4480,41.7,1.714072960,521.744,23010.694,1,0
$CH,46.800,L1CD,17,4480,42.8,4.197870959,166.474,7447.000,1,0
$CH,46.800,L1CD,19,4480,42.7,7.714140650,-723.630,-32445.459,1,0
$CH,46.800,L1CD,20,4480,42.3,4.081424443,3766.625,168855.321,1,0
$CH,46.800,L1CD,24,4480,43.4,3.973127477,72.036,3658.344,1,0
$CH,46.800,L1CD,28,4480,42.5,9.786683756,-2500.927,-111761.597,1,0
$TIME,2024,1,30,6,10,42.460641
$CH,46.900,L1CD,2,4490,43.2,8.868897167,-1173.815,-52564.604,1,0
$CH,46.900,L1CD,5,4490,44.1,7.296955686,2161.219,97533.510,1,0
$CH,46.900,L1CD,6,4490,43.4,7.186856469,-1048.483,-46768.619,1,0
$CH,46.900,L1CD,12,4490,44.0,0.373330114,3141.761,141301.421,1,0
$CH,46.900,L1CD,13,4490,41.7,1.714023236,522.224,23062.903,1,0
$CH,46.900,L1CD,17,4490,42.8,4.197877006,166.406,7463.723,1,0
$CH,46.900,L1CD,19,4490,42.7,7.714182007,-723.497,-32517.812,1,0
$CH,46.900,L1CD,20,4490,42.3,4.081187565,3766.529,169231.989,1,0
$CH,46.900,L1CD,24,4490,43.4,3.973123782,72.032,3665.553,1,0
$CH,46.900,L1CD,28,4490,42.5,9.786859975,-2501.228,-112011.724,1,0
$TIME,2024,1,30,6,10,42.500811
$CH,47.000,L1CD,2,4500,43.3,8.868950737,-1174.056,-52682.031,1,0
$CH,47.000,L1CD,5,4500,43.7,7.296823919,2161.214,97749.611,1,0
$CH,47.000,L1CD,6,4500,43.4,7.186898796,-1048.075,-46873.436,1,0
$CH,47.000,L1CD,12,4500,44.0,0.373123331,3141.807,141615.575,1,0
$CH,47.000,L1CD,13,4500,42.2,1.713955998,522.116,23115.107,1,0
$CH,47.000,L1CD,17,4500,43.0,4.197872354,167.663,7480.434,1,0
$CH,47.000,L1CD,19,4500,42.5,7.714247877,-723.801,-32590.175,1,0
$CH,47.000,L1CD,20,4500,42.4,4.080946655,3767.332,169608.644,1,0
$CH,47.000,L1CD,24,4500,42.4,3.973121885,71.923,3672.758,1,0
$CH,47.000,L1CD,28,4500,41.9,9.786996309,-2501.304,-112261.853,1,0
$TIME,2024,1,30,6,10,42.531088
$CH,47.100,L1CD,2,4510,43.3,8.869043128,-1174.098,-52799.450,1,0
$CH,47.100,L1CD,5,4510,43.7,7.296673158,2160.848,97965.709,1,0
$CH,47.100,L1CD,6,4510,43.4,7.186942790,-1047.678,-46978.253,1,0
$CH,47.100,L1CD,12,4510,44.0,0.372929252,3141.767,141929.741,1,0
$CH,47.100,L1CD,13,4510,42.2,1.713883964,522.640,23167.313,1,0
$CH,47.100,L1CD,17,4510,43.0,4.197875019,166.720,7497.145,1,0
$CH,47.100,L1CD,19,4510,42.5,7.714332557,-723.462,-32662.528,1,0
$CH,47.100,L1CD,20,4510,42.4,4.080711491,3766.921,169985.303,1,0
$CH,47.100,L1CD,24,4510,42.4,3.973127512,71.970,3679.950,1,0
$CH,47.100,L1CD,28,4510,41.9,9.787161046,-2501.072,-112511.985,1,0
$TIME,2024,1,30,6,10,42.561195
$CH,47.200,L1CD,2,4520,43.3,8.869136939,-1174.350,-52916.867,1,0
$CH,47.200,L1CD,5,4520,43.7,7.296554539,2160.582,98181.811,1,0
$CH,47.200,L1CD,6,4520,43.4,7.187023005,-1048.171,-47083.059,1,0
$CH,47.200,L1CD,12,4520,44.0,0.372736245,3141.441,142243.907,1,0
$CH,47.200,L1CD,13,4520,42.2,1.713872614,522.037,23219.541,1,0
$CH,47.200,L1CD,17,4520,43.0,4.197872343,167.348,7513.871,1,0
$CH,47.200,L1CD,19,4520,42.5,7.714380420,-723.313,-32734.882,1,0
$CH,47.200,L1CD,20,4520,42.4,4.080471842,3767.085,170361.977,1,0
$CH,47.200,L1CD,24,4520,42.4,3.973127176,72.157,3687.149,1,0
$CH,47.200,L1CD,28,4520,41.9,9.787328648,-2501.276,-112762.104,1,0
$TIME,2024,1,30,6,10,42.591108
$CH,47.300,L1CD,2,4530,43.3,8.869180533,-1174.116,-53034.300,1,0
$CH,47.300,L1CD,5,4530,43.7,7.296396080,2160.853,98397.906,1,0
$CH,47.300,L1CD,6,4530,43.4,7.187127954,-1047.943,-47187.883,1,0
$CH,47.300,L1CD,12,4530,44.0,0.372541344,3141.199,142558.063,1,0
$CH,47.300,L1CD,13,4530,42.2,1.713877469,522.849,23271.754,1,0
$CH,47.300,L1CD,17,4530,43.0,4.197878239,166.948,7530.594,1,0
$CH,47.300,L1CD,19,4530,42.5,7.714392495,-723.511,-32807.233,1,0
$CH,47.300,L1CD,20,4530,42.4,4.080236455,3766.908,170738.638,1,0
$CH,47.300,L1CD,24,4530,42.4,3.973127423,71.836,3694.334,1,0
$CH,47.300,L1CD,28,4530,41.9,9.787474520,-2501.106,-113012.242,1,0
$TIME,2024,1,30,6,10,42.631172
$CH,47.400,L1CD,2,4540,43.3,8.869259625,-1174.570,-53151.730,1,0
$CH,47.400,L1CD,5,4540,43.7,7.296281148,2160.889,98613.980,1,0
$CH,47.400,L1CD,6,4540,43.4,7.187155738,-1048.623,-47292.705,1,0
$CH,47.400,L1CD,12,4540,44.0,0.372335646,3141.188,142872.217,1,0
$CH,47.400,L1CD,13,4540,42.2,1.713871440,522.100,23323.980,1,0
$CH,47.400,L1CD,17,4540,43.0,4.197873521,166.905,7547.298,1,0
$CH,47.400,L1CD,19,4540,42.5,7.714422247,-723.719,-32879.595,1,0
$CH,47.400,L1CD,20,4540,42.4,4.079997591,3766.822,171115.298,1,0
$CH,47.400,L1CD,24,4540,42.4,3.973121776,71.589,3701.517,1,0
$CH,47.400,L1CD,28,4540,41.9,9.787650787,-2501.782,-113262.388,1,0
$TIME,2024,1,30,6,10,42.661192
$CH,47.500,L1CD,2,4550,43.3,8.869371697,-1174.007,-53269.166,1,0
$CH,47.500,L1CD,5,4550,43.7,7.296122782,2160.803,98830.064,1,0
$CH,47.500,L1CD,6,4550,43.4,7.187210973,-1048.148,-47397.540,1,0
$CH,47.500,L1CD,12,4550,44.0,0.372121921,3141.599,143186.360,1,0
$CH,47.500,L1CD,13,4550,42.2,1.713847902,522.284,23376.205,1,0
$CH,47.500,L1CD,17,4550,43.0,4.197877319,167.135,7564.022,1,0
$CH,47.500,L1CD,19,4550,42.5,7.714478404,-723.151,-32951.957,1,0
$CH,47.500,L1CD,20,4550,42.4,4.079757033,3767.022,171491.955,1,0
$CH,47.500,L1CD,24,4550,42.4,3.973124350,71.743,3708.697,1,0
$CH,47.500,L1CD,28,4550,41.9,9.787806503,-2501.972,-113512.531,1,0
$TIME,2024,1,30,6,10,42.701185
$CH,47.600,L1CD,2,4560,43.3,8.869407865,-1174.422,-53386.591,1,0
$CH,47.600,L1CD,5,4560,43.7,7.296004737,2160.892,99046.139,1,0
$CH,47.600,L1CD,6,4560,43.4,7.187300579,-1048.321,-47502.360,1,0
$CH,47.600,L1CD,12,4560,44.0,0.371925973,3141.423,143500.514,1,0
$CH,47.600,L1CD,13,4560,42.2,1.713808447,521.699,23428.438,1,0
$CH,47.600,L1CD,17,4560,43.0,4.197873497,166.915,7580.747,1,0
$CH,47.600,L1CD,19,4560,42.5,7.714553252,-723.710,-33024.311,1,0
$CH,47.600,L1CD,20,4560,42.4,4.079521657,3766.183,171868.617,1,0
$CH,47.600,L1CD,24,4560,42.4,3.973123008,71.893,3715.880,1,0
$CH,47.600,L1CD,28,4560,41.9,9.787955831,-2501.398,-113762.676,1,0
$TIME,2024,1,30,6,10,42.731282
$CH,47.700,L1CD,2,4570,43.3,8.869475069,-1174.280,-53504.039,1,0
$CH,47.700,L1CD,5,4570,43.7,7.295856948,2160.354,99262.202,1,0
$CH,47.700,L1CD,6,4570,43.4,7.187381398,-1048.719,-47607.201,1,0
$CH,47.700,L1CD,12,4570,44.0,0.371732241,3141.443,143814.649,1,0
$CH,47.700,L1CD,13,4570,42.2,1.713747712,522.402,23480.659,1,0
$CH,47.700,L1CD,17,4570,43.0,4.197872895,167.071,7597.446,1,0
$CH,47.700,L1CD,19,4570,42.5,7.714623582,-723.997,-33096.672,1,0
$CH,47.700,L1CD,20,4570,42.4,4.079283297,3766.492,172245.259,1,0
$CH,47.700,L1CD,24,4570,42.4,3.973126789,71.787,3723.036,1,0
$CH,47.700,L1CD,28,4570,41.9,9.788129415,-2501.634,-114012.838,1,0
$TIME,2024,1,30,6,10,42.761302
$CH,47.800,L1CD,2,4580,43.3,8.869578499,-1174.383,-53621.450,1,0
$CH,47.800,L1CD,5,4580,43.7,7.295728738,2161.317,99478.278,1,0
$CH,47.800,L1CD,6,4580,43.4,7.187413097,-1048.259,-47712.023,1,0
$CH,47.800,L1CD,12,4580,44.0,0.371537736,3141.619,144128.807,1,0
$CH,47.800,L1CD,13,4580,42.2,1.713678684,522.445,23532.912,1,0
$CH,47.800,L1CD,17,4580,43.0,4.197874539,167.529,7614.176,1,0
$CH,47.800,L1CD,19,4580,42.5,7.714628102,-723.041,-33169.019,1,0
$CH,47.800,L1CD,20,4580,42.4,4.079038925,3766.921,172621.935,1,0
$CH,47.800,L1CD,24,4580,42.4,3.973125804,71.894,3730.225,1,0
$CH,47.800,L1CD,28,4580,41.9,9.788273564,-2501.407,-114262.968,1,0
$TIME,2024,1,30,6,10,42.801305
$CH,47.900,L1CD,2,4590,43.3,8.869644765,-1174.577,-53738.879,1,0
$CH,47.900,L1CD,5,4590,43.7,7.295582921,2160.563,99694.355,1,0
$CH,47.900,L1CD,6,4590,43.4,7.187475588,-1048.505,-47816.850,1,0
$CH,47.900,L1CD,12,4590,44.0,0.371333611,3141.322,144442.963,1,0
$CH,47.900,L1CD,13,4590,42.2,1.713629148,522.527,23585.176,1,0
$CH,47.900,L1CD,17,4590,43.0,4.197873773,167.211,7630.922,1,0
$CH,47.900,L1CD,19,4590,42.5,7.714646522,-723.492,-33241.357,1,0
$CH,47.900,L1CD,20,4590,42.4,4.078800083,3766.756,172998.596,1,0
$CH,47.900,L1CD,24,4590,42.4,3.973126890,71.714,3737.400,1,0
$CH,47.900,L1CD,28,4590,41.9,9.788433588,-2501.321,-114513.112,1,0
$TIME,2024,1,30,6,10,42.831374
$CH,48.000,L1CD,2,4600,43.3,8.869695039,-1174.313,-53856.318,1,0
$CH,48.000,L1CD,5,4600,43.4,7.295443734,2160.498,99910.406,1,0
$CH,48.000,L1CD,6,4600,43.8,7.187574934,-1048.438,-47921.687,1,0
$CH,48.000,L1CD,12,4600,43.8,0.371126939,3141.334,144757.101,1,0
$CH,48.000,L1CD,13,4600,41.5,1.713627341,522.597,23637.416,1,0
$CH,48.000,L1CD,17,4600,42.5,4.197873436,167.063,7647.637,1,0
$CH,48.000,L1CD,19,4600,42.4,7.714692747,-723.584,-33313.710,1,0
$CH,48.000,L1CD,20,4600,42.8,4.078562482,3766.707,173375.252,1,0
$CH,48.000,L1CD,24,4600,41.7,3.973126401,71.636,3744.563,1,0
$CH,48.000,L1CD,28,4600,41.8,9.788610979,-2500.720,-114763.272,1,0
$TIME,2024,1,30,6,10,42.861514
$CH,48.100,L1CD,2,4610,43.3,8.869788140,-1174.427,-53973.753,1,0
$CH,48.100,L1CD,5,4610,43.4,7.295310216,2160.325,100126.462,1,0
$CH,48.100,L1CD,6,4610,43.8,7.187640274,-1048.273,-48026.527,1,0
$CH,48.100,L1CD,12,4610,43.8,0.370935898,3141.508,145071.239,1,0
$CH,48.100,L1CD,13,4610,41.5,1.713622508,522.405,23689.668,1,0
$CH,48.100,L1CD,17,4610,42.5,4.197873126,167.000,7664.358,1,0
$CH,48.100,L1CD,19,4610,42.4,7.714757273,-723.812,-33386.058,1,0
$CH,48.100,L1CD,20,4610,42.8,4.078317842,3766.654,173751.909,1,0
$CH,48.100,L1CD,24,4610,41.7,3.973127335,71.029,3751.726,1,0
$CH,48.100,L1CD,28,4610,41.8,9.788748949,-2501.056,-115013.425,1,0
$TIME,2024,1,30,6,10,42.901501
$CH,48.200,L1CD,2,4620,43.3,8.869885836,-1174.387,-54091.212,1,0
$CH,48.200,L1CD,5,4620,43.4,7.295156720,2160.344,100342.489,1,0
$CH,48.200,L1CD,6,4620,43.8,7.187680866,-1048.640,-48131.390,1,0
$CH,48.200,L1CD,12,4620,43.8,0.370742972,3141.187,145385.362,1,0
$CH,48.200,L1CD,13,4620,41.5,1.713609896,522.898,23741.909,1,0
$CH,48.200,L1CD,17,4620,42.5,4.197866832,166.834,7681.068,1,0
$CH,48.200,L1CD,19,4620,42.4,7.714839643,-723.599,-33458.424,1,0
$CH,48.200,L1CD,20,4620,42.8,4.078079272,3766.880,174128.540,1,0
$CH,48.200,L1CD,24,4620,41.7,3.973123878,71.326,3758.856,1,0
$CH,48.200,L1CD,28,4620,41.8,9.788913923,-2501.557,-115263.590,1,0
$TIME,2024,1,30,6,10,42.931603
$CH,48.300,L1CD,2,4630,43.3,8.869926565,-1174.484,-54208.661,1,0
$CH,48.300,L1CD,5,4630,43.4,7.295035309,2160.236,100558.531,1,0
$CH,48.300,L1CD,6,4630,43.8,7.187753617,-1048.313,-48236.243,1,0
$CH,48.300,L1CD,12,4630,43.8,0.370542062,3141.339,145699.490,1,0
$CH,48.300,L1CD,13,4630,41.5,1.713575329,522.928,23794.162,1,0
$CH,48.300,L1CD,17,4630,42.5,4.197852848,167.108,7697.785,1,0
$CH,48.300,L1CD,19,4630,42.4,7.714875894,-723.755,-33530.792,1,0
$CH,48.300,L1CD,20,4630,42.8,4.077838253,3766.568,174505.189,1,0
$CH,48.300,L1CD,24,4630,41.7,3.973125809,71.168,3765.994,1,0
$CH,48.300,L1CD,28,4630,41.8,9.789078615,-2501.829,-115513.771,1,0
$TIME,2024,1,30,6,10,42.971625
$CH,48.400,L1CD,2,4640,43.3,8.870003931,-1174.630,-54326.103,1,0
$CH,48.400,L1CD,5,4640,43.4,7.294873578,2160.033,100774.563,1,0
$CH,48.400,L1CD,6,4640,43.8,7.187858131,-1048.787,-48341.100,1,0
$CH,48.400,L1CD,12,4640,43.8,0.370333911,3141.258,146013.611,1,0
$CH,48.400,L1CD,13,4640,41.5,1.713525433,522.670,23846.413,1,0
$CH,48.400,L1CD,17,4640,42.5,4.197833063,167.367,7714.502,1,0
$CH,48.400,L1CD,19,4640,42.4,7.714883302,-723.595,-33603.145,1,0
$CH,48.400,L1CD,20,4640,42.8,4.077598917,3766.815,174881.831,1,0
$CH,48.400,L1CD,24,4640,41.7,3.973126406,71.308,3773.135,1,0
$CH,48.400,L1CD,28,4640,41.8,9.789223448,-2501.949,-115763.945,1,0
$TIME,2024,1,30,6,10,43.031725
$CH,48.500,L1CD,2,4650,43.3,8.870114235,-1174.160,-54443.549,1,0
$CH,48.500,L1CD,5,4650,43.4,7.294760666,2160.452,100990.593,1,0
$CH,48.500,L1CD,6,4650,43.8,7.187900344,-1048.677,-48445.952,1,0
$CH,48.500,L1CD,12,4650,43.8,0.370128915,3141.343,146327.739,1,0
$CH,48.500,L1CD,13,4650,41.5,1.713461060,522.805,23898.679,1,0
$CH,48.500,L1CD,17,4650,42.5,4.197808517,166.884,7731.228,1,0
$CH,48.500,L1CD,19,4650,42.4,7.714912441,-723.087,-33675.496,1,0
$CH,48.500,L1CD,20,4650,42.8,4.077357604,3766.339,175258.482,1,0
$CH,48.500,L1CD,24,4650,41.7,3.973127672,71.504,3780.277,1,0
$CH,48.500,L1CD,28,4650,41.8,9.789396764,-2501.958,-116014.107,1,0
$TIME,2024,1,30,6,10,43.061755
$CH,48.600,L1CD,2,4660,43.3,8.870156337,-1174.251,-54560.987,1,0
$CH,48.600,L1CD,5,4660,43.4,7.294607527,2159.838,101206.630,1,0
$CH,48.600,L1CD,6,4660,43.8,7.187946986,-1048.201,-48550.798,1,0
$CH,48.600,L1CD,12,4660,43.8,0.369937366,3141.287,146641.880,1,0
$CH,48.600,L1CD,13,4660,41.5,1.713387107,523.055,23950.968,1,0
$CH,48.600,L1CD,17,4660,42.5,4.197777285,167.178,7747.962,1,0
$CH,48.600,L1CD,19,4660,42.4,7.714969810,-723.303,-33747.843,1,0
$CH,48.600,L1CD,20,4660,42.8,4.077117372,3766.646,175635.134,1,0
$CH,48.600,L1CD,24,4660,41.7,3.973127261,71.027,3787.417,1,0
$CH,48.600,L1CD,28,4660,41.8,9.789550719,-2501.713,-116264.275,1,0
$TIME,2024,1,30,6,10,43.101742
$CH,48.700,L1CD,2,4670,43.3,8.870218395,-1174.087,-54678.439,1,0
$CH,48.700,L1CD,5,4670,43.4,7.294484885,2159.933,101422.647,1,0
$CH,48.700,L1CD,6,4670,43.8,7.188024409,-1048.024,-48655.664,1,0
$CH,48.700,L1CD,12,4670,43.8,0.369747730,3141.103,146955.999,1,0
$CH,48.700,L1CD,13,4670,41.5,1.713374169,523.170,24003.236,1,0
$CH,48.700,L1CD,17,4670,42.5,4.197743357,166.707,7764.684,1,0
$CH,48.700,L1CD,19,4670,42.4,7.715048443,-724.200,-33820.191,1,0
$CH,48.700,L1CD,20,4670,42.8,4.076873373,3765.994,176011.784,1,0
$CH,48.700,L1CD,24,4670,41.7,3.973125698,71.307,3794.551,1,0
$CH,48.700,L1CD,28,4670,41.8,9.789702975,-2501.408,-116514.453,1,0
$TIME,2024,1,30,6,10,43.142118
$CH,48.800,L1CD,2,4680,43.3,8.870320420,-1174.451,-54795.886,1,0
$CH,48.800,L1CD,5,4680,43.4,7.294342599,2160.481,101638.659,1,0
$CH,48.800,L1CD,6,4680,43.8,7.188123200,-1048.146,-48760.527,1,0
$CH,48.800,L1CD,12,4680,43.8,0.369549543,3141.099,147270.116,1,0
$CH,48.800,L1CD,13,4680,41.5,1.713372227,523.113,24055.506,1,0
$CH,48.800,L1CD,17,4680,42.5,4.197705020,167.454,7781.406,1,0
$CH,48.800,L1CD,19,4680,42.4,7.715126095,-723.628,-33892.544,1,0
$CH,48.800,L1CD,20,4680,42.8,4.076629581,3766.455,176388.435,1,0
$CH,48.800,L1CD,24,4680,41.7,3.973125829,71.404,3801.674,1,0
$CH,48.800,L1CD,28,4680,41.8,9.789877141,-2501.290,-116764.631,1,0
$TIME,2024,1,30,6,10,43.181991
$CH,48.900,L1CD,2,4690,43.3,8.870395313,-1174.492,-54913.329,1,0
$CH,48.900,L1CD,5,4690,43.4,7.294209222,2160.308,101854.679,1,0
$CH,48.900,L1CD,6,4690,43.8,7.188152831,-1048.851,-48865.390,1,0
$CH,48.900,L1CD,12,4690,43.8,0.369346500,3141.062,147584.247,1,0
$CH,48.900,L1CD,13,4690,41.5,1.713364613,522.926,24107.795,1,0
$CH,48.900,L1CD,17,4690,42.5,4.197661665,167.346,7798.134,1,0
$CH,48.900,L1CD,19,4690,42.4,7.715134968,-723.021,-33964.897,1,0
$CH,48.900,L1CD,20,4690,42.8,4.076391226,3766.976,176765.077,1,0
$CH,48.900,L1CD,24,4690,41.7,3.973124384,71.381,3808.800,1,0
$CH,48.900,L1CD,28,4690,41.8,9.790021685,-2501.957,-117014.806,1,0
$TIME,2024,1,30,6,10,43.222254
$CH,49.000,L1CD,2,4700,43.4,8.870447250,-1174.796,-55030.776,1,0
$CH,49.000,L1CD,5,4700,43.3,7.294072472,2160.015,102070.692,1,0
$CH,49.000,L1CD,6,4700,44.0,7.188203907,-1048.393,-48970.255,1,0
$CH,49.000,L1CD,12,4700,43.7,0.369134333,3141.190,147898.361,1,0
$CH,49.000,L1CD,13,4700,42.0,1.713341566,522.702,24160.091,1,0
$CH,49.000,L1CD,17,4700,43.2,4.197625769,167.435,7814.865,1,0
$CH,49.000,L1CD,19,4700,42.7,7.715154755,-724.036,-34037.236,1,0
$CH,49.000,L1CD,20,4700,43.2,4.076159451,3766.680,177141.728,1,0
$CH,49.000,L1CD,24,4700,41.5,3.973126465,71.465,3815.928,1,0
$CH,49.000,L1CD,28,4700,41.9,9.790181203,-2501.609,-117264.996,1,0
$TIME,2024,1,30,6,10,43.262513
$CH,49.100,L1CD,2,4710,43.4,8.870534615,-1174.866,-55148.234,1,0
$CH,49.100,L1CD,5,4710,43.3,7.293928946,2160.397,102286.697,1,0
$CH,49.100,L1CD,6,4710,44.0,7.188292848,-1048.299,-49075.114,1,0
$CH,49.100,L1CD,12,4710,43.7,0.368941833,3141.381,148212.484,1,0
$CH,49.100,L1CD,13,4710,42.0,1.713302700,522.819,24212.378,1,0
$CH,49.100,L1CD,17,4710,43.2,4.197622212,167.273,7831.592,1,0
$CH,49.100,L1CD,19,4710,42.7,7.715201994,-723.311,-34109.584,1,0
$CH,49.100,L1CD,20,4710,43.2,4.075919054,3766.062,177518.376,1,0
$CH,49.100,L1CD,24,4710,41.5,3.973124559,72.281,3823.042,1,0
$CH,49.100,L1CD,28,4710,41.9,9.790356321,-2501.446,-117515.183,1,0
$TIME,2024,1,30,6,10,43.292510
$CH,49.200,L1CD,2,4720,43.4,8.870633143,-1174.662,-55265.672,1,0
$CH,49.200,L1CD,5,4720,43.3,7.293802198,2160.142,102502.704,1,0
$CH,49.200,L1CD,6,4720,44.0,7.188377743,-1048.466,-49179.986,1,0
$CH,49.200,L1CD,12,4720,43.7,0.368752001,3141.183,148526.602,1,0
$CH,49.200,L1CD,13,4720,42.0,1.713241892,522.934,24264.679,1,0
$CH,49.200,L1CD,17,4720,43.2,4.197621496,167.727,7848.322,1,0
$CH,49.200,L1CD,19,4720,42.7,7.715270216,-723.189,-34181.924,1,0
$CH,49.200,L1CD,20,4720,43.2,4.075683669,3766.495,177895.022,1,0
$CH,49.200,L1CD,24,4720,41.5,3.973125779,71.053,3830.168,1,0
$CH,49.200,L1CD,28,4720,41.9,9.790501677,-2502.174,-117765.358,1,0
$TIME,2024,1,30,6,10,43.332883
$CH,49.300,L1CD,2,4730,43.4,8.870673590,-1174.925,-55383.124,1,0
$CH,49.300,L1CD,5,4730,43.3,7.293649355,2160.247,102718.698,1,0
$CH,49.300,L1CD,6,4730,44.0,7.188408533,-1048.815,-49284.858,1,0
$CH,49.300,L1CD,12,4730,43.7,0.368551071,3141.410,148840.721,1,0
$CH,49.300,L1CD,13,4730,42.0,1.713168502,522.694,24316.982,1,0
$CH,49.300,L1CD,17,4730,43.2,4.197622984,167.086,7865.074,1,0
$CH,49.300,L1CD,19,4730,42.7,7.715357358,-723.226,-34254.270,1,0
$CH,49.300,L1CD,20,4730,43.2,4.075448315,3766.386,178271.671,1,0
$CH,49.300,L1CD,24,4730,41.5,3.973125903,71.013,3837.262,1,0
$CH,49.300,L1CD,28,4730,41.9,9.790664769,-2502.331,-118015.544,1,0
$TIME,2024,1,30,6,10,43.372898
$CH,49.400,L1CD,2,4740,43.4,8.870748948,-1174.666,-55500.580,1,0
$CH,49.400,L1CD,5,4740,43.3,7.293535421,2160.745,102934.686,1,0
$CH,49.400,L1CD,6,4740,44.0,7.188471445,-1048.507,-49389.725,1,0
$CH,49.400,L1CD,12,4740,43.7,0.368341252,3141.028,149154.826,1,0
$CH,49.400,L1CD,13,4740,42.0,1.713126338,523.256,24369.293,1,0
$CH,49.400,L1CD,17,4740,43.2,4.197627955,167.380,7881.799,1,0
$CH,49.400,L1CD,19,4740,42.7,7.715379022,-723.034,-34326.605,1,0
$CH,49.400,L1CD,20,4740,43.2,4.075213697,3766.206,178648.308,1,0
$CH,49.400,L1CD,24,4740,41.5,3.973123650,71.049,3844.376,1,0
$CH,49.400,L1CD,28,4740,41.9,9.790830068,-2502.169,-118265.732,1,0
$TIME,2024,1,30,6,10,43.402902
$CH,49.500,L1CD,2,4750,43.4,8.870858100,-1174.379,-55618.036,1,0
$CH,49.500,L1CD,5,4750,43.3,7.293372954,2159.511,103150.676,1,0
$CH,49.500,L1CD,6,4750,44.0,7.188564239,-1048.668,-49494.605,1,0
$CH,49.500,L1CD,12,4750,43.7,0.368130654,3140.865,149468.939,1,0
$CH,49.500,L1CD,13,4750,42.0,1.713124005,522.900,24421.597,1,0
$CH,49.500,L1CD,17,4750,43.2,4.197626139,166.883,7898.536,1,0
$CH,49.500,L1CD,19,4750,42.7,7.715388841,-723.662,-34398.955,1,0
$CH,49.500,L1CD,20,4750,43.2,4.074976351,3766.142,179024.956,1,0
$CH,49.500,L1CD,24,4750,41.5,3.973123913,71.289,3851.482,1,0
$CH,49.500,L1CD,28,4750,41.9,9.790975308,-2502.241,-118515.934,1,0
$TIME,2024,1,30,6,10,43.443063
$CH,49.600,L1CD,2,4760,43.4,8.870901269,-1174.333,-55735.504,1,0
$CH,49.600,L1CD,5,4760,43.3,7.293260340,2159.721,103366.651,1,0
$CH,49.600,L1CD,6,4760,44.0,7.188636762,-1049.184,-49599.498,1,0
$CH,49.600,L1CD,12,4760,43.7,0.367939657,3141.034,149783.032,1,0
$CH,49.600,L1CD,13,4760,42.0,1.713127947,523.081,24473.900,1,0
$CH,49.600,L1CD,17,4760,43.2,4.197626490,167.083,7915.252,1,0
$CH,49.600,L1CD,19,4760,42.7,7.715425238,-722.890,-34471.317,1,0
$CH,49.600,L1CD,20,4760,43.2,4.074740983,3766.481,179401.581,1,0
$CH,49.600,L1CD,24,4760,41.5,3.973126005,71.038,3858.563,1,0
$CH,49.600,L1CD,28,4760,41.9,9.791148326,-2502.142,-118766.141,1,0
$TIME,2024,1,30,6,10,43.483063
$CH,49.700,L1CD,2,4770,43.4,8.870961687,-1174.898,-55852.969,1,0
$CH,49.700,L1CD,5,4770,43.3,7.293105054,2159.537,103582.622,1,0
$CH,49.700,L1CD,6,4770,44.0,7.188673358,-1048.849,-49704.387,1,0
$CH,49.700,L1CD,12,4770,43.7,0.367749501,3140.836,150097.130,1,0
$CH,49.700,L1CD,13,4770,42.0,1.713114801,523.581,24526.202,1,0
$CH,49.700,L1CD,17,4770,43.2,4.197627321,167.111,7931.979,1,0
$CH,49.700,L1CD,19,4770,42.7,7.715487117,-723.547,-34543.665,1,0
$CH,49.700,L1CD,20,4770,43.2,4.074498974,3766.166,179778.222,1,0
$CH,49.700,L1CD,24,4770,41.5,3.973124748,70.615,3865.655,1,0
$CH,49.700,L1CD,28,4770,41.9,9.791300140,-2501.790,-119016.351,1,0
$TIME,2024,1,30,6,10,43.513063
$CH,49.800,L1CD,2,4780,43.4,8.871063043,-1175.119,-55970.446,1,0
$CH,49.800,L1CD,5,4780,43.3,7.292979568,2159.319,103798.576,1,0
$CH,49.800,L1CD,6,4780,44.0,7.188742433,-1049.328,-49809.286,1,0
$CH,49.800,L1CD,12,4780,43.7,0.367548176,3140.913,150411.218,1,0
$CH,49.800,L1CD,13,4780,42.0,1.713083182,523.142,24578.503,1,0
$CH,49.800,L1CD,17,4780,43.2,4.197624153,167.259,7948.691,1,0
$CH,49.800,L1CD,19,4780,42.7,7.715570507,-723.223,-34616.016,1,0
$CH,49.800,L1CD,20,4780,43.2,4.074262212,3765.885,180154.849,1,0
$CH,49.800,L1CD,24,4780,41.5,3.973125500,70.087,3872.728,1,0
$CH,49.800,L1CD,28,4780,41.9,9.791452086,-2502.411,-119266.574,1,0
$TIME,2024,1,30,6,10,43.553212
$CH,49.900,L1CD,2,4790,43.4,8.871137729,-1174.797,-56087.919,1,0
$CH,49.900,L1CD,5,4790,43.3,7.292836315,2159.909,104014.527,1,0
$CH,49.900,L1CD,6,4790,44.0,7.188846136,-1048.893,-49914.185,1,0
$CH,49.900,L1CD,12,4790,43.7,0.367346859,3140.570,150725.300,1,0
$CH,49.900,L1CD,13,4790,42.0,1.713028632,523.168,24630.822,1,0
$CH,49.900,L1CD,17,4790,43.2,4.197624444,167.695,7965.423,1,0
$CH,49.900,L1CD,19,4790,42.7,7.715625974,-723.317,-34688.370,1,0
$CH,49.900,L1CD,20,4790,43.2,4.074020146,3766.483,180531.468,1,0
$CH,49.900,L1CD,24,4790,41.5,3.973123162,70.057,3879.798,1,0
$CH,49.900,L1CD,28,4790,41.9,9.791622987,-2501.848,-119516.788,1,0
$TIME,2024,1,30,6,10,43.583264
$CH,50.000,L1CD,2,4800,43.2,8.871187845,-1174.567,-56205.379,1,0
$CH,50.000,L1CD,5,4800,43.7,7.292697359,2159.333,104230.491,1,0
$CH,50.000,L1CD,6,4800,43.9,7.188896378,-1048.687,-50019.077,1,0
$CH,50.000,L1CD,12,4800,43.5,0.367139347,3140.851,151039.405,1,0
$CH,50.000,L1CD,13,4800,41.9,1.712964879,523.283,24683.155,1,0
$CH,50.000,L1CD,17,4800,42.6,4.197624040,167.020,7982.159,1,0
$CH,50.000,L1CD,19,4800,43.3,7.715633338,-723.455,-34760.711,1,0
$CH,50.000,L1CD,20,4800,43.3,4.073782698,3766.194,180908.115,1,0
$CH,50.000,L1CD,24,4800,41.8,3.973123438,70.880,3886.882,1,0
$CH,50.000,L1CD,28,4800,42.5,9.791765819,-2502.139,-119766.988,1,0
$TIME,2024,1,30,6,10,43.613328
$CH,50.100,L1CD,2,4810,43.2,8.871276769,-1174.433,-56322.829,1,0
$CH,50.100,L1CD,5,4810,43.7,7.292565127,2159.958,104446.452,1,0
$CH,50.100,L1CD,6,4810,43.9,7.188941891,-1048.609,-50123.965,1,0
$CH,50.100,L1CD,12,4810,43.5,0.366950705,3141.345,151353.507,1,0
$CH,50.100,L1CD,13,4810,41.9,1.712889921,523.338,24735.488,1,0
$CH,50.100,L1CD,17,4810,42.6,4.197627334,167.300,7998.893,1,0
$CH,50.100,L1CD,19,4810,43.3,7.715653885,-723.242,-34833.051,1,0
$CH,50.100,L1CD,20,4810,43.3,4.073537550,3766.566,181284.760,1,0
$CH,50.100,L1CD,24,4810,41.8,3.973122787,70.934,3893.966,1,0
$CH,50.100,L1CD,28,4810,42.5,9.791923729,-2501.633,-120017.201,1,0
$TIME,2024,1,30,6,10,43.643662
$CH,50.200,L1CD,2,4820,43.2,8.871375306,-1174.646,-56440.295,1,0
$CH,50.200,L1CD,5,4820,43.7,7.292415258,2159.045,104662.419,1,0
$CH,50.200,L1CD,6,4820,43.9,7.189021714,-1049.071,-50228.850,1,0
$CH,50.200,L1CD,12,4820,43.5,0.366753200,3141.036,151667.606,1,0
$CH,50.200,L1CD,13,4820,41.9,1.712872356,523.796,24787.824,1,0
$CH,50.200,L1CD,17,4820,42.6,4.197624437,167.433,8015.641,1,0
$CH,50.200,L1CD,19,4820,43.3,7.715703587,-723.369,-34905.381,1,0
$CH,50.200,L1CD,20,4820,43.3,4.073298990,3766.232,181661.397,1,0
$CH,50.200,L1CD,24,4820,41.8,3.973119847,70.951,3901.038,1,0
$CH,50.200,L1CD,28,4820,42.5,9.792098527,-2501.919,-120267.406,1,0
$TIME,2024,1,30,6,10,43.673666
$CH,50.300,L1CD,2,4830,43.2,8.871413830,-1175.119,-56557.771,1,0
$CH,50.300,L1CD,5,4830,43.7,7.292295508,2159.525,104878.352,1,0
$CH,50.300,L1CD,6,4830,43.9,7.189127087,-1049.330,-50333.768,1,0
$CH,50.300,L1CD,12,4830,43.5,0.366557121,3140.382,151981.688,1,0
$CH,50.300,L1CD,13,4830,41.9,1.712876844,523.511,24840.157,1,0
$CH,50.300,L1CD,17,4830,42.6,4.197623945,167.358,8032.366,1,0
$CH,50.300,L1CD,19,4830,43.3,7.715773604,-723.610,-34977.738,1,0
$CH,50.300,L1CD,20,4830,43.3,4.073062754,3766.212,182038.024,1,0
$CH,50.300,L1CD,24,4830,41.8,3.973116094,70.783,3908.102,1,0
$CH,50.300,L1CD,28,4830,42.5,9.792240352,-2501.959,-120517.642,1,0
$TIME,2024,1,30,6,10,43.713781
$CH,50.400,L1CD,2,4840,43.2,8.871486710,-1174.805,-56675.248,1,0
$CH,50.400,L1CD,5,4840,43.7,7.292135174,2159.558,105094.292,1,0
$CH,50.400,L1CD,6,4840,43.9,7.189153055,-1049.267,-50438.673,1,0
$CH,50.400,L1CD,12,4840,43.5,0.366348856,3140.949,152295.769,1,0
$CH,50.400,L1CD,13,4840,41.9,1.712873155,522.889,24892.501,1,0
$CH,50.400,L1CD,17,4840,42.6,4.197623259,167.173,8049.098,1,0
$CH,50.400,L1CD,19,4840,43.3,7.715859036,-723.068,-35050.080,1,0
$CH,50.400,L1CD,20,4840,43.3,4.072821812,3766.324,182414.652,1,0
$CH,50.400,L1CD,24,4840,41.8,3.973109695,70.260,3915.162,1,0
$CH,50.400,L1CD,28,4840,42.5,9.792408977,-2502.341,-120767.863,1,0
$TIME,2024,1,30,6,10,43.744232
$CH,50.500,L1CD,2,4850,43.2,8.871593035,-1174.940,-56792.722,1,0
$CH,50.500,L1CD,5,4850,43.7,7.292028463,2159.315,105310.217,1,0
$CH,50.500,L1CD,6,4850,43.9,7.189209595,-1048.796,-50543.591,1,0
$CH,50.500,L1CD,12,4850,43.5,0.366142675,3141.460,152609.840,1,0
$CH,50.500,L1CD,13,4850,41.9,1.712854339,523.507,24944.834,1,0
$CH,50.500,L1CD,17,4850,42.6,4.197621083,167.172,8065.829,1,0
$CH,50.500,L1CD,19,4850,43.3,7.715879537,-723.482,-35122.430,1,0
$CH,50.500,L1CD,20,4850,43.3,4.072586216,3766.165,182791.278,1,0
$CH,50.500,L1CD,24,4850,41.8,3.973100809,70.061,3922.211,1,0
$CH,50.500,L1CD,28,4850,42.5,9.792571096,-2502.048,-121018.093,1,0
$TIME,2024,1,30,6,10,43.774215
$CH,50.600,L1CD,2,4860,43.2,8.871648871,-1174.920,-56910.197,1,0
$CH,50.600,L1CD,5,4860,43.7,7.291867754,2159.242,105526.147,1,0
$CH,50.600,L1CD,6,4860,43.9,7.189297225,-1049.181,-50648.498,1,0
$CH,50.600,L1CD,12,4860,43.5,0.365955153,3140.683,152923.919,1,0
$CH,50.600,L1CD,13,4860,41.9,1.712815167,523.364,24997.178,1,0
$CH,50.600,L1CD,17,4860,42.6,4.197613600,167.225,8082.560,1,0
$CH,50.600,L1CD,19,4860,43.3,7.715896461,-723.213,-35194.773,1,0
$CH,50.600,L1CD,20,4860,43.3,4.072342507,3765.964,183167.904,1,0
$CH,50.600,L1CD,24,4860,41.8,3.973086478,70.402,3929.263,1,0
$CH,50.600,L1CD,28,4860,42.5,9.792717818,-2502.943,-121268.320,1,0
$TIME,2024,1,30,6,10,43.814141
$CH,50.700,L1CD,2,4870,43.2,8.871707609,-1174.630,-57027.683,1,0
$CH,50.700,L1CD,5,4870,43.7,7.291752959,2159.380,105742.075,1,0
$CH,50.700,L1CD,6,4870,43.9,7.189382158,-1049.280,-50753.417,1,0
$CH,50.700,L1CD,12,4870,43.5,0.365761957,3140.644,153237.999,1,0
$CH,50.700,L1CD,13,4870,41.9,1.712757254,523.774,25049.528,1,0
$CH,50.700,L1CD,17,4870,42.6,4.197596834,167.234,8099.294,1,0
$CH,50.700,L1CD,19,4870,43.3,7.715933731,-723.463,-35267.120,1,0
$CH,50.700,L1CD,20,4870,43.3,4.072100578,3766.231,183544.532,1,0
$CH,50.700,L1CD,24,4870,41.8,3.973070637,70.499,3936.311,1,0
$CH,50.700,L1CD,28,4870,42.5,9.792887589,-2502.128,-121518.565,1,0
$TIME,2024,1,30,6,10,43.854302
$CH,50.800,L1CD,2,4880,43.2,8.871804980,-1175.120,-57145.165,1,0
$CH,50.800,L1CD,5,4880,43.7,7.291602828,2159.271,105957.978,1,0
$CH,50.800,L1CD,6,4880,43.9,7.189411272,-1049.665,-50858.340,1,0
$CH,50.800,L1CD,12,4880,43.5,0.365552646,3140.579,153552.071,1,0
$CH,50.800,L1CD,13,4880,41.9,1.712685840,523.367,25101.875,1,0
$CH,50.800,L1CD,17,4880,42.6,4.197577118,167.173,8116.023,1,0
$CH,50.800,L1CD,19,4880,43.3,7.715994452,-723.458,-35339.480,1,0
$CH,50.800,L1CD,20,4880,43.3,4.071858970,3765.649,183921.145,1,0
$CH,50.800,L1CD,24,4880,41.8,3.973052594,70.104,3943.340,1,0
$CH,50.800,L1CD,28,4880,42.5,9.793037243,-2502.657,-121768.803,1,0
$LOG,50.880,L1CD,2,FRAME SYNC (N) TOI=293
$CNV2,32.360,L1CD,2,929F689DDD00EEBFE082900000000000000003E97170CC20CE800156B22E00695F0728933A73337F2D800000000000000000000000000000000000008D7FF3FFE000000000000001B544A68181087DA830106143B7E9A10D35D70B7517F98270015555555555555555555546148C40
$LOG,50.880,L1CD,5,FRAME SYNC (R) TOI=293
$CNV2,32.360,L1CD,5,929F689DDD00EEBFC89A90000000000000000729FF1F3009DE40002B583FFF9675553D9349733340A580000000000000000000000000000000000001E9C00D002000000000000001B5042F5C02887DA830106143B7E9A10D35D70B7517F9827001555555555555555555554DFA1BC0
$LOG,50.880,L1CD,6,FRAME SYNC (R) TOI=293
$CNV2,32.360,L1CD,6,929F689DDD00EE808E24F00000000000000003566B31D8006E0001728246006B6BB6A793A7D3337FAD8000000000000000000000000000000000000044000D002000000000000001B525B6EA83087DA830106143B7E9A10D35D70B7517F98270015555555555555555555549F1FE40
$LOG,50.890,L1CD,12,FRAME SYNC (N) TOI=293
$CNV2,32.370,L1CD,12,929F689DDD00EEBFFD72E000000000000000019617FBE80C6140003FE042001A2949DB942C833341C580000000000000000000000000000000000000660000000000000000000001B552B38086087DA830106143B7E9A10D35D70B7517F98270015555555555555555555551C9A340
$LOG,50.890,L1CD,17,FRAME SYNC (N) TOI=293
$CNV2,32.370,L1CD,17,929F689DDD00EE807F0B900000000000000005447C975C1719C001638FE00043C226E513EBFB3340ED80000000000000000000000000000000000001CB4000000000000000000001B53F4FF608887DA830106143B7E9A10D35D70B7517F9827001555555555555555555554D433EA0
$LOG,50.890,L1CD,19,FRAME SYNC (R) TOI=293
$CNV2,32.370,L1CD,19,929F689DDD00EEBFDB7A40000000000000000205EA6900155800004772AA0045A0644513DCF33340CD80000000000000000000000000000000000001774000000000000000000001B5077F4B09887DA830106143B7E9A10D35D70B7517F9827001555555555555555555554AB187A0
$LOG,50.890,L1CD,20,FRAME SYNC (R) TOI=293
$CNV2,32.370,L1CD,20,929F689DDD00EEBFA4BED0000000000000000530753CE409A78000773F7A0092DB631F12E0D33340058000000000000000000000000000000000000073800D002000000000000001B545BD8E8A087DA830106143B7E9A10D35D70B7517F982700155555555555555555555415F1020
$LOG,50.890,L1CD,24,FRAME SYNC (N) TOI=293
$CNV2,32.370,L1CD,24,929F689DDD00EE803C5BF000000000000000034A2DCDB809CCC0001FF9B601E9DD4DB9134DA3337EFD80000000000000000000000000000000000001F98000000000000000000001B5138AED8C087DA830106143B7E9A10D35D70B7517F98270015555555555555555555551708620
$LOG,50.890,L1CD,28,FRAME SYNC (N) TOI=293
$CNV2,32.370,L1CD,28,929F689DDD00EEBFEDB8A00000000000000007128C988428E700017CE50A011B2CB3AB14289B3341D58000000000000000000000000000000000000092800C802000000000000001B56E1DED0E087DA830106143B7E9A10D35D70B7517F9827001555555555555555555555E95F420
$LOG,50.900,L1CD,13,FRAME SYNC (N) TOI=293
$CNV2,32.380,L1CD,13,929F689DDD00EE8023D2F00000000000000003708BD3B8083800009D820801C640846E13C77333409580000000000000000000000000000000000001F2FFF3FFE000000000000001B524D5D186887DA830106143B7E9A10D35D70B7517F9827001555555555555555555555230FFC0
$TIME,2024,1,30,6,10,44.034444
$CH,50.900,L1CD,2,4890,43.2,8.871885838,-1174.735,-57262.656,2,0
$CH,50.900,L1CD,5,4890,43.7,7.291475472,2159.192,106173.883,2,0
$CH,50.900,L1CD,6,4890,43.9,7.189472747,-1049.491,-50963.278,2,0
$CH,50.900,L1CD,12,4890,43.5,0.365345307,3140.365,153866.120,2,0
$CH,50.900,L1CD,13,4890,41.9,1.712628348,523.339,25154.219,2,0
$CH,50.900,L1CD,17,4890,42.6,4.197548594,167.225,8132.746,2,0
$CH,50.900,L1CD,19,4890,43.3,7.716077467,-723.655,-35411.828,2,0
$CH,50.900,L1CD,20,4890,43.3,4.071617700,3766.408,184297.754,2,0
$CH,50.900,L1CD,24,4890,41.8,3.973032283,70.499,3950.368,2,0
$CH,50.900,L1CD,28,4890,42.5,9.793191447,-2502.568,-122019.056,2,0
$TIME,2024,1,30,6,10,44.084651
$CH,51.000,L1CD,2,4900,43.4,8.871932030,-1174.473,-57380.144,2,0
$CH,51.000,L1CD,5,4900,43.9,7.291338153,2159.257,106389.786,2,0
$CH,51.000,L1CD,6,4900,44.1,7.189568290,-1049.737,-51068.205,2,0
$CH,51.000,L1CD,12,4900,43.7,0.365138297,3140.619,154180.199,2,0
$CH,51.000,L1CD,13,4900,42.1,1.712628168,523.782,25206.580,2,0
$CH,51.000,L1CD,17,4900,43.1,4.197514372,167.536,8149.475,2,0
$CH,51.000,L1CD,19,4900,43.1,7.716124823,-723.571,-35484.171,2,0
$CH,51.000,L1CD,20,4900,43.4,4.071374683,3766.058,184674.382,2,0
$CH,51.000,L1CD,24,4900,42.3,3.973011404,69.980,3957.405,2,0
$CH,51.000,L1CD,28,4900,42.3,9.793372814,-2502.112,-122269.301,2,0
$TIME,2024,1,30,6,10,44.124669
$CH,51.100,L1CD,2,4910,43.4,8.872015142,-1174.989,-57497.625,2,0
$CH,51.100,L1CD,5,4910,43.9,7.291196844,2159.437,106605.689,2,0
$CH,51.100,L1CD,6,4910,44.1,7.189634995,-1048.877,-51173.129,2,0
$CH,51.100,L1CD,12,4910,43.7,0.364953043,3140.760,154494.267,2,0
$CH,51.100,L1CD,13,4910,42.1,1.712625523,523.802,25258.942,2,0
$CH,51.100,L1CD,17,4910,43.1,4.197477363,166.854,8166.213,2,0
$CH,51.100,L1CD,19,4910,43.1,7.716135446,-723.539,-35556.514,2,0
$CH,51.100,L1CD,20,4910,43.4,4.071135342,3766.031,185050.999,2,0
$CH,51.100,L1CD,24,4910,42.3,3.972987473,70.314,3964.432,2,0
$CH,51.100,L1CD,28,4910,42.3,9.793514556,-2502.623,-122519.540,2,0
$TIME,2024,1,30,6,10,44.154812
$CH,51.200,L1CD,2,4920,43.4,8.872127399,-1175.029,-57615.117,2,0
$CH,51.200,L1CD,5,4920,43.9,7.291063059,2159.069,106821.593,2,0
$CH,51.200,L1CD,6,4920,44.1,7.189671962,-1048.909,-51278.060,2,0
$CH,51.200,L1CD,12,4920,43.7,0.364758354,3140.089,154808.329,2,0
$CH,51.200,L1CD,13,4920,42.1,1.712613736,523.814,25311.313,2,0
$CH,51.200,L1CD,17,4920,43.1,4.197436042,167.122,8182.944,2,0
$CH,51.200,L1CD,19,4920,43.1,7.716161264,-723.425,-35628.859,2,0
$CH,51.200,L1CD,20,4920,43.4,4.070900815,3766.061,185427.619,2,0
$CH,51.200,L1CD,24,4920,42.3,3.972959176,69.885,3971.465,2,0
$CH,51.200,L1CD,28,4920,42.3,9.793671083,-2502.509,-122769.795,2,0
$TIME,2024,1,30,6,10,44.194805
$CH,51.300,L1CD,2,4930,43.4,8.872163444,-1175.103,-57732.603,2,0
$CH,51.300,L1CD,5,4930,43.9,7.290910483,2158.532,107037.475,2,0
$CH,51.300,L1CD,6,4930,44.1,7.189741100,-1049.744,-51382.999,2,0
$CH,51.300,L1CD,12,4930,43.7,0.364561588,3140.674,155122.380,2,0
$CH,51.300,L1CD,13,4930,42.1,1.712583151,523.392,25363.684,2,0
$CH,51.300,L1CD,17,4930,43.1,4.197388676,167.687,8199.672,2,0
$CH,51.300,L1CD,19,4930,43.1,7.716212772,-723.156,-35701.212,2,0
$CH,51.300,L1CD,20,4930,43.4,4.070660123,3766.423,185804.229,2,0
$CH,51.300,L1CD,24,4930,42.3,3.972932044,70.209,3978.469,2,0
$CH,51.300,L1CD,28,4930,42.3,9.793844594,-2502.427,-123020.056,2,0
$TIME,2024,1,30,6,10,44.228867
$CH,51.400,L1CD,2,4940,43.4,8.872231824,-1174.983,-57850.102,2,0
$CH,51.400,L1CD,5,4940,43.9,7.290790193,2159.214,107253.356,2,0
$CH,51.400,L1CD,6,4940,44.1,7.189842803,-1049.875,-51487.940,2,0
$CH,51.400,L1CD,12,4940,43.7,0.364356209,3140.311,155436.428,2,0
$CH,51.400,L1CD,13,4940,42.1,1.712535130,522.761,25416.048,2,0
$CH,51.400,L1CD,17,4940,43.1,4.197370851,167.273,8216.406,2,0
$CH,51.400,L1CD,19,4940,43.1,7.716289828,-723.388,-35773.559,2,0
$CH,51.400,L1CD,20,4940,43.4,4.070419943,3766.053,186180.837,2,0
$CH,51.400,L1CD,24,4940,42.3,3.972901081,69.833,3985.484,2,0
$CH,51.400,L1CD,28,4940,42.3,9.793984806,-2502.818,-123270.314,2,0
$TIME,2024,1,30,6,10,44.254960
$CH,51.500,L1CD,2,4950,43.4,8.872338244,-1174.372,-57967.604,2,0
$CH,51.500,L1CD,5,4950,43.9,7.290627603,2159.213,107469.217,2,0
$CH,51.500,L1CD,6,4950,44.1,7.189892463,-1050.381,-51592.894,2,0
$CH,51.500,L1CD,12,4950,43.7,0.364148745,3140.645,155750.472,2,0
$CH,51.500,L1CD,13,4950,42.1,1.712469186,523.524,25468.407,2,0
$CH,51.500,L1CD,17,4950,43.1,4.197374517,167.834,8233.121,2,0
$CH,51.500,L1CD,19,4950,43.1,7.716376130,-723.626,-35845.912,2,0
$CH,51.500,L1CD,20,4950,43.4,4.070185985,3765.721,186557.448,2,0
$CH,51.500,L1CD,24,4950,42.3,3.972872722,70.097,3992.472,2,0
$CH,51.500,L1CD,28,4950,42.3,9.794156091,-2503.062,-123520.592,2,0
$TIME,2024,1,30,6,10,44.295022
$CH,51.600,L1CD,2,4960,43.4,8.872396322,-1175.060,-58085.094,2,0
$CH,51.600,L1CD,5,4960,43.9,7.290518235,2158.986,107685.106,2,0
$CH,51.600,L1CD,6,4960,44.1,7.189938084,-1049.108,-51697.843,2,0
$CH,51.600,L1CD,12,4960,43.7,0.363957681,3140.740,156064.531,2,0
$CH,51.600,L1CD,13,4960,42.1,1.712395244,524.144,25520.796,2,0
$CH,51.600,L1CD,17,4960,43.1,4.197373201,167.397,8249.863,2,0
$CH,51.600,L1CD,19,4960,43.1,7.716380788,-723.113,-35918.254,2,0
$CH,51.600,L1CD,20,4960,43.4,4.069947863,3766.393,186934.062,2,0
$CH,51.600,L1CD,24,4960,42.3,3.972876933,70.009,3999.490,2,0
$CH,51.600,L1CD,28,4960,42.3,9.794319752,-2502.258,-123770.848,2,0
$TIME,2024,1,30,6,10,44.325140
$CH,51.700,L1CD,2,4970,43.4,8.872452005,-1174.953,-58202.582,2,0
$CH,51.700,L1CD,5,4970,43.9,7.290363093,2158.338,107900.983,2,0
$CH,51.700,L1CD,6,4970,44.1,7.190019034,-1049.313,-51802.773,2,0
$CH,51.700,L1CD,12,4970,43.7,0.363764957,3140.865,156378.587,2,0
$CH,51.700,L1CD,13,4970,42.1,1.712377583,524.110,25573.180,2,0
$CH,51.700,L1CD,17,4970,43.1,4.197375058,167.245,8266.606,2,0
$CH,51.700,L1CD,19,4970,43.1,7.716399370,-723.335,-35990.595,2,0
$CH,51.700,L1CD,20,4970,43.4,4.069714083,3765.988,187310.686,2,0
$CH,51.700,L1CD,24,4970,42.3,3.972874914,70.042,4006.499,2,0
$CH,51.700,L1CD,28,4970,42.3,9.794467223,-2502.476,-124021.105,2,0
$TIME,2024,1,30,6,10,44.355506
$CH,51.800,L1CD,2,4980,43.4,8.872547427,-1174.786,-58320.085,2,0
$CH,51.800,L1CD,5,4980,43.9,7.290242333,2158.798,108116.853,2,0
$CH,51.800,L1CD,6,4980,44.1,7.190123929,-1049.634,-51907.725,2,0
$CH,51.800,L1CD,12,4980,43.7,0.363563833,3140.437,156692.641,2,0
$CH,51.800,L1CD,13,4980,42.1,1.712375137,524.039,25625.565,2,0
$CH,51.800,L1CD,17,4980,43.1,4.197371270,167.449,8283.342,2,0
$CH,51.800,L1CD,19,4980,43.1,7.716437846,-722.929,-36062.943,2,0
$CH,51.800,L1CD,20,4980,43.4,4.069475326,3766.070,187687.293,2,0
$CH,51.800,L1CD,24,4980,42.3,3.972871455,69.510,4013.491,2,0
$CH,51.800,L1CD,28,4980,42.3,9.794637214,-2502.991,-124271.376,2,0
$TIME,2024,1,30,6,10,44.385506
$CH,51.900,L1CD,2,4990,43.4,8.872638799,-1174.920,-58437.578,2,0
$CH,51.900,L1CD,5,4990,43.9,7.290100807,2158.806,108332.713,2,0
$CH,51.900,L1CD,6,4990,44.1,7.190153764,-1049.436,-52012.685,2,0
$CH,51.900,L1CD,12,4990,43.7,0.363357579,3140.551,157006.677,2,0
$CH,51.900,L1CD,13,4990,42.1,1.712369192,523.908,25677.969,2,0
$CH,51.900,L1CD,17,4990,43.1,4.197377616,166.973,8300.077,2,0
$CH,51.900,L1CD,19,4990,43.1,7.716504098,-723.581,-36135.287,2,0
$CH,51.900,L1CD,20,4990,43.4,4.069236989,3765.777,188063.908,2,0
$CH,51.900,L1CD,24,4990,42.3,3.972877101,69.869,4020.479,2,0
$CH,51.900,L1CD,28,4990,42.3,9.794786495,-2502.211,-124521.648,2,0
$LOG,52.000,L1CD,9,SIGNAL NOT FOUND (32.2)
$TIME,2024,1,30,6,10,44.948254
$CH,52.000,L1CD,2,5000,43.3,8.872682026,-1174.958,-58555.085,2,0
$CH,52.000,L1CD,5,5000,43.8,7.289968815,2158.213,108548.562,2,0
$CH,52.000,L1CD,6,5000,43.8,7.190207848,-1049.359,-52117.640,2,0
$CH,52.000,L1CD,12,5000,43.7,0.363153089,3140.736,157320.715,2,0
$CH,52.000,L1CD,13,5000,42.6,1.712351020,524.089,25730.358,2,0
$CH,52.000,L1CD,17,5000,42.9,4.197372641,167.467,8316.810,2,0
$CH,52.000,L1CD,19,5000,43.1,7.716587287,-723.217,-36207.631,2,0
$CH,52.000,L1CD,20,5000,43.1,4.068996857,3766.314,188440.508,2,0
$CH,52.000,L1CD,24,5000,42.3,3.972874878,70.006,4027.473,2,0
$CH,52.000,L1CD,28,5000,42.3,9.794941664,-2503.118,-124771.926,2,0
$TIME,2024,1,30,6,10,44.978261
$CH,52.100,L1CD,2,5010,43.3,8.872765418,-1175.010,-58672.571,2,0
$CH,52.100,L1CD,5,5010,43.8,7.289832073,2158.962,108764.429,2,0
$CH,52.100,L1CD,6,5010,43.8,7.190296510,-1049.657,-52222.580,2,0
$CH,52.100,L1CD,12,5010,43.7,0.362962720,3140.520,157634.773,2,0
$CH,52.100,L1CD,13,5010,42.6,1.712308871,523.403,25782.780,2,0
$CH,52.100,L1CD,17,5010,42.9,4.197376560,167.877,8333.558,2,0
$CH,52.100,L1CD,19,5010,43.1,7.716625064,-723.259,-36279.954,2,0
$CH,52.100,L1CD,20,5010,43.1,4.068759414,3766.217,188817.134,2,0
$CH,52.100,L1CD,24,5010,42.3,3.972872268,69.891,4034.465,2,0
$CH,52.100,L1CD,28,5010,42.3,9.795119145,-2502.933,-125022.193,2,0
$TIME,2024,1,30,6,10,45.018169
$CH,52.200,L1CD,2,5020,43.3,8.872877826,-1175.215,-58790.065,2,0
$CH,52.200,L1CD,5,5020,43.8,7.289687776,2158.284,108980.278,2,0
$CH,52.200,L1CD,6,5020,43.8,7.190377872,-1049.804,-52327.541,2,0
$CH,52.200,L1CD,12,5020,43.7,0.362769234,3140.568,157948.818,2,0
$CH,52.200,L1CD,13,5020,42.6,1.712253732,524.172,25835.177,2,0
$CH,52.200,L1CD,17,5020,42.9,4.197378760,167.469,8350.305,2,0
$CH,52.200,L1CD,19,5020,43.1,7.716632817,-723.447,-36352.294,2,0
$CH,52.200,L1CD,20,5020,43.1,4.068516675,3765.732,189193.747,2,0
$CH,52.200,L1CD,24,5020,42.3,3.972872586,69.878,4041.471,2,0
$CH,52.200,L1CD,28,5020,42.3,9.795259733,-2502.935,-125272.465,2,0
$TIME,2024,1,30,6,10,45.048673
$CH,52.300,L1CD,2,5030,43.3,8.872915625,-1174.843,-58907.575,2,0
$CH,52.300,L1CD,5,5030,43.8,7.289563923,2158.505,109196.120,2,0
$CH,52.300,L1CD,6,5030,43.8,7.190407708,-1049.449,-52432.503,2,0
$CH,52.300,L1CD,12,5030,43.7,0.362568946,3139.929,158262.852,2,0
$CH,52.300,L1CD,13,5030,42.6,1.712184873,524.450,25887.589,2,0
$CH,52.300,L1CD,17,5030,42.9,4.197373936,167.258,8367.042,2,0
$CH,52.300,L1CD,19,5030,43.1,7.716661221,-723.249,-36424.638,2,0
$CH,52.300,L1CD,20,5030,43.1,4.068278766,3766.000,189570.351,2,0
$CH,52.300,L1CD,24,5030,42.3,3.972877879,69.181,4048.436,2,0
$CH,52.300,L1CD,28,5030,42.3,9.795425420,-2502.849,-125522.745,2,0
$TIME,2024,1,30,6,10,45.078667
$CH,52.400,L1CD,2,5040,43.3,8.872982723,-1174.953,-59025.069,2,0
$CH,52.400,L1CD,5,5040,43.8,7.289405161,2158.029,109411.977,2,0
$CH,52.400,L1CD,6,5040,43.8,7.190471145,-1049.213,-52537.456,2,0
$CH,52.400,L1CD,12,5040,43.7,0.362356425,3140.721,158576.899,2,0
$CH,52.400,L1CD,13,5040,42.6,1.712128753,524.141,25940.016,2,0
$CH,52.400,L1CD,17,5040,42.9,4.197376809,167.322,8383.792,2,0
$CH,52.400,L1CD,19,5040,43.1,7.716714967,-723.583,-36496.965,2,0
$CH,52.400,L1CD,20,5040,43.1,4.068042230,3766.025,189946.970,2,0
$CH,52.400,L1CD,24,5040,42.3,3.972875138,70.006,4055.417,2,0
$CH,52.400,L1CD,28,5040,42.3,9.795596303,-2503.461,-125773.024,2,0
$TIME,2024,1,30,6,10,45.108561
$CH,52.500,L1CD,2,5050,43.3,8.873091456,-1175.129,-59142.571,2,0
$CH,52.500,L1CD,5,5050,43.8,7.289293466,2158.472,109627.800,2,0
$CH,52.500,L1CD,6,5050,43.8,7.190567221,-1049.285,-52642.431,2,0
$CH,52.500,L1CD,12,5050,43.7,0.362155386,3140.485,158890.931,2,0
$CH,52.500,L1CD,13,5050,42.6,1.712127255,524.274,25992.421,2,0
$CH,52.500,L1CD,17,5050,42.9,4.197377213,167.515,8400.526,2,0
$CH,52.500,L1CD,19,5050,43.1,7.716792391,-723.505,-36569.304,2,0
$CH,52.500,L1CD,20,5050,43.1,4.067802449,3766.163,190323.574,2,0
$CH,52.500,L1CD,24,5050,42.3,3.972873464,69.511,4062.387,2,0
$CH,52.500,L1CD,28,5050,42.3,9.795739248,-2502.953,-126023.314,2,0
$TIME,2024,1,30,6,10,45.138815
$CH,52.600,L1CD,2,5060,43.3,8.873149542,-1175.132,-59260.086,2,0
$CH,52.600,L1CD,5,5060,43.8,7.289127448,2157.778,109843.623,2,0
$CH,52.600,L1CD,6,5060,43.8,7.190632658,-1050.154,-52747.395,2,0
$CH,52.600,L1CD,12,5060,43.7,0.361962472,3140.410,159204.955,2,0
$CH,52.600,L1CD,13,5060,42.6,1.712123226,523.948,26044.840,2,0
$CH,52.600,L1CD,17,5060,42.9,4.197372807,167.109,8417.265,2,0
$CH,52.600,L1CD,19,5060,43.1,7.716872205,-724.086,-36641.647,2,0
$CH,52.600,L1CD,20,5060,43.1,4.067565510,3765.941,190700.170,2,0
$CH,52.600,L1CD,24,5060,42.3,3.972871876,69.669,4069.355,2,0
$CH,52.600,L1CD,28,5060,42.3,9.795906696,-2503.455,-126273.602,2,0
$TIME,2024,1,30,6,10,45.168836
$CH,52.700,L1CD,2,5070,43.3,8.873202954,-1175.043,-59377.601,2,0
$CH,52.700,L1CD,5,5070,43.8,7.289014608,2158.424,110059.436,2,0
$CH,52.700,L1CD,6,5070,43.8,7.190668332,-1049.343,-52852.378,2,0
$CH,52.700,L1CD,12,5070,43.7,0.361770549,3140.198,159518.978,2,0
$CH,52.700,L1CD,13,5070,42.6,1.712110912,524.432,26097.263,2,0
$CH,52.700,L1CD,17,5070,42.9,4.197373290,167.573,8433.998,2,0
$CH,52.700,L1CD,19,5070,43.1,7.716877538,-723.268,-36713.999,2,0
$CH,52.700,L1CD,20,5070,43.1,4.067326886,3765.986,191076.771,2,0
$CH,52.700,L1CD,24,5070,42.3,3.972871871,69.268,4076.306,2,0
$CH,52.700,L1CD,28,5070,42.3,9.796063436,-2503.032,-126523.906,2,0
$TIME,2024,1,30,6,10,45.208826
$CH,52.800,L1CD,2,5080,43.3,8.873296380,-1175.308,-59495.107,2,0
$CH,52.800,L1CD,5,5080,43.8,7.288858908,2158.461,110275.265,2,0
$CH,52.800,L1CD,6,5080,43.8,7.190739559,-1049.751,-52957.349,2,0
$CH,52.800,L1CD,12,5080,43.7,0.361567535,3140.333,159833.005,2,0
$CH,52.800,L1CD,13,5080,42.6,1.712079310,524.229,26149.700,2,0
$CH,52.800,L1CD,17,5080,42.9,4.197371837,167.484,8450.752,2,0
$CH,52.800,L1CD,19,5080,43.1,7.716897099,-723.492,-36786.333,2,0
$CH,52.800,L1CD,20,5080,43.1,4.067086283,3766.004,191453.382,2,0
$CH,52.800,L1CD,24,5080,42.3,3.972873504,69.557,4083.269,2,0
$CH,52.800,L1CD,28,5080,42.3,9.796213213,-2503.064,-126774.201,2,0
$TIME,2024,1,30,6,10,45.238996
$CH,52.900,L1CD,2,5090,43.3,8.873386582,-1174.650,-59612.614,2,0
$CH,52.900,L1CD,5,5090,43.8,7.288734662,2158.203,110491.085,2,0
$CH,52.900,L1CD,6,5090,43.8,7.190844345,-1050.006,-53062.322,2,0
$CH,52.900,L1CD,12,5090,43.7,0.361357385,3140.179,160147.038,2,0
$CH,52.900,L1CD,13,5090,42.6,1.712031969,523.924,26202.139,2,0
$CH,52.900,L1CD,17,5090,42.9,4.197366487,167.367,8467.505,2,0
$CH,52.900,L1CD,19,5090,43.1,7.716937059,-723.601,-36858.660,2,0
$CH,52.900,L1CD,20,5090,43.1,4.066841953,3766.522,191829.988,2,0
$CH,52.900,L1CD,24,5090,42.3,3.972874770,69.989,4090.229,2,0
$CH,52.900,L1CD,28,5090,42.3,9.796384622,-2503.560,-127024.487,2,0
$TIME,2024,1,30,6,10,45.269017
$CH,53.000,L1CD,2,5100,43.3,8.873430137,-1175.526,-59730.120,2,0
$CH,53.000,L1CD,5,5100,44.0,7.288590630,2158.087,110706.897,2,0
$CH,53.000,L1CD,6,5100,43.9,7.190892105,-1050.326,-53167.299,2,0
$CH,53.000,L1CD,12,5100,43.4,0.361156684,3140.152,160461.065,2,0
$CH,53.000,L1CD,13,5100,42.7,1.711964413,524.408,26254.565,2,0
$CH,53.000,L1CD,17,5100,42.5,4.197355130,167.250,8484.255,2,0
$CH,53.000,L1CD,19,5100,42.8,7.717004690,-723.325,-36930.998,2,0
$CH,53.000,L1CD,20,5100,43.1,4.066602534,3765.758,192206.591,2,0
$CH,53.000,L1CD,24,5100,41.7,3.972874936,69.658,4097.179,2,0
$CH,53.000,L1CD,28,5100,42.2,9.796535805,-2502.862,-127274.790,2,0
$TIME,2024,1,30,6,10,45.299104
$CH,53.100,L1CD,2,5110,43.3,8.873509682,-1175.075,-59847.635,2,0
$CH,53.100,L1CD,5,5110,44.0,7.288455287,2158.243,110922.698,2,0
$CH,53.100,L1CD,6,5110,43.9,7.190934960,-1049.387,-53272.291,2,0
$CH,53.100,L1CD,12,5110,43.4,0.360968428,3139.978,160775.076,2,0
$CH,53.100,L1CD,13,5110,42.7,1.711892694,524.712,26307.008,2,0
$CH,53.100,L1CD,17,5110,42.5,4.197337205,167.608,8500.986,2,0
$CH,53.100,L1CD,19,5110,42.8,7.717090088,-722.750,-37003.331,2,0
$CH,53.100,L1CD,20,5110,43.1,4.066360021,3766.220,192583.194,2,0
$CH,53.100,L1CD,24,5110,41.7,3.972878457,69.947,4104.113,2,0
$CH,53.100,L1CD,28,5110,42.2,9.796688587,-2503.329,-127525.094,2,0
$TIME,2024,1,30,6,10,45.331752
$CH,53.200,L1CD,2,5120,43.3,8.873623574,-1174.759,-59965.143,2,0
$CH,53.200,L1CD,5,5120,44.0,7.288325168,2158.378,111138.506,2,0
$CH,53.200,L1CD,6,5120,43.9,7.191015850,-1049.565,-53377.266,2,0
$CH,53.200,L1CD,12,5120,43.4,0.360769919,3140.337,161089.109,2,0
$CH,53.200,L1CD,13,5120,42.7,1.711876534,524.112,26359.471,2,0
$CH,53.200,L1CD,17,5120,42.5,4.197314531,167.522,8517.745,2,0
$CH,53.200,L1CD,19,5120,42.8,7.717127642,-723.337,-37075.656,2,0
$CH,53.200,L1CD,20,5120,43.1,4.066121133,3765.782,192959.800,2,0
$CH,53.200,L1CD,24,5120,41.7,3.972874943,68.816,4111.077,2,0
$CH,53.200,L1CD,28,5120,42.2,9.796866241,-2502.861,-127775.384,2,0
$TIME,2024,1,30,6,10,45.369286
$CH,53.300,L1CD,2,5130,43.3,8.873659869,-1175.450,-60082.666,2,0
$CH,53.300,L1CD,5,5130,44.0,7.288180293,2157.452,111354.297,2,0
$CH,53.300,L1CD,6,5130,43.9,7.191119598,-1050.900,-53482.264,2,0
$CH,53.300,L1CD,12,5130,43.4,0.360568873,3139.845,161403.114,2,0
$CH,53.300,L1CD,13,5130,42.7,1.711875760,524.300,26411.910,2,0
$CH,53.300,L1CD,17,5130,42.5,4.197285755,167.315,8534.481,2,0
$CH,53.300,L1CD,19,5130,42.8,7.717136263,-723.777,-37148.001,2,0
$CH,53.300,L1CD,20,5130,43.1,4.065878508,3766.142,193336.383,2,0
$CH,53.300,L1CD,24,5130,41.7,3.972872437,69.020,4118.008,2,0
$CH,53.300,L1CD,28,5130,42.2,9.797004962,-2503.579,-128025.701,2,0
$TIME,2024,1,30,6,10,45.399282
$CH,53.400,L1CD,2,5140,43.3,8.873724074,-1174.934,-60200.191,2,0
$CH,53.400,L1CD,5,5140,44.0,7.288054007,2158.194,111570.067,2,0
$CH,53.400,L1CD,6,5140,43.9,7.191148898,-1049.511,-53587.266,2,0
$CH,53.400,L1CD,12,5140,43.4,0.360358687,3140.741,161717.113,2,0
$CH,53.400,L1CD,13,5140,42.7,1.711869676,524.669,26464.344,2,0
$CH,53.400,L1CD,17,5140,42.5,4.197253675,167.339,8551.211,2,0
$CH,53.400,L1CD,19,5140,42.8,7.717167483,-723.105,-37220.351,2,0
$CH,53.400,L1CD,20,5140,43.1,4.065636960,3765.562,193712.980,2,0
$CH,53.400,L1CD,24,5140,41.7,3.972877116,69.072,4124.928,2,0
$CH,53.400,L1CD,28,5140,42.2,9.797169887,-2503.562,-128276.029,2,0
$TIME,2024,1,30,6,10,45.431936
$CH,53.500,L1CD,2,5150,43.3,8.873829230,-1175.583,-60317.710,2,0
$CH,53.500,L1CD,5,5150,44.0,7.287896204,2157.946,111785.857,2,0
$CH,53.500,L1CD,6,5150,43.9,7.191198981,-1050.462,-53692.258,2,0
$CH,53.500,L1CD,12,5150,43.4,0.360160895,3140.444,162031.118,2,0
$CH,53.500,L1CD,13,5150,42.7,1.711848602,524.281,26516.808,2,0
$CH,53.500,L1CD,17,5150,42.5,4.197213345,168.101,8567.959,2,0
$CH,53.500,L1CD,19,5150,42.8,7.717226675,-723.320,-37292.691,2,0
$CH,53.500,L1CD,20,5150,43.1,4.065401449,3765.470,194089.578,2,0
$CH,53.500,L1CD,24,5150,41.7,3.972877065,69.130,4131.852,2,0
$CH,53.500,L1CD,28,5150,42.2,9.797340082,-2502.738,-128526.348,2,0
$TIME,2024,1,30,6,10,45.459528
$CH,53.600,L1CD,2,5160,43.3,8.873893653,-1175.619,-60435.245,2,0
$CH,53.600,L1CD,5,5160,44.0,7.287781143,2157.702,112001.631,2,0
$CH,53.600,L1CD,6,5160,43.9,7.191290771,-1049.930,-53797.269,2,0
$CH,53.600,L1CD,12,5160,43.4,0.359975414,3139.979,162345.122,2,0
$CH,53.600,L1CD,13,5160,42.7,1.711810813,524.891,26569.253,2,0
$CH,53.600,L1CD,17,5160,42.5,4.197168101,167.813,8584.709,2,0
$CH,53.600,L1CD,19,5160,42.8,7.717306447,-723.311,-37365.029,2,0
$CH,53.600,L1CD,20,5160,43.1,4.065162321,3765.601,194466.160,2,0
$CH,53.600,L1CD,24,5160,41.7,3.972877239,68.867,4138.780,2,0
$CH,53.600,L1CD,28,5160,42.2,9.797484405,-2503.572,-128776.666,2,0
$TIME,2024,1,30,6,10,45.489498
$CH,53.700,L1CD,2,5170,43.3,8.873945157,-1175.030,-60552.766,2,0
$CH,53.700,L1CD,5,5170,44.0,7.287623887,2157.459,112217.408,2,0
$CH,53.700,L1CD,6,5170,43.9,7.191380951,-1050.042,-53902.261,2,0
$CH,53.700,L1CD,12,5170,43.4,0.359779890,3140.429,162659.125,2,0
$CH,53.700,L1CD,13,5170,42.7,1.711753892,524.633,26621.723,2,0
$CH,53.700,L1CD,17,5170,42.5,4.197122732,167.714,8601.449,2,0
$CH,53.700,L1CD,19,5170,42.8,7.717375009,-723.322,-37437.363,2,0
$CH,53.700,L1CD,20,5170,43.1,4.064922798,3765.993,194842.753,2,0
$CH,53.700,L1CD,24,5170,41.7,3.972872206,68.994,4145.690,2,0
$CH,53.700,L1CD,28,5170,42.2,9.797651709,-2502.906,-129026.992,2,0
$TIME,2024,1,30,6,10,45.519499
$CH,53.800,L1CD,2,5180,43.3,8.874035234,-1175.448,-60670.265,2,0
$CH,53.800,L1CD,5,5180,44.0,7.287510340,2158.019,112433.200,2,0
$CH,53.800,L1CD,6,5180,43.9,7.191409688,-1050.269,-54007.241,2,0
$CH,53.800,L1CD,12,5180,43.4,0.359575795,3140.553,162973.156,2,0
$CH,53.800,L1CD,13,5180,42.7,1.711679515,524.999,26674.210,2,0
$CH,53.800,L1CD,17,5180,42.5,4.197128106,167.279,8618.221,2,0
$CH,53.800,L1CD,19,5180,42.8,7.717381380,-722.895,-37509.674,2,0
$CH,53.800,L1CD,20,5180,43.1,4.064688426,3766.097,195219.371,2,0
$CH,53.800,L1CD,24,5180,41.7,3.972874181,69.981,4152.631,2,0
$CH,53.800,L1CD,28,5180,42.2,9.797812613,-2503.080,-129277.295,2,0
$TIME,2024,1,30,6,10,45.549599
$CH,53.900,L1CD,2,5190,43.3,8.874133164,-1175.511,-60787.780,2,0
$CH,53.900,L1CD,5,5190,44.0,7.287355022,2158.003,112648.970,2,0
$CH,53.900,L1CD,6,5190,43.9,7.191471039,-1049.893,-54112.244,2,0
$CH,53.900,L1CD,12,5190,43.4,0.359366447,3139.942,163287.172,2,0
$CH,53.900,L1CD,13,5190,42.7,1.711626520,524.253,26726.697,2,0
$CH,53.900,L1CD,17,5190,42.5,4.197127562,167.656,8634.978,2,0
$CH,53.900,L1CD,19,5190,42.8,7.717404570,-723.381,-37582.003,2,0
$CH,53.900,L1CD,20,5190,43.1,4.064452248,3765.628,195595.975,2,0
$CH,53.900,L1CD,24,5190,41.7,3.972875152,69.153,4159.552,2,0
$CH,53.900,L1CD,28,5190,42.2,9.797965397,-2503.192,-129527.611,2,0
$TIME,2024,1,30,6,10,45.579569
$CH,54.000,L1CD,2,5200,43.3,8.874175361,-1175.211,-60905.317,2,0
$CH,54.000,L1CD,5,5200,44.1,7.287228627,2157.444,112864.722,2,0
$CH,54.000,L1CD,6,5200,43.8,7.191565600,-1050.189,-54217.255,2,0
$CH,54.000,L1CD,12,5200,43.7,0.359170613,3140.217,163601.155,2,0
$CH,54.000,L1CD,13,5200,42.3,1.711628998,524.324,26779.162,2,0
$CH,54.000,L1CD,17,5200,43.4,4.197121257,167.581,8651.715,2,0
$CH,54.000,L1CD,19,5200,42.9,7.717450092,-723.362,-37654.341,2,0
$CH,54.000,L1CD,20,5200,43.4,4.064218375,3765.927,195972.558,2,0
$CH,54.000,L1CD,24,5200,41.4,3.972877289,68.657,4166.458,2,0
$CH,54.000,L1CD,28,5200,42.5,9.798137761,-2503.120,-129777.943,2,0
$TIME,2024,1,30,6,10,45.619558
$CH,54.100,L1CD,2,5210,43.3,8.874251878,-1175.197,-61022.853,2,0
$CH,54.100,L1CD,5,5210,44.1,7.287084994,2157.124,113080.483,2,0
$CH,54.100,L1CD,6,5210,43.8,7.191634619,-1050.354,-54322.273,2,0
$CH,54.100,L1CD,12,5210,43.7,0.358976467,3140.135,163915.145,2,0
$CH,54.100,L1CD,13,5210,42.3,1.711624803,524.362,26831.639,2,0
$CH,54.100,L1CD,17,5210,43.4,4.197124708,167.016,8668.463,2,0
$CH,54.100,L1CD,19,5210,42.9,7.717520200,-723.303,-37726.672,2,0
$CH,54.100,L1CD,20,5210,43.4,4.063978968,3766.124,196349.144,2,0
$CH,54.100,L1CD,24,5210,41.4,3.972877642,69.335,4173.353,2,0
$CH,54.100,L1CD,28,5210,42.5,9.798282170,-2502.896,-130028.290,2,0
$TIME,2024,1,30,6,10,45.649661
$CH,54.200,L1CD,2,5220,43.3,8.874363464,-1175.528,-61140.387,2,0
$CH,54.200,L1CD,5,5220,44.1,7.286946071,2157.783,113296.224,2,0
$CH,54.200,L1CD,6,5220,43.8,7.191668233,-1050.321,-54427.293,2,0
$CH,54.200,L1CD,12,5220,43.7,0.358779277,3139.600,164229.144,2,0
$CH,54.200,L1CD,13,5220,42.3,1.711610055,524.962,26884.118,2,0
$CH,54.200,L1CD,17,5220,43.4,4.197122909,167.635,8685.204,2,0
$CH,54.200,L1CD,19,5220,42.9,7.717604521,-723.672,-37799.008,2,0
$CH,54.200,L1CD,20,5220,43.4,4.063741622,3765.707,196725.722,2,0
$CH,54.200,L1CD,24,5220,41.4,3.972877958,69.280,4180.247,2,0
$CH,54.200,L1CD,28,5220,42.5,9.798433336,-2503.617,-130278.622,2,0
$TIME,2024,1,30,6,10,45.679630
$CH,54.300,L1CD,2,5230,43.3,8.874404359,-1174.657,-61257.920,2,0
$CH,54.300,L1CD,5,5230,44.1,7.286813160,2157.710,113511.977,2,0
$CH,54.300,L1CD,6,5230,43.8,7.191737081,-1050.233,-54532.304,2,0
$CH,54.300,L1CD,12,5230,43.7,0.358572723,3140.389,164543.138,2,0
$CH,54.300,L1CD,13,5230,42.3,1.711578231,524.859,26936.607,2,0
$CH,54.300,L1CD,17,5230,43.4,4.197128748,167.826,8701.958,2,0
$CH,54.300,L1CD,19,5230,42.9,7.717628922,-723.514,-37871.342,2,0
$CH,54.300,L1CD,20,5230,43.4,4.063502091,3766.195,197102.314,2,0
$CH,54.300,L1CD,24,5230,41.4,3.972872981,68.529,4187.155,2,0
$CH,54.300,L1CD,28,5230,42.5,9.798613632,-2502.774,-130528.958,2,0
$TIME,2024,1,30,6,10,45.709629
$CH,54.400,L1CD,2,5240,43.3,8.874467512,-1175.532,-61375.444,2,0
$CH,54.400,L1CD,5,5240,44.1,7.286661022,2157.292,113727.713,2,0
$CH,54.400,L1CD,6,5240,43.8,7.191839750,-1050.065,-54637.331,2,0
$CH,54.400,L1CD,12,5240,43.7,0.358365314,3139.700,164857.127,2,0
$CH,54.400,L1CD,13,5240,42.3,1.711533261,525.023,26989.087,2,0
$CH,54.400,L1CD,17,5240,43.4,4.197127675,167.720,8718.714,2,0
$CH,54.400,L1CD,19,5240,42.9,7.717641212,-723.523,-37943.676,2,0
$CH,54.400,L1CD,20,5240,43.4,4.063266915,3765.771,197478.912,2,0
$CH,54.400,L1CD,24,5240,41.4,3.972874626,68.454,4194.048,2,0
$CH,54.400,L1CD,28,5240,42.5,9.798754612,-2503.050,-130779.301,2,0
$TIME,2024,1,30,6,10,45.739877
$CH,54.500,L1CD,2,5250,43.3,8.874567181,-1175.512,-61492.994,2,0
$CH,54.500,L1CD,5,5250,44.1,7.286543040,2157.262,113943.438,2,0
$CH,54.500,L1CD,6,5250,43.8,7.191891249,-1050.326,-54742.360,2,0
$CH,54.500,L1CD,12,5250,43.7,0.358169262,3139.939,165171.097,2,0
$CH,54.500,L1CD,13,5250,42.3,1.711466487,525.209,27041.575,2,0
$CH,54.500,L1CD,17,5250,43.4,4.197129144,167.542,8735.445,2,0
$CH,54.500,L1CD,19,5250,42.9,7.717675827,-723.473,-38016.016,2,0
$CH,54.500,L1CD,20,5250,43.4,4.063027167,3765.704,197855.481,2,0
$CH,54.500,L1CD,24,5250,41.4,3.972872897,68.818,4200.913,2,0
$CH,54.500,L1CD,28,5250,42.5,9.798917332,-2503.502,-131029.655,2,0
$TIME,2024,1,30,6,10,45.769928
$CH,54.600,L1CD,2,5260,43.3,8.874641655,-1175.587,-61610.524,2,0
$CH,54.600,L1CD,5,5260,44.1,7.286380964,2157.500,114159.168,2,0
$CH,54.600,L1CD,6,5260,43.8,7.191935286,-1049.859,-54847.386,2,0
$CH,54.600,L1CD,12,5260,43.7,0.357977441,3139.705,165485.089,2,0
$CH,54.600,L1CD,13,5260,42.3,1.711392676,524.855,27094.079,2,0
$CH,54.600,L1CD,17,5260,43.4,4.197123021,167.669,8752.206,2,0
$CH,54.600,L1CD,19,5260,42.9,7.717735951,-723.290,-38088.348,2,0
$CH,54.600,L1CD,20,5260,43.4,4.062790564,3765.751,198232.070,2,0
$CH,54.600,L1CD,24,5260,41.4,3.972877095,69.246,4207.791,2,0
$CH,54.600,L1CD,28,5260,42.5,9.799084495,-2503.580,-131279.995,2,0
$TIME,2024,1,30,6,10,45.799895
$CH,54.700,L1CD,2,5270,43.3,8.874693514,-1175.337,-61728.063,2,0
$CH,54.700,L1CD,5,5270,44.1,7.286268263,2157.078,114374.897,2,0
$CH,54.700,L1CD,6,5270,43.8,7.192012787,-1050.696,-54952.412,2,0
$CH,54.700,L1CD,12,5270,43.7,0.357781427,3139.427,165799.070,2,0
$CH,54.700,L1CD,13,5270,42.3,1.711375103,525.074,27146.580,2,0
$CH,54.700,L1CD,17,5270,43.4,4.197126776,167.470,8768.959,2,0
$CH,54.700,L1CD,19,5270,42.9,7.717817703,-723.153,-38160.680,2,0
$CH,54.700,L1CD,20,5270,43.4,4.062549265,3765.909,198608.655,2,0
$CH,54.700,L1CD,24,5270,41.4,3.972874846,68.666,4214.672,2,0
$CH,54.700,L1CD,28,5270,42.5,9.799233470,-2503.747,-131530.339,2,0
$TIME,2024,1,30,6,10,45.832522
$CH,54.800,L1CD,2,5280,43.3,8.874783883,-1174.945,-61845.600,2,0
$CH,54.800,L1CD,5,5280,44.1,7.286115077,2157.058,114590.616,2,0
$CH,54.800,L1CD,6,5280,43.8,7.192119111,-1049.776,-55057.450,2,0
$CH,54.800,L1CD,12,5280,43.7,0.357575281,3139.809,166113.041,2,0
$CH,54.800,L1CD,13,5280,42.3,1.711373826,525.527,27199.080,2,0
$CH,54.800,L1CD,17,5280,43.4,4.197122807,167.874,8785.710,2,0
$CH,54.800,L1CD,19,5280,42.9,7.717877574,-723.507,-38233.002,2,0
$CH,54.800,L1CD,20,5280,43.4,4.062312739,3766.297,198985.233,2,0
$CH,54.800,L1CD,24,5280,41.4,3.972876992,68.655,4221.554,2,0
$CH,54.800,L1CD,28,5280,42.5,9.799400626,-2503.835,-131780.696,2,0
$TIME,2024,1,30,6,10,45.860084
$CH,54.900,L1CD,2,5290,43.3,8.874879665,-1175.287,-61963.144,2,0
$CH,54.900,L1CD,5,5290,44.1,7.285995012,2157.104,114806.337,2,0
$CH,54.900,L1CD,6,5290,43.8,7.192148615,-1050.374,-55162.477,2,0
$CH,54.900,L1CD,12,5290,43.7,0.357368426,3139.382,166427.030,2,0
$CH,54.900,L1CD,13,5290,42.3,1.711366643,524.967,27251.600,2,0
$CH,54.900,L1CD,17,5290,43.4,4.197127241,167.434,8802.471,2,0
$CH,54.900,L1CD,19,5290,42.9,7.717884716,-723.624,-38305.331,2,0
$CH,54.900,L1CD,20,5290,43.4,4.062068054,3765.541,199361.819,2,0
$CH,54.900,L1CD,24,5290,41.4,3.972872655,68.822,4228.428,2,0
$CH,54.900,L1CD,28,5290,42.5,9.799557591,-2504.170,-132031.051,2,0
$TIME,2024,1,30,6,10,45.890171
$CH,55.000,L1CD,2,5300,43.4,8.874921291,-1175.421,-62080.683,2,0
$CH,55.000,L1CD,5,5300,43.9,7.285845667,2156.743,115022.041,2,0
$CH,55.000,L1CD,6,5300,44.2,7.192200584,-1050.346,-55267.515,2,0
$CH,55.000,L1CD,12,5300,43.9,0.357174286,3139.758,166740.998,2,0
$CH,55.000,L1CD,13,5300,42.8,1.711344107,524.759,27304.101,2,0
$CH,55.000,L1CD,17,5300,43.0,4.197124379,166.978,8819.216,2,0
$CH,55.000,L1CD,19,5300,42.8,7.717909740,-723.906,-38377.665,2,0
$CH,55.000,L1CD,20,5300,42.7,4.061827040,3765.704,199738.394,2,0
$CH,55.000,L1CD,24,5300,41.3,3.972875182,68.369,4235.287,2,0
$CH,55.000,L1CD,28,5300,42.8,9.799708922,-2503.082,-132281.415,2,0
$TIME,2024,1,30,6,10,45.920081
$CH,55.100,L1CD,2,5310,43.4,8.874998924,-1175.889,-62198.226,2,0
$CH,55.100,L1CD,5,5310,43.9,7.285716610,2157.353,115237.743,2,0
$CH,55.100,L1CD,6,5310,44.2,7.192289187,-1050.300,-55372.563,2,0
$CH,55.100,L1CD,12,5310,43.9,0.356981874,3139.591,167054.966,2,0
$CH,55.100,L1CD,13,5310,42.8,1.711305710,525.268,27356.611,2,0
$CH,55.100,L1CD,17,5310,43.0,4.197124789,167.538,8835.960,2,0
$CH,55.100,L1CD,19,5310,42.8,7.717956358,-723.410,-38450.000,2,0
$CH,55.100,L1CD,20,5310,42.7,4.061586244,3765.804,200114.977,2,0
$CH,55.100,L1CD,24,5310,41.3,3.972872757,68.733,4242.149,2,0
$CH,55.100,L1CD,28,5310,42.8,9.799886427,-2504.062,-132531.772,2,0
$TIME,2024,1,30,6,10,45.960251
$CH,55.200,L1CD,2,5320,43.4,8.875110630,-1175.179,-62315.778,2,0
$CH,55.200,L1CD,5,5320,43.9,7.285580252,2156.598,115453.446,2,0
$CH,55.200,L1CD,6,5320,44.2,7.192381059,-1050.196,-55477.602,2,0
$CH,55.200,L1CD,12,5320,43.9,0.356785001,3139.697,167368.936,2,0
$CH,55.200,L1CD,13,5320,42.8,1.711251235,525.165,27409.142,2,0
$CH,55.200,L1CD,17,5320,43.0,4.197121900,167.722,8852.717,2,0
$CH,55.200,L1CD,19,5320,42.8,7.718026542,-723.174,-38522.327,2,0
$CH,55.200,L1CD,20,5320,42.7,4.061344561,3765.820,200491.547,2,0
$CH,55.200,L1CD,24,5320,41.3,3.972877043,68.663,4249.012,2,0
$CH,55.200,L1CD,28,5320,42.8,9.800032218,-2504.336,-132782.144,2,0
$TIME,2024,1,30,6,10,45.990249
$CH,55.300,L1CD,2,5330,43.4,8.875151112,-1175.127,-62433.311,2,0
$CH,55.300,L1CD,5,5330,43.9,7.285436194,2157.037,115669.155,2,0
$CH,55.300,L1CD,6,5330,44.2,7.192412375,-1050.325,-55582.632,2,0
$CH,55.300,L1CD,12,5330,43.9,0.356580676,3139.679,167682.921,2,0
$CH,55.300,L1CD,13,5330,42.8,1.711182040,525.750,27461.680,2,0
$CH,55.300,L1CD,17,5330,43.0,4.197112791,167.807,8869.488,2,0
$CH,55.300,L1CD,19,5330,42.8,7.718111302,-723.209,-38594.650,2,0
$CH,55.300,L1CD,20,5330,42.7,4.061103685,3766.027,200868.137,2,0
$CH,55.300,L1CD,24,5330,41.3,3.972873235,67.553,4255.868,2,0
$CH,55.300,L1CD,28,5330,42.8,9.800184825,-2503.738,-133032.502,2,0
$TIME,2024,1,30,6,10,46.020253
$CH,55.400,L1CD,2,5340,43.4,8.875213104,-1175.753,-62550.855,2,0
$CH,55.400,L1CD,5,5340,43.9,7.285310151,2156.964,115884.847,2,0
$CH,55.400,L1CD,6,5340,44.2,7.192473066,-1050.730,-55687.680,2,0
$CH,55.400,L1CD,12,5340,43.9,0.356374081,3139.770,167996.883,2,0
$CH,55.400,L1CD,13,5340,42.8,1.711125400,525.464,27514.210,2,0
$CH,55.400,L1CD,17,5340,43.0,4.197096700,167.485,8886.240,2,0
$CH,55.400,L1CD,19,5340,42.8,7.718132554,-723.316,-38666.974,2,0
$CH,55.400,L1CD,20,5340,42.7,4.060862765,3765.594,201244.721,2,0
$CH,55.400,L1CD,24,5340,41.3,3.972872998,67.557,4262.724,2,0
$CH,55.400,L1CD,28,5340,42.8,9.800362157,-2504.276,-133282.861,2,0
$TIME,2024,1,30,6,10,46.050583
$CH,55.500,L1CD,2,5350,43.4,8.875315220,-1175.570,-62668.403,2,0
$CH,55.500,L1CD,5,5350,43.9,7.285154447,2156.869,116100.533,2,0
$CH,55.500,L1CD,6,5350,44.2,7.192567568,-1050.585,-55792.729,2,0
$CH,55.500,L1CD,12,5350,43.9,0.356180754,3139.687,168310.844,2,0
$CH,55.500,L1CD,13,5350,42.8,1.711123234,525.385,27566.733,2,0
$CH,55.500,L1CD,17,5350,43.0,4.197077516,167.265,8902.998,2,0
$CH,55.500,L1CD,19,5350,42.8,7.718151039,-723.584,-38739.295,2,0
$CH,55.500,L1CD,20,5350,42.7,4.060625144,3765.544,201621.298,2,0
$CH,55.500,L1CD,24,5350,41.3,3.972875394,68.064,4269.561,2,0
$CH,55.500,L1CD,28,5350,42.8,9.800500687,-2503.759,-133533.240,2,0
$TIME,2024,1,30,6,10,46.080586
$CH,55.600,L1CD,2,5360,43.4,8.875390080,-1175.565,-62785.952,2,0
$CH,55.600,L1CD,5,5360,43.9,7.285040342,2156.448,116316.213,2,0
$CH,55.600,L1CD,6,5360,44.2,7.192635924,-1050.532,-55897.783,2,0
$CH,55.600,L1CD,12,5360,43.9,0.355989819,3139.886,168624.806,2,0
$CH,55.600,L1CD,13,5360,42.8,1.711125125,525.740,27619.269,2,0
$CH,55.600,L1CD,17,5360,43.0,4.197051328,168.106,8919.756,2,0
$CH,55.600,L1CD,19,5360,42.8,7.718186982,-722.957,-38811.633,2,0
$CH,55.600,L1CD,20,5360,42.7,4.060381303,3765.686,201997.868,2,0
$CH,55.600,L1CD,24,5360,41.3,3.972873101,68.434,4276.406,2,0
$CH,55.600,L1CD,28,5360,42.8,9.800663914,-2503.751,-133783.612,2,0
$TIME,2024,1,30,6,10,46.120486
$CH,55.700,L1CD,2,5370,43.4,8.875435597,-1175.659,-62903.503,2,0
$CH,55.700,L1CD,5,5370,43.9,7.284878565,2157.225,116531.886,2,0
$CH,55.700,L1CD,6,5370,44.2,7.192669762,-1050.387,-56002.843,2,0
$CH,55.700,L1CD,12,5370,43.9,0.355787134,3139.501,168938.767,2,0
$CH,55.700,L1CD,13,5370,42.8,1.711113080,525.492,27671.821,2,0
$CH,55.700,L1CD,17,5370,43.0,4.197019306,168.059,8936.508,2,0
$CH,55.700,L1CD,19,5370,42.8,7.718249039,-723.257,-38883.951,2,0
$CH,55.700,L1CD,20,5370,42.7,4.060142638,3765.695,202374.443,2,0
$CH,55.700,L1CD,24,5370,41.3,3.972872233,68.310,4283.242,2,0
$CH,55.700,L1CD,28,5370,42.8,9.800834872,-2503.694,-134033.989,2,0
$TIME,2024,1,30,6,10,46.150828
$CH,55.800,L1CD,2,5380,43.4,8.875524314,-1175.127,-63021.069,2,0
$CH,55.800,L1CD,5,5380,43.9,7.284766925,2156.859,116747.558,2,0
$CH,55.800,L1CD,6,5380,44.2,7.192743402,-1050.340,-56107.911,2,0
$CH,55.800,L1CD,12,5380,43.9,0.355582974,3139.406,169252.713,2,0
$CH,55.800,L1CD,13,5380,42.8,1.711082330,525.323,27724.353,2,0
$CH,55.800,L1CD,17,5380,43.0,4.196982264,167.204,8953.261,2,0
$CH,55.800,L1CD,19,5380,42.8,7.718331516,-723.841,-38956.290,2,0
$CH,55.800,L1CD,20,5380,42.7,4.059907376,3765.823,202751.006,2,0
$CH,55.800,L1CD,24,5380,41.3,3.972869692,68.123,4290.067,2,0
$CH,55.800,L1CD,28,5380,42.8,9.800981131,-2504.232,-134284.381,2,0
$TIME,2024,1,30,6,10,46.180821
$CH,55.900,L1CD,2,5390,43.4,8.875632065,-1175.540,-63138.631,2,0
$CH,55.900,L1CD,5,5390,43.9,7.284611989,2156.765,116963.215,2,0
$CH,55.900,L1CD,6,5390,44.2,7.192845687,-1050.803,-56212.982,2,0
$CH,55.900,L1CD,12,5390,43.9,0.355377412,3138.882,169566.664,2,0
$CH,55.900,L1CD,13,5390,42.8,1.711030335,525.737,27776.892,2,0
$CH,55.900,L1CD,17,5390,43.0,4.196940128,167.586,8970.004,2,0
$CH,55.900,L1CD,19,5390,42.8,7.718378573,-723.761,-39028.624,2,0
$CH,55.900,L1CD,20,5390,42.7,4.059668383,3766.335,203127.568,2,0
$CH,55.900,L1CD,24,5390,41.3,3.972864827,68.095,4296.889,2,0
$CH,55.900,L1CD,28,5390,42.8,9.801146702,-2503.418,-134534.780,2,0
$TIME,2024,1,30,6,10,46.210728
$CH,56.000,L1CD,2,5400,42.9,8.875671685,-1175.599,-63256.191,2,0
$CH,56.000,L1CD,5,5400,43.9,7.284491894,2156.407,117178.873,2,0
$CH,56.000,L1CD,6,5400,44.4,7.192896312,-1050.061,-56318.052,2,0
$CH,56.000,L1CD,12,5400,43.9,0.355186906,3139.490,169880.611,2,0
$CH,56.000,L1CD,13,5400,42.7,1.710961647,525.899,27829.444,2,0
$CH,56.000,L1CD,17,5400,42.8,4.196894687,167.690,8986.772,2,0
$CH,56.000,L1CD,19,5400,43.0,7.718386178,-723.165,-39100.952,2,0
$CH,56.000,L1CD,20,5400,42.8,4.059432295,3765.771,203504.140,2,0
$CH,56.000,L1CD,24,5400,41.9,3.972857449,68.062,4303.706,2,0
$CH,56.000,L1CD,28,5400,42.7,9.801302479,-2503.826,-134785.165,2,0
$TIME,2024,1,30,6,10,46.241009
$CH,56.100,L1CD,2,5410,42.9,8.875745209,-1175.137,-63373.754,2,0
$CH,56.100,L1CD,5,5410,43.9,7.284348454,2156.448,117394.527,2,0
$CH,56.100,L1CD,6,5410,44.4,7.192940638,-1050.438,-56423.119,2,0
$CH,56.100,L1CD,12,5410,43.9,0.354996994,3139.299,170194.553,2,0
$CH,56.100,L1CD,13,5410,42.7,1.710887235,525.281,27882.009,2,0
$CH,56.100,L1CD,17,5410,42.8,4.196873535,167.716,9003.519,2,0
$CH,56.100,L1CD,19,5410,43.0,7.718412820,-723.051,-39173.288,2,0
$CH,56.100,L1CD,20,5410,42.8,4.059191983,3765.712,203880.700,2,0
$CH,56.100,L1CD,24,5410,41.9,3.972845922,68.323,4310.527,2,0
$CH,56.100,L1CD,28,5410,42.7,9.801452373,-2504.039,-135035.557,2,0
$TIME,2024,1,30,6,10,46.281029
$CH,56.200,L1CD,2,5420,42.9,8.875855359,-1175.408,-63491.316,2,0
$CH,56.200,L1CD,5,5420,43.9,7.284216437,2156.651,117610.171,2,0
$CH,56.200,L1CD,6,5420,44.4,7.193018645,-1050.976,-56528.196,2,0
$CH,56.200,L1CD,12,5420,43.9,0.354796704,3139.696,170508.493,2,0
$CH,56.200,L1CD,13,5420,42.7,1.710873830,525.054,27934.549,2,0
$CH,56.200,L1CD,17,5420,42.8,4.196876827,167.751,9020.270,2,0
$CH,56.200,L1CD,19,5420,43.0,7.718464441,-723.190,-39245.616,2,0
$CH,56.200,L1CD,20,5420,42.8,4.058955908,3765.819,204257.261,2,0
$CH,56.200,L1CD,24,5420,41.9,3.972833975,68.248,4317.334,2,0
$CH,56.200,L1CD,28,5420,42.7,9.801629684,-2503.977,-135285.955,2,0
$TIME,2024,1,30,6,10,46.311102
$CH,56.300,L1CD,2,5430,42.9,8.875906161,-1175.269,-63608.869,2,0
$CH,56.300,L1CD,5,5430,43.9,7.284079063,2156.264,117825.826,2,0
$CH,56.300,L1CD,6,5430,44.4,7.193123511,-1050.753,-56633.269,2,0
$CH,56.300,L1CD,12,5430,43.9,0.354592324,3140.287,170822.442,2,0
$CH,56.300,L1CD,13,5430,42.7,1.710878160,525.922,27987.115,2,0
$CH,56.300,L1CD,17,5430,42.8,4.196875670,167.167,9037.035,2,0
$CH,56.300,L1CD,19,5430,43.0,7.718540445,-722.591,-39317.934,2,0
$CH,56.300,L1CD,20,5430,42.8,4.058714557,3765.781,204633.840,2,0
$CH,56.300,L1CD,24,5430,41.9,3.972821523,68.731,4324.144,2,0
$CH,56.300,L1CD,28,5430,42.7,9.801775956,-2503.531,-135536.352,2,0
$TIME,2024,1,30,6,10,46.341199
$CH,56.400,L1CD,2,5440,42.9,8.875966153,-1175.962,-63726.424,2,0
$CH,56.400,L1CD,5,5440,43.9,7.283934160,2156.939,118041.474,2,0
$CH,56.400,L1CD,6,5440,44.4,7.193150664,-1050.564,-56738.334,2,0
$CH,56.400,L1CD,12,5440,43.9,0.354383167,3139.646,171136.401,2,0
$CH,56.400,L1CD,13,5440,42.7,1.710870140,525.604,28039.693,2,0
$CH,56.400,L1CD,17,5440,42.8,4.196877435,167.488,9053.818,2,0
$CH,56.400,L1CD,19,5440,43.0,7.718626496,-723.946,-39390.248,2,0
$CH,56.400,L1CD,20,5440,42.8,4.058477788,3765.439,205010.414,2,0
$CH,56.400,L1CD,24,5440,41.9,3.972805184,67.910,4330.977,2,0
$CH,56.400,L1CD,28,5440,42.7,9.801935984,-2503.885,-135786.729,2,0
$TIME,2024,1,30,6,10,46.371323
$CH,56.500,L1CD,2,5450,42.9,8.876063808,-1175.742,-63843.990,2,0
$CH,56.500,L1CD,5,5450,43.9,7.283809013,2156.465,118257.111,2,0
$CH,56.500,L1CD,6,5450,44.4,7.193199799,-1051.291,-56843.408,2,0
$CH,56.500,L1CD,12,5450,43.9,0.354192357,3139.187,171450.336,2,0
$CH,56.500,L1CD,13,5450,42.7,1.710848032,525.579,28092.261,2,0
$CH,56.500,L1CD,17,5450,42.8,4.196872678,167.004,9070.565,2,0
$CH,56.500,L1CD,19,5450,43.0,7.718631039,-723.045,-39462.580,2,0
$CH,56.500,L1CD,20,5450,42.8,4.058239828,3765.404,205386.985,2,0
$CH,56.500,L1CD,24,5450,41.9,3.972788287,67.960,4337.775,2,0
$CH,56.500,L1CD,28,5450,42.7,9.802113031,-2503.908,-136037.135,2,0
$TIME,2024,1,30,6,10,46.411211
$CH,56.600,L1CD,2,5460,42.9,8.876139773,-1175.937,-63961.557,2,0
$CH,56.600,L1CD,5,5460,43.9,7.283653299,2156.286,118472.739,2,0
$CH,56.600,L1CD,6,5460,44.4,7.193287516,-1050.949,-56948.496,2,0
$CH,56.600,L1CD,12,5460,43.9,0.354001800,3138.921,171764.269,2,0
$CH,56.600,L1CD,13,5460,42.7,1.710808824,526.142,28144.834,2,0
$CH,56.600,L1CD,17,5460,42.8,4.196873479,167.958,9087.320,2,0
$CH,56.600,L1CD,19,5460,43.0,7.718645083,-722.962,-39534.912,2,0
$CH,56.600,L1CD,20,5460,42.8,4.058000596,3765.439,205763.545,2,0
$CH,56.600,L1CD,24,5460,41.9,3.972766603,68.009,4344.568,2,0
$CH,56.600,L1CD,28,5460,42.7,9.802251167,-2503.881,-136287.543,2,0
$TIME,2024,1,30,6,10,46.441461
$CH,56.700,L1CD,2,5470,42.9,8.876189090,-1175.837,-64079.130,2,0
$CH,56.700,L1CD,5,5470,43.9,7.283539381,2156.126,118688.361,2,0
$CH,56.700,L1CD,6,5470,44.4,7.193379092,-1050.668,-57053.588,2,0
$CH,56.700,L1CD,12,5470,43.9,0.353801784,3138.966,172078.200,2,0
$CH,56.700,L1CD,13,5470,42.7,1.710751795,526.198,28197.408,2,0
$CH,56.700,L1CD,17,5470,42.8,4.196874915,167.569,9104.077,2,0
$CH,56.700,L1CD,19,5470,43.0,7.718683782,-723.240,-39607.245,2,0
$CH,56.700,L1CD,20,5470,42.8,4.057764190,3765.232,206140.099,2,0
$CH,56.700,L1CD,24,5470,41.9,3.972745565,67.971,4351.358,2,0
$CH,56.700,L1CD,28,5470,42.7,9.802414931,-2503.657,-136537.963,2,0
$TIME,2024,1,30,6,10,46.471567
$CH,56.800,L1CD,2,5480,42.9,8.876275398,-1176.112,-64196.703,2,0
$CH,56.800,L1CD,5,5480,43.9,7.283376991,2156.174,118903.982,2,0
$CH,56.800,L1CD,6,5480,44.4,7.193408993,-1050.491,-57158.683,2,0
$CH,56.800,L1CD,12,5480,43.9,0.353592046,3139.262,172392.127,2,0
$CH,56.800,L1CD,13,5480,42.7,1.710681329,525.271,28249.987,2,0
$CH,56.800,L1CD,17,5480,42.8,4.196878900,167.138,9120.840,2,0
$CH,56.800,L1CD,19,5480,43.0,7.718747545,-722.907,-39679.563,2,0
$CH,56.800,L1CD,20,5480,42.8,4.057521180,3765.477,206516.652,2,0
$CH,56.800,L1CD,24,5480,41.9,3.972723258,67.692,4358.141,2,0
$CH,56.800,L1CD,28,5480,42.7,9.802579658,-2504.626,-136788.364,2,0
$TIME,2024,1,30,6,10,46.501482
$CH,56.900,L1CD,2,5490,42.9,8.876375284,-1175.682,-64314.286,2,0
$CH,56.900,L1CD,5,5490,43.9,7.283265135,2155.799,119119.590,2,0
$CH,56.900,L1CD,6,5490,44.4,7.193471185,-1051.218,-57263.778,2,0
$CH,56.900,L1CD,12,5490,43.9,0.353381889,3139.268,172706.045,2,0
$CH,56.900,L1CD,13,5490,42.7,1.710622337,524.896,28302.567,2,0
$CH,56.900,L1CD,17,5490,42.8,4.196874760,167.481,9137.591,2,0
$CH,56.900,L1CD,19,5490,43.0,7.718828894,-723.174,-39751.896,2,0
$CH,56.900,L1CD,20,5490,42.8,4.057283723,3765.663,206893.205,2,0
$CH,56.900,L1CD,24,5490,41.9,3.972697418,67.861,4364.924,2,0
$CH,56.900,L1CD,28,5490,42.7,9.802727626,-2503.689,-137038.789,2,0
$TIME,2024,1,30,6,10,46.541823
$CH,57.000,L1CD,2,5500,43.3,8.876413945,-1175.785,-64431.857,2,0
$CH,57.000,L1CD,5,5500,44.2,7.283110359,2156.211,119335.201,2,0
$CH,57.000,L1CD,6,5500,44.6,7.193570089,-1051.027,-57368.867,2,0
$CH,57.000,L1CD,12,5500,44.2,0.353194843,3139.362,173019.975,2,0
$CH,57.000,L1CD,13,5500,42.6,1.710628795,526.171,28355.151,2,0
$CH,57.000,L1CD,17,5500,42.4,4.196875775,167.099,9154.355,2,0
$CH,57.000,L1CD,19,5500,43.4,7.718875753,-723.964,-39824.211,2,0
$CH,57.000,L1CD,20,5500,43.0,4.057041768,3765.145,207269.781,2,0
$CH,57.000,L1CD,24,5500,42.9,3.972670365,67.654,4371.706,2,0
$CH,57.000,L1CD,28,5500,42.6,9.802901456,-2503.933,-137289.207,2,0
$TIME,2024,1,30,6,10,46.571935
$CH,57.100,L1CD,2,5510,43.3,8.876487355,-1175.533,-64549.428,2,0
$CH,57.100,L1CD,5,5510,44.2,7.282987454,2156.221,119550.811,2,0
$CH,57.100,L1CD,6,5510,44.6,7.193636360,-1051.025,-57473.968,2,0
$CH,57.100,L1CD,12,5510,44.2,0.352997395,3138.967,173333.902,2,0
$CH,57.100,L1CD,13,5510,42.6,1.710622013,526.049,28407.745,2,0
$CH,57.100,L1CD,17,5510,42.4,4.196874179,167.847,9171.117,2,0
$CH,57.100,L1CD,19,5510,43.4,7.718886939,-722.890,-39896.537,2,0
$CH,57.100,L1CD,20,5510,43.0,4.056805280,3765.550,207646.334,2,0
$CH,57.100,L1CD,24,5510,42.9,3.972639784,67.924,4378.480,2,0
$CH,57.100,L1CD,28,5510,42.6,9.803055556,-2504.179,-137539.632,2,0
$TIME,2024,1,30,6,10,46.601930
$CH,57.200,L1CD,2,5520,43.3,8.876596240,-1175.712,-64666.996,2,0
$CH,57.200,L1CD,5,5520,44.2,7.282845922,2156.032,119766.416,2,0
$CH,57.200,L1CD,6,5520,44.6,7.193671835,-1051.346,-57579.059,2,0
$CH,57.200,L1CD,12,5520,44.2,0.352797248,3139.409,173647.830,2,0
$CH,57.200,L1CD,13,5520,42.6,1.710605358,525.750,28460.352,2,0
$CH,57.200,L1CD,17,5520,42.4,4.196872996,167.588,9187.884,2,0
$CH,57.200,L1CD,19,5520,43.4,7.718914401,-723.380,-39968.854,2,0
$CH,57.200,L1CD,20,5520,43.0,4.056562320,3765.129,208022.896,2,0
$CH,57.200,L1CD,24,5520,42.9,3.972627215,67.977,4385.261,2,0
$CH,57.200,L1CD,28,5520,42.6,9.803206665,-2504.514,-137790.033,2,0
$TIME,2024,1,30,6,10,46.634471
$CH,57.300,L1CD,2,5530,43.3,8.876647436,-1175.043,-64784.568,2,0
$CH,57.300,L1CD,5,5530,44.2,7.282713075,2156.401,119982.015,2,0
$CH,57.300,L1CD,6,5530,44.6,7.193741560,-1051.198,-57684.156,2,0
$CH,57.300,L1CD,12,5530,44.2,0.352594705,3139.180,173961.750,2,0
$CH,57.300,L1CD,13,5530,42.6,1.710575506,525.786,28512.951,2,0
$CH,57.300,L1CD,17,5530,42.4,4.196874178,167.960,9204.654,2,0
$CH,57.300,L1CD,19,5530,43.4,7.718966506,-723.209,-40041.174,2,0
$CH,57.300,L1CD,20,5530,43.0,4.056324808,3765.625,208399.449,2,0
$CH,57.300,L1CD,24,5530,42.9,3.972626876,67.848,4392.037,2,0
$CH,57.300,L1CD,28,5530,42.6,9.803383706,-2503.582,-138040.470,2,0
$TIME,2024,1,30,6,10,46.662133
$CH,57.400,L1CD,2,5540,43.3,8.876704429,-1176.175,-64902.141,2,0
$CH,57.400,L1CD,5,5540,44.2,7.282575334,2155.669,120197.616,2,0
$CH,57.400,L1CD,6,5540,44.6,7.193844024,-1051.036,-57789.263,2,0
$CH,57.400,L1CD,12,5540,44.2,0.352388892,3139.131,174275.681,2,0
$CH,57.400,L1CD,13,5540,42.6,1.710527040,526.171,28565.556,2,0
$CH,57.400,L1CD,17,5540,42.4,4.196874617,167.357,9221.426,2,0
$CH,57.400,L1CD,19,5540,43.4,7.719046794,-723.079,-40113.490,2,0
$CH,57.400,L1CD,20,5540,43.0,4.056086878,3765.472,208776.011,2,0
$CH,57.400,L1CD,24,5540,42.9,3.972621853,67.669,4398.811,2,0
$CH,57.400,L1CD,28,5540,42.6,9.803527096,-2504.585,-138290.885,2,0
$TIME,2024,1,30,6,10,46.702021
$CH,57.500,L1CD,2,5550,43.3,8.876802069,-1176.028,-65019.728,2,0
$CH,57.500,L1CD,5,5550,44.2,7.282429804,2155.633,120413.191,2,0
$CH,57.500,L1CD,6,5550,44.6,7.193894733,-1051.096,-57894.378,2,0
$CH,57.500,L1CD,12,5550,44.2,0.352202357,3138.503,174589.584,2,0
$CH,57.500,L1CD,13,5550,42.6,1.710461130,526.013,28618.154,2,0
$CH,57.500,L1CD,17,5550,42.4,4.196874267,167.451,9238.181,2,0
$CH,57.500,L1CD,19,5550,43.4,7.719123392,-723.730,-40185.816,2,0
$CH,57.500,L1CD,20,5550,43.0,4.055845767,3765.545,209152.547,2,0
$CH,57.500,L1CD,24,5550,42.9,3.972625823,67.336,4405.553,2,0
$CH,57.500,L1CD,28,5550,42.6,9.803684333,-2504.573,-138541.322,2,0
$TIME,2024,1,30,6,10,46.734759
$CH,57.600,L1CD,2,5560,43.3,8.876885379,-1176.041,-65137.324,2,0
$CH,57.600,L1CD,5,5560,44.2,7.282303057,2156.223,120628.758,2,0
$CH,57.600,L1CD,6,5560,44.6,7.193938223,-1050.910,-57999.498,2,0
$CH,57.600,L1CD,12,5560,44.2,0.352008101,3139.125,174903.484,2,0
$CH,57.600,L1CD,13,5560,42.6,1.710387173,526.214,28670.755,2,0
$CH,57.600,L1CD,17,5560,42.4,4.196869847,168.021,9254.930,2,0
$CH,57.600,L1CD,19,5560,43.4,7.719128742,-722.770,-40258.163,2,0
$CH,57.600,L1CD,20,5560,43.0,4.055608437,3765.625,209529.097,2,0
$CH,57.600,L1CD,24,5560,42.9,3.972620832,67.746,4412.296,2,0
$CH,57.600,L1CD,28,5560,42.6,9.803860162,-2504.378,-138791.770,2,0
$TIME,2024,1,30,6,10,46.762429
$CH,57.700,L1CD,2,5570,43.3,8.876931343,-1175.838,-65254.912,2,0
$CH,57.700,L1CD,5,5570,44.2,7.282144377,2155.528,120844.340,2,0
$CH,57.700,L1CD,6,5570,44.6,7.194020696,-1050.842,-58104.619,2,0
$CH,57.700,L1CD,12,5570,44.2,0.351810038,3138.741,175217.391,2,0
$CH,57.700,L1CD,13,5570,42.6,1.710375687,526.446,28723.361,2,0
$CH,57.700,L1CD,17,5570,42.4,4.196858660,167.519,9271.693,2,0
$CH,57.700,L1CD,19,5570,43.4,7.719145283,-723.503,-40330.479,2,0
$CH,57.700,L1CD,20,5570,43.0,4.055368425,3765.803,209905.641,2,0
$CH,57.700,L1CD,24,5570,42.9,3.972624000,67.538,4419.048,2,0
$CH,57.700,L1CD,28,5570,42.6,9.803998368,-2504.315,-139042.207,2,0
$TIME,2024,1,30,6,10,46.792323
$CH,57.800,L1CD,2,5580,43.3,8.877016002,-1175.564,-65372.474,2,0
$CH,57.800,L1CD,5,5580,44.2,7.282031173,2156.352,121059.920,2,0
$CH,57.800,L1CD,6,5580,44.6,7.194125642,-1050.811,-58209.719,2,0
$CH,57.800,L1CD,12,5580,44.2,0.351604309,3139.207,175531.309,2,0
$CH,57.800,L1CD,13,5580,42.6,1.710373494,526.345,28776.009,2,0
$CH,57.800,L1CD,17,5580,42.4,4.196841893,167.804,9288.471,2,0
$CH,57.800,L1CD,19,5580,43.4,7.719188236,-723.155,-40402.786,2,0
$CH,57.800,L1CD,20,5580,43.0,4.055123300,3765.943,210282.214,2,0
$CH,57.800,L1CD,24,5580,42.9,3.972625000,67.531,4425.805,2,0
$CH,57.800,L1CD,28,5580,42.6,9.804162666,-2504.244,-139292.634,2,0
$TIME,2024,1,30,6,10,46.822375
$CH,57.900,L1CD,2,5590,43.3,8.877127982,-1176.231,-65490.061,2,0
$CH,57.900,L1CD,5,5590,44.2,7.281873122,2155.782,121275.490,2,0
$CH,57.900,L1CD,6,5590,44.6,7.194152512,-1051.327,-58314.834,2,0
$CH,57.900,L1CD,12,5590,44.2,0.351396737,3138.546,175845.224,2,0
$CH,57.900,L1CD,13,5590,42.6,1.710366063,525.850,28828.633,2,0
$CH,57.900,L1CD,17,5590,42.4,4.196820006,167.615,9305.234,2,0
$CH,57.900,L1CD,19,5590,43.4,7.719253152,-723.532,-40475.113,2,0
$CH,57.900,L1CD,20,5590,43.0,4.054881446,3764.949,210658.765,2,0
$CH,57.900,L1CD,24,5590,42.9,3.972626825,67.262,4432.558,2,0
$CH,57.900,L1CD,28,5590,42.6,9.804329210,-2504.662,-139543.080,2,0
$TIME,2024,1,30,6,10,46.862646
$CH,58.000,L1CD,2,5600,43.1,8.877166060,-1175.711,-65607.652,2,0
$CH,58.000,L1CD,5,5600,44.4,7.281759632,2155.583,121491.055,2,0
$CH,58.000,L1CD,6,5600,44.2,7.194202578,-1050.848,-58419.957,2,0
$CH,58.000,L1CD,12,5600,44.0,0.351203337,3139.126,176159.123,2,0
$CH,58.000,L1CD,13,5600,42.5,1.710345452,526.492,28881.250,2,0
$CH,58.000,L1CD,17,5600,43.1,4.196790661,167.200,9322.004,2,0
$CH,58.000,L1CD,19,5600,42.8,7.719338945,-722.444,-40547.434,2,0
$CH,58.000,L1CD,20,5600,43.0,4.054643990,3766.036,211035.305,2,0
$CH,58.000,L1CD,24,5600,42.5,3.972623090,67.396,4439.296,2,0
$CH,58.000,L1CD,28,5600,42.4,9.804475424,-2504.058,-139793.525,2,0
$TIME,2024,1,30,6,10,46.892738
$CH,58.100,L1CD,2,5610,43.1,8.877234062,-1175.696,-65725.238,2,0
$CH,58.100,L1CD,5,5610,44.4,7.281604115,2155.325,121706.617,2,0
$CH,58.100,L1CD,6,5610,44.2,7.194291047,-1051.032,-58525.080,2,0
$CH,58.100,L1CD,12,5610,44.0,0.351008452,3138.612,176473.030,2,0
$CH,58.100,L1CD,13,5610,42.5,1.710305557,526.302,28933.882,2,0
$CH,58.100,L1CD,17,5610,43.1,4.196754423,167.196,9338.773,2,0
$CH,58.100,L1CD,19,5610,42.8,7.719376686,-723.060,-40619.749,2,0
$CH,58.100,L1CD,20,5610,43.0,4.054408956,3765.220,211411.859,2,0
$CH,58.100,L1CD,24,5610,42.5,3.972626902,67.113,4446.036,2,0
$CH,58.100,L1CD,28,5610,42.4,9.804651462,-2504.414,-140043.966,2,0
$TIME,2024,1,30,6,10,46.922654
$CH,58.200,L1CD,2,5620,43.1,8.877339216,-1176.038,-65842.835,2,0
$CH,58.200,L1CD,5,5620,44.4,7.281477311,2155.539,121922.153,2,0
$CH,58.200,L1CD,6,5620,44.2,7.194379925,-1051.626,-58630.212,2,0
$CH,58.200,L1CD,12,5620,44.0,0.350807991,3139.028,176786.916,2,0
$CH,58.200,L1CD,13,5620,42.5,1.710246342,526.797,28986.514,2,0
$CH,58.200,L1CD,17,5620,43.1,4.196713261,167.366,9355.527,2,0
$CH,58.200,L1CD,19,5620,42.8,7.719384861,-723.189,-40692.075,2,0
$CH,58.200,L1CD,20,5620,43.0,4.054170770,3765.302,211788.395,2,0
$CH,58.200,L1CD,24,5620,42.5,3.972624079,67.227,4452.760,2,0
$CH,58.200,L1CD,28,5620,42.4,9.804807482,-2504.740,-140294.419,2,0
$TIME,2024,1,30,6,10,46.953088
$CH,58.300,L1CD,2,5630,43.1,8.877394512,-1175.929,-65960.412,2,0
$CH,58.300,L1CD,5,5630,44.4,7.281331898,2155.629,122137.712,2,0
$CH,58.300,L1CD,6,5630,44.2,7.194410936,-1051.024,-58735.332,2,0
$CH,58.300,L1CD,12,5630,44.0,0.350600789,3139.288,177100.830,2,0
$CH,58.300,L1CD,13,5630,42.5,1.710173501,527.127,29039.164,2,0
$CH,58.300,L1CD,17,5630,43.1,4.196668794,167.998,9372.308,2,0
$CH,58.300,L1CD,19,5630,42.8,7.719417501,-723.059,-40764.380,2,0
$CH,58.300,L1CD,20,5630,43.0,4.053936861,3765.694,212164.950,2,0
$CH,58.300,L1CD,24,5630,42.5,3.972627203,67.042,4459.493,2,0
$CH,58.300,L1CD,28,5630,42.4,9.804959287,-2504.623,-140544.872,2,0
$TIME,2024,1,30,6,10,47.002971
$CH,58.400,L1CD,2,5640,43.1,8.877450194,-1176.221,-66077.997,2,0
$CH,58.400,L1CD,5,5640,44.4,7.281193510,2155.564,122353.251,2,0
$CH,58.400,L1CD,6,5640,44.2,7.194473299,-1051.300,-58840.463,2,0
$CH,58.400,L1CD,12,5640,44.0,0.350395678,3138.624,177414.719,2,0
$CH,58.400,L1CD,13,5640,42.5,1.710122235,526.307,29091.812,2,0
$CH,58.400,L1CD,17,5640,43.1,4.196625788,167.941,9389.077,2,0
$CH,58.400,L1CD,19,5640,42.8,7.719473349,-723.524,-40836.696,2,0
$CH,58.400,L1CD,20,5640,43.0,4.053701900,3764.745,212541.507,2,0
$CH,58.400,L1CD,24,5640,42.5,3.972626183,66.695,4466.221,2,0
$CH,58.400,L1CD,28,5640,42.4,9.805132643,-2504.018,-140795.330,2,0
$TIME,2024,1,30,6,10,47.043062
$CH,58.500,L1CD,2,5650,43.1,8.877546446,-1176.118,-66195.615,2,0
$CH,58.500,L1CD,5,5650,44.4,7.281063532,2154.747,122568.784,2,0
$CH,58.500,L1CD,6,5650,44.2,7.194570160,-1051.383,-58945.615,2,0
$CH,58.500,L1CD,12,5650,44.0,0.350202414,3138.323,177728.602,2,0
$CH,58.500,L1CD,13,5650,42.5,1.710122976,526.128,29144.452,2,0
$CH,58.500,L1CD,17,5650,43.1,4.196622072,167.374,9405.831,2,0
$CH,58.500,L1CD,19,5650,42.8,7.719553641,-723.919,-40909.030,2,0
$CH,58.500,L1CD,20,5650,43.0,4.053461874,3765.072,212918.035,2,0
$CH,58.500,L1CD,24,5650,42.5,3.972627322,67.009,4472.927,2,0
$CH,58.500,L1CD,28,5650,42.4,9.805277746,-2504.833,-141045.797,2,0
$TIME,2024,1,30,6,10,47.083282
$CH,58.600,L1CD,2,5660,43.1,8.877637691,-1176.864,-66313.228,2,0
$CH,58.600,L1CD,5,5660,44.4,7.280915370,2154.856,122784.294,2,0
$CH,58.600,L1CD,6,5660,44.2,7.194636172,-1050.985,-59050.782,2,0
$CH,58.600,L1CD,12,5660,44.0,0.350007534,3138.792,178042.455,2,0
$CH,58.600,L1CD,13,5660,42.5,1.710123584,526.072,29197.073,2,0
$CH,58.600,L1CD,17,5660,43.1,4.196621027,167.614,9422.584,2,0
$CH,58.600,L1CD,19,5660,42.8,7.719622004,-723.264,-40981.378,2,0
$CH,58.600,L1CD,20,5660,43.0,4.053219112,3765.074,213294.549,2,0
$CH,58.600,L1CD,24,5660,42.5,3.972621613,67.492,4479.608,2,0
$CH,58.600,L1CD,28,5660,42.4,9.805435965,-2505.088,-141296.281,2,0
$TIME,2024,1,30,6,10,47.113236
$CH,58.700,L1CD,2,5670,43.1,8.877680076,-1175.981,-66430.843,2,0
$CH,58.700,L1CD,5,5670,44.4,7.280797252,2155.347,122999.810,2,0
$CH,58.700,L1CD,6,5670,44.2,7.194671020,-1051.729,-59155.928,2,0
$CH,58.700,L1CD,12,5670,44.0,0.349809522,3138.592,178356.336,2,0
$CH,58.700,L1CD,13,5670,42.5,1.710109518,526.794,29249.709,2,0
$CH,58.700,L1CD,17,5670,43.1,4.196626750,167.091,9439.343,2,0
$CH,58.700,L1CD,19,5670,42.8,7.719629285,-722.817,-41053.704,2,0
$CH,58.700,L1CD,20,5670,43.0,4.052983170,3765.352,213671.078,2,0
$CH,58.700,L1CD,24,5670,42.5,3.972622882,67.588,4486.314,2,0
$CH,58.700,L1CD,28,5670,42.4,9.805612507,-2504.783,-141546.770,2,0
$TIME,2024,1,30,6,10,47.143480
$CH,58.800,L1CD,2,5680,43.1,8.877762982,-1176.339,-66548.433,2,0
$CH,58.800,L1CD,5,5680,44.4,7.280635941,2155.460,123215.333,2,0
$CH,58.800,L1CD,6,5680,44.2,7.194741611,-1051.230,-59261.072,2,0
$CH,58.800,L1CD,12,5680,44.0,0.349604546,3138.617,178670.234,2,0
$CH,58.800,L1CD,13,5680,42.5,1.710078802,526.155,29302.377,2,0
$CH,58.800,L1CD,17,5680,43.1,4.196622009,167.784,9456.117,2,0
$CH,58.800,L1CD,19,5680,42.8,7.719649678,-722.934,-41126.018,2,0
$CH,58.800,L1CD,20,5680,43.0,4.052744856,3765.839,214047.624,2,0
$CH,58.800,L1CD,24,5680,42.5,3.972625476,66.750,4493.024,2,0
$CH,58.800,L1CD,28,5680,42.4,9.805748586,-2504.446,-141797.230,2,0
$TIME,2024,1,30,6,10,47.173489
$CH,58.900,L1CD,2,5690,43.1,8.877876606,-1175.445,-66666.031,2,0
$CH,58.900,L1CD,5,5690,44.4,7.280531206,2154.933,123430.864,2,0
$CH,58.900,L1CD,6,5690,44.2,7.194842329,-1051.237,-59366.212,2,0
$CH,58.900,L1CD,12,5690,44.0,0.349401206,3138.911,178984.119,2,0
$CH,58.900,L1CD,13,5690,42.5,1.710030598,526.291,29355.041,2,0
$CH,58.900,L1CD,17,5690,43.1,4.196627453,168.209,9472.892,2,0
$CH,58.900,L1CD,19,5690,42.8,7.719691314,-723.325,-41198.332,2,0
$CH,58.900,L1CD,20,5690,43.0,4.052508169,3765.481,214424.168,2,0
$CH,58.900,L1CD,24,5690,42.5,3.972626984,67.315,4499.729,2,0
$CH,58.900,L1CD,28,5690,42.4,9.805911002,-2504.789,-142047.685,2,0
$TIME,2024,1,30,6,10,47.203498
$CH,59.000,L1CD,2,5700,43.4,8.877914337,-1175.740,-66783.629,2,0
$CH,59.000,L1CD,5,5700,43.8,7.280369980,2155.407,123646.371,2,0
$CH,59.000,L1CD,6,5700,43.9,7.194891220,-1051.610,-59471.353,2,0
$CH,59.000,L1CD,12,5700,43.8,0.349212222,3138.862,179298.003,2,0
$CH,59.000,L1CD,13,5700,42.3,1.709965090,527.065,29407.706,2,0
$CH,59.000,L1CD,17,5700,42.8,4.196626318,168.116,9489.670,2,0
$CH,59.000,L1CD,19,5700,42.5,7.719763412,-723.168,-41270.637,2,0
$CH,59.000,L1CD,20,5700,43.4,4.052261732,3765.575,214800.710,2,0
$CH,59.000,L1CD,24,5700,41.8,3.972623462,67.048,4506.433,2,0
$CH,59.000,L1CD,28,5700,42.6,9.806077471,-2504.443,-142298.158,2,0
$TIME,2024,1,30,6,10,47.236322
$CH,59.100,L1CD,2,5710,43.4,8.877983499,-1175.847,-66901.222,2,0
$CH,59.100,L1CD,5,5710,43.8,7.280249945,2154.831,123861.890,2,0
$CH,59.100,L1CD,6,5710,43.9,7.194935718,-1051.405,-59576.502,2,0
$CH,59.100,L1CD,12,5710,43.8,0.349020574,3138.549,179611.888,2,0
$CH,59.100,L1CD,13,5710,42.3,1.709891797,526.709,29460.377,2,0
$CH,59.100,L1CD,17,5710,42.8,4.196621972,167.069,9506.444,2,0
$CH,59.100,L1CD,19,5710,42.5,7.719848359,-722.978,-41342.943,2,0
$CH,59.100,L1CD,20,5710,43.4,4.052022931,3765.276,215177.252,2,0
$CH,59.100,L1CD,24,5710,41.8,3.972622737,66.565,4513.135,2,0
$CH,59.100,L1CD,28,5710,42.6,9.806223364,-2505.106,-142548.625,2,0
$TIME,2024,1,30,6,10,47.263979
$CH,59.200,L1CD,2,5720,43.4,8.878088883,-1176.042,-67018.835,2,0
$CH,59.200,L1CD,5,5720,43.8,7.280100321,2155.175,124077.384,2,0
$CH,59.200,L1CD,6,5720,43.9,7.195017971,-1051.863,-59681.669,2,0
$CH,59.200,L1CD,12,5720,43.8,0.348818801,3138.482,179925.751,2,0
$CH,59.200,L1CD,13,5720,42.3,1.709873370,526.443,29513.052,2,0
$CH,59.200,L1CD,17,5720,42.8,4.196624636,167.233,9523.207,2,0
$CH,59.200,L1CD,19,5720,42.5,7.719879682,-723.657,-41415.267,2,0
$CH,59.200,L1CD,20,5720,43.4,4.051784633,3765.269,215553.785,2,0
$CH,59.200,L1CD,24,5720,41.8,3.972622678,66.524,4519.812,2,0
$CH,59.200,L1CD,28,5720,42.6,9.806398483,-2505.176,-142799.113,2,0
$TIME,2024,1,30,6,10,47.293880
$CH,59.300,L1CD,2,5730,43.4,8.878146123,-1176.261,-67136.450,2,0
$CH,59.300,L1CD,5,5730,43.8,7.279969918,2155.484,124292.873,2,0
$CH,59.300,L1CD,6,5730,43.9,7.195123279,-1051.340,-59786.835,2,0
$CH,59.300,L1CD,12,5730,43.8,0.348606666,3139.023,180239.612,2,0
$CH,59.300,L1CD,13,5730,42.3,1.709873171,526.387,29565.717,2,0
$CH,59.300,L1CD,17,5730,42.8,4.196624436,167.258,9539.972,2,0
$CH,59.300,L1CD,19,5730,42.5,7.719894571,-722.917,-41487.603,2,0
$CH,59.300,L1CD,20,5730,43.4,4.051540593,3765.548,215930.318,2,0
$CH,59.300,L1CD,24,5730,41.8,3.972623488,67.096,4526.489,2,0
$CH,59.300,L1CD,28,5730,42.6,9.806550923,-2504.534,-143049.601,2,0
$TIME,2024,1,30,6,10,47.323972
$CH,59.400,L1CD,2,5740,43.4,8.878199810,-1175.939,-67254.061,2,0
$CH,59.400,L1CD,5,5740,43.8,7.279833127,2154.907,124508.361,2,0
$CH,59.400,L1CD,6,5740,43.9,7.195150038,-1052.076,-59891.996,2,0
$CH,59.400,L1CD,12,5740,43.8,0.348403086,3138.996,180553.480,2,0
$CH,59.400,L1CD,13,5740,42.3,1.709865934,526.615,29618.391,2,0
$CH,59.400,L1CD,17,5740,42.8,4.196623507,168.779,9556.736,2,0
$CH,59.400,L1CD,19,5740,42.5,7.719930212,-723.291,-41559.916,2,0
$CH,59.400,L1CD,20,5740,43.4,4.051304301,3765.430,216306.842,2,0
$CH,59.400,L1CD,24,5740,41.8,3.972625170,66.510,4533.169,2,0
$CH,59.400,L1CD,28,5740,42.6,9.806699487,-2505.349,-143300.092,2,0
$TIME,2024,1,30,6,10,47.354216
$CH,59.500,L1CD,2,5750,43.4,8.878293019,-1176.155,-67371.685,2,0
$CH,59.500,L1CD,5,5750,43.8,7.279691397,2154.795,124723.847,2,0
$CH,59.500,L1CD,6,5750,43.9,7.195203680,-1051.253,-59997.176,2,0
$CH,59.500,L1CD,12,5750,43.8,0.348212072,3138.687,180867.340,2,0
$CH,59.500,L1CD,13,5750,42.3,1.709840533,526.836,29671.070,2,0
$CH,59.500,L1CD,17,5750,42.8,4.196623006,167.997,9573.503,2,0
$CH,59.500,L1CD,19,5750,42.5,7.719990323,-722.802,-41632.245,2,0
$CH,59.500,L1CD,20,5750,43.4,4.051064021,3765.068,216683.365,2,0
$CH,59.500,L1CD,24,5750,41.8,3.972624307,66.590,4539.841,2,0
$CH,59.500,L1CD,28,5750,42.6,9.806876176,-2505.114,-143550.592,2,0
$TIME,2024,1,30,6,10,47.394118
$CH,59.600,L1CD,2,5760,43.4,8.878383590,-1175.844,-67489.304,2,0
$CH,59.600,L1CD,5,5760,43.8,7.279567820,2154.501,124939.321,2,0
$CH,59.600,L1CD,6,5760,43.9,7.195293418,-1052.061,-60102.347,2,0
$CH,59.600,L1CD,12,5760,43.8,0.348022021,3138.783,181181.195,2,0
$CH,59.600,L1CD,13,5760,42.3,1.709799920,526.921,29723.751,2,0
$CH,59.600,L1CD,17,5760,42.8,4.196622987,167.635,9590.265,2,0
$CH,59.600,L1CD,19,5760,42.5,7.720070234,-723.501,-41704.567,2,0
$CH,59.600,L1CD,20,5760,43.4,4.050827338,3765.680,217059.892,2,0
$CH,59.600,L1CD,24,5760,41.8,3.972624686,67.040,4546.504,2,0
$CH,59.600,L1CD,28,5760,42.6,9.807020753,-2505.106,-143801.095,2,0
$TIME,2024,1,30,6,10,47.424218
$CH,59.700,L1CD,2,5770,43.4,8.878424336,-1175.986,-67606.920,2,0
$CH,59.700,L1CD,5,5770,43.8,7.279413363,2154.570,125154.786,2,0
$CH,59.700,L1CD,6,5770,43.9,7.195378289,-1051.525,-60207.526,2,0
$CH,59.700,L1CD,12,5770,43.8,0.347819363,3138.352,181495.058,2,0
$CH,59.700,L1CD,13,5770,42.3,1.709744182,527.130,29776.424,2,0
$CH,59.700,L1CD,17,5770,42.8,4.196624516,167.046,9607.048,2,0
$CH,59.700,L1CD,19,5770,42.5,7.720124822,-723.367,-41776.873,2,0
$CH,59.700,L1CD,20,5770,43.4,4.050584338,3765.308,217436.413,2,0
$CH,59.700,L1CD,24,5770,41.8,3.972625461,67.307,4553.159,2,0
$CH,59.700,L1CD,28,5770,42.6,9.807181225,-2504.874,-144051.591,2,0
$TIME,2024,1,30,6,10,47.454587
$CH,59.800,L1CD,2,5780,43.4,8.878503884,-1176.399,-67724.532,2,0
$CH,59.800,L1CD,5,5780,43.8,7.279293918,2154.747,125370.262,2,0
$CH,59.800,L1CD,6,5780,43.9,7.195409797,-1051.754,-60312.701,2,0
$CH,59.800,L1CD,12,5780,43.8,0.347609673,3139.024,181808.906,2,0
$CH,59.800,L1CD,13,5780,42.3,1.709670880,526.823,29829.122,2,0
$CH,59.800,L1CD,17,5780,42.8,4.196622613,167.615,9623.806,2,0
$CH,59.800,L1CD,19,5780,42.5,7.720130248,-723.000,-41849.203,2,0
$CH,59.800,L1CD,20,5780,43.4,4.050345772,3765.450,217812.932,2,0
$CH,59.800,L1CD,24,5780,41.8,3.972625986,66.550,4559.828,2,0
$CH,59.800,L1CD,28,5780,42.6,9.807356579,-2505.279,-144302.089,2,0
$TIME,2024,1,30,6,10,47.484585
$CH,59.900,L1CD,2,5790,43.4,8.878614929,-1175.857,-67842.154,2,0
$CH,59.900,L1CD,5,5790,43.8,7.279133052,2154.582,125585.735,2,0
$CH,59.900,L1CD,6,5790,43.9,7.195472802,-1052.052,-60417.874,2,0
$CH,59.900,L1CD,12,5790,43.8,0.347412394,3138.653,182122.771,2,0
$CH,59.900,L1CD,13,5790,42.3,1.709627668,526.951,29881.832,2,0
$CH,59.900,L1CD,17,5790,42.8,4.196616773,167.589,9640.587,2,0
$CH,59.900,L1CD,19,5790,42.5,7.720156267,-723.534,-41921.517,2,0
$CH,59.900,L1CD,20,5790,43.4,4.050102874,3765.184,218189.467,2,0
$CH,59.900,L1CD,24,5790,41.8,3.972626769,67.275,4566.478,2,0
$CH,59.900,L1CD,28,5790,42.6,9.807499721,-2504.925,-144552.601,2,0
$TIME,2024,1,30,6,10,47.514546
$CH,60.000,L1CD,2,5800,43.3,8.878656985,-1176.263,-67959.765,2,0
$CH,60.000,L1CD,5,5800,43.4,7.279023807,2154.393,125801.198,2,0
$CH,60.000,L1CD,6,5800,44.0,7.195574054,-1052.052,-60523.053,2,0
$CH,60.000,L1CD,12,5800,43.7,0.347225629,3138.504,182436.628,2,0
$CH,60.000,L1CD,13,5800,42.3,1.709626772,526.969,29934.530,2,0
$CH,60.000,L1CD,17,5800,43.0,4.196606679,167.122,9657.370,2,0
$CH,60.000,L1CD,19,5800,42.0,7.720204518,-723.456,-41993.828,2,0
$CH,60.000,L1CD,20,5800,43.4,4.049864454,3765.778,218565.998,2,0
$CH,60.000,L1CD,24,5800,42.4,3.972626258,66.690,4573.135,2,0
$CH,60.000,L1CD,28,5800,42.2,9.807663288,-2505.210,-144803.094,2,0
$TIME,2024,1,30,6,10,47.554537
$CH,60.100,L1CD,2,5810,43.3,8.878720253,-1176.239,-68077.387,2,0
$CH,60.100,L1CD,5,5810,43.4,7.278862627,2154.730,126016.654,2,0
$CH,60.100,L1CD,6,5810,44.0,7.195642142,-1051.921,-60628.233,2,0
$CH,60.100,L1CD,12,5810,43.7,0.347027806,3138.421,182750.482,2,0
$CH,60.100,L1CD,13,5810,42.3,1.709623199,526.767,29987.238,2,0
$CH,60.100,L1CD,17,5810,43.0,4.196593398,167.760,9674.142,2,0
$CH,60.100,L1CD,19,5810,42.0,7.720276526,-723.344,-42066.146,2,0
$CH,60.100,L1CD,20,5810,43.4,4.049621050,3765.248,218942.521,2,0
$CH,60.100,L1CD,24,5810,42.4,3.972625423,66.633,4579.788,2,0
$CH,60.100,L1CD,28,5810,42.2,9.807831363,-2505.423,-145053.599,2,0
$TIME,2024,1,30,6,10,47.584545
$CH,60.200,L1CD,2,5820,43.3,8.878826570,-1176.048,-68195.010,2,0
$CH,60.200,L1CD,5,5820,43.4,7.278742196,2154.681,126232.104,2,0
$CH,60.200,L1CD,6,5820,44.0,7.195678044,-1052.011,-60733.423,2,0
$CH,60.200,L1CD,12,5820,43.7,0.346825315,3138.382,183064.333,2,0
$CH,60.200,L1CD,13,5820,42.3,1.709609194,526.725,30039.941,2,0
$CH,60.200,L1CD,17,5820,43.0,4.196570269,167.669,9690.911,2,0
$CH,60.200,L1CD,19,5820,42.0,7.720361448,-723.218,-42138.457,2,0
$CH,60.200,L1CD,20,5820,43.4,4.049376579,3764.958,219319.047,2,0
$CH,60.200,L1CD,24,5820,42.4,3.972625731,66.324,4586.434,2,0
$CH,60.200,L1CD,28,5820,42.2,9.807975096,-2505.236,-145304.117,2,0
$TIME,2024,1,30,6,10,47.614572
$CH,60.300,L1CD,2,5830,43.3,8.878891933,-1176.418,-68312.622,2,0
$CH,60.300,L1CD,5,5830,43.4,7.278594092,2154.758,126447.550,2,0
$CH,60.300,L1CD,6,5830,44.0,7.195749886,-1052.353,-60838.608,2,0
$CH,60.300,L1CD,12,5830,43.7,0.346616628,3138.319,183378.183,2,0
$CH,60.300,L1CD,13,5830,42.3,1.709574059,527.028,30092.662,2,0
$CH,60.300,L1CD,17,5830,43.0,4.196547566,167.984,9707.686,2,0
$CH,60.300,L1CD,19,5830,42.0,7.720382401,-723.534,-42210.769,2,0
$CH,60.300,L1CD,20,5830,43.4,4.049140856,3764.763,219695.577,2,0
$CH,60.300,L1CD,24,5830,42.4,3.972626357,66.018,4593.082,2,0
$CH,60.300,L1CD,28,5830,42.2,9.808147242,-2504.921,-145554.626,2,0
$TIME,2024,1,30,6,10,47.644681
$CH,60.400,L1CD,2,5840,43.3,8.878946024,-1176.265,-68430.262,2,0
$CH,60.400,L1CD,5,5840,43.4,7.278465499,2154.409,126662.983,2,0
$CH,60.400,L1CD,6,5840,44.0,7.195854321,-1052.578,-60943.813,2,0
$CH,60.400,L1CD,12,5840,43.7,0.346417756,3138.686,183692.009,2,0
$CH,60.400,L1CD,13,5840,42.3,1.709525399,526.950,30145.353,2,0
$CH,60.400,L1CD,17,5840,43.0,4.196519209,167.686,9724.450,2,0
$CH,60.400,L1CD,19,5840,42.0,7.720396476,-723.263,-42283.095,2,0
$CH,60.400,L1CD,20,5840,43.4,4.048906838,3764.673,220072.085,2,0
$CH,60.400,L1CD,24,5840,42.4,3.972626075,66.145,4599.696,2,0
$CH,60.400,L1CD,28,5840,42.2,9.808303939,-2505.180,-145805.157,2,0
$TIME,2024,1,30,6,10,47.674797
$CH,60.500,L1CD,2,5850,43.3,8.879037390,-1176.422,-68547.905,2,0
$CH,60.500,L1CD,5,5850,43.4,7.278329648,2154.524,126878.399,2,0
$CH,60.500,L1CD,6,5850,44.0,7.195895399,-1051.974,-61049.021,2,0
$CH,60.500,L1CD,12,5850,43.7,0.346231190,3138.514,184005.838,2,0
$CH,60.500,L1CD,13,5850,42.3,1.709460968,527.211,30198.072,2,0
$CH,60.500,L1CD,17,5850,43.0,4.196482679,167.327,9741.213,2,0
$CH,60.500,L1CD,19,5850,42.0,7.720435647,-723.099,-42355.426,2,0
$CH,60.500,L1CD,20,5850,43.4,4.048669812,3765.348,220448.584,2,0
$CH,60.500,L1CD,24,5850,42.4,3.972624207,66.620,4606.315,2,0
$CH,60.500,L1CD,28,5850,42.2,9.808451660,-2505.065,-146055.683,2,0
$TIME,2024,1,30,6,10,47.704712
$CH,60.600,L1CD,2,5860,43.3,8.879134862,-1176.134,-68665.533,2,0
$CH,60.600,L1CD,5,5860,43.4,7.278187935,2154.417,127093.831,2,0
$CH,60.600,L1CD,6,5860,44.0,7.195937192,-1051.557,-61154.221,2,0
$CH,60.600,L1CD,12,5860,43.7,0.346034097,3138.772,184319.678,2,0
$CH,60.600,L1CD,13,5860,42.3,1.709389869,527.588,30250.786,2,0
$CH,60.600,L1CD,17,5860,43.0,4.196442149,167.846,9757.986,2,0
$CH,60.600,L1CD,19,5860,42.0,7.720494317,-723.333,-42427.734,2,0
$CH,60.600,L1CD,20,5860,43.4,4.048434098,3765.302,220825.102,2,0
$CH,60.600,L1CD,24,5860,42.4,3.972625732,66.172,4612.944,2,0
$CH,60.600,L1CD,28,5860,42.2,9.808627988,-2505.349,-146306.210,2,0
$TIME,2024,1,30,6,10,47.737521
$CH,60.700,L1CD,2,5870,43.3,8.879175344,-1175.894,-68783.162,2,0
$CH,60.700,L1CD,5,5870,43.4,7.278064044,2154.373,127309.258,2,0
$CH,60.700,L1CD,6,5870,44.0,7.196018520,-1052.155,-61259.418,2,0
$CH,60.700,L1CD,12,5870,43.7,0.345825352,3138.250,184633.518,2,0
$CH,60.700,L1CD,13,5870,42.3,1.709375841,527.434,30303.509,2,0
$CH,60.700,L1CD,17,5870,43.0,4.196396038,168.521,9774.761,2,0
$CH,60.700,L1CD,19,5870,42.0,7.720575849,-723.356,-42500.051,2,0
$CH,60.700,L1CD,20,5870,43.4,4.048195889,3765.080,221201.624,2,0
$CH,60.700,L1CD,24,5870,42.4,3.972623181,66.699,4619.568,2,0
$CH,60.700,L1CD,28,5870,42.2,9.808770887,-2505.058,-146556.735,2,0
$TIME,2024,1,30,6,10,47.775039
$CH,60.800,L1CD,2,5880,43.3,8.879253161,-1176.734,-68900.782,2,0
$CH,60.800,L1CD,5,5880,43.4,7.277909680,2154.123,127524.695,2,0
$CH,60.800,L1CD,6,5880,44.0,7.196124445,-1052.027,-61364.610,2,0
$CH,60.800,L1CD,12,5880,43.7,0.345615498,3137.980,184947.363,2,0
$CH,60.800,L1CD,13,5880,42.3,1.709376601,527.014,30356.257,2,0
$CH,60.800,L1CD,17,5880,43.0,4.196373750,168.272,9791.547,2,0
$CH,60.800,L1CD,19,5880,42.0,7.720627181,-723.301,-42572.358,2,0
$CH,60.800,L1CD,20,5880,43.4,4.047957931,3765.402,221578.150,2,0
$CH,60.800,L1CD,24,5880,42.4,3.972626799,65.862,4626.197,2,0
$CH,60.800,L1CD,28,5880,42.2,9.808930064,-2505.345,-146807.259,2,0
$TIME,2024,1,30,6,10,47.805139
$CH,60.900,L1CD,2,5890,43.3,8.879364626,-1176.789,-69018.425,2,0
$CH,60.900,L1CD,5,5890,43.4,7.277789265,2153.871,127740.100,2,0
$CH,60.900,L1CD,6,5890,44.0,7.196151945,-1052.777,-61469.824,2,0
$CH,60.900,L1CD,12,5890,43.7,0.345418469,3138.330,185261.178,2,0
$CH,60.900,L1CD,13,5890,42.3,1.709368652,526.832,30408.982,2,0
$CH,60.900,L1CD,17,5890,43.0,4.196372831,167.881,9808.321,2,0
$CH,60.900,L1CD,19,5890,42.0,7.720636395,-723.316,-42644.683,2,0
$CH,60.900,L1CD,20,5890,43.4,4.047718039,3764.704,221954.657,2,0
$CH,60.900,L1CD,24,5890,42.4,3.972624876,66.064,4632.804,2,0
$CH,60.900,L1CD,28,5890,42.2,9.809106466,-2505.183,-147057.800,2,0
$TIME,2024,1,30,6,10,47.837668
$CH,61.000,L1CD,2,5900,43.3,8.879407028,-1176.285,-69136.064,2,0
$CH,61.000,L1CD,5,5900,43.7,7.277627568,2154.363,127955.503,2,0
$CH,61.000,L1CD,6,5900,44.2,7.196206087,-1052.317,-61575.039,2,0
$CH,61.000,L1CD,12,5900,43.9,0.345231233,3138.327,185575.008,2,0
$CH,61.000,L1CD,13,5900,42.4,1.709346615,527.662,30461.716,2,0
$CH,61.000,L1CD,17,5900,43.0,4.196371725,167.524,9825.098,2,0
$CH,61.000,L1CD,19,5900,42.6,7.720664863,-722.851,-42716.999,2,0
$CH,61.000,L1CD,20,5900,42.9,4.047481507,3765.223,222331.169,2,0
$CH,61.000,L1CD,24,5900,42.2,3.972623820,67.102,4639.415,2,0
$CH,61.000,L1CD,28,5900,42.2,9.809251917,-2505.187,-147308.335,2,0
$TIME,2024,1,30,6,10,47.865198
$CH,61.100,L1CD,2,5910,43.3,8.879472950,-1176.347,-69253.701,2,0
$CH,61.100,L1CD,5,5910,43.7,7.277514593,2154.147,128170.908,2,0
$CH,61.100,L1CD,6,5910,44.2,7.196296271,-1052.463,-61680.253,2,0
$CH,61.100,L1CD,12,5910,43.9,0.345036457,3138.340,185888.840,2,0
$CH,61.100,L1CD,13,5910,42.4,1.709302968,527.318,30514.466,2,0
$CH,61.100,L1CD,17,5910,43.0,4.196373784,167.819,9841.868,2,0
$CH,61.100,L1CD,19,5910,42.6,7.720716265,-723.112,-42789.308,2,0
$CH,61.100,L1CD,20,5910,42.9,4.047241676,3765.257,222707.672,2,0
$CH,61.100,L1CD,24,5910,42.2,3.972624845,66.679,4646.013,2,0
$CH,61.100,L1CD,28,5910,42.2,9.809417435,-2505.023,-147558.870,2,0
$TIME,2024,1,30,6,10,47.905191
$CH,61.200,L1CD,2,5920,43.3,8.879577601,-1176.339,-69371.335,2,0
$CH,61.200,L1CD,5,5920,43.7,7.277361229,2154.135,128386.311,2,0
$CH,61.200,L1CD,6,5920,44.2,7.196379719,-1051.526,-61785.473,2,0
$CH,61.200,L1CD,12,5920,43.9,0.344828915,3138.299,186202.659,2,0
$CH,61.200,L1CD,13,5920,42.4,1.709245272,527.616,30567.202,2,0
$CH,61.200,L1CD,17,5920,43.0,4.196372383,167.730,9858.647,2,0
$CH,61.200,L1CD,19,5920,42.6,7.720793313,-723.174,-42861.626,2,0
$CH,61.200,L1CD,20,5920,42.9,4.047004326,3764.973,223084.190,2,0
$CH,61.200,L1CD,24,5920,42.2,3.972621875,66.376,4652.616,2,0
$CH,61.200,L1CD,28,5920,42.2,9.809579187,-2505.555,-147809.411,2,0
$TIME,2024,1,30,6,10,47.937907
$CH,61.300,L1CD,2,5930,43.3,8.879645326,-1176.778,-69488.968,2,0
$CH,61.300,L1CD,5,5930,43.7,7.277239922,2154.012,128601.714,2,0
$CH,61.300,L1CD,6,5930,44.2,7.196411981,-1052.238,-61890.680,2,0
$CH,61.300,L1CD,12,5930,43.9,0.344621227,3138.051,186516.485,2,0
$CH,61.300,L1CD,13,5930,42.4,1.709175404,527.693,30619.962,2,0
$CH,61.300,L1CD,17,5930,43.0,4.196378044,168.267,9875.427,2,0
$CH,61.300,L1CD,19,5930,42.6,7.720875874,-723.852,-42933.930,2,0
$CH,61.300,L1CD,20,5930,42.9,4.046771013,3765.285,223460.701,2,0
$CH,61.300,L1CD,24,5930,42.2,3.972624805,66.207,4659.225,2,0
$CH,61.300,L1CD,28,5930,42.2,9.809725872,-2504.913,-148059.949,2,0
$TIME,2024,1,30,6,10,47.965447
$CH,61.400,L1CD,2,5940,43.3,8.879695135,-1176.254,-69606.620,2,0
$CH,61.400,L1CD,5,5940,43.7,7.277097466,2153.614,128817.102,2,0
$CH,61.400,L1CD,6,5940,44.2,7.196476491,-1052.432,-61995.910,2,0
$CH,61.400,L1CD,12,5940,43.9,0.344428447,3137.961,186830.301,2,0
$CH,61.400,L1CD,13,5940,42.4,1.709125615,527.679,30672.705,2,0
$CH,61.400,L1CD,17,5940,43.0,4.196372713,167.227,9892.203,2,0
$CH,61.400,L1CD,19,5940,42.6,7.720881678,-723.209,-43006.248,2,0
$CH,61.400,L1CD,20,5940,42.9,4.046532934,3764.701,223837.216,2,0
$CH,61.400,L1CD,24,5940,42.2,3.972625054,65.860,4665.814,2,0
$CH,61.400,L1CD,28,5940,42.2,9.809896059,-2505.994,-148310.507,2,0
$TIME,2024,1,30,6,10,47.995536
$CH,61.500,L1CD,2,5950,43.3,8.879783968,-1176.164,-69724.283,2,0
$CH,61.500,L1CD,5,5950,43.7,7.276962826,2154.074,129032.466,2,0
$CH,61.500,L1CD,6,5950,44.2,7.196575728,-1052.727,-62101.149,2,0
$CH,61.500,L1CD,12,5950,43.9,0.344238336,3138.057,187144.096,2,0
$CH,61.500,L1CD,13,5950,42.4,1.709124227,527.861,30725.440,2,0
$CH,61.500,L1CD,17,5950,43.0,4.196374452,167.503,9908.963,2,0
$CH,61.500,L1CD,19,5950,42.6,7.720896520,-723.486,-43078.579,2,0
$CH,61.500,L1CD,20,5950,42.9,4.046288663,3764.895,224213.693,2,0
$CH,61.500,L1CD,24,5950,42.2,3.972625794,66.000,4672.374,2,0
$CH,61.500,L1CD,28,5950,42.2,9.810052220,-2505.446,-148561.072,2,0
$TIME,2024,1,30,6,10,48.035455
$CH,61.600,L1CD,2,5960,43.3,8.879883016,-1176.081,-69841.946,2,0
$CH,61.600,L1CD,5,5960,43.7,7.276825869,2153.118,129247.840,2,0
$CH,61.600,L1CD,6,5960,44.2,7.196635406,-1052.558,-62206.389,2,0
$CH,61.600,L1CD,12,5960,43.9,0.344037033,3138.317,187457.894,2,0
$CH,61.600,L1CD,13,5960,42.4,1.709120728,527.979,30778.182,2,0
$CH,61.600,L1CD,17,5960,43.0,4.196378250,167.310,9925.724,2,0
$CH,61.600,L1CD,19,5960,42.6,7.720939261,-723.397,-43150.908,2,0
$CH,61.600,L1CD,20,5960,42.9,4.046048033,3765.560,224590.189,2,0
$CH,61.600,L1CD,24,5960,42.2,3.972625591,66.229,4678.944,2,0
$CH,61.600,L1CD,28,5960,42.2,9.810201706,-2505.864,-148811.642,2,0
$TIME,2024,1,30,6,10,48.065735
$CH,61.700,L1CD,2,5970,43.3,8.879923253,-1176.239,-69959.582,2,0
$CH,61.700,L1CD,5,5970,43.7,7.276681755,2153.613,129463.204,2,0
$CH,61.700,L1CD,6,5970,44.2,7.196669293,-1052.207,-62311.621,2,0
$CH,61.700,L1CD,12,5970,43.9,0.343833987,3138.046,187771.707,2,0
$CH,61.700,L1CD,13,5970,42.4,1.709105496,527.329,30830.966,2,0
$CH,61.700,L1CD,17,5970,43.0,4.196376288,167.876,9942.504,2,0
$CH,61.700,L1CD,19,5970,42.6,7.721007728,-723.020,-43223.214,2,0
$CH,61.700,L1CD,20,5970,42.9,4.045811843,3765.415,224966.700,2,0
$CH,61.700,L1CD,24,5970,42.2,3.972623277,66.083,4685.523,2,0
$CH,61.700,L1CD,28,5970,42.2,9.810377077,-2505.997,-149062.191,2,0
$TIME,2024,1,30,6,10,48.095763
$CH,61.800,L1CD,2,5980,43.3,8.879996843,-1176.362,-70077.233,2,0
$CH,61.800,L1CD,5,5980,43.7,7.276558198,2153.672,129678.578,2,0
$CH,61.800,L1CD,6,5980,44.2,7.196740998,-1052.160,-62416.861,2,0
$CH,61.800,L1CD,12,5980,43.9,0.343626539,3138.076,188085.518,2,0
$CH,61.800,L1CD,13,5980,42.4,1.709073305,527.470,30883.716,2,0
$CH,61.800,L1CD,17,5980,43.0,4.196374319,168.284,9959.287,2,0
$CH,61.800,L1CD,19,5980,42.6,7.721091114,-723.305,-43295.534,2,0
$CH,61.800,L1CD,20,5980,42.9,4.045567936,3764.902,225343.200,2,0
$CH,61.800,L1CD,24,5980,42.2,3.972617180,65.686,4692.103,2,0
$CH,61.800,L1CD,28,5980,42.2,9.810518256,-2505.427,-149312.753,2,0
$TIME,2024,1,30,6,10,48.125734
$CH,61.900,L1CD,2,5990,43.3,8.880107922,-1176.200,-70194.882,2,0
$CH,61.900,L1CD,5,5990,43.7,7.276402404,2153.672,129893.941,2,0
$CH,61.900,L1CD,6,5990,44.2,7.196844147,-1052.107,-62522.091,2,0
$CH,61.900,L1CD,12,5990,43.9,0.343430676,3138.282,188399.327,2,0
$CH,61.900,L1CD,13,5990,42.4,1.709023710,528.099,30936.493,2,0
$CH,61.900,L1CD,17,5990,43.0,4.196376010,167.874,9976.067,2,0
$CH,61.900,L1CD,19,5990,42.6,7.721128456,-722.632,-43367.845,2,0
$CH,61.900,L1CD,20,5990,42.9,4.045331939,3765.274,225719.703,2,0
$CH,61.900,L1CD,24,5990,42.2,3.972611364,66.006,4698.674,2,0
$CH,61.900,L1CD,28,5990,42.2,9.810676409,-2504.971,-149563.314,2,0
$LOG,62.000,L1CD,10,SIGNAL NOT FOUND (31.8)
$TIME,2024,1,30,6,10,48.677534
$CH,62.000,L1CD,2,6000,43.8,8.880150927,-1176.440,-70312.534,2,0
$CH,62.000,L1CD,5,6000,43.9,7.276287840,2153.829,130109.308,2,0
$CH,62.000,L1CD,6,6000,44.3,7.196893461,-1052.337,-62627.332,2,0
$CH,62.000,L1CD,12,6000,43.8,0.343239163,3138.349,188713.133,2,0
$CH,62.000,L1CD,13,6000,42.0,1.708959048,527.917,30989.265,2,0
$CH,62.000,L1CD,17,6000,42.1,4.196374210,168.663,9992.847,2,0
$CH,62.000,L1CD,19,6000,42.9,7.721135155,-722.897,-43440.150,2,0
$CH,62.000,L1CD,20,6000,42.9,4.045088607,3764.799,226096.215,2,0
$CH,62.000,L1CD,24,6000,43.0,3.972602226,66.189,4705.242,2,0
$CH,62.000,L1CD,28,6000,42.5,9.810851497,-2506.342,-149813.869,2,0
$TIME,2024,1,30,6,10,48.707537
$CH,62.100,L1CD,2,6010,43.8,8.880212696,-1176.423,-70430.168,2,0
$CH,62.100,L1CD,5,6010,43.9,7.276123712,2154.045,130324.676,2,0
$CH,62.100,L1CD,6,6010,44.3,7.196937087,-1052.247,-62732.558,2,0
$CH,62.100,L1CD,12,6010,43.8,0.343039156,3138.653,189026.948,2,0
$CH,62.100,L1CD,13,6010,42.0,1.708885972,528.285,31042.052,2,0
$CH,62.100,L1CD,17,6010,42.1,4.196373602,168.485,10009.644,2,0
$CH,62.100,L1CD,19,6010,42.9,7.721163912,-723.141,-43512.445,2,0
$CH,62.100,L1CD,20,6010,42.9,4.044850415,3764.936,226472.718,2,0
$CH,62.100,L1CD,24,6010,43.0,3.972591455,65.998,4711.831,2,0
$CH,62.100,L1CD,28,6010,42.5,9.810996789,-2505.553,-150064.435,2,0
$TIME,2024,1,30,6,10,48.740179
$CH,62.200,L1CD,2,6020,43.8,8.880313304,-1176.182,-70547.811,2,0
$CH,62.200,L1CD,5,6020,43.9,7.276009407,2153.609,130540.043,2,0
$CH,62.200,L1CD,6,6020,44.3,7.197020594,-1052.282,-62837.784,2,0
$CH,62.200,L1CD,12,6020,43.8,0.342835364,3137.749,189340.767,2,0
$CH,62.200,L1CD,13,6020,42.0,1.708877821,528.047,31094.861,2,0
$CH,62.200,L1CD,17,6020,42.1,4.196374106,167.849,10026.440,2,0
$CH,62.200,L1CD,19,6020,42.9,7.721217998,-722.632,-43584.747,2,0
$CH,62.200,L1CD,20,6020,42.9,4.044607628,3764.516,226849.237,2,0
$CH,62.200,L1CD,24,6020,43.0,3.972579512,64.931,4718.402,2,0
$CH,62.200,L1CD,28,6020,42.5,9.811158905,-2505.171,-150314.990,2,0
$TIME,2024,1,30,6,10,48.777734
$CH,62.300,L1CD,2,6030,43.8,8.880388983,-1176.652,-70665.455,2,0
$CH,62.300,L1CD,5,6030,43.9,7.275856983,2153.221,130755.388,2,0
$CH,62.300,L1CD,6,6030,44.3,7.197127268,-1052.532,-62943.028,2,0
$CH,62.300,L1CD,12,6030,43.8,0.342623165,3137.894,189654.564,2,0
$CH,62.300,L1CD,13,6030,42.0,1.708878263,528.266,31147.654,2,0
$CH,62.300,L1CD,17,6030,42.1,4.196368017,168.542,10043.218,2,0
$CH,62.300,L1CD,19,6030,42.9,7.721295474,-723.224,-43657.047,2,0
$CH,62.300,L1CD,20,6030,42.9,4.044367706,3764.977,227225.743,2,0
$CH,62.300,L1CD,24,6030,43.0,3.972562853,65.236,4724.960,2,0
$CH,62.300,L1CD,28,6030,42.5,9.811323457,-2505.867,-150565.558,2,0
$TIME,2024,1,30,6,10,48.807732
$CH,62.400,L1CD,2,6040,43.8,8.880437939,-1176.838,-70783.129,2,0
$CH,62.400,L1CD,5,6040,43.9,7.275734828,2153.345,130970.716,2,0
$CH,62.400,L1CD,6,6040,44.3,7.197156466,-1052.436,-63048.295,2,0
$CH,62.400,L1CD,12,6040,43.8,0.342432913,3137.746,189968.346,2,0
$CH,62.400,L1CD,13,6040,42.0,1.708866450,527.840,31200.423,2,0
$CH,62.400,L1CD,17,6040,42.1,4.196356445,167.573,10059.991,2,0
$CH,62.400,L1CD,19,6040,42.9,7.721373566,-722.742,-43729.373,2,0
$CH,62.400,L1CD,20,6040,42.9,4.044125187,3764.220,227602.228,2,0
$CH,62.400,L1CD,24,6040,43.0,3.972542977,64.917,4731.495,2,0
$CH,62.400,L1CD,28,6040,42.5,9.811468762,-2505.955,-150816.148,2,0
$TIME,2024,1,30,6,10,48.840398
$CH,62.500,L1CD,2,6050,43.8,8.880525199,-1176.652,-70900.801,2,0
$CH,62.500,L1CD,5,6050,43.9,7.275592257,2153.474,131186.032,2,0
$CH,62.500,L1CD,6,6050,44.3,7.197209177,-1052.278,-63153.557,2,0
$CH,62.500,L1CD,12,6050,43.8,0.342241967,3137.988,190282.121,2,0
$CH,62.500,L1CD,13,6050,42.0,1.708839731,528.225,31253.208,2,0
$CH,62.500,L1CD,17,6050,42.1,4.196338539,168.145,10076.759,2,0
$CH,62.500,L1CD,19,6050,42.9,7.721379881,-723.267,-43801.697,2,0
$CH,62.500,L1CD,20,6050,42.9,4.043886872,3765.437,227978.705,2,0
$CH,62.500,L1CD,24,6050,43.0,3.972521694,65.224,4738.020,2,0
$CH,62.500,L1CD,28,6050,42.5,9.811641136,-2505.190,-151066.745,2,0
$TIME,2024,1,30,6,10,48.868037
$CH,62.600,L1CD,2,6060,43.8,8.880630756,-1176.434,-71018.474,2,0
$CH,62.600,L1CD,5,6060,43.9,7.275456248,2153.389,131401.356,2,0
$CH,62.600,L1CD,6,6060,44.3,7.197295646,-1053.162,-63258.822,2,0
$CH,62.600,L1CD,12,6060,43.8,0.342042107,3138.041,190595.906,2,0
$CH,62.600,L1CD,13,6060,42.0,1.708796032,527.802,31305.990,2,0
$CH,62.600,L1CD,17,6060,42.1,4.196315385,167.326,10093.540,2,0
$CH,62.600,L1CD,19,6060,42.9,7.721397709,-723.131,-43874.016,2,0
$CH,62.600,L1CD,20,6060,42.9,4.043650511,3764.372,228355.198,2,0
$CH,62.600,L1CD,24,6060,43.0,3.972501502,65.142,4744.559,2,0
$CH,62.600,L1CD,28,6060,42.5,9.811798879,-2506.063,-151317.330,2,0
$TIME,2024,1,30,6,10,48.898127
$CH,62.700,L1CD,2,6070,43.8,8.880670795,-1176.730,-71136.144,2,0
$CH,62.700,L1CD,5,6070,43.9,7.275327562,2153.076,131616.676,2,0
$CH,62.700,L1CD,6,6070,44.3,7.197384580,-1052.596,-63364.095,2,0
$CH,62.700,L1CD,12,6070,43.8,0.341837862,3137.787,190909.676,2,0
$CH,62.700,L1CD,13,6070,42.0,1.708736792,527.975,31358.785,2,0
$CH,62.700,L1CD,17,6070,42.1,4.196287177,167.464,10110.316,2,0
$CH,62.700,L1CD,19,6070,42.9,7.721440518,-722.782,-43946.328,2,0
$CH,62.700,L1CD,20,6070,42.9,4.043410040,3764.979,228731.679,2,0
$CH,62.700,L1CD,24,6070,43.0,3.972478002,65.510,4751.081,2,0
$CH,62.700,L1CD,28,6070,42.5,9.811954996,-2505.395,-151567.936,2,0
$TIME,2024,1,30,6,10,48.938142
$CH,62.800,L1CD,2,6080,43.8,8.880746965,-1176.349,-71253.802,2,0
$CH,62.800,L1CD,5,6080,43.9,7.275181455,2152.890,131831.997,2,0
$CH,62.800,L1CD,6,6080,44.3,7.197417091,-1052.253,-63469.353,2,0
$CH,62.800,L1CD,12,6080,43.8,0.341628347,3138.057,191223.466,2,0
$CH,62.800,L1CD,13,6080,42.0,1.708661818,528.094,31411.592,2,0
$CH,62.800,L1CD,17,6080,42.1,4.196250368,167.799,10127.096,2,0
$CH,62.800,L1CD,19,6080,42.9,7.721508943,-722.605,-44018.646,2,0
$CH,62.800,L1CD,20,6080,42.9,4.043176108,3764.926,229108.172,2,0
$CH,62.800,L1CD,24,6080,43.0,3.972453566,65.020,4757.622,2,0
$CH,62.800,L1CD,28,6080,42.5,9.812126360,-2505.922,-151818.517,2,0
$TIME,2024,1,30,6,10,48.968242
$CH,62.900,L1CD,2,6090,43.8,8.880856221,-1176.496,-71371.457,2,0
$CH,62.900,L1CD,5,6090,43.9,7.275056713,2153.153,132047.324,2,0
$CH,62.900,L1CD,6,6090,44.3,7.197480542,-1052.071,-63574.605,2,0
$CH,62.900,L1CD,12,6090,43.8,0.341438799,3137.822,191537.268,2,0
$CH,62.900,L1CD,13,6090,42.0,1.708629417,528.281,31464.418,2,0
$CH,62.900,L1CD,17,6090,42.1,4.196207915,167.624,10143.897,2,0
$CH,62.900,L1CD,19,6090,42.9,7.721594251,-723.093,-44090.929,2,0
$CH,62.900,L1CD,20,6090,42.9,4.042943546,3765.086,229484.676,2,0
$CH,62.900,L1CD,24,6090,43.0,3.972424806,65.289,4764.167,2,0
$CH,62.900,L1CD,28,6090,42.5,9.812269880,-2505.822,-152069.092,2,0
$TIME,2024,1,30,6,10,48.998298
$CH,63.000,L1CD,2,6100,43.6,8.880899095,-1176.233,-71489.117,2,0
$CH,63.000,L1CD,5,6100,44.1,7.274902678,2153.255,132262.640,2,0
$CH,63.000,L1CD,6,6100,43.6,7.197579501,-1052.769,-63679.866,2,0
$CH,63.000,L1CD,12,6100,43.5,0.341248194,3137.769,191851.050,2,0
$CH,63.000,L1CD,13,6100,42.1,1.708622870,528.649,31517.234,2,0
$CH,63.000,L1CD,17,6100,42.6,4.196161873,167.990,10160.684,2,0
$CH,63.000,L1CD,19,6100,42.9,7.721631075,-723.088,-44163.240,2,0
$CH,63.000,L1CD,20,6100,43.0,4.042704793,3764.836,229861.177,2,0
$CH,63.000,L1CD,24,6100,43.6,3.972393394,64.776,4770.698,2,0
$CH,63.000,L1CD,28,6100,42.6,9.812426982,-2506.421,-152319.680,2,0
$TIME,2024,1,30,6,10,49.038215
$CH,63.100,L1CD,2,6110,43.6,8.880960654,-1176.802,-71606.784,2,0
$CH,63.100,L1CD,5,6110,44.1,7.274788361,2153.223,132477.945,2,0
$CH,63.100,L1CD,6,6110,43.6,7.197637204,-1053.098,-63785.140,2,0
$CH,63.100,L1CD,12,6110,43.5,0.341049736,3137.777,192164.829,2,0
$CH,63.100,L1CD,13,6110,42.1,1.708621951,528.320,31570.043,2,0
$CH,63.100,L1CD,17,6110,42.6,4.196124238,167.031,10177.471,2,0
$CH,63.100,L1CD,19,6110,42.9,7.721639310,-722.978,-44235.551,2,0
$CH,63.100,L1CD,20,6110,43.0,4.042466710,3764.840,230237.666,2,0
$CH,63.100,L1CD,24,6110,43.6,3.972376559,64.836,4777.212,2,0
$CH,63.100,L1CD,28,6110,42.6,9.812602785,-2506.174,-152570.274,2,0
$TIME,2024,1,30,6,10,49.068475
$CH,63.200,L1CD,2,6120,43.6,8.881061622,-1176.796,-71724.459,2,0
$CH,63.200,L1CD,5,6120,44.1,7.274622943,2153.139,132693.234,2,0
$CH,63.200,L1CD,6,6120,43.6,7.197677350,-1052.895,-63890.418,2,0
$CH,63.200,L1CD,12,6120,43.5,0.340847797,3137.492,192478.602,2,0
$CH,63.200,L1CD,13,6120,42.1,1.708606392,528.156,31622.861,2,0
$CH,63.200,L1CD,17,6120,42.6,4.196121093,167.750,10194.249,2,0
$CH,63.200,L1CD,19,6120,42.9,7.721670124,-723.471,-44307.864,2,0
$CH,63.200,L1CD,20,6120,43.0,4.042230071,3764.928,230614.140,2,0
$CH,63.200,L1CD,24,6120,43.6,3.972375676,64.913,4783.721,2,0
$CH,63.200,L1CD,28,6120,42.6,9.812747497,-2506.084,-152820.883,2,0
$TIME,2024,1,30,6,10,49.098391
$CH,63.300,L1CD,2,6130,43.6,8.881136773,-1176.724,-71842.131,2,0
$CH,63.300,L1CD,5,6130,44.1,7.274510811,2153.307,132908.525,2,0
$CH,63.300,L1CD,6,6130,43.6,7.197751159,-1052.787,-63995.698,2,0
$CH,63.300,L1CD,12,6130,43.5,0.340640170,3137.807,192792.365,2,0
$CH,63.300,L1CD,13,6130,42.1,1.708568587,528.087,31675.682,2,0
$CH,63.300,L1CD,17,6130,42.6,4.196126781,167.519,10211.020,2,0
$CH,63.300,L1CD,19,6130,42.9,7.721724577,-723.449,-44380.176,2,0
$CH,63.300,L1CD,20,6130,43.0,4.041993686,3765.122,230990.630,2,0
$CH,63.300,L1CD,24,6130,43.6,3.972374987,64.728,4790.233,2,0
$CH,63.300,L1CD,28,6130,42.6,9.812912074,-2506.067,-153071.488,2,0
$TIME,2024,1,30,6,10,49.128452
$CH,63.400,L1CD,2,6140,43.6,8.881183185,-1176.993,-71959.798,2,0
$CH,63.400,L1CD,5,6140,44.1,7.274356424,2153.095,133123.825,2,0
$CH,63.400,L1CD,6,6140,43.6,7.197853259,-1052.719,-64100.966,2,0
$CH,63.400,L1CD,12,6140,43.5,0.340449247,3138.029,193106.139,2,0
$CH,63.400,L1CD,13,6140,42.1,1.708518920,528.187,31728.508,2,0
$CH,63.400,L1CD,17,6140,42.6,4.196123808,167.602,10227.823,2,0
$CH,63.400,L1CD,19,6140,42.9,7.721805552,-723.135,-44452.467,2,0
$CH,63.400,L1CD,20,6140,43.0,4.041754896,3764.979,231367.122,2,0
$CH,63.400,L1CD,24,6140,43.6,3.972372770,64.878,4796.754,2,0
$CH,63.400,L1CD,28,6140,42.6,9.813077202,-2506.701,-153322.083,2,0
$TIME,2024,1,30,6,10,49.158652
$CH,63.500,L1CD,2,6150,43.6,8.881268617,-1176.942,-72077.479,2,0
$CH,63.500,L1CD,5,6150,44.1,7.274231974,2152.857,133339.106,2,0
$CH,63.500,L1CD,6,6150,43.6,7.197895288,-1052.410,-64206.257,2,0
$CH,63.500,L1CD,12,6150,43.5,0.340254328,3137.488,193419.907,2,0
$CH,63.500,L1CD,13,6150,42.1,1.708448941,528.317,31781.344,2,0
$CH,63.500,L1CD,17,6150,42.6,4.196126571,167.857,10244.603,2,0
$CH,63.500,L1CD,19,6150,42.9,7.721874096,-723.195,-44524.781,2,0
$CH,63.500,L1CD,20,6150,43.0,4.041518772,3764.871,231743.602,2,0
$CH,63.500,L1CD,24,6150,43.6,3.972376362,65.732,4803.242,2,0
$CH,63.500,L1CD,28,6150,42.6,9.813223703,-2506.925,-153572.698,2,0
$TIME,2024,1,30,6,10,49.188651
$CH,63.600,L1CD,2,6160,43.6,8.881373812,-1176.779,-72195.156,2,0
$CH,63.600,L1CD,5,6160,44.1,7.274088764,2152.948,133554.386,2,0
$CH,63.600,L1CD,6,6160,43.6,7.197939784,-1052.608,-64311.546,2,0
$CH,63.600,L1CD,12,6160,43.5,0.340057836,3137.495,193733.667,2,0
$CH,63.600,L1CD,13,6160,42.1,1.708378133,528.574,31834.170,2,0
$CH,63.600,L1CD,17,6160,42.6,4.196125259,167.230,10261.390,2,0
$CH,63.600,L1CD,19,6160,42.9,7.721879482,-723.047,-44597.095,2,0
$CH,63.600,L1CD,20,6160,43.0,4.041277979,3764.962,232120.088,2,0
$CH,63.600,L1CD,24,6160,43.6,3.972373974,65.306,4809.730,2,0
$CH,63.600,L1CD,28,6160,42.6,9.813398207,-2506.310,-153823.320,2,0
$TIME,2024,1,30,6,10,49.228652
$CH,63.700,L1CD,2,6170,43.6,8.881411185,-1177.157,-72312.844,2,0
$CH,63.700,L1CD,5,6170,44.1,7.273951812,2152.636,133769.654,2,0
$CH,63.700,L1CD,6,6170,43.6,7.198025467,-1052.732,-64416.844,2,0
$CH,63.700,L1CD,12,6170,43.5,0.339849271,3137.634,194047.419,2,0
$CH,63.700,L1CD,13,6170,42.1,1.708371894,528.552,31887.004,2,0
$CH,63.700,L1CD,17,6170,42.6,4.196125568,167.405,10278.167,2,0
$CH,63.700,L1CD,19,6170,42.9,7.721900783,-723.154,-44669.413,2,0
$CH,63.700,L1CD,20,6170,43.0,4.041041140,3764.528,232496.558,2,0
$CH,63.700,L1CD,24,6170,43.6,3.972375193,64.704,4816.227,2,0
$CH,63.700,L1CD,28,6170,42.6,9.813553204,-2506.116,-154073.944,2,0
$TIME,2024,1,30,6,10,49.258752
$CH,63.800,L1CD,2,6180,43.6,8.881482914,-1176.820,-72430.522,2,0
$CH,63.800,L1CD,5,6180,44.1,7.273821902,2152.468,133984.921,2,0
$CH,63.800,L1CD,6,6180,43.6,7.198124270,-1053.329,-64522.131,2,0
$CH,63.800,L1CD,12,6180,43.5,0.339641067,3137.843,194361.180,2,0
$CH,63.800,L1CD,13,6180,42.1,1.708374379,528.174,31939.851,2,0
$CH,63.800,L1CD,17,6180,42.6,4.196126590,167.629,10294.947,2,0
$CH,63.800,L1CD,19,6180,42.9,7.721946495,-722.920,-44741.714,2,0
$CH,63.800,L1CD,20,6180,43.0,4.040800490,3765.330,232873.037,2,0
$CH,63.800,L1CD,24,6180,43.6,3.972372799,65.258,4822.711,2,0
$CH,63.800,L1CD,28,6180,42.6,9.813702070,-2506.528,-154324.558,2,0
$TIME,2024,1,30,6,10,49.368932
$CH,63.900,L1CD,2,6190,43.6,8.881593608,-1176.974,-72548.206,2,0
$CH,63.900,L1CD,5,6190,44.1,7.273672182,2152.795,134200.185,2,0
$CH,63.900,L1CD,6,6190,43.6,7.198152733,-1052.871,-64627.425,2,0
$CH,63.900,L1CD,12,6190,43.5,0.339456006,3137.712,194674.936,2,0
$CH,63.900,L1CD,13,6190,42.1,1.708362436,528.071,31992.689,2,0
$CH,63.900,L1CD,17,6190,42.6,4.196122189,167.743,10311.731,2,0
$CH,63.900,L1CD,19,6190,42.9,7.722016246,-723.452,-44814.017,2,0
$CH,63.900,L1CD,20,6190,43.0,4.040560374,3764.455,233249.523,2,0
$CH,63.900,L1CD,24,6190,43.6,3.972375794,65.126,4829.194,2,0
$CH,63.900,L1CD,28,6190,42.6,9.813878854,-2505.928,-154575.183,2,0
$TIME,2024,1,30,6,10,49.408829
$CH,64.000,L1CD,2,6200,43.4,8.881652584,-1176.579,-72665.898,2,0
$CH,64.000,L1CD,5,6200,43.9,7.273553867,2152.853,134415.437,2,0
$CH,64.000,L1CD,6,6200,43.3,7.198209725,-1053.097,-64732.729,2,0
$CH,64.000,L1CD,12,6200,43.6,0.339263321,3137.782,194988.688,2,0
$CH,64.000,L1CD,13,6200,42.2,1.708333092,528.491,32045.530,2,0
$CH,64.000,L1CD,17,6200,42.1,4.196124810,167.874,10328.512,2,0
$CH,64.000,L1CD,19,6200,43.5,7.722101330,-723.296,-44886.338,2,0
$CH,64.000,L1CD,20,6200,43.0,4.040313327,3764.638,233625.983,2,0
$CH,64.000,L1CD,24,6200,42.6,3.972374685,64.460,4835.675,2,0
$CH,64.000,L1CD,28,6200,42.4,9.814021492,-2505.512,-154825.819,2,0
$TIME,2024,1,30,6,10,49.448958
$CH,64.100,L1CD,2,6210,43.4,8.881711240,-1176.543,-72783.568,2,0
$CH,64.100,L1CD,5,6210,43.9,7.273397081,2153.466,134630.698,2,0
$CH,64.100,L1CD,6,6210,43.3,7.198302423,-1053.028,-64838.022,2,0
$CH,64.100,L1CD,12,6210,43.6,0.339060008,3138.136,195302.442,2,0
$CH,64.100,L1CD,13,6210,42.2,1.708289893,528.778,32098.392,2,0
$CH,64.100,L1CD,17,6210,42.1,4.196126003,168.413,10345.311,2,0
$CH,64.100,L1CD,19,6210,43.5,7.722129657,-722.762,-44958.637,2,0
$CH,64.100,L1CD,20,6210,43.0,4.040074811,3765.352,234002.481,2,0
$CH,64.100,L1CD,24,6210,42.6,3.972372290,64.933,4842.162,2,0
$CH,64.100,L1CD,28,6210,42.4,9.814179240,-2505.579,-155076.433,2,0
$TIME,2024,1,30,6,10,49.489084
$CH,64.200,L1CD,2,6220,43.4,8.881809883,-1176.457,-72901.245,2,0
$CH,64.200,L1CD,5,6220,43.9,7.273285273,2152.450,134845.960,2,0
$CH,64.200,L1CD,6,6220,43.3,7.198385348,-1052.851,-64943.307,2,0
$CH,64.200,L1CD,12,6220,43.6,0.338851588,3137.347,195616.209,2,0
$CH,64.200,L1CD,13,6220,42.2,1.708228460,528.387,32151.261,2,0
$CH,64.200,L1CD,17,6220,42.1,4.196123775,167.337,10362.116,2,0
$CH,64.200,L1CD,19,6220,43.5,7.722139681,-723.291,-45030.923,2,0
$CH,64.200,L1CD,20,6220,43.0,4.039836362,3765.291,234378.960,2,0
$CH,64.200,L1CD,24,6220,42.6,3.972371880,64.384,4848.648,2,0
$CH,64.200,L1CD,28,6220,42.4,9.814353824,-2506.506,-155327.051,2,0
$TIME,2024,1,30,6,10,49.528985
$CH,64.300,L1CD,2,6230,43.4,8.881891168,-1176.651,-73018.923,2,0
$CH,64.300,L1CD,5,6230,43.9,7.273126411,2152.381,135061.209,2,0
$CH,64.300,L1CD,6,6230,43.3,7.198417738,-1052.768,-65048.615,2,0
$CH,64.300,L1CD,12,6230,43.6,0.338647443,3137.256,195929.961,2,0
$CH,64.300,L1CD,13,6230,42.2,1.708153159,529.039,32204.131,2,0
$CH,64.300,L1CD,17,6230,42.1,4.196123797,167.526,10378.906,2,0
$CH,64.300,L1CD,19,6230,43.5,7.722173187,-722.694,-45103.233,2,0
$CH,64.300,L1CD,20,6230,43.0,4.039598156,3764.545,234755.451,2,0
$CH,64.300,L1CD,24,6230,42.6,3.972377044,64.582,4855.116,2,0
$CH,64.300,L1CD,28,6230,42.4,9.814495982,-2505.819,-155577.683,2,0
$TIME,2024,1,30,6,10,49.569059
$CH,64.400,L1CD,2,6240,43.4,8.881938729,-1177.037,-73136.605,2,0
$CH,64.400,L1CD,5,6240,43.9,7.273009096,2152.359,135276.461,2,0
$CH,64.400,L1CD,6,6240,43.3,7.198484473,-1052.883,-65153.914,2,0
$CH,64.400,L1CD,12,6240,43.6,0.338455134,3137.737,196243.713,2,0
$CH,64.400,L1CD,13,6240,42.2,1.708126700,528.390,32256.993,2,0
$CH,64.400,L1CD,17,6240,42.1,4.196123445,168.302,10395.693,2,0
$CH,64.400,L1CD,19,6240,43.5,7.722232906,-723.629,-45175.518,2,0
$CH,64.400,L1CD,20,6240,43.0,4.039353097,3764.665,235131.930,2,0
$CH,64.400,L1CD,24,6240,42.6,3.972377373,64.666,4861.583,2,0
$CH,64.400,L1CD,28,6240,42.4,9.814658013,-2506.215,-155828.310,2,0
$TIME,2024,1,30,6,10,49.599060
$CH,64.500,L1CD,2,6250,43.4,8.882022674,-1176.844,-73254.303,2,0
$CH,64.500,L1CD,5,6250,43.9,7.272855603,2152.356,135491.686,2,0
$CH,64.500,L1CD,6,6250,43.3,7.198583410,-1052.989,-65259.227,2,0
$CH,64.500,L1CD,12,6250,43.6,0.338261294,3137.342,196557.452,2,0
$CH,64.500,L1CD,13,6250,42.2,1.708125430,528.573,32309.856,2,0
$CH,64.500,L1CD,17,6250,42.1,4.196124451,167.666,10412.485,2,0
$CH,64.500,L1CD,19,6250,43.5,7.722316135,-723.008,-45247.839,2,0
$CH,64.500,L1CD,20,6250,43.0,4.039111601,3764.387,235508.396,2,0
$CH,64.500,L1CD,24,6250,42.6,3.972377776,64.528,4868.046,2,0
$CH,64.500,L1CD,28,6250,42.4,9.814823419,-2506.404,-156078.952,2,0
$TIME,2024,1,30,6,10,49.641584
$CH,64.600,L1CD,2,6260,43.4,8.882129601,-1176.931,-73371.992,2,0
$CH,64.600,L1CD,5,6260,43.9,7.272730150,2152.567,135706.910,2,0
$CH,64.600,L1CD,6,6260,43.3,7.198640931,-1053.232,-65364.551,2,0
$CH,64.600,L1CD,12,6260,43.6,0.338056526,3137.170,196871.187,2,0
$CH,64.600,L1CD,13,6260,42.2,1.708122060,528.552,32362.729,2,0
$CH,64.600,L1CD,17,6260,42.1,4.196120485,167.802,10429.272,2,0
$CH,64.600,L1CD,19,6260,43.5,7.722378919,-722.964,-45320.147,2,0
$CH,64.600,L1CD,20,6260,43.0,4.038874050,3764.889,235884.861,2,0
$CH,64.600,L1CD,24,6260,42.6,3.972374325,64.354,4874.496,2,0
$CH,64.600,L1CD,28,6260,42.4,9.814965878,-2506.488,-156329.595,2,0
$TIME,2024,1,30,6,10,49.679247
$CH,64.700,L1CD,2,6270,43.4,8.882165266,-1177.749,-73489.697,2,0
$CH,64.700,L1CD,5,6270,43.9,7.272587034,2152.424,135922.121,2,0
$CH,64.700,L1CD,6,6270,43.3,7.198679235,-1052.862,-65469.878,2,0
$CH,64.700,L1CD,12,6270,43.6,0.337848130,3137.024,197184.919,2,0
$CH,64.700,L1CD,13,6270,42.2,1.708105985,528.905,32415.597,2,0
$CH,64.700,L1CD,17,6270,42.1,4.196110497,168.243,10446.049,2,0
$CH,64.700,L1CD,19,6270,43.5,7.722385131,-722.794,-45392.464,2,0
$CH,64.700,L1CD,20,6270,43.0,4.038630650,3764.929,236261.328,2,0
$CH,64.700,L1CD,24,6270,42.6,3.972374679,64.318,4880.937,2,0
$CH,64.700,L1CD,28,6270,42.4,9.815138162,-2506.722,-156580.246,2,0
$TIME,2024,1,30,6,10,49.709212
$CH,64.800,L1CD,2,6280,43.4,8.882235691,-1176.567,-73607.392,2,0
$CH,64.800,L1CD,5,6280,43.9,7.272448152,2151.912,136137.350,2,0
$CH,64.800,L1CD,6,6280,43.3,7.198753840,-1053.152,-65575.196,2,0
$CH,64.800,L1CD,12,6280,43.6,0.337643694,3137.141,197498.659,2,0
$CH,64.800,L1CD,13,6280,42.2,1.708066521,529.208,32468.471,2,0
$CH,64.800,L1CD,17,6280,42.1,4.196096632,168.382,10462.845,2,0
$CH,64.800,L1CD,19,6280,43.5,7.722411539,-723.357,-45464.764,2,0
$CH,64.800,L1CD,20,6280,43.0,4.038389893,3764.714,236637.797,2,0
$CH,64.800,L1CD,24,6280,42.6,3.972377509,64.277,4887.383,2,0
$CH,64.800,L1CD,28,6280,42.4,9.815291557,-2506.527,-156830.894,2,0
$TIME,2024,1,30,6,10,49.741696
$CH,64.900,L1CD,2,6290,43.4,8.882343090,-1176.720,-73725.085,2,0
$CH,64.900,L1CD,5,6290,43.9,7.272317118,2152.485,136352.564,2,0
$CH,64.900,L1CD,6,6290,43.3,7.198858879,-1052.964,-65680.517,2,0
$CH,64.900,L1CD,12,6290,43.6,0.337457350,3136.800,197812.385,2,0
$CH,64.900,L1CD,13,6290,42.2,1.708014203,529.002,32521.359,2,0
$CH,64.900,L1CD,17,6290,42.1,4.196077454,168.031,10479.636,2,0
$CH,64.900,L1CD,19,6290,43.5,7.722463198,-723.152,-45537.070,2,0
$CH,64.900,L1CD,20,6290,43.0,4.038155982,3765.341,237014.264,2,0
$CH,64.900,L1CD,24,6290,42.6,3.972373708,64.630,4893.829,2,0
$CH,64.900,L1CD,28,6290,42.4,9.815446517,-2506.606,-157081.552,2,0
$TIME,2024,1,30,6,10,49.769260
$CH,65.000,L1CD,2,6300,43.9,8.882400206,-1176.982,-73842.788,2,0
$CH,65.000,L1CD,5,6300,43.8,7.272167676,2151.626,136567.771,2,0
$CH,65.000,L1CD,6,6300,44.0,7.198894430,-1053.234,-65785.852,2,0
$CH,65.000,L1CD,12,6300,43.9,0.337264722,3137.765,198126.102,2,0
$CH,65.000,L1CD,13,6300,42.1,1.707946819,528.173,32574.253,2,0
$CH,65.000,L1CD,17,6300,42.3,4.196047259,167.691,10496.418,2,0
$CH,65.000,L1CD,19,6300,43.3,7.722536593,-722.997,-45609.374,2,0
$CH,65.000,L1CD,20,6300,42.7,4.037916520,3764.748,237390.726,2,0
$CH,65.000,L1CD,24,6300,42.2,3.972378311,63.851,4900.260,2,0
$CH,65.000,L1CD,28,6300,42.2,9.815626186,-2507.270,-157332.207,2,0
$TIME,2024,1,30,6,10,49.809263
$CH,65.100,L1CD,2,6310,43.9,8.882457797,-1177.009,-73960.484,2,0
$CH,65.100,L1CD,5,6310,43.8,7.272048882,2151.871,136782.982,2,0
$CH,65.100,L1CD,6,6310,44.0,7.198942906,-1053.241,-65891.174,2,0
$CH,65.100,L1CD,12,6310,43.9,0.337062286,3137.184,198439.845,2,0
$CH,65.100,L1CD,13,6310,42.1,1.707872146,528.818,32627.123,2,0
$CH,65.100,L1CD,17,6310,42.3,4.196015526,167.586,10513.222,2,0
$CH,65.100,L1CD,19,6310,43.3,7.722620161,-722.718,-45681.676,2,0
$CH,65.100,L1CD,20,6310,42.7,4.037685223,3764.255,237767.194,2,0
$CH,65.100,L1CD,24,6310,42.2,3.972377680,64.379,4906.702,2,0
$CH,65.100,L1CD,28,6310,42.2,9.815771684,-2506.381,-157582.868,2,0
$TIME,2024,1,30,6,10,49.849467
$CH,65.200,L1CD,2,6320,43.9,8.882556267,-1177.203,-74078.177,2,0
$CH,65.200,L1CD,5,6320,43.8,7.271890021,2151.720,136998.186,2,0
$CH,65.200,L1CD,6,6320,44.0,7.199028419,-1053.299,-65996.491,2,0
$CH,65.200,L1CD,12,6320,43.9,0.336857316,3137.557,198753.574,2,0
$CH,65.200,L1CD,13,6320,42.1,1.707876048,529.429,32680.042,2,0
$CH,65.200,L1CD,17,6320,42.3,4.195977802,168.306,10530.012,2,0
$CH,65.200,L1CD,19,6320,43.3,7.722633105,-723.195,-45753.965,2,0
$CH,65.200,L1CD,20,6320,42.7,4.037446330,3764.606,238143.673,2,0
$CH,65.200,L1CD,24,6320,42.2,3.972376962,64.691,4913.134,2,0
$CH,65.200,L1CD,28,6320,42.2,9.815930863,-2506.459,-157833.511,2,0
$TIME,2024,1,30,6,10,49.889611
$CH,65.300,L1CD,2,6330,43.9,8.882638809,-1176.973,-74195.873,2,0
$CH,65.300,L1CD,5,6330,43.8,7.271773468,2151.691,137213.386,2,0
$CH,65.300,L1CD,6,6330,44.0,7.199127378,-1053.257,-66101.818,2,0
$CH,65.300,L1CD,12,6330,43.9,0.336657266,3137.150,199067.307,2,0
$CH,65.300,L1CD,13,6330,42.1,1.707872140,528.584,32732.953,2,0
$CH,65.300,L1CD,17,6330,42.3,4.195934063,167.717,10546.814,2,0
$CH,65.300,L1CD,19,6330,43.3,7.722648647,-722.670,-45826.267,2,0
$CH,65.300,L1CD,20,6330,42.7,4.037208188,3764.592,238520.143,2,0
$CH,65.300,L1CD,24,6330,42.2,3.972375849,63.661,4919.573,2,0
$CH,65.300,L1CD,28,6330,42.2,9.816105973,-2506.619,-158084.168,2,0
$TIME,2024,1,30,6,10,49.929492
$CH,65.400,L1CD,2,6340,43.9,8.882683310,-1176.983,-74313.588,2,0
$CH,65.400,L1CD,5,6340,43.8,7.271615571,2151.603,137428.562,2,0
$CH,65.400,L1CD,6,6340,44.0,7.199155766,-1053.389,-66207.171,2,0
$CH,65.400,L1CD,12,6340,43.9,0.336466128,3136.741,199381.024,2,0
$CH,65.400,L1CD,13,6340,42.1,1.707860682,528.605,32785.832,2,0
$CH,65.400,L1CD,17,6340,42.3,4.195886828,167.690,10563.596,2,0
$CH,65.400,L1CD,19,6340,43.3,7.722683100,-723.023,-45898.582,2,0
$CH,65.400,L1CD,20,6340,42.7,4.036967672,3764.281,238896.598,2,0
$CH,65.400,L1CD,24,6340,42.2,3.972374815,64.622,4925.982,2,0
$CH,65.400,L1CD,28,6340,42.2,9.816250924,-2507.674,-158334.841,2,0
$TIME,2024,1,30,6,10,49.979553
$CH,65.500,L1CD,2,6350,43.9,8.882765569,-1177.201,-74431.303,2,0
$CH,65.500,L1CD,5,6350,43.8,7.271499219,2152.118,137643.737,2,0
$CH,65.500,L1CD,6,6350,44.0,7.199215725,-1053.597,-66312.518,2,0
$CH,65.500,L1CD,12,6350,43.9,0.336274014,3137.152,199694.729,2,0
$CH,65.500,L1CD,13,6350,42.1,1.707836695,529.003,32838.731,2,0
$CH,65.500,L1CD,17,6350,42.3,4.195872000,167.478,10580.385,2,0
$CH,65.500,L1CD,19,6350,43.3,7.722746686,-723.707,-45970.887,2,0
$CH,65.500,L1CD,20,6350,42.7,4.036731196,3764.388,239273.053,2,0
$CH,65.500,L1CD,24,6350,42.2,3.972378134,63.636,4932.398,2,0
$CH,65.500,L1CD,28,6350,42.2,9.816413429,-2506.617,-158585.524,2,0
$TIME,2024,1,30,6,10,50.019655
$CH,65.600,L1CD,2,6360,43.9,8.882872269,-1176.959,-74549.023,2,0
$CH,65.600,L1CD,5,6360,43.8,7.271349732,2151.585,137858.906,2,0
$CH,65.600,L1CD,6,6360,44.0,7.199310919,-1053.509,-66417.872,2,0
$CH,65.600,L1CD,12,6360,43.9,0.336071830,3137.068,200008.434,2,0
$CH,65.600,L1CD,13,6360,42.1,1.707794394,529.695,32891.616,2,0
$CH,65.600,L1CD,17,6360,42.3,4.195877599,167.853,10597.158,2,0
$CH,65.600,L1CD,19,6360,43.3,7.722830745,-722.715,-46043.207,2,0
$CH,65.600,L1CD,20,6360,42.7,4.036491992,3764.414,239649.499,2,0
$CH,65.600,L1CD,24,6360,42.2,3.972373225,63.815,4938.794,2,0
$CH,65.600,L1CD,28,6360,42.2,9.816576145,-2506.826,-158836.206,2,0
$TIME,2024,1,30,6,10,50.060108
$CH,65.700,L1CD,2,6370,43.9,8.882907279,-1177.109,-74666.726,2,0
$CH,65.700,L1CD,5,6370,43.8,7.271222104,2151.669,138074.082,2,0
$CH,65.700,L1CD,6,6370,44.0,7.199385694,-1052.724,-66523.223,2,0
$CH,65.700,L1CD,12,6370,43.9,0.335861236,3137.258,200322.147,2,0
$CH,65.700,L1CD,13,6370,42.1,1.707734265,529.370,32944.535,2,0
$CH,65.700,L1CD,17,6370,42.3,4.195874528,167.985,10613.955,2,0
$CH,65.700,L1CD,19,6370,43.3,7.722877567,-722.780,-46115.501,2,0
$CH,65.700,L1CD,20,6370,42.7,4.036253718,3765.301,240025.958,2,0
$CH,65.700,L1CD,24,6370,42.2,3.972375609,64.306,4945.198,2,0
$CH,65.700,L1CD,28,6370,42.2,9.816720441,-2506.807,-159086.875,2,0
$TIME,2024,1,30,6,10,50.090241
$CH,65.800,L1CD,2,6380,43.9,8.882979650,-1177.371,-74784.422,2,0
$CH,65.800,L1CD,5,6380,43.8,7.271087461,2151.818,138289.263,2,0
$CH,65.800,L1CD,6,6380,44.0,7.199418476,-1053.122,-66628.554,2,0
$CH,65.800,L1CD,12,6380,43.9,0.335658941,3136.654,200635.879,2,0
$CH,65.800,L1CD,13,6380,42.1,1.707660073,529.230,32997.475,2,0
$CH,65.800,L1CD,17,6380,42.3,4.195875944,167.705,10630.773,2,0
$CH,65.800,L1CD,19,6380,43.3,7.722887489,-723.089,-46187.789,2,0
$CH,65.800,L1CD,20,6380,42.7,4.036019224,3764.736,240402.437,2,0
$CH,65.800,L1CD,24,6380,42.2,3.972378140,63.512,4951.629,2,0
$CH,65.800,L1CD,28,6380,42.2,9.816894515,-2506.792,-159337.536,2,0
$TIME,2024,1,30,6,10,50.120333
$CH,65.900,L1CD,2,6390,43.9,8.883087753,-1177.215,-74902.141,2,0
$CH,65.900,L1CD,5,6390,43.8,7.270947642,2151.648,138504.421,2,0
$CH,65.900,L1CD,6,6390,44.0,7.199485273,-1053.306,-66733.908,2,0
$CH,65.900,L1CD,12,6390,43.9,0.335468185,3136.912,200949.578,2,0
$CH,65.900,L1CD,13,6390,42.1,1.707625985,528.665,33050.383,2,0
$CH,65.900,L1CD,17,6390,42.3,4.195878334,168.062,10647.550,2,0
$CH,65.900,L1CD,19,6390,43.3,7.722909797,-723.015,-46260.100,2,0
$CH,65.900,L1CD,20,6390,42.7,4.035780526,3764.165,240778.892,2,0
$CH,65.900,L1CD,24,6390,42.2,3.972376474,63.973,4958.013,2,0
$CH,65.900,L1CD,28,6390,42.2,9.817048637,-2506.634,-159588.226,2,0
$TIME,2024,1,30,6,10,50.150513
$CH,66.000,L1CD,2,6400,43.7,8.883145083,-1177.673,-75019.870,2,0
$CH,66.000,L1CD,5,6400,43.9,7.270817751,2151.434,138719.569,2,0
$CH,66.000,L1CD,6,6400,44.2,7.199587737,-1053.260,-66839.284,2,0
$CH,66.000,L1CD,12,6400,43.6,0.335267268,3137.032,201263.267,2,0
$CH,66.000,L1CD,13,6400,42.0,1.707624593,529.764,33103.298,2,0
$CH,66.000,L1CD,17,6400,42.1,4.195876016,167.509,10664.336,2,0
$CH,66.000,L1CD,19,6400,43.0,7.722959485,-723.134,-46332.408,2,0
$CH,66.000,L1CD,20,6400,43.0,4.035542358,3764.462,241155.325,2,0
$CH,66.000,L1CD,24,6400,42.2,3.972378502,63.660,4964.402,2,0
$CH,66.000,L1CD,28,6400,42.3,9.817204469,-2506.992,-159838.928,2,0
$TIME,2024,1,30,6,10,50.190633
$CH,66.100,L1CD,2,6410,43.7,8.883201687,-1177.629,-75137.590,2,0
$CH,66.100,L1CD,5,6410,43.9,7.270668725,2151.829,138934.712,2,0
$CH,66.100,L1CD,6,6410,44.2,7.199639696,-1053.819,-66944.641,2,0
$CH,66.100,L1CD,12,6410,43.6,0.335064892,3136.767,201576.967,2,0
$CH,66.100,L1CD,13,6410,42.0,1.707620208,528.941,33156.215,2,0
$CH,66.100,L1CD,17,6410,42.1,4.195875631,167.189,10681.135,2,0
$CH,66.100,L1CD,19,6410,43.0,7.723032879,-723.281,-46404.723,2,0
$CH,66.100,L1CD,20,6410,43.0,4.035302140,3764.399,241531.780,2,0
$CH,66.100,L1CD,24,6410,42.2,3.972378416,63.987,4970.785,2,0
$CH,66.100,L1CD,28,6410,42.3,9.817378795,-2507.303,-160089.618,2,0
$TIME,2024,1,30,6,10,50.220636
$CH,66.200,L1CD,2,6420,43.7,8.883295601,-1177.281,-75255.308,2,0
$CH,66.200,L1CD,5,6420,43.9,7.270549208,2151.575,139149.860,2,0
$CH,66.200,L1CD,6,6420,44.2,7.199681227,-1053.459,-67050.003,2,0
$CH,66.200,L1CD,12,6420,43.6,0.334860646,3137.137,201890.654,2,0
$CH,66.200,L1CD,13,6420,42.0,1.707599658,529.465,33209.142,2,0
$CH,66.200,L1CD,17,6420,42.1,4.195879249,168.104,10697.918,2,0
$CH,66.200,L1CD,19,6420,43.0,7.723117915,-722.971,-46477.024,2,0
$CH,66.200,L1CD,20,6420,43.0,4.035063989,3763.775,241908.232,2,0
$CH,66.200,L1CD,24,6420,42.2,3.972377562,64.097,4977.167,2,0
$CH,66.200,L1CD,28,6420,42.3,9.817521237,-2507.101,-160340.309,2,0
$TIME,2024,1,30,6,10,50.260922
$CH,66.300,L1CD,2,6430,43.7,8.883388144,-1177.134,-75373.022,2,0
$CH,66.300,L1CD,5,6430,43.9,7.270388112,2151.614,139365.012,2,0
$CH,66.300,L1CD,6,6430,44.2,7.199758564,-1053.153,-67155.363,2,0
$CH,66.300,L1CD,12,6430,43.6,0.334659844,3137.311,202204.365,2,0
$CH,66.300,L1CD,13,6430,42.0,1.707562489,529.576,33262.084,2,0
$CH,66.300,L1CD,17,6430,42.1,4.195876719,168.311,10714.715,2,0
$CH,66.300,L1CD,19,6430,43.0,7.723130817,-722.967,-46549.318,2,0
$CH,66.300,L1CD,20,6430,43.0,4.034820529,3764.924,242284.683,2,0
$CH,66.300,L1CD,24,6430,42.2,3.972376009,64.056,4983.561,2,0
$CH,66.300,L1CD,28,6430,42.3,9.817679737,-2506.888,-160590.994,2,0
$TIME,2024,1,30,6,10,50.300925
$CH,66.400,L1CD,2,6440,43.7,8.883432430,-1177.174,-75490.735,2,0
$CH,66.400,L1CD,5,6440,43.9,7.270277199,2151.536,139580.158,2,0
$CH,66.400,L1CD,6,6440,44.2,7.199863877,-1053.463,-67260.719,2,0
$CH,66.400,L1CD,12,6440,43.6,0.334469827,3136.884,202518.066,2,0
$CH,66.400,L1CD,13,6440,42.0,1.707506978,529.740,33315.026,2,0
$CH,66.400,L1CD,17,6440,42.1,4.195878440,168.289,10731.523,2,0
$CH,66.400,L1CD,19,6440,43.0,7.723144005,-722.740,-46621.615,2,0
$CH,66.400,L1CD,20,6440,43.0,4.034581878,3765.029,242661.145,2,0
$CH,66.400,L1CD,24,6440,42.2,3.972376522,64.021,4989.943,2,0
$CH,66.400,L1CD,28,6440,42.3,9.817857441,-2506.481,-160841.682,2,0
$TIME,2024,1,30,6,10,50.351085
$CH,66.500,L1CD,2,6450,43.7,8.883515484,-1176.989,-75608.437,2,0
$CH,66.500,L1CD,5,6450,43.9,7.270115709,2151.364,139795.311,2,0
$CH,66.500,L1CD,6,6450,44.2,7.199899645,-1053.790,-67366.070,2,0
$CH,66.500,L1CD,12,6450,43.6,0.334269699,3137.274,202831.778,2,0
$CH,66.500,L1CD,13,6450,42.0,1.707437558,529.730,33367.998,2,0
$CH,66.500,L1CD,17,6450,42.1,4.195877588,167.946,10748.336,2,0
$CH,66.500,L1CD,19,6450,43.0,7.723183977,-722.935,-46693.896,2,0
$CH,66.500,L1CD,20,6450,43.0,4.034337829,3764.997,243037.614,2,0
$CH,66.500,L1CD,24,6450,42.2,3.972373243,64.419,4996.330,2,0
$CH,66.500,L1CD,28,6450,42.3,9.818000011,-2506.491,-161092.367,2,0
$TIME,2024,1,30,6,10,50.381098
$CH,66.600,L1CD,2,6460,43.7,8.883621909,-1176.942,-75726.157,2,0
$CH,66.600,L1CD,5,6460,43.9,7.269999272,2151.330,140010.449,2,0
$CH,66.600,L1CD,6,6460,44.2,7.199948004,-1053.564,-67471.436,2,0
$CH,66.600,L1CD,12,6460,43.6,0.334072411,3136.699,203145.488,2,0
$CH,66.600,L1CD,13,6460,42.0,1.707377950,529.549,33420.944,2,0
$CH,66.600,L1CD,17,6460,42.1,4.195875372,168.187,10765.145,2,0
$CH,66.600,L1CD,19,6460,43.0,7.723247953,-722.680,-46766.189,2,0
$CH,66.600,L1CD,20,6460,43.0,4.034096003,3764.286,243414.075,2,0
$CH,66.600,L1CD,24,6460,42.2,3.972375519,63.726,5002.711,2,0
$CH,66.600,L1CD,28,6460,42.3,9.818163806,-2507.361,-161343.058,2,0
$LOG,65.328,,0,END FILE=C:\gnss\PocketSDR\sample\GPSL1C_Working.bin
